1,1,371.74,408.30,79.69,239.71,0.7909,-1,-1,-1
1,2,104.37,546.39,73.25,245.35,0.7260,-1,-1,-1
1,3,1095.29,980.85,73.73,99.15,0.6920,-1,-1,-1
1,4,1732.44,452.89,73.78,221.06,0.6220,-1,-1,-1
1,5,1355.87,569.75,82.08,221.03,0.5500,-1,-1,-1
1,6,0.22,880.53,41.50,199.47,0.5315,-1,-1,-1
1,7,1103.64,210.05,56.21,179.71,0.5269,-1,-1,-1
1,8,546.15,146.37,57.89,183.43,0.5198,-1,-1,-1
1,9,225.79,399.57,64.29,198.91,0.5118,-1,-1,-1
2,1,372.39,408.15,79.73,239.81,0.7973,-1,-1,-1
2,2,104.13,546.53,73.32,245.60,0.7255,-1,-1,-1
2,3,1099.40,981.16,73.46,98.84,0.6895,-1,-1,-1
2,4,1732.18,454.79,72.19,216.11,0.6073,-1,-1,-1
2,5,1356.33,570.09,80.91,217.82,0.5680,-1,-1,-1
2,6,-0.67,878.31,41.82,201.22,0.3839,-1,-1,-1
2,7,1099.93,211.60,55.88,178.50,0.4729,-1,-1,-1
2,8,545.44,146.79,58.05,183.99,0.5070,-1,-1,-1
2,9,225.58,398.31,64.43,199.29,0.4910,-1,-1,-1
3,1,372.74,407.86,80.11,241.07,0.7819,-1,-1,-1
3,2,104.43,546.18,73.61,246.61,0.7315,-1,-1,-1
3,3,1103.64,980.94,73.58,99.06,0.6963,-1,-1,-1
3,4,1731.40,453.32,73.20,219.11,0.6000,-1,-1,-1
3,5,1356.70,570.04,80.56,216.83,0.5666,-1,-1,-1
3,6,-0.84,877.57,41.83,201.54,0.3544,-1,-1,-1
3,7,1096.08,213.37,55.74,177.42,0.5645,-1,-1,-1
3,8,545.06,147.39,57.97,183.68,0.4875,-1,-1,-1
3,9,224.47,396.91,65.26,201.66,0.4723,-1,-1,-1
4,1,372.68,407.36,80.13,241.15,0.7959,-1,-1,-1
4,2,104.00,545.82,73.75,247.16,0.7230,-1,-1,-1
4,3,1106.71,979.25,74.72,100.75,0.6950,-1,-1,-1
4,4,1730.38,452.71,72.67,217.34,0.6199,-1,-1,-1
4,5,1357.10,570.20,80.71,217.03,0.5754,-1,-1,-1
4,6,0.52,876.33,42.19,203.02,0.5373,-1,-1,-1
4,7,1091.38,211.66,56.70,179.61,0.5528,-1,-1,-1
4,8,545.31,145.75,57.90,183.72,0.4674,-1,-1,-1
4,9,223.69,396.71,65.67,202.41,0.4799,-1,-1,-1
5,1,373.77,406.86,80.12,241.28,0.7978,-1,-1,-1
5,2,103.66,545.84,73.69,247.13,0.7243,-1,-1,-1
5,3,1110.10,976.61,76.46,103.39,0.6964,-1,-1,-1
5,4,1729.30,452.22,73.02,218.24,0.6542,-1,-1,-1
5,5,1357.21,570.13,79.88,214.46,0.6076,-1,-1,-1
5,6,1.40,874.50,42.64,204.62,0.5592,-1,-1,-1
5,7,1084.41,210.75,57.50,178.90,0.5394,-1,-1,-1
5,8,544.81,145.14,58.50,185.98,0.5050,-1,-1,-1
5,9,224.02,396.75,65.53,200.97,0.3747,-1,-1,-1
6,1,374.67,406.10,79.80,240.36,0.7852,-1,-1,-1
6,2,103.83,546.01,73.56,246.87,0.7309,-1,-1,-1
6,3,1112.58,975.72,76.90,104.28,0.6912,-1,-1,-1
6,4,1728.30,454.13,72.56,216.39,0.6514,-1,-1,-1
6,5,1357.69,570.14,79.59,213.41,0.6186,-1,-1,-1
6,6,1.74,872.27,43.29,207.03,0.6048,-1,-1,-1
6,7,1078.21,209.43,59.33,179.53,0.5797,-1,-1,-1
6,8,544.01,147.13,58.43,186.27,0.5159,-1,-1,-1
6,9,223.25,393.53,66.74,203.28,0.3017,-1,-1,-1
7,1,375.84,404.97,79.76,240.11,0.7800,-1,-1,-1
7,2,103.81,545.98,73.33,246.20,0.7311,-1,-1,-1
7,3,1113.84,974.15,77.63,105.85,0.7056,-1,-1,-1
7,4,1727.88,454.34,71.76,213.41,0.6315,-1,-1,-1
7,5,1357.70,570.31,79.50,212.73,0.6334,-1,-1,-1
7,6,2.02,870.95,43.79,208.44,0.5963,-1,-1,-1
7,7,1072.69,208.32,62.04,180.84,0.5515,-1,-1,-1
7,8,542.60,148.29,58.37,186.92,0.5409,-1,-1,-1
7,11,788.55,145.40,65.04,177.99,0.5154,-1,-1,-1
8,1,376.87,402.77,79.51,239.21,0.7696,-1,-1,-1
8,2,104.36,546.08,73.40,246.54,0.7358,-1,-1,-1
8,3,1115.71,973.28,77.76,106.72,0.7071,-1,-1,-1
8,4,1726.84,454.70,70.90,209.76,0.6454,-1,-1,-1
8,5,1357.38,570.05,80.02,213.92,0.6125,-1,-1,-1
8,6,1.86,871.06,43.83,207.75,0.5826,-1,-1,-1
8,7,1070.50,210.55,63.78,178.36,0.5409,-1,-1,-1
8,8,541.99,147.22,58.47,188.47,0.5501,-1,-1,-1
8,11,788.51,145.89,64.70,177.00,0.5034,-1,-1,-1
9,1,377.90,401.80,79.19,237.70,0.7678,-1,-1,-1
9,2,104.64,546.07,73.48,246.78,0.7443,-1,-1,-1
9,3,1119.45,973.24,77.10,106.76,0.6692,-1,-1,-1
9,4,1725.79,454.50,71.22,209.86,0.6349,-1,-1,-1
9,5,1357.29,570.35,80.10,213.96,0.6143,-1,-1,-1
9,6,1.60,869.73,44.31,209.24,0.5596,-1,-1,-1
9,7,1068.14,210.65,65.94,176.10,0.5086,-1,-1,-1
9,8,541.54,147.69,58.29,189.48,0.4971,-1,-1,-1
9,11,788.52,145.81,64.30,175.81,0.4782,-1,-1,-1
10,1,378.59,400.48,78.97,236.45,0.7579,-1,-1,-1
10,2,104.97,545.92,73.51,246.72,0.7400,-1,-1,-1
10,3,1122.96,973.00,76.54,107.00,0.6880,-1,-1,-1
10,4,1725.50,454.67,71.37,209.62,0.6104,-1,-1,-1
10,5,1357.01,569.69,80.76,215.43,0.6147,-1,-1,-1
10,6,1.28,865.75,45.20,212.90,0.5661,-1,-1,-1
10,7,1065.26,211.34,68.17,173.64,0.4661,-1,-1,-1
10,8,540.50,148.49,58.39,191.47,0.4782,-1,-1,-1
10,11,788.33,145.83,64.66,176.77,0.4860,-1,-1,-1
11,1,379.67,398.44,78.52,234.48,0.7550,-1,-1,-1
11,2,104.87,546.10,73.57,246.77,0.7417,-1,-1,-1
11,3,1126.36,973.40,75.64,106.60,0.6688,-1,-1,-1
11,4,1725.67,458.08,70.69,206.49,0.6067,-1,-1,-1
11,5,1357.01,569.70,80.99,215.75,0.6406,-1,-1,-1
11,6,0.71,862.75,45.80,215.68,0.5584,-1,-1,-1
11,7,1060.70,210.19,70.92,174.03,0.4522,-1,-1,-1
11,8,539.46,148.70,58.31,192.77,0.4813,-1,-1,-1
11,11,788.33,145.73,64.83,177.15,0.4864,-1,-1,-1
12,1,379.90,396.87,78.58,233.88,0.7530,-1,-1,-1
12,2,104.89,546.12,73.76,247.04,0.7371,-1,-1,-1
12,3,1129.82,973.21,75.11,106.79,0.6720,-1,-1,-1
12,4,1725.54,459.32,70.69,205.36,0.6362,-1,-1,-1
12,5,1356.93,569.61,80.81,215.38,0.6329,-1,-1,-1
12,6,0.55,857.21,46.81,220.52,0.5764,-1,-1,-1
12,7,1056.77,208.23,73.46,175.77,0.3598,-1,-1,-1
12,8,539.37,149.19,57.76,192.23,0.5006,-1,-1,-1
12,11,788.21,145.83,65.00,177.58,0.4828,-1,-1,-1
13,1,380.28,395.42,78.42,232.42,0.7610,-1,-1,-1
13,2,104.97,545.97,74.09,247.67,0.7420,-1,-1,-1
13,3,1132.11,972.85,74.62,107.15,0.6339,-1,-1,-1
13,4,1725.32,458.50,71.27,206.50,0.6621,-1,-1,-1
13,5,1357.06,569.97,80.37,213.94,0.6359,-1,-1,-1
13,6,-0.23,852.19,47.62,225.14,0.5896,-1,-1,-1
13,8,538.72,149.56,57.61,192.26,0.5203,-1,-1,-1
13,11,788.33,146.25,64.97,177.48,0.5103,-1,-1,-1
14,1,380.74,394.61,78.33,231.36,0.7606,-1,-1,-1
14,2,104.86,545.92,74.41,248.27,0.7475,-1,-1,-1
14,3,1134.63,972.58,73.92,107.42,0.6305,-1,-1,-1
14,4,1725.08,459.44,71.64,206.35,0.6575,-1,-1,-1
14,5,1357.21,569.94,80.46,214.23,0.6135,-1,-1,-1
14,6,-0.37,849.36,48.14,228.18,0.6077,-1,-1,-1
14,8,537.80,150.66,57.36,191.86,0.5044,-1,-1,-1
14,11,788.28,146.20,64.93,177.51,0.5246,-1,-1,-1
15,1,381.20,393.54,78.56,231.33,0.7611,-1,-1,-1
15,2,104.96,545.98,74.49,248.16,0.7549,-1,-1,-1
15,3,1136.93,972.92,72.68,106.71,0.5995,-1,-1,-1
15,4,1724.70,456.46,72.85,209.66,0.6507,-1,-1,-1
15,5,1357.12,570.40,80.11,213.16,0.6056,-1,-1,-1
15,6,-0.30,848.45,48.40,229.86,0.5862,-1,-1,-1
15,8,536.69,151.73,57.20,191.77,0.5038,-1,-1,-1
15,11,788.41,146.79,64.51,176.12,0.5364,-1,-1,-1
16,1,381.28,392.83,78.90,231.89,0.7659,-1,-1,-1
16,2,105.02,546.21,74.35,247.35,0.7503,-1,-1,-1
16,3,1140.48,972.78,71.63,106.37,0.5672,-1,-1,-1
16,4,1724.83,455.56,73.00,210.13,0.6556,-1,-1,-1
16,5,1356.86,570.27,80.22,213.48,0.6194,-1,-1,-1
16,6,0.14,848.34,48.51,230.16,0.5054,-1,-1,-1
16,8,535.06,153.34,56.63,189.48,0.5244,-1,-1,-1
16,11,788.77,146.98,64.33,175.63,0.5039,-1,-1,-1
17,1,381.51,391.68,79.63,233.65,0.7511,-1,-1,-1
17,2,105.24,546.69,74.31,246.35,0.7453,-1,-1,-1
17,3,1143.36,972.88,70.83,106.80,0.5345,-1,-1,-1
17,4,1724.61,457.62,73.00,209.13,0.6399,-1,-1,-1
17,5,1356.98,570.06,80.69,214.49,0.6041,-1,-1,-1
17,6,0.82,847.73,49.03,231.74,0.5549,-1,-1,-1
17,8,534.19,155.57,56.44,188.09,0.6085,-1,-1,-1
17,11,788.88,147.13,64.07,174.84,0.4923,-1,-1,-1
18,1,381.37,390.08,80.56,236.13,0.7520,-1,-1,-1
18,2,105.23,546.60,74.40,245.99,0.7479,-1,-1,-1
18,3,1146.12,973.04,69.65,106.85,0.5305,-1,-1,-1
18,4,1724.68,457.96,73.11,208.59,0.6457,-1,-1,-1
18,5,1356.82,569.95,80.69,214.46,0.6182,-1,-1,-1
18,6,1.35,847.14,49.49,232.63,0.5066,-1,-1,-1
18,8,532.65,156.14,56.29,187.11,0.6042,-1,-1,-1
18,11,789.13,147.27,63.93,174.44,0.5330,-1,-1,-1
19,1,381.52,388.66,81.28,237.87,0.7551,-1,-1,-1
19,2,105.18,546.60,74.58,246.10,0.7459,-1,-1,-1
19,3,1148.69,972.75,68.78,107.21,0.5198,-1,-1,-1
19,4,1724.21,456.01,73.81,210.37,0.6467,-1,-1,-1
19,5,1356.75,569.97,80.74,214.77,0.6405,-1,-1,-1
19,6,1.44,845.63,50.08,234.25,0.5326,-1,-1,-1
19,8,531.48,158.64,55.72,184.27,0.5466,-1,-1,-1
19,11,789.05,147.04,63.90,174.40,0.4808,-1,-1,-1
20,1,381.31,387.22,81.91,239.52,0.7480,-1,-1,-1
20,2,105.02,546.60,74.66,245.97,0.7456,-1,-1,-1
20,3,1151.40,972.78,67.58,107.21,0.5105,-1,-1,-1
20,4,1724.68,457.92,73.31,208.11,0.6295,-1,-1,-1
20,5,1356.85,570.44,80.50,214.24,0.6494,-1,-1,-1
20,6,1.39,845.24,50.41,234.75,0.4771,-1,-1,-1
20,8,530.41,158.94,55.59,183.97,0.5439,-1,-1,-1
20,11,789.26,147.64,63.79,173.99,0.4956,-1,-1,-1
21,1,381.21,386.23,82.23,240.17,0.7588,-1,-1,-1
21,2,104.87,546.48,74.85,246.26,0.7433,-1,-1,-1
21,3,1153.44,973.21,66.41,106.79,0.5021,-1,-1,-1
21,4,1724.53,458.13,73.56,208.20,0.6341,-1,-1,-1
21,5,1356.84,570.43,80.80,215.55,0.6137,-1,-1,-1
21,6,1.41,840.56,51.31,237.93,0.5228,-1,-1,-1
21,8,529.93,159.14,55.39,183.71,0.5888,-1,-1,-1
21,11,789.11,147.69,63.93,174.19,0.4867,-1,-1,-1
22,1,381.38,385.93,82.20,239.79,0.7578,-1,-1,-1
22,2,104.83,546.75,74.83,245.71,0.7385,-1,-1,-1
22,3,1154.28,974.20,65.18,105.80,0.5591,-1,-1,-1
22,4,1724.59,458.44,73.46,207.58,0.6682,-1,-1,-1
22,5,1356.93,570.22,80.56,215.15,0.6385,-1,-1,-1
22,6,1.30,841.00,51.62,238.46,0.5434,-1,-1,-1
22,8,528.33,156.97,55.94,186.20,0.5037,-1,-1,-1
22,11,789.28,147.77,64.18,174.86,0.4618,-1,-1,-1
23,1,381.74,385.28,81.91,238.94,0.7569,-1,-1,-1
23,2,104.79,546.58,74.90,245.62,0.7394,-1,-1,-1
23,3,1156.54,973.94,64.96,106.07,0.5504,-1,-1,-1
23,4,1724.67,457.81,73.52,207.63,0.6392,-1,-1,-1
23,5,1356.89,570.03,80.59,215.18,0.6141,-1,-1,-1
23,6,1.30,841.69,51.59,237.32,0.5669,-1,-1,-1
23,8,526.47,157.52,55.70,186.72,0.4697,-1,-1,-1
23,11,789.32,148.38,63.75,174.35,0.4303,-1,-1,-1
24,1,381.77,384.86,81.62,238.08,0.7574,-1,-1,-1
24,2,104.86,546.57,75.04,245.66,0.7382,-1,-1,-1
24,3,1158.21,974.60,64.28,105.40,0.5497,-1,-1,-1
24,4,1724.03,456.09,74.31,209.98,0.6434,-1,-1,-1
24,5,1356.52,569.80,81.18,216.91,0.5891,-1,-1,-1
24,6,1.57,839.90,51.80,236.92,0.5361,-1,-1,-1
24,8,524.64,157.45,55.84,187.45,0.4250,-1,-1,-1
24,11,789.73,148.40,63.65,173.80,0.4291,-1,-1,-1
25,1,381.63,384.08,81.30,237.28,0.7571,-1,-1,-1
25,2,104.69,546.80,75.26,245.88,0.7384,-1,-1,-1
25,3,1159.39,974.74,64.00,105.26,0.5631,-1,-1,-1
25,4,1723.52,457.46,74.25,209.21,0.6544,-1,-1,-1
25,5,1356.79,570.16,80.09,214.12,0.6125,-1,-1,-1
25,6,1.59,836.37,52.43,238.58,0.5031,-1,-1,-1
25,8,524.21,158.80,55.19,185.43,0.4365,-1,-1,-1
25,11,789.61,147.79,64.06,174.76,0.4319,-1,-1,-1
26,1,381.73,382.99,81.13,237.23,0.7684,-1,-1,-1
26,2,104.30,546.36,75.73,246.92,0.7375,-1,-1,-1
26,3,1160.76,975.01,63.67,104.99,0.5967,-1,-1,-1
26,4,1722.66,454.70,75.26,212.64,0.6365,-1,-1,-1
26,5,1357.01,570.47,79.91,213.44,0.6084,-1,-1,-1
26,6,2.17,834.00,51.96,234.30,0.5684,-1,-1,-1
26,8,524.26,160.43,54.58,183.94,0.4214,-1,-1,-1
26,11,789.57,147.90,64.38,175.13,0.4471,-1,-1,-1
27,1,381.66,381.48,81.16,237.37,0.7790,-1,-1,-1
27,2,103.98,546.19,75.90,247.15,0.7377,-1,-1,-1
27,3,1162.55,975.06,63.54,104.94,0.6073,-1,-1,-1
27,4,1723.07,457.70,74.09,208.91,0.6521,-1,-1,-1
27,5,1356.71,570.17,80.23,214.30,0.5868,-1,-1,-1
27,6,2.35,830.71,52.56,235.01,0.6075,-1,-1,-1
27,8,524.31,160.90,54.55,184.83,0.3655,-1,-1,-1
27,11,789.81,147.93,64.34,174.88,0.4484,-1,-1,-1
28,1,382.07,379.67,81.42,237.85,0.7725,-1,-1,-1
28,2,103.80,546.62,75.82,246.38,0.7386,-1,-1,-1
28,3,1164.49,975.61,63.22,104.39,0.6165,-1,-1,-1
28,4,1722.74,456.21,74.59,210.66,0.6400,-1,-1,-1
28,5,1356.68,569.64,80.73,215.68,0.5881,-1,-1,-1
28,6,2.85,828.01,52.89,233.60,0.6340,-1,-1,-1
28,11,789.37,148.50,63.64,173.92,0.4501,-1,-1,-1
29,1,382.74,378.00,81.51,238.02,0.7810,-1,-1,-1
29,2,103.60,546.41,76.01,246.48,0.7455,-1,-1,-1
29,3,1166.19,975.82,63.31,104.18,0.6355,-1,-1,-1
29,4,1723.06,457.06,74.13,209.25,0.6502,-1,-1,-1
29,5,1356.86,569.75,80.70,215.40,0.6246,-1,-1,-1
29,6,3.46,826.13,52.86,230.10,0.6978,-1,-1,-1
29,11,789.27,148.61,63.32,174.16,0.4573,-1,-1,-1
30,1,383.77,376.48,81.49,237.20,0.7847,-1,-1,-1
30,2,103.76,546.96,75.94,245.69,0.7384,-1,-1,-1
30,3,1168.18,976.67,63.02,103.29,0.6211,-1,-1,-1
30,4,1723.39,457.37,74.06,208.71,0.6633,-1,-1,-1
30,5,1356.56,569.83,80.70,215.65,0.6171,-1,-1,-1
30,6,3.48,823.31,53.31,228.88,0.6767,-1,-1,-1
30,11,789.07,148.44,62.99,174.26,0.4582,-1,-1,-1
31,1,385.92,374.91,81.19,234.36,0.7516,-1,-1,-1
31,2,103.49,546.89,76.14,246.15,0.7404,-1,-1,-1
31,3,1169.83,977.20,63.04,102.79,0.6157,-1,-1,-1
31,4,1722.72,455.84,74.73,211.12,0.6545,-1,-1,-1
31,5,1356.72,569.76,80.28,214.43,0.5914,-1,-1,-1
31,6,2.65,818.53,55.22,235.49,0.6491,-1,-1,-1
31,11,789.04,148.24,63.00,175.13,0.4282,-1,-1,-1
32,1,387.74,373.34,81.69,232.85,0.7457,-1,-1,-1
32,2,103.26,546.76,76.22,246.38,0.7472,-1,-1,-1
32,3,1171.20,977.97,62.98,102.03,0.6746,-1,-1,-1
32,4,1723.01,456.89,74.39,209.80,0.6534,-1,-1,-1
32,5,1356.51,569.77,80.22,214.34,0.6039,-1,-1,-1
32,6,2.03,815.51,56.80,241.15,0.6162,-1,-1,-1
32,11,789.65,148.68,62.55,174.90,0.4570,-1,-1,-1
33,1,388.88,371.22,82.71,232.68,0.7501,-1,-1,-1
33,2,103.41,546.76,76.44,246.52,0.7486,-1,-1,-1
33,3,1172.94,978.88,62.87,101.12,0.6781,-1,-1,-1
33,4,1722.71,457.20,74.56,210.14,0.6571,-1,-1,-1
33,5,1356.19,569.49,81.05,216.60,0.6021,-1,-1,-1
33,6,1.64,813.35,58.29,246.60,0.6217,-1,-1,-1
33,11,789.63,149.00,62.10,174.34,0.4375,-1,-1,-1
34,1,389.44,370.26,83.35,231.80,0.7515,-1,-1,-1
34,2,103.32,546.82,76.57,246.54,0.7391,-1,-1,-1
34,3,1175.64,980.58,62.29,99.42,0.6763,-1,-1,-1
34,4,1722.81,457.95,74.06,208.63,0.6499,-1,-1,-1
34,5,1356.60,569.34,81.07,216.67,0.5996,-1,-1,-1
34,6,1.55,811.36,59.05,248.86,0.6135,-1,-1,-1
34,11,789.27,148.76,62.02,174.96,0.4324,-1,-1,-1
35,1,389.32,369.31,84.47,232.43,0.7410,-1,-1,-1
35,2,103.27,546.86,76.85,246.92,0.7346,-1,-1,-1
35,3,1178.58,982.06,61.66,97.94,0.6624,-1,-1,-1
35,4,1722.53,457.67,74.03,208.60,0.6606,-1,-1,-1
35,5,1356.41,569.38,80.93,216.00,0.6011,-1,-1,-1
35,6,1.78,810.32,60.18,252.36,0.5751,-1,-1,-1
35,11,789.60,148.64,61.77,175.09,0.4427,-1,-1,-1
36,1,388.97,368.70,85.29,232.81,0.7009,-1,-1,-1
36,2,103.19,547.05,76.80,246.55,0.7385,-1,-1,-1
36,3,1181.31,983.80,60.96,96.20,0.6412,-1,-1,-1
36,4,1722.89,458.46,73.85,207.96,0.6161,-1,-1,-1
36,5,1356.39,569.40,81.23,216.54,0.5767,-1,-1,-1
36,6,2.11,809.55,60.10,250.42,0.5426,-1,-1,-1
36,11,789.83,149.03,61.27,174.30,0.4402,-1,-1,-1
37,1,388.24,367.72,85.86,233.55,0.6902,-1,-1,-1
37,2,103.10,547.21,76.61,245.90,0.7344,-1,-1,-1
37,3,1184.09,984.51,60.91,95.49,0.6850,-1,-1,-1
37,4,1722.87,457.78,74.16,208.95,0.6401,-1,-1,-1
37,5,1356.26,569.16,81.90,218.37,0.5677,-1,-1,-1
37,6,2.80,808.56,60.45,249.52,0.6285,-1,-1,-1
37,11,789.66,148.86,61.28,174.74,0.4360,-1,-1,-1
37,12,1021.55,157.86,62.29,183.31,0.5344,-1,-1,-1
38,1,387.54,366.61,86.17,234.73,0.6937,-1,-1,-1
38,2,102.86,547.01,76.50,245.55,0.7328,-1,-1,-1
38,3,1186.59,984.58,61.43,95.42,0.6922,-1,-1,-1
38,4,1722.98,458.25,73.86,207.84,0.6428,-1,-1,-1
38,5,1356.44,569.33,80.93,215.36,0.6049,-1,-1,-1
38,6,3.28,808.08,60.51,247.14,0.6404,-1,-1,-1
38,11,789.87,149.06,61.15,175.05,0.4243,-1,-1,-1
38,12,1022.36,158.45,62.51,184.08,0.5451,-1,-1,-1
38,13,384.40,993.03,93.25,86.97,0.5469,-1,-1,-1
39,1,386.95,365.39,86.50,236.32,0.6891,-1,-1,-1
39,2,102.87,547.19,76.47,245.05,0.7308,-1,-1,-1
39,3,1189.48,984.09,62.37,95.91,0.6789,-1,-1,-1
39,4,1722.35,457.27,74.24,209.22,0.6227,-1,-1,-1
39,5,1356.64,568.34,81.45,216.96,0.5814,-1,-1,-1
39,6,3.28,807.11,60.70,245.56,0.6523,-1,-1,-1
39,11,789.88,148.90,60.95,175.12,0.4153,-1,-1,-1
39,12,1022.23,158.82,62.20,183.18,0.5211,-1,-1,-1
39,13,383.78,991.89,94.43,88.11,0.5276,-1,-1,-1
40,1,387.85,366.09,86.26,235.49,0.6972,-1,-1,-1
40,2,102.72,547.08,76.52,244.89,0.7335,-1,-1,-1
40,3,1193.08,983.98,63.07,96.02,0.6545,-1,-1,-1
40,4,1722.16,456.55,74.55,210.47,0.6273,-1,-1,-1
40,5,1357.38,569.22,80.28,213.75,0.6151,-1,-1,-1
40,6,3.33,806.15,60.70,243.29,0.6072,-1,-1,-1
40,11,789.77,148.97,60.90,175.84,0.4046,-1,-1,-1
40,12,1022.12,159.10,62.01,182.56,0.5093,-1,-1,-1
40,13,383.37,990.20,96.13,89.80,0.5279,-1,-1,-1
40,14,919.66,197.86,88.40,175.81,0.5105,-1,-1,-1
41,1,388.83,365.81,86.14,235.43,0.6909,-1,-1,-1
41,2,102.69,546.81,76.78,245.44,0.7313,-1,-1,-1
41,3,1195.49,984.81,63.01,95.19,0.6802,-1,-1,-1
41,4,1722.08,456.05,74.63,210.93,0.6395,-1,-1,-1
41,5,1357.00,568.82,80.79,215.12,0.6073,-1,-1,-1
41,6,3.21,805.11,61.24,243.18,0.6001,-1,-1,-1
41,11,789.88,149.14,60.39,175.28,0.4079,-1,-1,-1
41,12,1022.05,159.18,61.62,181.22,0.4771,-1,-1,-1
41,13,383.33,989.24,97.03,90.76,0.4924,-1,-1,-1
41,14,918.96,202.11,86.36,171.18,0.5440,-1,-1,-1
42,1,389.68,364.67,86.05,235.50,0.7104,-1,-1,-1
42,2,102.81,546.74,76.98,245.63,0.7402,-1,-1,-1
42,3,1198.21,984.96,63.49,95.04,0.6923,-1,-1,-1
42,4,1721.73,455.26,74.71,211.37,0.6461,-1,-1,-1
42,5,1356.92,569.20,80.55,214.52,0.6145,-1,-1,-1
42,6,2.93,802.92,61.75,243.11,0.6312,-1,-1,-1
42,11,789.62,148.89,60.53,176.69,0.4202,-1,-1,-1
42,12,1021.68,159.45,61.85,181.78,0.4734,-1,-1,-1
42,13,382.53,987.88,98.29,92.12,0.5331,-1,-1,-1
42,14,916.33,200.89,87.54,172.66,0.5451,-1,-1,-1
43,1,390.87,364.67,85.47,233.95,0.7374,-1,-1,-1
43,2,102.53,546.80,77.17,245.80,0.7338,-1,-1,-1
43,3,1201.36,985.18,64.04,94.82,0.6623,-1,-1,-1
43,4,1721.69,454.79,74.80,212.01,0.6162,-1,-1,-1
43,5,1356.82,569.14,80.53,214.47,0.6090,-1,-1,-1
43,6,3.49,799.07,60.63,235.66,0.6608,-1,-1,-1
43,11,789.72,149.22,60.25,176.26,0.4042,-1,-1,-1
43,12,1021.42,159.75,62.23,182.94,0.4672,-1,-1,-1
43,13,381.88,987.49,98.55,92.51,0.5402,-1,-1,-1
43,14,912.42,197.23,89.74,175.88,0.4978,-1,-1,-1
44,1,391.91,364.44,84.98,232.23,0.7343,-1,-1,-1
44,2,102.39,547.07,77.15,245.49,0.7334,-1,-1,-1
44,3,1202.92,985.45,64.60,94.54,0.6688,-1,-1,-1
44,4,1721.62,456.69,74.26,210.07,0.6474,-1,-1,-1
44,5,1356.73,568.97,81.11,216.07,0.6236,-1,-1,-1
44,6,3.79,795.49,60.26,231.09,0.6726,-1,-1,-1
44,11,789.92,149.16,60.03,176.20,0.4005,-1,-1,-1
44,12,1021.05,160.14,62.52,184.08,0.4379,-1,-1,-1
44,13,380.66,985.65,100.22,94.35,0.5968,-1,-1,-1
44,14,907.88,194.03,91.87,179.27,0.3167,-1,-1,-1
45,1,392.95,362.40,84.97,232.20,0.7371,-1,-1,-1
45,2,102.01,546.85,77.23,245.70,0.7425,-1,-1,-1
45,3,1204.33,985.77,65.16,94.23,0.6709,-1,-1,-1
45,4,1721.88,458.11,73.76,208.39,0.6321,-1,-1,-1
45,5,1356.43,568.85,81.15,216.24,0.6345,-1,-1,-1
45,6,3.78,792.86,60.55,229.37,0.6685,-1,-1,-1
45,11,789.99,149.18,59.81,175.82,0.4243,-1,-1,-1
45,12,1021.07,161.41,62.34,182.79,0.3991,-1,-1,-1
45,13,379.15,984.76,100.83,95.24,0.5952,-1,-1,-1
46,1,394.03,360.92,84.64,231.89,0.7422,-1,-1,-1
46,2,101.90,546.51,77.40,246.09,0.7447,-1,-1,-1
46,3,1204.66,986.20,65.52,93.80,0.6854,-1,-1,-1
46,4,1721.67,458.92,73.47,207.06,0.6155,-1,-1,-1
46,5,1356.53,569.21,81.44,216.75,0.6039,-1,-1,-1
46,6,3.86,790.55,61.23,229.24,0.6718,-1,-1,-1
46,11,790.07,149.29,59.49,175.27,0.3893,-1,-1,-1
46,12,1020.78,161.93,62.45,182.36,0.4088,-1,-1,-1
46,13,376.03,979.89,105.25,100.11,0.6033,-1,-1,-1
47,1,394.88,358.87,84.56,231.99,0.7461,-1,-1,-1
47,2,101.73,546.36,77.49,246.20,0.7292,-1,-1,-1
47,3,1205.45,986.33,66.15,93.67,0.6670,-1,-1,-1
47,4,1721.68,458.96,73.80,207.74,0.6306,-1,-1,-1
47,5,1356.69,569.44,81.22,216.06,0.5933,-1,-1,-1
47,6,3.83,788.98,62.37,231.05,0.6183,-1,-1,-1
47,11,790.26,149.38,59.47,174.92,0.4296,-1,-1,-1
47,12,1019.75,162.68,62.86,183.40,0.3951,-1,-1,-1
47,13,373.42,974.12,110.17,105.88,0.5909,-1,-1,-1
48,1,396.07,357.22,83.95,230.35,0.7647,-1,-1,-1
48,2,101.68,546.15,77.67,246.74,0.7353,-1,-1,-1
48,3,1207.31,985.18,67.81,94.78,0.6326,-1,-1,-1
48,4,1721.87,459.49,73.45,206.47,0.6357,-1,-1,-1
48,5,1356.95,569.15,81.60,216.74,0.6132,-1,-1,-1
48,6,4.05,788.20,63.64,233.31,0.5857,-1,-1,-1
48,11,790.49,149.46,59.67,175.48,0.4552,-1,-1,-1
48,12,1019.10,163.14,62.77,183.03,0.3309,-1,-1,-1
48,13,370.42,967.31,115.72,112.69,0.6089,-1,-1,-1
49,1,397.02,356.32,83.15,227.62,0.7608,-1,-1,-1
49,2,101.60,546.08,77.73,246.92,0.7393,-1,-1,-1
49,3,1207.91,984.06,69.44,95.93,0.6518,-1,-1,-1
49,4,1721.48,459.02,73.76,207.08,0.6575,-1,-1,-1
49,5,1356.78,569.39,82.01,217.70,0.6018,-1,-1,-1
49,6,3.45,785.43,66.67,242.67,0.6188,-1,-1,-1
49,11,790.58,149.26,59.87,175.93,0.4317,-1,-1,-1
49,12,1018.00,164.43,62.96,182.95,0.3711,-1,-1,-1
49,13,369.45,964.09,117.47,115.91,0.5888,-1,-1,-1
50,1,397.44,355.07,82.98,226.30,0.7546,-1,-1,-1
50,2,101.68,546.09,77.68,246.66,0.7482,-1,-1,-1
50,3,1208.02,983.18,70.85,96.81,0.6281,-1,-1,-1
50,4,1721.38,459.15,73.70,206.73,0.6391,-1,-1,-1
50,5,1357.12,569.74,81.44,216.14,0.6122,-1,-1,-1
50,6,3.57,784.57,68.44,247.18,0.6055,-1,-1,-1
50,11,790.28,149.06,60.12,176.84,0.4070,-1,-1,-1
50,12,1017.60,164.94,61.35,178.03,0.3841,-1,-1,-1
50,13,370.29,961.43,117.57,117.76,0.5867,-1,-1,-1
51,1,398.06,354.23,82.57,223.93,0.7538,-1,-1,-1
51,2,101.67,545.67,77.81,247.17,0.7505,-1,-1,-1
51,3,1208.16,982.06,72.32,97.94,0.6111,-1,-1,-1
51,4,1721.27,459.93,73.43,205.54,0.6227,-1,-1,-1
51,5,1357.24,569.41,81.12,215.17,0.6198,-1,-1,-1
51,6,3.64,783.11,69.04,247.49,0.6422,-1,-1,-1
51,11,790.24,148.76,60.29,177.55,0.4134,-1,-1,-1
51,12,1017.44,166.46,60.49,175.10,0.4440,-1,-1,-1
51,13,369.60,957.36,119.97,122.27,0.5503,-1,-1,-1
52,1,398.70,353.11,82.90,223.81,0.7677,-1,-1,-1
52,2,101.74,545.48,77.70,247.09,0.7519,-1,-1,-1
52,3,1207.79,981.78,73.16,98.22,0.6304,-1,-1,-1
52,4,1721.23,457.20,74.47,209.03,0.6266,-1,-1,-1
52,5,1357.04,569.22,81.20,215.37,0.6233,-1,-1,-1
52,6,4.65,782.02,69.19,245.83,0.6113,-1,-1,-1
52,11,789.92,149.02,60.48,178.05,0.3952,-1,-1,-1
52,12,1016.70,167.81,61.75,178.48,0.4711,-1,-1,-1
52,13,369.66,953.20,122.00,126.66,0.5450,-1,-1,-1
53,1,399.24,351.59,83.51,225.12,0.7697,-1,-1,-1
53,2,101.64,545.23,77.59,247.41,0.7453,-1,-1,-1
53,3,1207.03,980.50,74.55,99.50,0.6525,-1,-1,-1
53,4,1721.51,456.39,74.43,209.24,0.6261,-1,-1,-1
53,5,1357.47,569.47,80.82,214.07,0.6401,-1,-1,-1
53,6,5.34,780.84,68.89,243.24,0.6510,-1,-1,-1
53,11,789.74,148.60,60.55,177.92,0.4121,-1,-1,-1
53,12,1015.94,168.83,62.54,180.84,0.4505,-1,-1,-1
53,13,370.57,950.09,122.74,129.57,0.6933,-1,-1,-1
54,1,399.43,350.76,83.97,225.98,0.7711,-1,-1,-1
54,2,101.60,544.95,77.56,247.96,0.7479,-1,-1,-1
54,3,1206.29,979.93,75.49,100.07,0.6571,-1,-1,-1
54,4,1721.49,456.09,74.51,209.76,0.6240,-1,-1,-1
54,5,1357.52,569.23,80.93,214.03,0.6411,-1,-1,-1
54,6,7.22,778.65,68.01,239.05,0.6455,-1,-1,-1
54,11,790.04,148.80,60.43,177.18,0.3981,-1,-1,-1
54,12,1014.24,170.81,62.69,181.44,0.4274,-1,-1,-1
54,13,372.88,948.30,121.81,130.39,0.7180,-1,-1,-1
55,1,399.67,349.66,84.57,227.64,0.7785,-1,-1,-1
55,2,101.61,545.04,77.52,248.44,0.7363,-1,-1,-1
55,3,1205.91,979.20,76.47,100.80,0.6651,-1,-1,-1
55,4,1721.76,456.57,74.71,210.51,0.6376,-1,-1,-1
55,5,1357.44,569.04,81.26,215.04,0.6082,-1,-1,-1
55,6,8.70,775.11,67.89,237.96,0.6805,-1,-1,-1
55,11,790.24,148.95,60.40,176.91,0.4251,-1,-1,-1
55,12,1012.79,172.99,62.74,181.54,0.4561,-1,-1,-1
55,13,374.55,946.59,121.97,132.16,0.6929,-1,-1,-1
56,1,399.83,349.08,84.98,229.05,0.7878,-1,-1,-1
56,2,101.68,544.56,77.55,249.10,0.7376,-1,-1,-1
56,3,1205.09,977.80,77.82,102.20,0.6744,-1,-1,-1
56,4,1721.52,456.02,74.63,210.64,0.6445,-1,-1,-1
56,5,1356.91,569.13,81.50,215.95,0.6102,-1,-1,-1
56,6,9.47,772.40,67.61,235.92,0.6943,-1,-1,-1
56,11,790.34,148.78,60.72,177.64,0.4100,-1,-1,-1
56,12,1012.85,174.78,62.18,180.50,0.4680,-1,-1,-1
56,13,375.77,945.74,121.74,133.56,0.6985,-1,-1,-1
57,1,399.61,348.09,85.25,230.26,0.7938,-1,-1,-1
57,2,101.64,544.75,77.51,249.44,0.7329,-1,-1,-1
57,3,1204.14,976.55,79.02,103.45,0.6850,-1,-1,-1
57,4,1721.72,457.85,73.77,208.19,0.6509,-1,-1,-1
57,5,1357.22,569.19,80.91,214.10,0.6174,-1,-1,-1
57,6,8.85,770.87,67.09,232.13,0.7197,-1,-1,-1
57,11,790.28,148.68,61.13,178.56,0.4009,-1,-1,-1
57,12,1011.41,176.32,61.90,179.89,0.4636,-1,-1,-1
57,13,377.54,945.00,120.93,134.30,0.7176,-1,-1,-1
58,1,399.55,347.15,85.47,231.15,0.7873,-1,-1,-1
58,2,101.79,545.09,77.27,249.27,0.7288,-1,-1,-1
58,3,1203.57,976.19,79.67,103.82,0.6689,-1,-1,-1
58,4,1721.58,456.26,74.04,209.37,0.6400,-1,-1,-1
58,5,1357.14,569.34,81.12,214.68,0.6247,-1,-1,-1
58,6,10.20,767.85,67.18,229.80,0.7118,-1,-1,-1
58,11,790.39,148.92,61.17,178.55,0.3946,-1,-1,-1
58,12,1010.49,178.82,61.50,179.21,0.4566,-1,-1,-1
58,13,378.90,944.08,120.49,135.62,0.6723,-1,-1,-1
59,1,400.08,345.76,85.77,232.65,0.7851,-1,-1,-1
59,2,101.79,545.09,77.13,249.47,0.7327,-1,-1,-1
59,3,1202.42,975.70,80.54,104.30,0.6719,-1,-1,-1
59,4,1722.03,456.01,74.28,210.47,0.6377,-1,-1,-1
59,5,1357.32,568.92,80.77,213.53,0.6413,-1,-1,-1
59,6,10.82,765.47,67.08,226.14,0.7217,-1,-1,-1
59,11,789.72,148.87,61.13,178.55,0.3894,-1,-1,-1
59,12,1009.74,180.31,61.21,178.49,0.3744,-1,-1,-1
59,13,379.90,942.98,119.76,136.67,0.7142,-1,-1,-1
60,1,400.64,345.58,85.22,231.99,0.7925,-1,-1,-1
60,2,101.56,545.12,77.23,250.28,0.7259,-1,-1,-1
60,3,1201.39,974.86,81.55,105.14,0.6700,-1,-1,-1
60,4,1722.16,457.90,73.55,208.30,0.6275,-1,-1,-1
60,5,1356.93,568.92,81.23,214.80,0.6262,-1,-1,-1
60,6,11.06,761.26,67.12,225.20,0.7345,-1,-1,-1
60,11,789.13,148.55,62.54,183.11,0.4231,-1,-1,-1
60,12,1008.10,181.38,61.26,178.05,0.3406,-1,-1,-1
60,13,380.38,940.51,120.06,138.73,0.7101,-1,-1,-1
61,1,400.82,344.44,84.76,231.36,0.7977,-1,-1,-1
61,2,101.87,545.97,76.47,248.53,0.7279,-1,-1,-1
61,3,1198.89,972.78,83.40,107.22,0.6306,-1,-1,-1
61,4,1722.18,457.77,73.26,207.81,0.6112,-1,-1,-1
61,5,1357.17,569.19,81.02,214.25,0.6299,-1,-1,-1
61,6,11.03,758.32,67.29,225.25,0.7307,-1,-1,-1
61,11,788.49,148.45,63.63,186.63,0.3661,-1,-1,-1
61,12,1007.53,182.18,60.97,176.93,0.3029,-1,-1,-1
61,13,380.68,938.74,120.43,140.66,0.6141,-1,-1,-1
62,1,401.00,343.18,84.40,231.10,0.7907,-1,-1,-1
62,2,102.09,546.57,76.07,247.82,0.7287,-1,-1,-1
62,3,1197.66,972.31,84.04,107.69,0.6220,-1,-1,-1
62,4,1722.24,456.86,73.58,208.84,0.6000,-1,-1,-1
62,5,1357.30,569.22,81.07,214.58,0.6174,-1,-1,-1
62,6,11.68,756.21,67.45,225.36,0.7302,-1,-1,-1
62,11,788.88,148.27,63.44,186.85,0.3199,-1,-1,-1
62,12,1007.88,183.95,60.45,175.33,0.3032,-1,-1,-1
62,13,380.15,936.65,120.54,142.21,0.5694,-1,-1,-1
63,1,401.09,341.39,84.43,231.86,0.7965,-1,-1,-1
63,2,102.24,546.69,75.78,247.52,0.7298,-1,-1,-1
63,3,1196.22,971.83,84.71,108.17,0.6573,-1,-1,-1
63,4,1722.13,458.09,73.34,207.82,0.5906,-1,-1,-1
63,5,1357.22,569.03,80.83,213.81,0.6020,-1,-1,-1
63,6,11.79,754.84,68.51,228.07,0.7189,-1,-1,-1
63,13,379.44,934.59,120.86,144.30,0.6604,-1,-1,-1
64,1,401.39,339.06,84.32,232.12,0.7907,-1,-1,-1
64,2,101.96,546.52,75.90,248.32,0.7195,-1,-1,-1
64,3,1194.90,972.67,84.38,107.33,0.6856,-1,-1,-1
64,4,1721.94,456.90,73.77,209.11,0.6059,-1,-1,-1
64,5,1356.44,569.28,81.40,215.32,0.5977,-1,-1,-1
64,6,12.01,753.32,68.98,229.06,0.7204,-1,-1,-1
64,13,378.51,931.18,122.51,148.02,0.6716,-1,-1,-1
65,1,401.45,337.15,84.21,232.22,0.7933,-1,-1,-1
65,2,102.23,546.96,75.51,247.31,0.7280,-1,-1,-1
65,3,1193.39,973.00,84.24,107.00,0.6846,-1,-1,-1
65,4,1721.71,458.85,73.37,207.31,0.6133,-1,-1,-1
65,5,1356.74,569.23,81.29,214.54,0.6283,-1,-1,-1
65,6,11.51,752.17,69.86,231.71,0.7136,-1,-1,-1
65,13,376.62,925.15,125.77,154.42,0.5634,-1,-1,-1
66,1,401.81,335.23,84.08,232.09,0.7929,-1,-1,-1
66,2,102.57,546.56,75.64,247.75,0.7208,-1,-1,-1
66,3,1190.87,971.97,85.01,108.03,0.7063,-1,-1,-1
66,4,1721.04,459.19,73.71,207.64,0.6260,-1,-1,-1
66,5,1356.50,568.73,81.91,215.83,0.6046,-1,-1,-1
66,6,11.24,750.90,70.46,233.48,0.7134,-1,-1,-1
66,13,375.29,919.00,128.37,160.85,0.5605,-1,-1,-1
66,16,494.38,190.80,72.40,195.93,0.5281,-1,-1,-1
67,1,402.59,333.94,83.50,230.01,0.7944,-1,-1,-1
67,2,102.79,546.74,75.60,247.57,0.7250,-1,-1,-1
67,3,1189.50,971.69,85.36,108.31,0.6942,-1,-1,-1
67,4,1721.16,459.12,73.62,206.99,0.5965,-1,-1,-1
67,5,1356.85,569.03,81.49,214.67,0.5982,-1,-1,-1
67,6,10.57,749.05,71.27,236.14,0.7028,-1,-1,-1
67,13,374.47,914.40,128.82,164.49,0.6553,-1,-1,-1
67,16,493.61,190.81,73.49,199.08,0.5657,-1,-1,-1
68,1,403.51,333.27,82.86,227.77,0.7902,-1,-1,-1
68,2,102.77,546.68,75.68,247.75,0.7294,-1,-1,-1
68,3,1186.14,970.25,86.42,109.75,0.6957,-1,-1,-1
68,4,1721.53,459.40,73.65,206.95,0.6081,-1,-1,-1
68,5,1356.68,568.36,81.93,215.76,0.5953,-1,-1,-1
68,6,10.13,746.78,72.28,239.72,0.7077,-1,-1,-1
68,13,374.38,911.76,128.17,166.50,0.7051,-1,-1,-1
68,16,493.46,192.17,72.90,197.76,0.5750,-1,-1,-1
69,1,404.02,332.19,82.65,226.27,0.7834,-1,-1,-1
69,2,102.62,546.65,75.73,248.08,0.7309,-1,-1,-1
69,3,1184.01,969.67,86.78,110.30,0.6797,-1,-1,-1
69,4,1721.91,457.74,74.94,210.86,0.5947,-1,-1,-1
69,5,1356.54,568.55,82.27,216.85,0.5962,-1,-1,-1
69,6,10.09,744.81,72.70,241.43,0.7102,-1,-1,-1
69,13,374.40,909.90,127.67,168.63,0.6853,-1,-1,-1
69,16,493.60,193.27,72.36,196.00,0.5869,-1,-1,-1
69,12,1001.22,187.92,61.23,177.18,0.5338,-1,-1,-1
70,1,404.49,331.30,82.43,224.56,0.7903,-1,-1,-1
70,2,102.66,546.42,75.69,248.33,0.7319,-1,-1,-1
70,3,1182.12,969.17,87.05,110.82,0.6649,-1,-1,-1
70,4,1722.27,456.12,75.24,212.04,0.6157,-1,-1,-1
70,5,1356.51,568.42,82.57,217.49,0.6087,-1,-1,-1
70,6,10.76,743.16,72.01,239.06,0.7152,-1,-1,-1
70,13,373.91,907.22,128.02,172.00,0.6793,-1,-1,-1
70,16,493.54,195.11,71.92,193.97,0.5919,-1,-1,-1
70,12,1000.32,187.94,61.46,177.91,0.5581,-1,-1,-1
71,1,404.65,329.99,82.47,223.81,0.7909,-1,-1,-1
71,2,102.28,545.52,76.12,249.82,0.7292,-1,-1,-1
71,3,1180.63,968.34,87.53,111.65,0.6676,-1,-1,-1
71,4,1722.32,456.42,75.02,211.42,0.6225,-1,-1,-1
71,5,1356.56,568.68,82.83,218.40,0.5627,-1,-1,-1
71,6,12.13,741.49,70.64,233.60,0.7212,-1,-1,-1
71,13,372.56,904.87,128.34,174.85,0.7093,-1,-1,-1
71,16,494.26,193.94,72.67,195.29,0.6135,-1,-1,-1
71,12,998.46,188.26,61.38,178.19,0.5614,-1,-1,-1
72,1,404.64,328.48,83.10,224.90,0.7885,-1,-1,-1
72,2,102.06,544.81,76.29,250.51,0.7259,-1,-1,-1
72,3,1178.64,966.43,88.62,113.57,0.5933,-1,-1,-1
72,4,1722.36,456.83,74.75,210.72,0.6192,-1,-1,-1
72,5,1356.86,568.99,82.74,218.30,0.6062,-1,-1,-1
72,6,12.59,738.31,70.00,230.03,0.7274,-1,-1,-1
72,13,371.89,903.16,128.02,176.76,0.7213,-1,-1,-1
72,16,493.00,193.65,73.56,195.94,0.5970,-1,-1,-1
72,12,997.08,188.58,61.19,178.80,0.5725,-1,-1,-1
73,1,404.92,327.61,83.71,226.34,0.7872,-1,-1,-1
73,2,101.95,545.02,76.23,250.24,0.7321,-1,-1,-1
73,3,1177.60,965.32,89.17,114.68,0.6094,-1,-1,-1
73,4,1722.36,456.29,75.29,212.54,0.6133,-1,-1,-1
73,5,1357.22,569.35,82.27,216.73,0.6160,-1,-1,-1
73,6,12.69,734.93,70.22,229.32,0.7478,-1,-1,-1
73,13,371.41,902.03,127.38,177.97,0.7151,-1,-1,-1
73,16,491.88,193.35,74.67,196.51,0.5927,-1,-1,-1
73,12,995.51,189.45,60.80,178.97,0.5500,-1,-1,-1
74,1,405.40,327.32,83.72,226.26,0.7842,-1,-1,-1
74,2,102.07,545.38,75.88,249.22,0.7220,-1,-1,-1
74,3,1176.94,964.88,89.32,115.12,0.6237,-1,-1,-1
74,4,1722.41,458.91,74.02,208.65,0.5958,-1,-1,-1
74,5,1357.13,569.53,81.94,215.53,0.6195,-1,-1,-1
74,6,13.22,732.37,69.91,226.51,0.7514,-1,-1,-1
74,13,371.29,900.30,127.07,179.72,0.6885,-1,-1,-1
74,16,491.49,194.60,75.23,195.27,0.5599,-1,-1,-1
74,12,994.93,190.04,60.60,180.61,0.5586,-1,-1,-1
75,1,405.45,326.69,83.90,226.67,0.7785,-1,-1,-1
75,2,101.71,545.16,75.91,249.48,0.7284,-1,-1,-1
75,3,1176.23,964.42,89.58,115.58,0.6363,-1,-1,-1
75,4,1722.02,457.63,74.79,211.07,0.6187,-1,-1,-1
75,5,1357.50,569.90,81.14,212.95,0.6548,-1,-1,-1
75,6,12.84,730.86,70.48,226.99,0.7486,-1,-1,-1
75,13,371.33,898.13,126.93,181.90,0.6778,-1,-1,-1
75,16,490.12,196.13,75.83,194.00,0.5708,-1,-1,-1
75,12,993.17,189.52,61.02,183.12,0.6141,-1,-1,-1
76,1,406.04,326.29,84.01,227.28,0.7724,-1,-1,-1
76,2,101.48,544.44,76.00,250.22,0.7220,-1,-1,-1
76,3,1175.82,963.87,89.88,116.13,0.6886,-1,-1,-1
76,4,1721.87,459.04,73.82,207.90,0.6303,-1,-1,-1
76,5,1357.26,570.39,81.20,212.55,0.6477,-1,-1,-1
76,6,12.27,729.15,71.50,229.55,0.7470,-1,-1,-1
76,13,371.49,895.33,126.91,184.70,0.6904,-1,-1,-1
76,16,491.12,199.22,75.89,191.80,0.5540,-1,-1,-1
76,12,992.52,189.38,60.51,182.54,0.5748,-1,-1,-1
77,1,406.42,325.24,84.43,228.79,0.7668,-1,-1,-1
77,2,101.28,544.28,75.83,250.35,0.7224,-1,-1,-1
77,3,1175.57,963.69,89.87,116.31,0.6972,-1,-1,-1
77,4,1721.83,458.92,73.54,206.71,0.6226,-1,-1,-1
77,5,1357.08,570.02,82.08,214.18,0.6321,-1,-1,-1
77,6,12.11,727.70,72.02,230.59,0.7515,-1,-1,-1
77,13,372.26,893.08,126.34,186.94,0.7466,-1,-1,-1
77,16,494.20,201.28,75.13,189.29,0.5687,-1,-1,-1
77,12,992.28,190.07,59.94,181.26,0.5922,-1,-1,-1
78,1,406.46,324.61,84.50,229.28,0.7694,-1,-1,-1
78,2,101.02,544.21,75.56,250.09,0.7233,-1,-1,-1
78,3,1175.15,963.08,90.15,116.92,0.7207,-1,-1,-1
78,4,1721.82,459.61,73.46,205.90,0.6372,-1,-1,-1
78,5,1356.86,571.08,82.44,214.35,0.6380,-1,-1,-1
78,6,12.08,726.51,73.00,232.87,0.7458,-1,-1,-1
78,13,372.49,890.74,125.74,189.29,0.7540,-1,-1,-1
78,16,493.26,204.35,74.56,186.92,0.6007,-1,-1,-1
78,12,992.31,189.35,59.61,181.34,0.5644,-1,-1,-1
79,1,406.89,324.28,84.55,230.12,0.7798,-1,-1,-1
79,2,101.21,544.93,75.05,248.90,0.7258,-1,-1,-1
79,3,1174.98,962.94,90.06,117.06,0.7240,-1,-1,-1
79,4,1721.48,458.92,73.74,206.45,0.6468,-1,-1,-1
79,5,1356.69,572.10,82.49,213.70,0.6071,-1,-1,-1
79,6,12.80,725.99,73.30,232.97,0.7472,-1,-1,-1
79,13,373.55,887.52,125.37,192.51,0.7680,-1,-1,-1
79,16,492.06,203.39,76.38,190.62,0.5841,-1,-1,-1
79,12,991.80,190.28,58.94,179.40,0.5754,-1,-1,-1
80,1,407.85,324.07,84.06,229.68,0.7780,-1,-1,-1
80,2,101.33,545.39,74.73,248.42,0.7273,-1,-1,-1
80,3,1174.29,962.40,90.28,117.60,0.7371,-1,-1,-1
80,4,1721.63,459.68,73.76,206.08,0.6344,-1,-1,-1
80,5,1357.08,572.22,83.54,215.94,0.5754,-1,-1,-1
80,6,13.70,725.03,73.85,233.73,0.7277,-1,-1,-1
80,13,374.09,883.01,125.59,197.01,0.7885,-1,-1,-1
80,16,492.20,203.75,77.53,193.18,0.5726,-1,-1,-1
80,12,990.24,190.50,59.86,182.82,0.6078,-1,-1,-1
81,1,408.67,323.61,83.23,228.16,0.7615,-1,-1,-1
81,2,101.44,545.00,74.49,248.48,0.7278,-1,-1,-1
81,3,1174.38,961.88,90.27,118.12,0.7442,-1,-1,-1
81,4,1721.86,459.39,73.91,206.29,0.6201,-1,-1,-1
81,5,1356.61,571.93,84.19,217.19,0.5507,-1,-1,-1
81,6,13.87,724.39,73.99,233.74,0.7207,-1,-1,-1
81,13,374.90,879.39,125.19,200.63,0.7855,-1,-1,-1
81,16,492.09,204.33,78.46,195.59,0.5467,-1,-1,-1
81,12,989.24,191.14,59.74,182.90,0.6100,-1,-1,-1
82,1,410.55,323.36,82.51,226.94,0.7528,-1,-1,-1
82,2,101.55,545.64,73.96,247.26,0.7279,-1,-1,-1
82,3,1173.85,961.38,90.15,118.62,0.7317,-1,-1,-1
82,4,1721.73,459.41,74.04,206.52,0.6201,-1,-1,-1
82,5,1356.52,572.00,84.45,217.53,0.5451,-1,-1,-1
82,6,14.52,722.13,74.84,235.72,0.7266,-1,-1,-1
82,13,375.22,875.81,124.97,204.20,0.7833,-1,-1,-1
82,16,493.44,206.64,78.10,195.04,0.5545,-1,-1,-1
82,12,987.89,191.15,59.63,183.26,0.6095,-1,-1,-1
83,1,411.44,322.10,82.24,226.37,0.7641,-1,-1,-1
83,2,101.23,545.77,73.84,247.35,0.7278,-1,-1,-1
83,3,1173.24,961.54,89.54,118.46,0.7057,-1,-1,-1
83,4,1722.08,459.63,73.62,205.31,0.6159,-1,-1,-1
83,5,1356.51,571.53,84.95,218.65,0.5500,-1,-1,-1
83,6,15.04,720.48,75.34,237.27,0.7177,-1,-1,-1
83,13,376.43,873.24,124.18,206.77,0.7796,-1,-1,-1
83,16,494.26,207.32,78.13,194.99,0.5793,-1,-1,-1
83,12,986.50,191.54,59.32,182.78,0.5994,-1,-1,-1
84,1,412.48,320.45,81.90,226.02,0.7627,-1,-1,-1
84,2,101.44,545.91,73.71,247.36,0.7183,-1,-1,-1
84,3,1172.57,961.38,89.19,118.62,0.7224,-1,-1,-1
84,4,1721.96,459.57,73.82,205.69,0.5940,-1,-1,-1
84,5,1356.74,571.95,84.52,217.25,0.5437,-1,-1,-1
84,6,14.55,718.70,75.87,239.14,0.7199,-1,-1,-1
84,13,377.53,870.88,123.42,209.14,0.7700,-1,-1,-1
84,16,495.06,208.36,78.45,196.17,0.5983,-1,-1,-1
84,12,985.29,191.88,59.06,182.48,0.6085,-1,-1,-1
85,1,413.51,318.82,81.55,224.88,0.7575,-1,-1,-1
85,2,101.29,545.27,73.98,248.66,0.7187,-1,-1,-1
85,3,1172.18,961.34,88.72,118.66,0.7154,-1,-1,-1
85,4,1721.73,460.28,73.94,205.67,0.5994,-1,-1,-1
85,5,1356.63,572.63,85.78,220.56,0.4904,-1,-1,-1
85,6,15.91,717.58,76.22,240.14,0.7212,-1,-1,-1
85,13,378.63,868.86,122.55,211.16,0.7789,-1,-1,-1
85,16,495.70,209.31,78.09,195.37,0.5914,-1,-1,-1
85,12,983.32,191.01,59.65,184.40,0.5486,-1,-1,-1
86,1,414.80,317.55,80.77,222.38,0.7630,-1,-1,-1
86,2,101.72,545.83,73.69,247.71,0.7209,-1,-1,-1
86,3,1171.19,961.09,88.59,118.91,0.7081,-1,-1,-1
86,4,1721.80,458.32,74.94,208.57,0.6081,-1,-1,-1
86,5,1357.73,573.62,84.14,215.87,0.5336,-1,-1,-1
86,6,17.49,716.02,75.28,236.84,0.7461,-1,-1,-1
86,13,379.68,866.40,121.97,213.61,0.7884,-1,-1,-1
86,16,495.95,209.37,78.75,197.18,0.6102,-1,-1,-1
86,12,981.35,191.36,59.91,184.94,0.4825,-1,-1,-1
87,1,415.69,316.65,80.59,220.81,0.7753,-1,-1,-1
87,2,101.92,545.73,73.58,247.33,0.7339,-1,-1,-1
87,3,1170.79,960.69,88.35,119.31,0.7056,-1,-1,-1
87,4,1721.49,459.69,74.47,207.18,0.6337,-1,-1,-1
87,5,1357.39,573.75,83.97,215.38,0.5166,-1,-1,-1
87,6,19.51,713.98,73.02,228.93,0.7605,-1,-1,-1
87,13,380.82,864.39,121.30,215.62,0.7884,-1,-1,-1
87,16,496.60,210.04,78.60,196.24,0.6204,-1,-1,-1
87,12,980.24,191.80,59.41,182.25,0.4578,-1,-1,-1
88,1,415.99,315.50,80.79,220.11,0.7855,-1,-1,-1
88,2,102.04,546.13,73.39,246.58,0.7177,-1,-1,-1
88,3,1169.30,960.28,88.23,119.72,0.7422,-1,-1,-1
88,4,1721.16,460.06,74.32,206.57,0.6468,-1,-1,-1
88,5,1357.30,573.14,84.15,215.87,0.5495,-1,-1,-1
88,6,19.79,710.84,72.62,226.77,0.7287,-1,-1,-1
88,13,382.11,862.11,120.98,217.90,0.8054,-1,-1,-1
88,16,497.72,209.84,79.28,197.47,0.6166,-1,-1,-1
88,12,978.10,191.32,60.71,185.48,0.4209,-1,-1,-1
89,1,416.01,314.02,81.09,219.91,0.7766,-1,-1,-1
89,2,102.11,546.31,73.21,245.81,0.7233,-1,-1,-1
89,3,1168.27,959.83,87.84,120.11,0.7522,-1,-1,-1
89,4,1720.52,459.34,74.57,207.19,0.6361,-1,-1,-1
89,5,1357.07,573.63,84.69,217.39,0.5392,-1,-1,-1
89,6,19.85,706.58,73.14,227.23,0.7358,-1,-1,-1
89,13,383.37,860.96,119.95,219.05,0.8131,-1,-1,-1
89,16,498.58,208.89,80.18,198.99,0.6147,-1,-1,-1
89,12,976.96,192.92,60.95,185.20,0.4931,-1,-1,-1
90,1,416.39,312.61,81.44,220.12,0.7463,-1,-1,-1
90,2,102.09,546.59,73.13,245.31,0.7134,-1,-1,-1
90,3,1167.25,958.83,87.85,121.15,0.7640,-1,-1,-1
90,4,1720.43,459.42,74.45,206.84,0.6227,-1,-1,-1
90,5,1356.53,573.32,84.31,216.74,0.5371,-1,-1,-1
90,6,20.72,704.11,73.31,227.51,0.7339,-1,-1,-1
90,13,384.43,859.64,119.00,220.37,0.8173,-1,-1,-1
90,16,500.25,208.00,80.58,199.05,0.5991,-1,-1,-1
90,12,975.92,194.75,61.25,184.89,0.4124,-1,-1,-1
91,1,416.46,311.18,82.09,222.00,0.7442,-1,-1,-1
91,2,102.33,546.86,73.04,244.80,0.7042,-1,-1,-1
91,3,1165.97,957.64,87.94,122.35,0.7737,-1,-1,-1
91,4,1720.31,460.03,74.41,206.66,0.6289,-1,-1,-1
91,5,1356.17,572.42,85.04,219.06,0.5257,-1,-1,-1
91,6,21.55,701.17,73.19,226.93,0.7229,-1,-1,-1
91,13,384.92,857.64,118.59,222.37,0.8023,-1,-1,-1
91,16,501.07,208.50,80.48,199.24,0.5637,-1,-1,-1
91,12,974.90,193.94,61.24,184.26,0.3692,-1,-1,-1
92,1,416.75,310.63,82.52,223.24,0.7394,-1,-1,-1
92,2,102.33,546.77,73.10,244.91,0.7011,-1,-1,-1
92,3,1164.99,956.98,87.52,123.01,0.7608,-1,-1,-1
92,4,1720.62,460.02,74.45,206.78,0.6310,-1,-1,-1
92,5,1356.64,572.36,84.15,216.97,0.5328,-1,-1,-1
92,6,21.77,697.41,73.55,228.62,0.7176,-1,-1,-1
92,13,384.99,854.59,118.51,225.42,0.7953,-1,-1,-1
92,16,500.91,211.26,79.49,196.60,0.5911,-1,-1,-1
92,12,973.48,195.37,61.16,183.38,0.3984,-1,-1,-1
93,1,416.98,309.71,82.88,224.41,0.7306,-1,-1,-1
93,2,102.22,546.99,73.03,244.73,0.6920,-1,-1,-1
93,3,1164.04,956.62,86.88,123.38,0.7792,-1,-1,-1
93,4,1720.78,460.03,74.39,206.50,0.6208,-1,-1,-1
93,5,1356.47,572.06,83.91,216.64,0.5182,-1,-1,-1
93,6,22.80,697.23,72.68,226.31,0.7093,-1,-1,-1
93,13,385.75,851.35,118.53,228.65,0.8024,-1,-1,-1
93,16,501.15,209.98,79.93,198.04,0.5532,-1,-1,-1
93,12,972.65,195.45,61.87,185.62,0.3527,-1,-1,-1
94,1,417.05,309.02,82.97,224.82,0.7310,-1,-1,-1
94,2,102.37,547.13,73.04,244.56,0.6883,-1,-1,-1
94,3,1162.72,955.70,86.50,124.30,0.7913,-1,-1,-1
94,4,1721.27,460.16,74.51,206.88,0.6233,-1,-1,-1
94,5,1356.56,572.30,84.02,217.09,0.4741,-1,-1,-1
94,6,23.16,696.61,72.15,225.05,0.7143,-1,-1,-1
94,13,386.50,848.97,118.14,231.04,0.7916,-1,-1,-1
94,16,500.67,210.86,79.99,198.85,0.5256,-1,-1,-1
94,12,971.79,196.76,62.00,186.04,0.3334,-1,-1,-1
95,1,416.55,307.97,83.42,226.26,0.7427,-1,-1,-1
95,2,102.31,547.16,73.05,244.33,0.6853,-1,-1,-1
95,3,1161.27,954.15,86.61,125.85,0.7874,-1,-1,-1
95,4,1721.26,460.09,74.40,206.93,0.6117,-1,-1,-1
95,5,1356.65,573.30,83.77,216.49,0.4456,-1,-1,-1
95,6,23.88,695.79,72.03,225.73,0.7151,-1,-1,-1
95,13,386.60,844.62,118.48,235.38,0.7974,-1,-1,-1
95,16,501.57,212.67,79.76,199.22,0.4969,-1,-1,-1
95,12,970.56,197.32,62.49,187.85,0.3203,-1,-1,-1
96,1,417.55,307.18,83.68,226.88,0.7600,-1,-1,-1
96,2,102.15,547.01,73.01,243.98,0.6778,-1,-1,-1
96,3,1159.99,953.28,86.13,126.72,0.7955,-1,-1,-1
96,4,1721.24,459.36,74.37,207.04,0.6219,-1,-1,-1
96,5,1356.49,573.37,84.98,219.89,0.4978,-1,-1,-1
96,6,24.17,694.01,72.33,228.14,0.7193,-1,-1,-1
96,13,386.71,841.59,118.15,238.42,0.8076,-1,-1,-1
96,16,504.94,212.24,80.88,202.77,0.5504,-1,-1,-1
96,12,968.17,199.09,62.87,189.61,0.4080,-1,-1,-1
97,1,417.49,306.59,83.78,227.32,0.7582,-1,-1,-1
97,2,102.07,547.02,73.20,244.58,0.6833,-1,-1,-1
97,3,1158.21,951.85,85.91,128.15,0.7830,-1,-1,-1
97,4,1721.46,459.42,74.51,207.55,0.6386,-1,-1,-1
97,5,1355.99,572.75,85.26,221.07,0.5215,-1,-1,-1
97,6,24.21,692.87,72.14,228.54,0.7185,-1,-1,-1
97,13,386.74,840.47,116.78,239.53,0.8020,-1,-1,-1
97,16,506.62,213.26,80.77,204.10,0.5288,-1,-1,-1
97,12,965.97,199.49,63.02,190.70,0.3787,-1,-1,-1
98,1,417.66,305.29,84.11,228.70,0.7627,-1,-1,-1
98,2,101.93,546.86,73.24,244.65,0.6731,-1,-1,-1
98,3,1156.33,949.87,86.16,130.13,0.7766,-1,-1,-1
98,4,1721.21,456.87,75.33,210.40,0.6372,-1,-1,-1
98,5,1356.09,573.07,84.29,219.13,0.5183,-1,-1,-1
98,6,24.49,692.25,71.97,229.03,0.7197,-1,-1,-1
98,13,386.41,838.69,115.71,241.31,0.8025,-1,-1,-1
98,16,507.68,214.18,80.24,204.64,0.5613,-1,-1,-1
98,12,964.34,199.86,62.92,190.56,0.4792,-1,-1,-1
99,1,418.19,304.84,84.10,228.86,0.7623,-1,-1,-1
99,2,101.80,546.58,73.36,245.01,0.6740,-1,-1,-1
99,3,1154.66,947.24,86.80,132.76,0.7661,-1,-1,-1
99,4,1721.60,458.49,74.73,208.98,0.6248,-1,-1,-1
99,5,1356.74,573.45,82.71,215.02,0.5439,-1,-1,-1
99,6,25.22,691.61,71.70,228.99,0.7220,-1,-1,-1
99,13,385.86,834.73,115.62,245.27,0.8040,-1,-1,-1
99,16,508.66,214.61,79.38,204.72,0.5247,-1,-1,-1
99,12,962.50,200.43,62.67,190.12,0.4278,-1,-1,-1
100,1,419.00,303.44,84.14,229.32,0.7518,-1,-1,-1
100,2,101.47,545.57,73.95,247.44,0.6635,-1,-1,-1
100,3,1153.30,946.14,86.30,133.86,0.7549,-1,-1,-1
100,4,1721.61,459.14,74.43,208.29,0.6092,-1,-1,-1
100,5,1356.77,573.98,82.49,214.48,0.5219,-1,-1,-1
100,6,25.83,690.06,71.75,229.66,0.7321,-1,-1,-1
100,13,385.18,831.94,115.05,248.06,0.7951,-1,-1,-1
100,16,507.89,214.20,79.15,206.50,0.4418,-1,-1,-1
100,12,960.89,201.40,62.14,188.94,0.4511,-1,-1,-1
101,1,419.54,302.31,84.17,229.58,0.7660,-1,-1,-1
101,2,101.56,545.17,74.09,248.29,0.6691,-1,-1,-1
101,3,1152.02,945.38,85.40,134.16,0.7602,-1,-1,-1
101,4,1721.67,459.55,74.33,208.04,0.6193,-1,-1,-1
101,5,1356.79,574.38,82.49,214.51,0.5131,-1,-1,-1
101,6,27.37,688.00,70.93,227.33,0.7360,-1,-1,-1
101,13,384.26,830.02,114.24,249.98,0.7904,-1,-1,-1
101,16,508.50,216.22,78.76,207.38,0.5113,-1,-1,-1
101,12,959.97,202.05,60.92,185.28,0.4394,-1,-1,-1
102,1,419.99,300.39,84.09,229.81,0.7644,-1,-1,-1
102,2,101.84,544.79,74.12,248.66,0.6745,-1,-1,-1
102,3,1150.61,944.13,84.59,134.80,0.7409,-1,-1,-1
102,4,1721.71,459.93,74.04,207.37,0.6224,-1,-1,-1
102,5,1356.57,574.36,83.12,216.41,0.5021,-1,-1,-1
102,6,28.24,685.51,70.18,224.79,0.7533,-1,-1,-1
102,13,383.39,827.25,113.97,252.75,0.7981,-1,-1,-1
102,16,509.31,217.25,78.23,207.59,0.5148,-1,-1,-1
102,12,957.82,203.22,60.54,183.98,0.4930,-1,-1,-1
103,1,420.21,299.15,83.56,228.54,0.7478,-1,-1,-1
103,2,101.86,544.69,74.15,249.15,0.6718,-1,-1,-1
103,3,1148.60,941.72,84.61,136.99,0.7410,-1,-1,-1
103,4,1721.50,459.93,73.91,206.80,0.6110,-1,-1,-1
103,5,1356.84,574.02,83.56,217.78,0.4881,-1,-1,-1
103,6,30.37,684.16,69.02,220.92,0.7641,-1,-1,-1
103,13,382.59,825.36,113.53,254.64,0.7944,-1,-1,-1
103,16,509.33,216.99,78.54,209.64,0.5130,-1,-1,-1
103,12,954.98,201.54,60.81,184.74,0.4965,-1,-1,-1
104,1,420.76,298.92,82.45,225.66,0.7410,-1,-1,-1
104,2,102.01,544.15,74.25,249.98,0.6567,-1,-1,-1
104,3,1146.37,941.28,83.57,137.41,0.7273,-1,-1,-1
104,4,1721.36,459.41,73.82,206.80,0.6162,-1,-1,-1
104,5,1356.88,574.27,83.84,218.71,0.4486,-1,-1,-1
104,6,32.00,682.18,68.68,220.02,0.7643,-1,-1,-1
104,13,381.60,822.78,113.48,257.22,0.8052,-1,-1,-1
104,16,511.15,216.86,78.51,209.97,0.5278,-1,-1,-1
104,12,952.90,201.65,60.84,184.83,0.4648,-1,-1,-1
105,1,421.49,298.14,80.99,220.99,0.7366,-1,-1,-1
105,2,102.24,544.28,74.12,249.85,0.6829,-1,-1,-1
105,3,1144.76,940.48,82.44,137.78,0.7222,-1,-1,-1
105,4,1721.42,458.97,73.95,206.95,0.6148,-1,-1,-1
105,5,1356.59,574.26,85.75,224.01,0.4627,-1,-1,-1
105,6,34.14,680.91,68.93,221.26,0.7763,-1,-1,-1
105,13,381.26,821.03,113.12,258.97,0.8103,-1,-1,-1
105,16,512.76,220.25,76.88,206.38,0.5061,-1,-1,-1
105,12,950.49,201.25,61.30,186.56,0.4982,-1,-1,-1
106,1,422.33,297.02,79.80,217.04,0.7385,-1,-1,-1
106,2,102.61,545.36,73.80,248.92,0.6617,-1,-1,-1
106,3,1143.43,939.71,81.70,138.82,0.7098,-1,-1,-1
106,4,1721.35,459.55,73.89,206.77,0.6220,-1,-1,-1
106,5,1356.53,574.41,84.29,220.58,0.4964,-1,-1,-1
106,6,36.07,679.68,69.37,222.17,0.7827,-1,-1,-1
106,13,380.51,819.04,112.90,260.96,0.8043,-1,-1,-1
106,16,512.90,220.14,76.42,205.91,0.4992,-1,-1,-1
106,12,948.52,201.44,61.09,186.36,0.5160,-1,-1,-1
107,1,422.19,295.77,79.57,215.79,0.7489,-1,-1,-1
107,2,102.88,545.95,73.78,249.01,0.6631,-1,-1,-1
107,3,1142.07,938.39,81.43,140.29,0.7247,-1,-1,-1
107,4,1721.22,459.60,73.94,206.78,0.6308,-1,-1,-1
107,5,1356.59,574.39,85.09,222.77,0.4665,-1,-1,-1
107,6,38.50,678.81,70.09,222.23,0.7871,-1,-1,-1
107,13,380.09,817.60,112.35,262.40,0.8076,-1,-1,-1
107,16,513.20,223.00,75.09,202.96,0.5120,-1,-1,-1
107,12,947.73,203.76,60.88,186.53,0.5247,-1,-1,-1
108,1,422.00,294.42,79.86,216.04,0.7383,-1,-1,-1
108,2,102.87,545.92,74.09,250.20,0.6416,-1,-1,-1
108,3,1140.82,937.83,80.62,140.59,0.7298,-1,-1,-1
108,4,1721.03,459.26,74.06,207.04,0.6401,-1,-1,-1
108,5,1356.98,574.99,84.88,221.99,0.4991,-1,-1,-1
108,6,40.82,677.02,71.65,224.10,0.8082,-1,-1,-1
108,13,380.02,816.02,111.83,263.98,0.8065,-1,-1,-1
108,16,512.88,223.88,74.18,202.33,0.4524,-1,-1,-1
108,12,945.66,205.15,61.44,188.65,0.5481,-1,-1,-1
109,1,421.49,293.79,80.24,216.05,0.7413,-1,-1,-1
109,2,102.62,545.63,74.32,251.34,0.6548,-1,-1,-1
109,3,1139.12,937.00,80.42,141.94,0.7533,-1,-1,-1
109,4,1721.32,458.84,73.78,206.52,0.6151,-1,-1,-1
109,5,1356.74,575.48,83.42,218.14,0.5245,-1,-1,-1
109,6,41.39,676.01,72.57,225.08,0.8145,-1,-1,-1
109,13,379.44,811.95,112.20,268.05,0.8131,-1,-1,-1
109,16,513.14,225.17,73.14,201.15,0.4467,-1,-1,-1
109,12,944.39,204.97,61.16,188.41,0.6071,-1,-1,-1
110,1,421.10,291.82,81.22,217.83,0.7467,-1,-1,-1
110,2,102.37,545.12,74.90,253.85,0.6552,-1,-1,-1
110,3,1137.10,936.59,80.17,142.87,0.7566,-1,-1,-1
110,4,1721.23,459.25,74.07,207.48,0.6224,-1,-1,-1
110,5,1357.00,576.07,83.50,218.10,0.5024,-1,-1,-1
110,6,44.81,673.83,74.39,225.98,0.7994,-1,-1,-1
110,13,378.98,806.87,112.73,273.13,0.8169,-1,-1,-1
110,16,511.62,227.16,71.58,198.88,0.4354,-1,-1,-1
110,12,943.23,205.85,60.48,187.25,0.6181,-1,-1,-1
111,1,420.99,289.43,82.52,220.83,0.7341,-1,-1,-1
111,2,102.03,544.83,75.07,255.06,0.6583,-1,-1,-1
111,3,1135.09,935.90,80.04,143.93,0.7606,-1,-1,-1
111,4,1721.20,457.13,74.68,209.67,0.5936,-1,-1,-1
111,5,1356.95,575.99,82.12,214.46,0.5081,-1,-1,-1
111,6,47.74,671.72,76.00,226.16,0.7702,-1,-1,-1
111,13,379.51,802.33,112.91,277.67,0.8207,-1,-1,-1
111,16,515.38,227.80,71.83,199.07,0.5173,-1,-1,-1
111,12,941.97,206.84,60.34,187.11,0.6484,-1,-1,-1
112,1,420.31,287.95,83.22,222.32,0.7348,-1,-1,-1
112,2,102.07,544.74,74.86,255.15,0.6414,-1,-1,-1
112,3,1134.04,934.81,79.92,145.16,0.7561,-1,-1,-1
112,4,1721.35,456.62,74.84,210.45,0.6127,-1,-1,-1
112,5,1357.24,575.38,81.36,212.45,0.5605,-1,-1,-1
112,6,49.77,670.29,77.29,226.05,0.7174,-1,-1,-1
112,13,380.70,799.73,111.30,277.52,0.8148,-1,-1,-1
112,16,517.70,230.46,71.76,198.21,0.5553,-1,-1,-1
112,12,940.54,208.92,59.88,185.76,0.6367,-1,-1,-1
113,1,420.64,287.00,83.80,223.56,0.7437,-1,-1,-1
113,2,102.63,545.32,74.05,252.98,0.6696,-1,-1,-1
113,3,1132.22,934.24,79.66,145.77,0.7561,-1,-1,-1
113,4,1721.80,459.03,73.74,207.13,0.6321,-1,-1,-1
113,5,1357.04,575.41,82.49,215.24,0.5355,-1,-1,-1
113,6,48.81,669.82,77.32,225.36,0.6615,-1,-1,-1
113,13,381.89,797.41,108.81,274.42,0.8059,-1,-1,-1
113,16,518.65,232.88,71.88,198.11,0.5480,-1,-1,-1
113,12,939.39,209.99,59.59,185.38,0.6518,-1,-1,-1
114,1,421.04,286.06,84.08,223.38,0.7351,-1,-1,-1
114,2,102.90,545.42,73.60,251.90,0.6596,-1,-1,-1
114,3,1130.24,933.43,79.47,146.60,0.7547,-1,-1,-1
114,4,1721.39,457.19,74.48,209.59,0.6197,-1,-1,-1
114,5,1356.84,575.36,82.41,215.18,0.5363,-1,-1,-1
114,6,50.40,668.10,77.94,225.95,0.6566,-1,-1,-1
114,13,383.25,794.28,106.95,272.52,0.8079,-1,-1,-1
114,16,519.92,234.92,72.74,200.17,0.5681,-1,-1,-1
114,12,937.01,209.91,59.54,185.54,0.6028,-1,-1,-1
115,1,421.43,286.19,84.16,222.78,0.7587,-1,-1,-1
115,2,102.84,545.36,73.62,252.84,0.6313,-1,-1,-1
115,3,1127.76,933.47,79.12,146.56,0.7633,-1,-1,-1
115,4,1721.38,456.87,74.76,210.48,0.6517,-1,-1,-1
115,5,1357.22,575.05,82.17,214.30,0.5490,-1,-1,-1
115,6,53.95,666.10,78.57,226.94,0.6841,-1,-1,-1
115,13,384.91,790.93,105.66,271.10,0.8049,-1,-1,-1
115,16,521.81,236.39,73.22,201.03,0.6077,-1,-1,-1
115,12,936.11,210.56,58.97,184.33,0.6124,-1,-1,-1
116,1,420.92,285.47,84.66,223.43,0.7554,-1,-1,-1
116,2,102.85,546.10,72.42,249.11,0.5932,-1,-1,-1
116,3,1125.35,933.80,78.60,146.19,0.7660,-1,-1,-1
116,4,1721.71,459.33,73.85,207.78,0.6297,-1,-1,-1
116,5,1356.78,574.97,83.18,216.87,0.5442,-1,-1,-1
116,6,58.22,664.72,77.13,222.88,0.6925,-1,-1,-1
116,13,386.53,788.22,105.48,272.48,0.8108,-1,-1,-1
116,16,521.08,236.10,73.79,202.46,0.5904,-1,-1,-1
116,12,934.88,211.11,58.54,182.92,0.5616,-1,-1,-1
117,1,420.81,285.01,84.99,223.80,0.7546,-1,-1,-1
117,2,103.02,545.98,71.53,246.17,0.5549,-1,-1,-1
117,3,1123.35,933.91,78.13,145.68,0.7593,-1,-1,-1
117,4,1721.64,459.56,73.65,207.01,0.6431,-1,-1,-1
117,5,1356.24,575.66,84.40,220.08,0.5567,-1,-1,-1
117,6,64.99,664.32,75.43,218.35,0.7182,-1,-1,-1
117,13,387.44,786.55,105.05,272.66,0.8087,-1,-1,-1
117,16,520.79,236.50,74.08,203.29,0.5523,-1,-1,-1
117,12,933.62,211.14,57.84,181.18,0.5329,-1,-1,-1
118,1,421.02,284.64,85.05,223.83,0.7446,-1,-1,-1
118,2,101.24,545.36,71.96,246.43,0.5335,-1,-1,-1
118,3,1121.03,933.89,78.19,145.82,0.7776,-1,-1,-1
118,4,1721.68,459.81,73.55,206.62,0.6523,-1,-1,-1
118,5,1356.92,575.97,83.00,216.02,0.5140,-1,-1,-1
118,6,70.09,665.49,73.47,213.28,0.6107,-1,-1,-1
118,13,387.90,784.82,105.61,275.31,0.7998,-1,-1,-1
118,16,520.12,235.97,75.02,206.18,0.5837,-1,-1,-1
118,12,930.89,211.43,58.41,182.77,0.5609,-1,-1,-1
119,1,420.94,284.35,85.06,223.78,0.7466,-1,-1,-1
119,2,99.91,546.03,73.87,252.78,0.5138,-1,-1,-1
119,3,1118.17,933.94,78.28,145.97,0.7949,-1,-1,-1
119,4,1721.42,459.68,73.75,206.76,0.6540,-1,-1,-1
119,5,1356.77,575.83,83.41,217.20,0.4828,-1,-1,-1
119,6,75.91,667.82,72.24,209.58,0.5400,-1,-1,-1
119,13,389.52,783.48,105.10,275.22,0.8012,-1,-1,-1
119,16,519.46,237.13,75.07,207.07,0.6031,-1,-1,-1
119,12,929.31,210.95,58.78,184.97,0.5357,-1,-1,-1
120,1,420.87,283.84,85.22,224.34,0.7468,-1,-1,-1
120,2,99.31,545.64,74.76,255.87,0.5082,-1,-1,-1
120,3,1114.82,933.52,78.57,146.46,0.7978,-1,-1,-1
120,4,1721.41,459.85,73.90,206.86,0.6276,-1,-1,-1
120,5,1357.04,576.99,82.17,213.51,0.4812,-1,-1,-1
120,6,80.22,666.54,71.37,207.76,0.5924,-1,-1,-1
120,13,390.43,782.27,104.73,275.35,0.8033,-1,-1,-1
120,16,520.02,239.89,73.73,203.96,0.5786,-1,-1,-1
120,12,927.99,211.22,58.90,186.11,0.5363,-1,-1,-1
121,1,420.62,282.24,85.32,225.02,0.7512,-1,-1,-1
121,2,100.59,544.93,72.99,248.95,0.4923,-1,-1,-1
121,3,1111.30,932.85,79.04,147.16,0.7761,-1,-1,-1
121,4,1721.19,457.08,74.84,209.92,0.6353,-1,-1,-1
121,5,1356.89,576.32,82.04,213.00,0.5522,-1,-1,-1
121,6,81.80,664.45,72.18,210.10,0.6927,-1,-1,-1
121,13,390.90,780.19,104.81,276.63,0.8022,-1,-1,-1
121,16,520.15,242.34,72.16,200.83,0.5770,-1,-1,-1
121,12,926.22,211.41,58.95,186.71,0.4909,-1,-1,-1
122,1,420.95,281.25,84.86,223.94,0.7521,-1,-1,-1
122,2,104.53,546.04,65.94,221.54,0.4591,-1,-1,-1
122,3,1107.56,932.38,79.42,147.63,0.7837,-1,-1,-1
122,4,1721.12,458.80,74.34,208.00,0.6479,-1,-1,-1
122,5,1356.94,576.19,83.09,215.55,0.4780,-1,-1,-1
122,6,85.07,661.83,73.31,212.53,0.6641,-1,-1,-1
122,13,391.19,779.26,104.71,277.10,0.7995,-1,-1,-1
122,16,519.29,242.77,71.33,199.92,0.5996,-1,-1,-1
122,12,924.68,211.43,58.74,187.03,0.4256,-1,-1,-1
123,1,421.66,280.30,83.94,221.70,0.7330,-1,-1,-1
123,2,106.03,546.21,63.52,210.55,0.4804,-1,-1,-1
123,3,1104.69,931.63,79.63,148.08,0.7825,-1,-1,-1
123,4,1721.33,458.89,74.43,207.91,0.6469,-1,-1,-1
123,5,1357.27,576.42,82.48,213.45,0.5540,-1,-1,-1
123,6,86.48,659.50,74.07,213.97,0.6610,-1,-1,-1
123,13,391.25,778.01,104.53,277.24,0.7933,-1,-1,-1
123,16,519.82,244.46,70.10,197.48,0.5734,-1,-1,-1
123,12,923.81,210.32,58.88,188.49,0.4608,-1,-1,-1
124,1,422.18,279.13,82.83,218.72,0.7284,-1,-1,-1
124,2,105.33,545.37,64.63,212.26,0.3543,-1,-1,-1
124,3,1101.14,930.29,80.17,149.22,0.7832,-1,-1,-1
124,4,1721.32,459.38,74.27,207.12,0.6137,-1,-1,-1
124,5,1357.15,576.38,82.83,214.22,0.5143,-1,-1,-1
124,6,89.96,657.20,74.40,216.15,0.5096,-1,-1,-1
124,13,392.60,777.41,103.69,275.12,0.7934,-1,-1,-1
124,16,521.50,245.02,70.04,197.53,0.5242,-1,-1,-1
124,12,921.99,210.16,58.75,188.64,0.4639,-1,-1,-1
125,1,422.92,278.29,81.49,214.96,0.7079,-1,-1,-1
125,2,105.39,545.24,64.53,209.89,0.3387,-1,-1,-1
125,3,1097.51,929.73,80.54,150.00,0.7885,-1,-1,-1
125,4,1721.00,458.45,74.67,208.29,0.6329,-1,-1,-1
125,5,1357.09,576.01,83.01,214.71,0.4869,-1,-1,-1
125,6,92.68,654.05,74.45,219.36,0.4099,-1,-1,-1
125,13,392.49,775.18,103.84,276.11,0.7895,-1,-1,-1
125,16,522.38,247.10,68.29,192.68,0.5251,-1,-1,-1
125,12,920.02,210.45,58.56,188.82,0.4718,-1,-1,-1
126,1,422.61,277.40,81.19,213.79,0.7058,-1,-1,-1
126,2,109.33,544.04,56.60,177.40,0.3044,-1,-1,-1
126,3,1094.13,929.11,80.82,150.49,0.8040,-1,-1,-1
126,4,1720.61,458.49,74.82,208.70,0.6346,-1,-1,-1
126,5,1357.41,575.97,82.39,213.13,0.5259,-1,-1,-1
126,13,391.47,771.11,104.09,278.33,0.8007,-1,-1,-1
126,16,522.95,248.57,68.02,191.99,0.5492,-1,-1,-1
126,12,917.92,210.93,58.16,189.13,0.4829,-1,-1,-1
127,1,422.62,276.82,80.96,213.33,0.6877,-1,-1,-1
127,3,1091.22,928.89,81.22,150.97,0.8076,-1,-1,-1
127,4,1720.96,458.87,74.57,207.88,0.6575,-1,-1,-1
127,5,1357.55,576.47,82.51,213.41,0.5202,-1,-1,-1
127,13,391.30,766.65,103.04,277.39,0.7937,-1,-1,-1
127,16,523.83,251.32,67.12,189.36,0.5626,-1,-1,-1
127,12,916.48,210.93,57.75,189.22,0.4226,-1,-1,-1
128,1,422.34,276.28,80.74,212.95,0.6688,-1,-1,-1
128,3,1087.88,928.19,81.50,151.52,0.7922,-1,-1,-1
128,4,1721.27,459.12,74.47,207.30,0.6282,-1,-1,-1
128,5,1357.32,576.66,82.87,214.39,0.5055,-1,-1,-1
128,13,391.41,762.02,102.36,276.76,0.7918,-1,-1,-1
128,16,524.26,253.92,66.67,188.45,0.5367,-1,-1,-1
128,12,913.79,211.98,57.62,189.62,0.4353,-1,-1,-1
129,1,419.86,275.61,81.50,215.24,0.6899,-1,-1,-1
129,3,1085.32,927.64,81.61,151.87,0.7887,-1,-1,-1
129,4,1721.16,458.59,74.33,206.71,0.6354,-1,-1,-1
129,5,1360.29,576.06,83.96,219.06,0.4777,-1,-1,-1
129,13,392.82,757.33,100.43,272.92,0.7937,-1,-1,-1
129,16,524.07,255.27,67.10,190.74,0.5923,-1,-1,-1
129,12,911.59,212.91,57.13,188.11,0.4731,-1,-1,-1
130,1,418.69,274.20,82.15,217.36,0.7042,-1,-1,-1
130,3,1082.22,926.95,81.86,152.30,0.7803,-1,-1,-1
130,4,1721.24,458.43,74.57,207.45,0.6125,-1,-1,-1
130,5,1359.38,575.70,83.64,218.27,0.4890,-1,-1,-1
130,13,394.54,754.36,97.99,267.37,0.7504,-1,-1,-1
130,16,524.48,257.35,66.99,192.22,0.5550,-1,-1,-1
130,12,907.98,214.06,57.45,187.07,0.4832,-1,-1,-1
130,2,100.90,543.11,75.27,238.27,0.5555,-1,-1,-1
131,1,418.83,273.02,82.29,218.50,0.6626,-1,-1,-1
131,3,1080.11,926.72,81.48,151.74,0.7587,-1,-1,-1
131,4,1721.24,458.87,74.44,207.16,0.6176,-1,-1,-1
131,5,1360.08,576.44,82.57,215.67,0.5041,-1,-1,-1
131,13,394.67,752.09,96.58,264.41,0.7422,-1,-1,-1
131,16,524.45,257.81,68.00,197.54,0.5050,-1,-1,-1
131,12,904.60,214.27,58.00,186.63,0.4995,-1,-1,-1
131,2,100.36,542.32,76.78,245.06,0.6451,-1,-1,-1
132,1,418.57,272.76,82.37,219.10,0.6495,-1,-1,-1
132,3,1078.94,927.13,81.17,151.19,0.7711,-1,-1,-1
132,4,1721.28,459.16,74.39,207.04,0.6174,-1,-1,-1
132,5,1359.46,576.27,82.37,215.34,0.5141,-1,-1,-1
132,13,393.18,749.84,96.58,265.14,0.7529,-1,-1,-1
132,16,525.59,254.68,69.12,203.07,0.5009,-1,-1,-1
132,12,903.42,213.51,59.09,187.43,0.4835,-1,-1,-1
132,2,100.41,542.86,77.50,248.61,0.5842,-1,-1,-1
133,1,418.14,271.96,82.45,219.61,0.6420,-1,-1,-1
133,3,1077.46,927.34,81.10,151.10,0.7793,-1,-1,-1
133,4,1721.13,458.89,74.33,206.75,0.6036,-1,-1,-1
133,5,1358.91,576.63,82.18,214.33,0.4921,-1,-1,-1
133,13,391.48,748.38,96.73,265.17,0.7542,-1,-1,-1
133,16,526.32,253.77,69.20,206.12,0.5161,-1,-1,-1
133,12,902.54,211.58,60.73,190.54,0.4768,-1,-1,-1
133,2,100.69,543.32,77.54,249.45,0.5375,-1,-1,-1
134,1,417.84,272.38,82.13,218.92,0.6426,-1,-1,-1
134,3,1075.21,927.09,80.80,150.92,0.7850,-1,-1,-1
134,4,1721.03,459.40,74.34,206.87,0.5937,-1,-1,-1
134,5,1358.82,575.99,82.90,216.11,0.4819,-1,-1,-1
134,13,390.18,747.35,97.03,265.52,0.7698,-1,-1,-1
134,16,526.78,255.17,67.60,204.49,0.5157,-1,-1,-1
134,12,901.23,211.81,61.22,190.33,0.4615,-1,-1,-1
134,2,102.26,543.94,75.60,242.02,0.5149,-1,-1,-1
135,1,416.72,271.33,82.37,219.22,0.6417,-1,-1,-1
135,3,1073.53,926.50,80.93,151.55,0.7817,-1,-1,-1
135,4,1720.61,458.74,74.61,207.48,0.5994,-1,-1,-1
135,5,1358.63,575.94,83.32,216.95,0.5092,-1,-1,-1
135,13,389.34,745.44,97.75,267.44,0.7788,-1,-1,-1
135,16,526.64,258.07,66.43,203.60,0.5556,-1,-1,-1
135,12,900.40,211.15,61.95,191.27,0.4350,-1,-1,-1
135,2,102.03,542.49,76.45,243.96,0.6190,-1,-1,-1
136,1,416.80,270.73,82.13,218.76,0.6724,-1,-1,-1
136,3,1071.63,926.61,80.29,150.98,0.7888,-1,-1,-1
136,4,1720.86,458.78,74.74,207.98,0.6121,-1,-1,-1
136,5,1360.43,576.64,84.24,219.78,0.4843,-1,-1,-1
136,13,387.69,744.56,98.33,268.00,0.7918,-1,-1,-1
136,16,526.48,258.84,65.44,203.13,0.5589,-1,-1,-1
136,12,898.67,211.85,61.70,189.94,0.4134,-1,-1,-1
136,2,101.69,542.92,76.00,242.42,0.6223,-1,-1,-1
137,1,416.14,269.21,82.26,219.09,0.6636,-1,-1,-1
137,3,1070.01,926.99,79.67,150.26,0.7951,-1,-1,-1
137,4,1720.97,457.82,74.98,208.71,0.6079,-1,-1,-1
137,5,1362.65,577.39,83.54,219.22,0.4571,-1,-1,-1
137,13,386.29,744.07,98.79,268.19,0.7897,-1,-1,-1
137,16,527.19,256.95,64.99,204.73,0.5878,-1,-1,-1
137,12,896.40,211.24,61.98,191.11,0.4159,-1,-1,-1
137,2,100.38,543.84,75.00,240.20,0.5724,-1,-1,-1
137,17,1043.57,139.18,92.25,171.40,0.5818,-1,-1,-1
138,1,415.87,267.90,82.32,219.37,0.6922,-1,-1,-1
138,3,1068.48,927.35,79.18,149.87,0.7898,-1,-1,-1
138,4,1720.93,457.75,75.07,209.03,0.6051,-1,-1,-1
138,5,1362.94,577.21,83.86,221.29,0.4475,-1,-1,-1
138,13,385.30,743.90,99.10,267.87,0.7893,-1,-1,-1
138,16,528.04,256.47,63.69,203.61,0.5918,-1,-1,-1
138,12,893.63,211.95,58.97,183.11,0.4602,-1,-1,-1
138,2,99.23,544.44,74.01,239.19,0.5974,-1,-1,-1
138,17,1041.82,140.31,91.67,170.21,0.6013,-1,-1,-1
139,1,415.17,266.33,82.57,220.46,0.6406,-1,-1,-1
139,3,1067.08,927.29,78.66,149.42,0.7876,-1,-1,-1
139,4,1720.81,457.72,75.14,209.17,0.6233,-1,-1,-1
139,5,1362.03,576.60,84.61,223.47,0.4683,-1,-1,-1
139,13,384.53,743.72,99.22,267.23,0.7959,-1,-1,-1
139,16,528.75,258.44,62.27,201.44,0.5747,-1,-1,-1
139,12,892.26,210.61,60.50,188.31,0.5239,-1,-1,-1
139,2,98.74,544.75,73.55,239.82,0.6166,-1,-1,-1
139,17,1040.93,140.68,91.95,170.72,0.5912,-1,-1,-1
140,1,416.07,266.86,81.51,218.11,0.6140,-1,-1,-1
140,3,1065.53,926.60,78.52,149.61,0.7917,-1,-1,-1
140,4,1720.88,458.14,75.06,208.87,0.6352,-1,-1,-1
140,5,1360.84,576.89,82.43,216.78,0.5493,-1,-1,-1
140,13,384.69,741.74,99.46,267.24,0.7963,-1,-1,-1
140,16,529.03,258.40,61.98,202.50,0.6024,-1,-1,-1
140,12,888.04,210.26,58.63,184.24,0.4706,-1,-1,-1
140,2,98.50,544.78,73.03,240.66,0.6185,-1,-1,-1
140,17,1039.71,140.88,92.10,171.06,0.5768,-1,-1,-1
141,1,416.02,265.40,81.07,217.25,0.6318,-1,-1,-1
141,3,1063.33,925.43,78.88,150.97,0.7871,-1,-1,-1
141,4,1721.08,458.25,74.86,208.27,0.6219,-1,-1,-1
141,5,1359.78,575.99,82.76,216.69,0.4985,-1,-1,-1
141,13,384.76,739.64,99.52,267.30,0.7963,-1,-1,-1
141,16,529.22,258.31,61.32,202.19,0.6032,-1,-1,-1
141,12,884.73,209.74,58.89,186.47,0.5441,-1,-1,-1
141,2,99.01,545.24,72.65,241.61,0.6445,-1,-1,-1
141,17,1039.32,140.59,91.51,170.43,0.5570,-1,-1,-1
141,6,152.08,629.05,74.36,208.19,0.5908,-1,-1,-1
142,1,415.97,264.34,80.66,216.74,0.6327,-1,-1,-1
142,3,1061.73,924.79,78.90,152.27,0.7774,-1,-1,-1
142,4,1721.48,458.86,74.59,207.36,0.6235,-1,-1,-1
142,5,1359.13,575.87,83.48,217.63,0.4819,-1,-1,-1
142,13,385.30,737.43,99.43,267.93,0.7917,-1,-1,-1
142,16,529.31,257.65,61.00,202.92,0.5994,-1,-1,-1
142,12,881.57,208.75,58.64,187.04,0.5159,-1,-1,-1
142,2,100.06,545.48,72.36,242.66,0.6580,-1,-1,-1
142,17,1038.14,140.65,90.71,169.35,0.5949,-1,-1,-1
142,6,153.75,628.54,75.28,205.55,0.5432,-1,-1,-1
143,1,414.13,260.40,81.58,220.17,0.6328,-1,-1,-1
143,3,1060.10,923.79,78.56,152.94,0.7622,-1,-1,-1
143,4,1721.48,459.08,74.53,207.08,0.6333,-1,-1,-1
143,5,1358.95,575.81,83.75,217.74,0.4816,-1,-1,-1
143,13,386.27,734.77,98.47,266.33,0.8025,-1,-1,-1
143,16,528.96,257.65,60.58,203.02,0.5946,-1,-1,-1
143,12,879.06,207.29,58.56,188.51,0.4785,-1,-1,-1
143,2,100.94,545.22,71.85,242.49,0.6746,-1,-1,-1
143,17,1037.28,138.63,91.02,171.03,0.5702,-1,-1,-1
143,6,154.39,628.75,77.42,207.19,0.6519,-1,-1,-1
144,1,414.19,259.36,80.86,218.35,0.6324,-1,-1,-1
144,3,1058.44,923.16,78.03,153.48,0.7572,-1,-1,-1
144,4,1721.61,459.55,74.51,207.01,0.6214,-1,-1,-1
144,5,1359.21,575.91,83.79,217.31,0.4981,-1,-1,-1
144,13,387.41,731.62,96.99,263.21,0.7948,-1,-1,-1
144,16,529.11,259.20,60.28,202.91,0.6042,-1,-1,-1
144,12,876.90,206.86,58.49,188.67,0.4732,-1,-1,-1
144,2,101.51,545.42,71.46,242.25,0.6866,-1,-1,-1
144,17,1035.83,137.13,90.54,171.67,0.4549,-1,-1,-1
144,6,155.94,629.72,77.95,207.00,0.6813,-1,-1,-1
145,1,415.55,259.27,78.92,213.16,0.6204,-1,-1,-1
145,3,1056.46,922.79,77.23,153.82,0.7582,-1,-1,-1
145,4,1721.56,459.39,74.38,206.71,0.6099,-1,-1,-1
145,5,1359.07,575.99,83.11,215.02,0.5396,-1,-1,-1
145,13,389.99,729.56,94.81,258.21,0.7985,-1,-1,-1
145,16,528.43,259.41,59.90,202.74,0.5953,-1,-1,-1
145,12,874.23,207.06,58.31,186.77,0.5442,-1,-1,-1
145,2,102.22,545.48,71.52,243.27,0.7088,-1,-1,-1
145,17,1032.76,136.47,89.15,171.82,0.4216,-1,-1,-1
145,6,157.26,627.82,78.78,210.38,0.7007,-1,-1,-1
146,1,413.63,254.61,79.92,216.98,0.6393,-1,-1,-1
146,3,1053.64,921.90,77.15,156.00,0.7412,-1,-1,-1
146,4,1721.64,459.53,74.54,207.29,0.6137,-1,-1,-1
146,5,1358.41,575.54,84.04,217.24,0.5126,-1,-1,-1
146,13,392.07,726.72,92.90,253.38,0.7770,-1,-1,-1
146,16,528.82,259.43,60.07,204.28,0.5935,-1,-1,-1
146,12,872.84,206.53,58.20,185.85,0.4901,-1,-1,-1
146,2,102.66,545.71,71.39,243.35,0.7156,-1,-1,-1
146,17,1030.54,136.28,87.08,171.33,0.4843,-1,-1,-1
146,6,158.29,625.15,79.31,213.10,0.7110,-1,-1,-1
146,19,583.51,253.89,55.74,186.54,0.5108,-1,-1,-1
147,1,413.13,253.15,80.19,218.53,0.6465,-1,-1,-1
147,3,1050.95,921.20,76.35,157.24,0.7264,-1,-1,-1
147,4,1721.64,459.09,74.58,207.30,0.6268,-1,-1,-1
147,5,1358.50,574.76,84.15,217.44,0.5407,-1,-1,-1
147,13,392.98,720.64,93.19,254.85,0.7796,-1,-1,-1
147,16,528.67,260.07,60.15,205.85,0.6095,-1,-1,-1
147,12,871.05,205.88,58.43,185.33,0.4783,-1,-1,-1
147,2,103.23,545.94,70.98,242.32,0.7131,-1,-1,-1
147,17,1028.87,135.45,85.01,171.21,0.4764,-1,-1,-1
147,6,159.42,621.26,79.54,215.33,0.6894,-1,-1,-1
147,19,583.78,254.68,56.17,188.11,0.5380,-1,-1,-1
148,1,412.90,252.44,80.18,219.04,0.6339,-1,-1,-1
148,3,1049.07,919.84,75.16,157.47,0.7273,-1,-1,-1
148,4,1721.45,458.59,74.92,208.32,0.6466,-1,-1,-1
148,5,1358.04,575.16,83.80,216.53,0.5588,-1,-1,-1
148,13,393.87,717.36,93.12,254.93,0.7777,-1,-1,-1
148,16,529.39,261.22,60.31,206.76,0.5946,-1,-1,-1
148,12,868.20,204.83,60.30,190.53,0.4446,-1,-1,-1
148,2,103.44,545.54,71.00,242.46,0.7135,-1,-1,-1
148,17,1026.21,134.87,82.75,171.29,0.4424,-1,-1,-1
148,6,162.11,617.62,79.13,215.44,0.7078,-1,-1,-1
148,19,584.43,255.42,56.35,188.92,0.4954,-1,-1,-1
149,1,414.72,255.29,78.63,215.07,0.6248,-1,-1,-1
149,3,1047.88,918.49,74.46,158.69,0.7264,-1,-1,-1
149,4,1721.13,458.85,74.69,207.72,0.6218,-1,-1,-1
149,5,1358.33,575.30,83.61,215.67,0.5452,-1,-1,-1
149,13,395.06,713.24,94.18,258.32,0.7879,-1,-1,-1
149,16,530.33,262.85,60.12,206.37,0.6301,-1,-1,-1
149,12,866.17,204.42,60.91,192.22,0.4432,-1,-1,-1
149,2,103.63,545.60,70.86,242.12,0.7151,-1,-1,-1
149,17,1024.67,135.31,79.64,169.60,0.3608,-1,-1,-1
149,6,165.39,615.08,78.25,214.97,0.6958,-1,-1,-1
149,19,585.27,256.16,56.59,189.96,0.4500,-1,-1,-1
150,1,415.54,256.03,78.05,213.74,0.6198,-1,-1,-1
150,3,1045.81,916.76,74.15,160.97,0.7368,-1,-1,-1
150,4,1721.10,458.60,74.79,208.08,0.6385,-1,-1,-1
150,5,1357.74,574.96,84.19,216.82,0.5402,-1,-1,-1
150,13,395.24,710.64,95.42,261.47,0.7855,-1,-1,-1
150,16,530.22,264.76,60.14,207.39,0.6155,-1,-1,-1
150,12,865.84,205.09,61.24,192.61,0.4056,-1,-1,-1
150,2,103.43,545.50,71.11,243.07,0.7131,-1,-1,-1
150,17,1022.63,134.47,78.49,171.56,0.4901,-1,-1,-1
150,6,169.81,613.62,76.56,214.01,0.6570,-1,-1,-1
150,19,586.11,256.87,56.75,190.74,0.4352,-1,-1,-1
151,1,415.69,255.66,77.91,214.17,0.6157,-1,-1,-1
151,3,1044.55,914.27,73.83,163.29,0.7371,-1,-1,-1
151,4,1721.32,458.42,74.50,207.67,0.6249,-1,-1,-1
151,5,1360.73,574.27,85.19,222.19,0.4863,-1,-1,-1
151,13,395.99,709.58,95.84,262.69,0.7809,-1,-1,-1
151,16,529.71,265.99,60.16,208.96,0.6117,-1,-1,-1
151,12,864.87,205.07,61.10,191.55,0.4592,-1,-1,-1
151,2,103.39,546.29,71.29,243.61,0.7216,-1,-1,-1
151,17,1020.34,132.76,77.26,173.09,0.4879,-1,-1,-1
151,6,175.87,611.76,76.01,214.83,0.6707,-1,-1,-1
151,19,587.01,259.40,56.72,190.91,0.4180,-1,-1,-1
152,1,416.00,255.05,77.90,214.89,0.6061,-1,-1,-1
152,3,1043.11,913.39,73.02,164.46,0.7421,-1,-1,-1
152,4,1721.35,458.14,74.61,208.28,0.6152,-1,-1,-1
152,5,1360.47,576.01,82.90,216.19,0.5299,-1,-1,-1
152,13,396.94,707.77,96.47,264.12,0.7669,-1,-1,-1
152,16,529.84,270.49,59.01,206.60,0.5926,-1,-1,-1
152,12,863.99,205.54,61.01,190.66,0.5191,-1,-1,-1
152,2,103.31,546.71,71.35,243.32,0.7175,-1,-1,-1
152,17,1017.64,130.72,75.57,172.65,0.4077,-1,-1,-1
152,6,178.82,610.20,75.48,216.00,0.6899,-1,-1,-1
152,19,587.88,260.72,56.75,191.28,0.4119,-1,-1,-1
153,1,415.86,254.23,77.72,215.42,0.5831,-1,-1,-1
153,3,1041.48,912.26,72.54,166.31,0.7304,-1,-1,-1
153,4,1721.20,457.64,74.72,208.84,0.6099,-1,-1,-1
153,5,1359.89,575.59,82.56,215.82,0.5163,-1,-1,-1
153,13,397.67,707.86,96.78,264.20,0.7589,-1,-1,-1
153,16,530.27,274.25,57.77,203.25,0.5870,-1,-1,-1
153,12,862.79,204.91,61.45,191.39,0.4964,-1,-1,-1
153,2,103.33,547.54,71.75,244.94,0.7265,-1,-1,-1
153,17,1016.08,131.45,73.70,171.34,0.4118,-1,-1,-1
153,6,182.16,609.93,74.76,215.60,0.7364,-1,-1,-1
153,19,590.43,266.31,54.84,185.06,0.3229,-1,-1,-1
154,1,414.54,253.19,77.83,216.40,0.6003,-1,-1,-1
154,3,1040.37,911.54,71.75,167.50,0.7146,-1,-1,-1
154,4,1721.40,459.13,74.07,207.06,0.5869,-1,-1,-1
154,5,1359.74,576.22,82.40,215.53,0.5207,-1,-1,-1
154,13,398.50,707.96,96.95,263.57,0.7634,-1,-1,-1
154,16,531.23,276.72,56.89,200.96,0.5632,-1,-1,-1
154,12,861.33,205.09,61.74,191.38,0.5085,-1,-1,-1
154,2,103.49,547.24,71.98,246.01,0.7199,-1,-1,-1
154,17,1012.36,131.42,72.88,171.71,0.3510,-1,-1,-1
154,6,185.41,610.09,73.80,214.36,0.7530,-1,-1,-1
155,1,414.19,251.88,77.96,217.90,0.6029,-1,-1,-1
155,3,1039.17,910.98,70.80,168.00,0.7279,-1,-1,-1
155,4,1721.88,459.14,73.86,206.83,0.5962,-1,-1,-1
155,5,1359.88,576.32,81.82,213.72,0.5691,-1,-1,-1
155,13,399.47,705.97,97.96,265.28,0.7629,-1,-1,-1
155,16,532.15,278.69,56.24,198.74,0.5144,-1,-1,-1
155,12,859.63,205.11,61.77,189.90,0.5120,-1,-1,-1
155,2,102.86,546.16,72.33,247.50,0.6968,-1,-1,-1
155,17,1004.01,132.30,73.51,172.49,0.3938,-1,-1,-1
155,6,189.56,610.18,72.89,213.54,0.7611,-1,-1,-1
156,1,415.30,251.41,76.95,215.60,0.6179,-1,-1,-1
156,3,1037.77,910.41,70.28,169.29,0.7072,-1,-1,-1
156,4,1722.11,459.52,73.55,206.03,0.5857,-1,-1,-1
156,5,1358.69,578.11,81.39,212.21,0.5199,-1,-1,-1
156,13,399.64,703.02,98.61,266.51,0.7607,-1,-1,-1
156,16,532.45,276.19,56.73,200.50,0.4659,-1,-1,-1
156,12,858.34,204.41,61.88,188.41,0.5456,-1,-1,-1
156,2,102.58,545.63,72.36,247.66,0.6976,-1,-1,-1
156,17,997.18,133.25,73.94,171.87,0.4380,-1,-1,-1
156,6,192.51,608.94,72.44,213.85,0.7525,-1,-1,-1
157,1,415.65,251.44,76.13,213.75,0.6182,-1,-1,-1
157,3,1036.72,909.88,69.43,169.70,0.7011,-1,-1,-1
157,4,1722.34,459.93,73.34,205.65,0.5926,-1,-1,-1
157,5,1358.19,578.61,81.13,210.89,0.5215,-1,-1,-1
157,13,400.49,703.66,98.26,264.96,0.7720,-1,-1,-1
157,16,532.77,275.08,56.53,199.51,0.4364,-1,-1,-1
157,12,857.98,203.40,61.60,185.77,0.5671,-1,-1,-1
157,2,102.68,545.66,72.32,247.50,0.6958,-1,-1,-1
157,17,992.16,133.59,74.68,171.64,0.4656,-1,-1,-1
157,6,194.98,608.14,72.03,214.42,0.7420,-1,-1,-1
158,1,416.36,249.71,76.50,214.94,0.6446,-1,-1,-1
158,3,1035.53,909.49,69.04,170.42,0.7158,-1,-1,-1
158,4,1722.17,459.94,73.56,206.27,0.6106,-1,-1,-1
158,5,1358.01,577.80,81.22,210.58,0.5366,-1,-1,-1
158,13,400.05,703.71,97.58,262.79,0.7844,-1,-1,-1
158,16,532.13,273.33,57.06,200.02,0.4534,-1,-1,-1
158,12,856.44,201.81,61.97,184.75,0.5558,-1,-1,-1
158,2,102.59,546.07,72.16,246.85,0.6986,-1,-1,-1
158,17,989.98,132.75,75.50,172.11,0.3917,-1,-1,-1
158,6,196.39,606.90,71.09,213.34,0.7153,-1,-1,-1
159,1,417.55,249.71,75.80,212.87,0.6106,-1,-1,-1
159,3,1034.12,908.66,68.49,170.80,0.6983,-1,-1,-1
159,4,1722.43,461.11,73.18,205.07,0.6000,-1,-1,-1
159,5,1357.73,578.29,81.96,211.84,0.5145,-1,-1,-1
159,13,400.33,702.85,96.37,260.95,0.7611,-1,-1,-1
159,16,531.28,278.45,56.69,195.74,0.4321,-1,-1,-1
159,12,854.29,200.56,63.61,187.87,0.5482,-1,-1,-1
159,2,102.58,546.18,72.16,246.85,0.6950,-1,-1,-1
159,17,987.51,132.99,75.95,171.54,0.4133,-1,-1,-1
159,6,198.00,604.77,70.45,212.90,0.6951,-1,-1,-1
160,1,417.77,248.06,75.95,213.81,0.6440,-1,-1,-1
160,3,1033.30,908.56,67.94,171.29,0.6799,-1,-1,-1
160,4,1721.98,461.28,73.15,204.80,0.5705,-1,-1,-1
160,5,1357.88,579.08,83.76,216.05,0.4776,-1,-1,-1
160,13,400.78,698.82,95.04,258.03,0.7656,-1,-1,-1
160,16,530.98,284.13,56.39,191.34,0.4709,-1,-1,-1
160,12,853.00,199.05,65.03,191.05,0.5134,-1,-1,-1
160,2,102.45,546.62,72.07,246.61,0.6985,-1,-1,-1
160,17,984.89,132.58,76.28,170.42,0.4722,-1,-1,-1
160,6,199.26,602.70,70.49,214.75,0.7002,-1,-1,-1
161,1,418.23,247.00,75.54,212.23,0.6232,-1,-1,-1
161,3,1031.43,908.07,67.70,171.92,0.6929,-1,-1,-1
161,4,1721.89,461.06,73.40,205.52,0.5775,-1,-1,-1
161,5,1357.68,579.69,83.95,216.31,0.5265,-1,-1,-1
161,13,401.51,693.58,93.45,254.24,0.7744,-1,-1,-1
161,16,531.06,286.89,57.36,190.62,0.4184,-1,-1,-1
161,12,852.13,196.97,65.52,191.21,0.4850,-1,-1,-1
161,2,102.29,546.64,72.22,247.22,0.6866,-1,-1,-1
161,17,983.70,132.48,76.81,170.40,0.4897,-1,-1,-1
161,6,202.52,599.65,69.24,213.73,0.6675,-1,-1,-1
162,1,419.05,246.18,75.11,210.71,0.6233,-1,-1,-1
162,3,1030.14,907.34,67.41,172.70,0.7115,-1,-1,-1
162,4,1721.93,461.58,73.40,205.53,0.5775,-1,-1,-1
162,5,1359.97,578.14,85.49,221.82,0.4897,-1,-1,-1
162,13,402.27,688.83,93.03,253.59,0.7652,-1,-1,-1
162,12,851.20,195.92,65.83,191.06,0.4876,-1,-1,-1
162,2,101.90,546.40,72.34,247.83,0.6726,-1,-1,-1
162,17,982.55,133.36,76.86,169.88,0.3936,-1,-1,-1
162,6,207.52,598.22,67.23,209.18,0.6741,-1,-1,-1
163,1,419.71,244.95,75.07,209.78,0.6178,-1,-1,-1
163,3,1028.88,906.45,67.27,173.61,0.6839,-1,-1,-1
163,4,1721.72,461.01,73.70,206.41,0.5791,-1,-1,-1
163,5,1358.60,579.31,86.63,224.28,0.5055,-1,-1,-1
163,13,402.21,684.64,93.15,254.82,0.7710,-1,-1,-1
163,12,851.31,194.60,65.45,188.89,0.4677,-1,-1,-1
163,2,102.10,546.39,72.35,247.92,0.6631,-1,-1,-1
163,17,981.00,131.01,77.77,172.56,0.3591,-1,-1,-1
163,6,210.66,595.90,66.43,207.95,0.6715,-1,-1,-1
164,1,419.84,244.27,75.04,208.58,0.6263,-1,-1,-1
164,3,1027.53,906.86,66.39,172.80,0.7307,-1,-1,-1
164,4,1721.69,460.75,73.80,206.64,0.5990,-1,-1,-1
164,5,1358.23,579.84,86.46,223.32,0.4790,-1,-1,-1
164,13,402.08,682.16,92.93,254.57,0.7738,-1,-1,-1
164,12,852.27,192.51,67.04,193.16,0.4605,-1,-1,-1
164,2,101.98,546.52,72.16,247.32,0.6805,-1,-1,-1
164,17,979.75,129.23,77.00,172.62,0.3058,-1,-1,-1
164,6,213.39,594.04,66.36,208.83,0.7065,-1,-1,-1
165,1,420.01,242.65,75.73,209.58,0.6170,-1,-1,-1
165,3,1026.22,907.42,65.66,172.15,0.7265,-1,-1,-1
165,4,1721.88,460.45,73.81,206.53,0.5945,-1,-1,-1
165,5,1358.32,580.74,85.32,219.96,0.5013,-1,-1,-1
165,13,401.23,680.20,93.45,255.90,0.7917,-1,-1,-1
165,12,853.10,191.52,67.49,194.26,0.4859,-1,-1,-1
165,2,101.99,546.40,72.01,246.95,0.6766,-1,-1,-1
165,6,213.52,592.19,66.40,209.28,0.7327,-1,-1,-1
166,1,419.41,241.60,75.94,210.16,0.5914,-1,-1,-1
166,3,1024.76,907.33,65.31,172.16,0.6855,-1,-1,-1
166,4,1721.84,460.67,73.88,206.95,0.6247,-1,-1,-1
166,5,1357.93,580.37,84.04,216.39,0.5031,-1,-1,-1
166,13,400.07,678.55,94.27,258.22,0.7914,-1,-1,-1
166,12,853.64,190.94,67.07,192.26,0.4911,-1,-1,-1
166,2,101.84,546.23,71.96,246.93,0.6849,-1,-1,-1
166,6,216.36,590.50,67.31,211.00,0.7025,-1,-1,-1
167,1,418.75,240.52,76.44,211.72,0.5753,-1,-1,-1
167,3,1022.98,906.71,65.49,172.94,0.6849,-1,-1,-1
167,4,1721.84,460.50,73.80,207.05,0.6082,-1,-1,-1
167,5,1357.13,579.78,84.50,217.54,0.4910,-1,-1,-1
167,13,399.41,675.67,94.81,260.23,0.7967,-1,-1,-1
167,12,854.38,190.62,66.47,189.45,0.4849,-1,-1,-1
167,2,101.77,546.31,72.05,247.24,0.6872,-1,-1,-1
167,6,217.91,589.35,68.70,213.36,0.7071,-1,-1,-1
168,1,418.00,239.49,76.89,213.01,0.5939,-1,-1,-1
168,3,1021.06,906.91,65.30,172.44,0.7042,-1,-1,-1
168,4,1721.43,459.27,74.32,208.76,0.6115,-1,-1,-1
168,5,1356.78,579.06,84.24,217.38,0.4972,-1,-1,-1
168,13,398.64,674.94,94.99,260.87,0.7840,-1,-1,-1
168,12,854.55,190.68,67.02,190.14,0.5117,-1,-1,-1
168,2,101.87,546.51,72.03,247.05,0.6861,-1,-1,-1
168,6,221.68,589.05,69.48,212.57,0.7157,-1,-1,-1
169,1,418.43,238.63,77.27,213.81,0.6112,-1,-1,-1
169,3,1020.20,907.86,64.89,171.27,0.7078,-1,-1,-1
169,4,1721.46,459.77,74.12,208.23,0.6104,-1,-1,-1
169,5,1357.34,578.92,84.54,217.88,0.4622,-1,-1,-1
169,13,398.88,674.08,94.96,260.86,0.7770,-1,-1,-1
169,12,854.54,190.48,67.12,189.17,0.5304,-1,-1,-1
169,2,101.76,545.88,72.46,248.31,0.6516,-1,-1,-1
169,6,224.12,588.62,70.46,213.22,0.6902,-1,-1,-1
170,1,418.33,237.83,77.76,214.98,0.6154,-1,-1,-1
170,3,1017.99,908.41,64.64,171.17,0.7220,-1,-1,-1
170,4,1721.34,460.46,73.98,207.66,0.6201,-1,-1,-1
170,5,1361.58,577.86,84.43,220.40,0.4458,-1,-1,-1
170,13,399.08,673.11,94.75,260.92,0.7748,-1,-1,-1
170,12,855.92,189.79,66.96,188.50,0.5096,-1,-1,-1
170,2,102.07,546.37,72.29,247.10,0.6539,-1,-1,-1
170,6,224.05,588.32,71.02,213.67,0.6627,-1,-1,-1
171,1,418.10,237.75,77.90,215.15,0.6221,-1,-1,-1
171,3,1016.48,908.93,64.24,170.94,0.7228,-1,-1,-1
171,4,1721.49,459.99,74.13,208.12,0.6031,-1,-1,-1
171,5,1362.10,577.26,84.18,221.91,0.4551,-1,-1,-1
171,13,399.21,672.24,94.32,260.26,0.7746,-1,-1,-1
171,12,858.00,191.53,65.23,184.47,0.4111,-1,-1,-1
171,2,102.22,546.42,72.61,247.36,0.6602,-1,-1,-1
171,6,223.32,588.14,71.37,213.14,0.6914,-1,-1,-1
172,1,417.75,237.53,78.35,216.44,0.6276,-1,-1,-1
172,3,1014.91,909.67,63.65,169.95,0.7436,-1,-1,-1
172,4,1721.74,460.29,73.94,207.59,0.5985,-1,-1,-1
172,5,1359.72,578.15,82.78,217.62,0.4744,-1,-1,-1
172,13,399.43,670.58,93.96,259.92,0.7812,-1,-1,-1
172,12,859.60,190.36,65.45,185.10,0.5030,-1,-1,-1
172,2,101.63,546.62,72.53,246.44,0.6623,-1,-1,-1
172,6,222.56,586.94,72.12,213.65,0.6431,-1,-1,-1
173,1,417.70,237.11,78.40,216.62,0.6146,-1,-1,-1
173,3,1012.56,910.04,63.44,169.60,0.7341,-1,-1,-1
173,4,1721.57,460.77,73.73,206.72,0.5928,-1,-1,-1
173,5,1358.65,578.59,82.03,215.21,0.5034,-1,-1,-1
173,13,400.45,668.66,93.22,259.32,0.7742,-1,-1,-1
173,12,860.44,189.05,65.93,186.45,0.4489,-1,-1,-1
173,2,101.49,546.31,72.79,246.93,0.6574,-1,-1,-1
173,6,221.86,584.20,72.96,215.14,0.6587,-1,-1,-1
174,1,417.22,236.54,78.49,217.22,0.6205,-1,-1,-1
174,3,1010.41,911.28,63.13,168.60,0.7399,-1,-1,-1
174,4,1721.34,459.88,74.08,207.69,0.5966,-1,-1,-1
174,5,1358.41,578.99,81.18,212.40,0.4983,-1,-1,-1
174,13,401.88,666.67,92.60,259.67,0.7818,-1,-1,-1
174,12,861.22,186.77,65.89,186.56,0.4383,-1,-1,-1
174,2,101.12,546.70,72.85,246.68,0.6518,-1,-1,-1
174,6,223.73,583.06,72.85,214.04,0.6752,-1,-1,-1
175,1,416.64,235.73,78.23,216.79,0.6517,-1,-1,-1
175,3,1007.76,912.74,62.77,167.24,0.7263,-1,-1,-1
175,4,1721.43,459.90,74.09,207.90,0.5931,-1,-1,-1
175,5,1358.82,578.88,80.46,209.60,0.5184,-1,-1,-1
175,13,402.74,663.89,92.28,260.85,0.8043,-1,-1,-1
175,12,863.11,185.89,64.99,183.63,0.4610,-1,-1,-1
175,2,100.70,546.65,72.88,246.39,0.6572,-1,-1,-1
175,6,224.76,579.79,72.69,214.36,0.6874,-1,-1,-1
176,1,416.06,233.41,78.29,217.79,0.6333,-1,-1,-1
176,3,1005.94,913.16,62.59,166.85,0.7290,-1,-1,-1
176,4,1721.17,459.67,74.12,208.22,0.5885,-1,-1,-1
176,5,1358.73,578.92,79.96,207.58,0.5145,-1,-1,-1
176,13,403.51,659.58,91.06,259.61,0.7913,-1,-1,-1
176,12,863.45,184.41,65.54,185.03,0.5037,-1,-1,-1
176,2,100.43,546.80,72.90,246.43,0.6576,-1,-1,-1
176,6,225.74,577.21,72.01,213.56,0.6685,-1,-1,-1
177,1,415.55,232.78,78.03,217.93,0.6375,-1,-1,-1
177,3,1005.00,913.19,62.14,165.31,0.7308,-1,-1,-1
177,4,1721.11,459.71,74.10,208.13,0.5823,-1,-1,-1
177,5,1358.29,578.96,80.79,209.20,0.4843,-1,-1,-1
177,13,404.97,654.78,88.89,255.14,0.7858,-1,-1,-1
177,12,864.46,182.30,65.68,185.07,0.5223,-1,-1,-1
177,2,100.34,546.89,72.83,246.09,0.6565,-1,-1,-1
177,6,226.29,575.27,71.15,211.89,0.6766,-1,-1,-1
178,1,415.31,231.10,77.08,215.91,0.6172,-1,-1,-1
178,3,1003.98,913.34,61.93,164.71,0.7206,-1,-1,-1
178,4,1721.25,460.10,73.95,207.75,0.5631,-1,-1,-1
178,5,1357.66,578.06,81.76,211.41,0.4804,-1,-1,-1
178,13,405.46,650.85,87.51,251.81,0.7857,-1,-1,-1
178,12,865.40,180.98,65.69,184.76,0.4978,-1,-1,-1
178,2,100.02,547.04,72.47,245.08,0.6539,-1,-1,-1
178,6,227.14,573.45,69.73,208.18,0.6069,-1,-1,-1
179,1,414.39,228.57,76.72,215.93,0.5930,-1,-1,-1
179,3,1002.18,913.56,61.71,164.66,0.7161,-1,-1,-1
179,4,1721.20,460.49,73.73,207.24,0.5469,-1,-1,-1
179,5,1357.02,577.62,83.79,216.92,0.5050,-1,-1,-1
179,13,406.55,648.57,86.73,249.98,0.7860,-1,-1,-1
179,12,866.59,180.34,65.60,184.03,0.4839,-1,-1,-1
179,2,99.94,546.18,72.62,246.41,0.6507,-1,-1,-1
179,6,227.29,571.46,69.42,207.50,0.6183,-1,-1,-1
180,1,414.18,227.51,75.74,213.28,0.6236,-1,-1,-1
180,3,1000.11,913.34,61.68,165.17,0.7209,-1,-1,-1
180,4,1721.39,460.22,73.89,207.94,0.5274,-1,-1,-1
180,5,1357.49,577.19,82.21,212.77,0.5125,-1,-1,-1
180,13,408.49,647.63,86.30,248.78,0.7905,-1,-1,-1
180,12,867.81,180.78,65.88,184.29,0.5042,-1,-1,-1
180,2,99.79,545.98,72.33,246.29,0.6557,-1,-1,-1
180,6,228.45,569.98,69.16,207.07,0.5864,-1,-1,-1
180,20,-4.02,618.04,93.75,222.94,0.5042,-1,-1,-1
180,16,526.13,295.07,60.81,202.27,0.5224,-1,-1,-1
181,1,414.34,227.06,74.79,210.70,0.5963,-1,-1,-1
181,3,997.93,914.28,61.33,164.67,0.7208,-1,-1,-1
181,4,1721.44,459.19,74.34,209.37,0.5129,-1,-1,-1
181,5,1357.54,577.36,83.08,214.89,0.4994,-1,-1,-1
181,13,409.96,646.25,86.50,248.90,0.7886,-1,-1,-1
181,12,869.20,179.14,65.93,184.09,0.5017,-1,-1,-1
181,2,99.56,545.44,72.46,247.79,0.6546,-1,-1,-1
181,6,229.67,568.96,68.77,205.85,0.5737,-1,-1,-1
181,20,-6.00,617.55,94.04,224.33,0.4732,-1,-1,-1
181,16,526.89,299.41,60.00,200.20,0.5467,-1,-1,-1
182,1,414.91,226.60,74.07,208.57,0.5808,-1,-1,-1
182,3,995.95,915.71,60.49,163.05,0.7356,-1,-1,-1
182,4,1721.58,459.23,74.13,209.22,0.5284,-1,-1,-1
182,5,1356.55,576.68,85.70,222.41,0.4785,-1,-1,-1
182,13,410.23,645.09,87.21,249.99,0.7844,-1,-1,-1
182,12,869.81,177.72,67.10,185.73,0.5388,-1,-1,-1
182,2,99.77,545.69,72.06,247.32,0.6712,-1,-1,-1
182,6,230.26,567.59,67.78,203.93,0.5869,-1,-1,-1
182,20,1.28,618.59,99.25,236.46,0.6071,-1,-1,-1
182,16,526.32,297.51,60.30,200.72,0.4856,-1,-1,-1
183,1,415.97,227.96,73.27,206.52,0.5794,-1,-1,-1
183,3,994.71,916.16,59.98,162.20,0.7283,-1,-1,-1
183,4,1721.75,459.37,73.85,208.77,0.5237,-1,-1,-1
183,5,1356.68,576.85,85.90,223.25,0.4897,-1,-1,-1
183,13,410.53,643.52,88.20,251.38,0.7979,-1,-1,-1
183,12,870.23,176.74,68.00,186.90,0.5564,-1,-1,-1
183,2,99.84,545.79,71.91,247.76,0.6819,-1,-1,-1
183,6,230.23,566.12,67.91,204.86,0.5514,-1,-1,-1
183,20,4.75,621.29,100.37,238.86,0.6555,-1,-1,-1
183,16,524.78,295.83,62.26,205.70,0.4062,-1,-1,-1
184,1,416.62,227.59,73.35,206.77,0.5791,-1,-1,-1
184,3,993.76,917.66,59.54,161.48,0.7233,-1,-1,-1
184,4,1721.21,459.25,73.86,208.97,0.5334,-1,-1,-1
184,5,1356.77,576.55,86.25,224.59,0.4653,-1,-1,-1
184,13,411.07,642.18,89.03,252.48,0.7735,-1,-1,-1
184,12,870.21,176.56,68.55,187.25,0.5430,-1,-1,-1
184,2,99.46,545.82,71.70,248.05,0.6704,-1,-1,-1
184,6,230.41,565.28,68.56,208.05,0.5351,-1,-1,-1
184,20,7.12,622.43,99.18,236.22,0.6215,-1,-1,-1
184,16,517.85,253.23,74.37,251.79,0.3986,-1,-1,-1
185,1,416.18,227.19,73.51,207.08,0.5878,-1,-1,-1
185,3,992.84,918.32,58.99,160.04,0.7175,-1,-1,-1
185,4,1721.28,459.38,73.64,208.59,0.5027,-1,-1,-1
185,5,1357.37,575.96,84.86,221.04,0.4800,-1,-1,-1
185,13,411.24,642.27,89.60,252.41,0.7859,-1,-1,-1
185,12,870.38,177.35,69.52,188.37,0.5879,-1,-1,-1
185,2,99.05,546.08,71.23,247.33,0.6464,-1,-1,-1
185,6,230.81,564.95,68.74,209.41,0.5680,-1,-1,-1
185,20,11.05,622.15,98.34,234.96,0.6221,-1,-1,-1
185,16,520.32,275.80,68.43,230.35,0.4305,-1,-1,-1
186,1,415.97,226.67,73.63,207.23,0.5963,-1,-1,-1
186,3,991.49,918.49,58.91,160.19,0.7341,-1,-1,-1
186,4,1721.37,459.15,73.59,208.75,0.5033,-1,-1,-1
186,5,1356.59,574.83,85.82,224.10,0.4939,-1,-1,-1
186,13,410.85,640.89,90.61,254.25,0.7943,-1,-1,-1
186,12,869.76,176.15,70.62,190.42,0.5612,-1,-1,-1
186,2,98.82,546.45,70.85,246.55,0.6452,-1,-1,-1
186,6,230.07,564.73,68.32,208.47,0.5833,-1,-1,-1
186,20,14.18,620.14,98.64,236.36,0.6575,-1,-1,-1
186,16,522.94,293.33,62.82,211.00,0.4266,-1,-1,-1
187,1,415.90,225.32,74.24,209.05,0.6014,-1,-1,-1
187,3,990.09,918.93,58.84,159.54,0.7347,-1,-1,-1
187,4,1721.42,459.53,73.31,208.17,0.4952,-1,-1,-1
187,5,1356.63,573.71,85.89,224.82,0.5044,-1,-1,-1
187,13,410.41,639.14,91.41,255.66,0.7812,-1,-1,-1
187,12,869.41,176.16,71.31,191.30,0.5617,-1,-1,-1
187,2,98.38,546.51,70.30,244.19,0.6377,-1,-1,-1
187,6,229.13,563.92,68.47,209.29,0.6350,-1,-1,-1
187,20,20.10,620.06,99.77,239.53,0.6872,-1,-1,-1
187,16,524.34,298.99,61.61,207.66,0.5400,-1,-1,-1
188,1,416.25,225.68,73.87,207.72,0.5946,-1,-1,-1
188,3,989.28,919.28,58.88,159.23,0.7218,-1,-1,-1
188,4,1721.46,460.08,73.13,207.50,0.5075,-1,-1,-1
188,5,1356.67,572.74,86.07,225.91,0.4594,-1,-1,-1
188,13,410.84,637.45,91.64,256.18,0.7685,-1,-1,-1
188,12,870.41,177.00,70.30,187.12,0.4322,-1,-1,-1
188,2,97.80,546.31,69.98,242.34,0.5923,-1,-1,-1
188,6,228.27,562.04,68.95,210.91,0.6183,-1,-1,-1
188,20,24.55,619.10,100.67,240.94,0.7143,-1,-1,-1
188,16,524.08,299.93,61.78,207.89,0.5397,-1,-1,-1
189,1,416.20,224.65,73.88,207.65,0.5819,-1,-1,-1
189,3,987.95,919.81,58.82,158.86,0.7122,-1,-1,-1
189,4,1721.26,460.54,73.15,207.37,0.4816,-1,-1,-1
189,5,1357.13,572.64,84.01,220.82,0.4582,-1,-1,-1
189,13,410.09,634.39,92.29,258.12,0.7985,-1,-1,-1
189,12,870.81,177.05,70.93,186.46,0.4621,-1,-1,-1
189,2,96.34,546.52,69.23,239.07,0.5354,-1,-1,-1
189,6,228.11,558.48,68.24,209.78,0.5553,-1,-1,-1
189,20,27.91,619.59,101.91,242.32,0.6902,-1,-1,-1
189,16,523.83,303.40,61.75,207.13,0.5648,-1,-1,-1
190,1,416.70,224.30,73.79,207.46,0.5687,-1,-1,-1
190,3,986.87,920.71,58.48,157.65,0.7264,-1,-1,-1
190,4,1721.28,459.27,73.54,208.59,0.4643,-1,-1,-1
190,5,1357.15,572.27,83.19,219.00,0.4494,-1,-1,-1
190,13,410.42,633.50,91.42,256.71,0.7853,-1,-1,-1
190,12,872.07,178.32,71.54,185.03,0.5122,-1,-1,-1
190,2,95.75,546.50,67.94,233.03,0.4935,-1,-1,-1
190,6,228.31,555.54,67.35,207.93,0.5731,-1,-1,-1
190,20,31.54,621.19,103.89,245.28,0.6737,-1,-1,-1
190,16,523.42,303.27,62.69,209.25,0.5938,-1,-1,-1
191,1,417.30,223.16,73.81,207.57,0.5656,-1,-1,-1
191,3,985.95,921.75,57.96,155.84,0.7426,-1,-1,-1
191,4,1720.94,459.52,73.61,208.46,0.4924,-1,-1,-1
191,5,1357.33,571.61,86.41,227.77,0.4815,-1,-1,-1
191,13,410.21,630.79,90.62,255.75,0.7833,-1,-1,-1
191,12,872.93,175.65,72.31,185.44,0.4829,-1,-1,-1
191,2,99.96,545.87,59.72,199.70,0.5734,-1,-1,-1
191,6,228.12,552.21,66.51,206.34,0.5918,-1,-1,-1
191,20,35.82,622.26,106.77,249.23,0.6087,-1,-1,-1
191,16,523.36,303.37,63.40,210.47,0.5484,-1,-1,-1
192,1,418.16,222.84,73.83,207.67,0.5437,-1,-1,-1
192,3,984.97,922.58,57.62,154.73,0.7447,-1,-1,-1
192,4,1720.91,459.81,73.49,207.83,0.5382,-1,-1,-1
192,5,1357.55,571.01,85.51,225.18,0.4981,-1,-1,-1
192,13,410.49,626.25,89.26,253.08,0.7717,-1,-1,-1
192,12,874.01,173.39,72.84,185.72,0.5071,-1,-1,-1
192,2,101.32,545.22,57.08,186.32,0.5979,-1,-1,-1
192,6,227.98,550.37,66.04,204.96,0.6324,-1,-1,-1
192,20,39.04,624.88,108.83,251.50,0.5943,-1,-1,-1
192,16,523.74,304.76,63.42,209.32,0.5989,-1,-1,-1
193,1,418.10,221.32,74.12,208.35,0.5236,-1,-1,-1
193,3,983.89,922.39,57.73,155.23,0.7164,-1,-1,-1
193,4,1720.94,459.54,73.46,207.61,0.5201,-1,-1,-1
193,5,1357.10,570.69,86.55,228.30,0.4933,-1,-1,-1
193,13,410.79,622.60,87.66,249.58,0.7896,-1,-1,-1
193,12,875.64,172.86,72.67,184.91,0.4296,-1,-1,-1
193,2,100.97,545.09,56.47,180.10,0.5867,-1,-1,-1
193,6,227.75,547.33,66.30,206.33,0.6395,-1,-1,-1
193,20,41.37,628.40,107.94,248.14,0.5098,-1,-1,-1
193,16,523.57,307.70,63.12,206.38,0.5524,-1,-1,-1
194,1,418.68,221.55,73.87,207.03,0.5100,-1,-1,-1
194,3,982.57,922.05,58.21,156.02,0.7386,-1,-1,-1
194,4,1720.97,459.84,73.49,207.58,0.5017,-1,-1,-1
194,5,1356.26,570.48,87.11,230.32,0.4713,-1,-1,-1
194,13,410.55,619.21,86.48,248.25,0.7743,-1,-1,-1
194,12,876.81,172.80,72.07,182.67,0.3923,-1,-1,-1
194,2,100.22,544.83,56.51,175.61,0.6222,-1,-1,-1
194,6,227.65,545.69,65.99,205.74,0.6429,-1,-1,-1
194,20,44.24,631.24,106.65,243.91,0.5885,-1,-1,-1
194,16,522.60,308.84,63.51,205.67,0.5770,-1,-1,-1
195,1,418.76,219.56,74.76,209.58,0.5585,-1,-1,-1
195,3,982.15,922.26,58.15,155.78,0.7299,-1,-1,-1
195,4,1721.02,459.54,73.67,208.13,0.5215,-1,-1,-1
195,5,1357.06,570.18,84.31,222.51,0.5590,-1,-1,-1
195,13,410.56,617.31,85.62,247.29,0.7846,-1,-1,-1
195,12,878.66,170.56,70.99,179.47,0.3666,-1,-1,-1
195,2,99.42,544.54,57.38,174.45,0.6015,-1,-1,-1
195,6,227.18,544.31,66.14,207.24,0.6471,-1,-1,-1
195,20,46.60,633.39,104.53,237.47,0.6656,-1,-1,-1
195,16,520.94,308.87,64.66,206.82,0.6708,-1,-1,-1
196,1,419.19,217.97,74.66,209.75,0.5386,-1,-1,-1
196,3,981.23,921.90,58.68,156.48,0.7311,-1,-1,-1
196,4,1720.48,458.71,74.05,209.49,0.5037,-1,-1,-1
196,5,1357.00,571.25,83.59,220.31,0.5213,-1,-1,-1
196,13,408.78,614.24,85.80,248.14,0.7515,-1,-1,-1
196,12,880.43,169.39,69.79,176.94,0.4262,-1,-1,-1
196,2,98.55,544.26,58.49,174.81,0.5414,-1,-1,-1
196,6,226.23,543.81,65.91,207.22,0.6475,-1,-1,-1
196,20,47.53,635.83,106.46,241.95,0.6668,-1,-1,-1
196,16,520.72,310.48,65.40,207.10,0.6012,-1,-1,-1
197,1,419.84,216.56,74.73,209.43,0.5739,-1,-1,-1
197,3,979.71,922.01,59.16,156.48,0.7374,-1,-1,-1
197,4,1720.91,458.77,73.98,209.50,0.5006,-1,-1,-1
197,5,1357.05,571.39,83.10,218.68,0.5401,-1,-1,-1
197,13,406.21,611.19,86.34,249.32,0.7413,-1,-1,-1
197,12,881.19,168.35,69.22,176.30,0.4546,-1,-1,-1
197,2,98.63,544.05,58.13,171.06,0.5280,-1,-1,-1
197,6,225.44,543.23,66.18,208.78,0.6860,-1,-1,-1
197,20,50.83,638.93,108.48,246.81,0.6736,-1,-1,-1
197,16,518.90,308.38,67.30,210.87,0.6745,-1,-1,-1
198,1,420.88,215.42,74.61,208.73,0.5656,-1,-1,-1
198,3,977.75,921.50,59.66,157.26,0.7018,-1,-1,-1
198,4,1720.90,458.94,73.75,208.85,0.4964,-1,-1,-1
198,5,1357.17,571.70,83.37,218.96,0.5586,-1,-1,-1
198,13,403.31,610.53,87.17,250.73,0.7492,-1,-1,-1
198,12,881.84,161.49,70.84,182.70,0.4296,-1,-1,-1
198,2,98.94,543.93,58.26,169.71,0.5198,-1,-1,-1
198,6,225.23,542.41,66.29,209.64,0.6939,-1,-1,-1
198,20,54.32,641.73,108.69,247.59,0.6953,-1,-1,-1
198,16,518.26,311.56,67.80,210.67,0.6261,-1,-1,-1
199,1,420.86,214.26,74.17,206.43,0.5663,-1,-1,-1
199,3,975.85,921.35,60.18,157.45,0.7289,-1,-1,-1
199,4,1720.60,458.75,73.76,209.08,0.5286,-1,-1,-1
199,5,1356.03,571.07,84.47,221.56,0.5205,-1,-1,-1
199,13,401.09,609.86,88.26,252.51,0.7422,-1,-1,-1
199,12,882.70,157.99,71.53,186.05,0.3958,-1,-1,-1
199,2,98.54,544.22,58.79,169.72,0.5182,-1,-1,-1
199,6,225.45,542.47,66.00,209.19,0.7028,-1,-1,-1
199,20,56.70,644.00,108.73,248.07,0.7226,-1,-1,-1
199,16,518.10,314.34,68.08,210.28,0.6018,-1,-1,-1
200,1,420.78,212.52,74.27,205.69,0.5739,-1,-1,-1
200,3,974.14,920.56,60.58,157.68,0.7147,-1,-1,-1
200,4,1720.57,458.71,73.57,208.79,0.5340,-1,-1,-1
200,5,1355.85,571.25,83.17,218.31,0.5400,-1,-1,-1
200,13,399.66,609.32,88.57,252.29,0.7471,-1,-1,-1
200,12,883.35,158.69,71.54,186.82,0.4004,-1,-1,-1
200,2,98.66,543.81,58.30,166.50,0.5372,-1,-1,-1
200,6,225.04,541.90,65.61,208.69,0.7167,-1,-1,-1
200,20,58.92,648.01,107.02,245.08,0.7122,-1,-1,-1
200,16,518.16,317.73,67.87,209.58,0.5842,-1,-1,-1
201,1,421.24,211.38,74.82,206.02,0.5669,-1,-1,-1
201,3,972.84,920.06,60.89,158.01,0.7218,-1,-1,-1
201,4,1720.51,458.30,73.56,209.05,0.5539,-1,-1,-1
201,5,1355.15,571.04,83.34,219.27,0.5451,-1,-1,-1
201,13,398.00,608.88,89.02,252.23,0.7428,-1,-1,-1
201,12,885.10,158.28,71.57,187.18,0.4226,-1,-1,-1
201,2,97.78,543.88,58.61,165.67,0.4987,-1,-1,-1
201,6,224.85,541.14,65.43,209.04,0.7041,-1,-1,-1
201,20,61.97,653.15,104.44,240.63,0.7342,-1,-1,-1
201,16,517.17,318.84,68.85,212.13,0.5941,-1,-1,-1
202,1,421.76,210.21,75.15,205.54,0.5610,-1,-1,-1
202,3,971.50,919.49,61.21,158.72,0.7279,-1,-1,-1
202,4,1720.82,458.33,73.61,209.50,0.5819,-1,-1,-1
202,5,1354.89,571.04,82.28,216.65,0.5172,-1,-1,-1
202,13,397.84,608.28,88.89,250.85,0.7354,-1,-1,-1
202,12,887.46,157.67,71.12,185.98,0.4323,-1,-1,-1
202,2,99.75,543.05,56.24,156.84,0.4446,-1,-1,-1
202,6,224.43,539.93,65.63,210.30,0.7057,-1,-1,-1
202,20,64.03,655.99,102.50,237.76,0.7427,-1,-1,-1
202,16,517.06,318.43,69.94,214.83,0.6122,-1,-1,-1
203,1,422.38,208.88,75.72,206.46,0.4910,-1,-1,-1
203,3,970.93,918.96,61.49,159.03,0.7357,-1,-1,-1
203,4,1720.69,458.33,73.60,209.61,0.5910,-1,-1,-1
203,5,1356.30,571.94,80.80,212.43,0.5458,-1,-1,-1
203,13,396.76,606.89,88.66,249.21,0.7339,-1,-1,-1
203,12,887.55,156.54,71.23,186.33,0.4726,-1,-1,-1
203,2,100.14,542.87,55.19,152.20,0.3301,-1,-1,-1
203,6,223.23,537.70,65.99,211.63,0.6996,-1,-1,-1
203,20,66.34,657.60,100.93,235.44,0.6964,-1,-1,-1
203,16,516.73,318.41,70.51,216.03,0.5676,-1,-1,-1
204,1,423.72,208.39,75.88,206.69,0.4480,-1,-1,-1
204,3,968.80,916.79,62.31,161.06,0.7307,-1,-1,-1
204,4,1720.84,458.81,73.46,209.24,0.5781,-1,-1,-1
204,5,1357.06,571.59,81.34,213.48,0.5603,-1,-1,-1
204,13,396.79,603.20,88.89,249.93,0.7216,-1,-1,-1
204,12,887.82,156.51,71.25,186.20,0.5037,-1,-1,-1
204,2,100.28,543.10,54.70,149.18,0.3513,-1,-1,-1
204,6,222.54,535.47,65.77,211.29,0.6727,-1,-1,-1
204,20,68.38,658.71,99.73,233.54,0.6856,-1,-1,-1
204,16,514.69,318.24,71.46,218.04,0.5869,-1,-1,-1
205,1,424.65,208.13,76.11,206.95,0.4663,-1,-1,-1
205,3,967.07,915.69,62.74,162.38,0.7310,-1,-1,-1
205,4,1720.53,458.76,73.70,209.81,0.5665,-1,-1,-1
205,5,1356.74,571.61,81.73,214.31,0.5317,-1,-1,-1
205,13,395.30,600.19,89.47,251.19,0.7193,-1,-1,-1
205,12,887.99,155.32,71.37,187.23,0.4669,-1,-1,-1
205,2,100.26,542.71,54.24,146.23,0.3398,-1,-1,-1
205,6,221.02,531.85,65.60,210.42,0.6652,-1,-1,-1
205,20,70.34,657.79,99.96,234.38,0.7375,-1,-1,-1
205,16,515.10,318.35,71.80,218.42,0.5049,-1,-1,-1
206,1,424.40,205.85,76.75,208.02,0.5126,-1,-1,-1
206,3,965.43,914.98,62.95,162.95,0.7458,-1,-1,-1
206,4,1720.66,458.96,73.74,209.65,0.5679,-1,-1,-1
206,5,1355.76,571.42,82.05,215.20,0.5380,-1,-1,-1
206,13,395.01,597.90,89.58,251.98,0.7334,-1,-1,-1
206,12,889.54,155.59,70.39,185.10,0.5184,-1,-1,-1
206,2,100.42,542.83,54.65,145.55,0.3889,-1,-1,-1
206,6,221.13,529.27,63.96,205.01,0.6692,-1,-1,-1
206,20,74.06,657.43,99.84,234.50,0.7627,-1,-1,-1
206,16,514.41,319.51,72.06,218.17,0.5080,-1,-1,-1
207,1,424.57,205.07,76.85,207.44,0.4888,-1,-1,-1
207,3,963.79,913.61,63.39,164.45,0.7476,-1,-1,-1
207,4,1720.79,458.92,73.54,209.03,0.5735,-1,-1,-1
207,5,1356.51,570.91,81.40,213.85,0.4978,-1,-1,-1
207,13,395.53,596.31,88.25,248.42,0.7456,-1,-1,-1
207,12,890.45,154.45,71.69,188.69,0.5108,-1,-1,-1
207,2,100.61,543.20,55.41,146.19,0.4421,-1,-1,-1
207,6,221.41,526.91,63.15,202.53,0.6494,-1,-1,-1
207,20,80.52,659.06,100.63,235.49,0.7234,-1,-1,-1
207,16,513.10,319.85,72.22,217.50,0.5340,-1,-1,-1
208,1,424.90,205.61,77.02,207.70,0.4770,-1,-1,-1
208,3,961.71,912.77,63.81,165.59,0.7408,-1,-1,-1
208,4,1721.05,458.83,73.67,209.59,0.5807,-1,-1,-1
208,5,1356.68,570.54,81.30,213.99,0.5151,-1,-1,-1
208,13,396.61,593.62,86.99,245.54,0.7482,-1,-1,-1
208,12,891.15,152.91,72.05,190.77,0.4737,-1,-1,-1
208,2,100.73,543.43,56.08,146.63,0.3912,-1,-1,-1
208,6,220.76,524.85,63.25,202.40,0.6129,-1,-1,-1
208,20,85.98,660.33,102.83,239.42,0.7345,-1,-1,-1
208,16,511.40,322.67,71.60,213.96,0.5138,-1,-1,-1
209,1,425.30,205.73,77.32,208.63,0.4398,-1,-1,-1
209,3,960.09,912.40,63.78,166.15,0.7305,-1,-1,-1
209,4,1721.09,457.93,73.81,210.31,0.5548,-1,-1,-1
209,5,1355.84,570.70,81.24,214.95,0.4956,-1,-1,-1
209,13,397.42,591.13,85.35,241.76,0.7519,-1,-1,-1
209,12,892.29,151.64,71.51,190.12,0.4535,-1,-1,-1
209,2,100.85,544.76,57.10,148.29,0.3752,-1,-1,-1
209,6,220.49,523.14,63.23,202.27,0.6256,-1,-1,-1
209,20,90.75,664.26,104.14,239.81,0.7617,-1,-1,-1
209,16,510.30,323.49,71.65,213.14,0.5572,-1,-1,-1
210,1,425.06,205.30,77.58,209.72,0.4219,-1,-1,-1
210,3,957.90,912.04,64.02,166.96,0.7292,-1,-1,-1
210,4,1720.98,458.12,73.79,210.40,0.5698,-1,-1,-1
210,5,1355.76,570.87,80.99,215.00,0.5190,-1,-1,-1
210,13,398.60,589.76,83.92,238.66,0.7551,-1,-1,-1
210,12,892.81,150.94,71.02,189.76,0.4767,-1,-1,-1
210,2,101.11,543.66,58.10,150.29,0.3845,-1,-1,-1
210,6,219.83,522.08,63.66,203.16,0.6205,-1,-1,-1
210,20,92.70,666.68,105.91,240.37,0.7543,-1,-1,-1
210,16,509.34,323.95,71.86,213.31,0.5971,-1,-1,-1
210,21,2.51,607.01,83.53,234.31,0.5913,-1,-1,-1
211,1,426.06,204.90,77.43,209.71,0.4367,-1,-1,-1
211,3,956.07,912.11,63.96,166.65,0.7376,-1,-1,-1
211,4,1721.10,458.86,73.24,208.63,0.5500,-1,-1,-1
211,5,1354.74,570.42,81.79,218.21,0.5124,-1,-1,-1
211,13,399.01,587.24,83.36,238.18,0.7515,-1,-1,-1
211,12,894.40,150.29,69.96,186.99,0.4973,-1,-1,-1
211,2,101.68,543.64,59.08,151.92,0.3776,-1,-1,-1
211,6,218.62,520.77,64.19,204.37,0.5994,-1,-1,-1
211,20,95.66,668.78,106.94,241.14,0.7521,-1,-1,-1
211,16,508.91,324.19,71.58,212.05,0.5998,-1,-1,-1
211,21,3.92,611.24,82.10,229.89,0.5870,-1,-1,-1
212,1,426.06,203.52,77.55,210.07,0.4024,-1,-1,-1
212,3,954.10,911.11,64.64,168.48,0.7329,-1,-1,-1
212,4,1720.92,459.29,73.56,209.39,0.5753,-1,-1,-1
212,5,1354.60,570.84,81.78,219.25,0.5009,-1,-1,-1
212,13,398.99,585.20,83.30,238.60,0.7133,-1,-1,-1
212,12,897.05,148.09,68.97,184.55,0.4892,-1,-1,-1
212,2,102.12,543.77,60.83,156.03,0.4590,-1,-1,-1
212,6,217.41,519.46,64.65,205.47,0.6211,-1,-1,-1
212,20,98.36,670.15,108.04,243.67,0.7423,-1,-1,-1
212,16,508.16,325.39,71.31,210.89,0.5918,-1,-1,-1
212,21,14.61,610.37,83.26,233.20,0.5596,-1,-1,-1
213,1,425.89,202.11,77.57,210.20,0.4076,-1,-1,-1
213,3,951.93,910.12,65.12,169.78,0.7463,-1,-1,-1
213,4,1720.95,459.11,73.78,209.76,0.5666,-1,-1,-1
213,5,1354.27,570.61,81.99,220.78,0.5398,-1,-1,-1
213,13,399.01,582.85,83.91,241.01,0.7104,-1,-1,-1
213,12,898.47,145.55,68.60,183.94,0.5013,-1,-1,-1
213,2,100.90,543.95,64.92,167.43,0.4890,-1,-1,-1
213,6,216.54,518.83,64.54,204.68,0.6150,-1,-1,-1
213,20,99.74,669.99,109.57,248.08,0.7477,-1,-1,-1
213,16,507.51,326.04,71.37,211.25,0.6299,-1,-1,-1
213,21,21.54,610.30,83.32,234.10,0.5290,-1,-1,-1
214,1,425.28,201.30,77.48,210.41,0.3946,-1,-1,-1
214,3,950.56,908.96,65.45,171.06,0.7357,-1,-1,-1
214,4,1721.55,459.40,73.22,207.99,0.5645,-1,-1,-1
214,5,1354.21,571.08,81.04,218.75,0.5271,-1,-1,-1
214,13,399.00,580.24,84.81,243.50,0.6935,-1,-1,-1
214,12,899.62,142.54,68.77,185.21,0.4662,-1,-1,-1
214,2,100.95,545.90,66.56,171.94,0.4908,-1,-1,-1
214,6,216.44,518.39,64.38,203.61,0.5915,-1,-1,-1
214,20,102.04,667.73,110.62,252.72,0.7556,-1,-1,-1
214,16,508.24,325.19,71.41,211.28,0.7047,-1,-1,-1
214,21,27.95,613.02,82.22,233.02,0.5563,-1,-1,-1
215,1,425.94,200.59,76.99,209.66,0.3774,-1,-1,-1
215,3,948.92,908.86,65.27,171.20,0.7452,-1,-1,-1
215,4,1721.67,459.62,73.17,207.68,0.5782,-1,-1,-1
215,5,1355.25,571.51,79.94,216.08,0.5403,-1,-1,-1
215,13,399.15,578.66,85.50,244.90,0.7152,-1,-1,-1
215,12,900.58,141.81,68.64,185.52,0.4448,-1,-1,-1
215,2,102.27,547.44,66.68,171.68,0.4498,-1,-1,-1
215,6,216.27,517.54,64.47,203.69,0.5843,-1,-1,-1
215,20,104.52,666.02,110.63,256.34,0.7662,-1,-1,-1
215,16,508.24,325.40,71.91,213.21,0.6742,-1,-1,-1
215,21,35.84,612.87,82.31,235.03,0.5209,-1,-1,-1
216,1,426.40,201.07,75.36,205.39,0.3520,-1,-1,-1
216,3,948.17,908.90,64.97,171.16,0.7376,-1,-1,-1
216,4,1721.50,459.07,73.41,208.59,0.5417,-1,-1,-1
216,5,1355.33,571.19,80.38,217.48,0.5404,-1,-1,-1
216,13,399.77,577.97,86.00,245.91,0.7187,-1,-1,-1
216,12,900.73,140.79,68.64,186.23,0.5114,-1,-1,-1
216,2,103.19,547.83,67.45,172.91,0.4643,-1,-1,-1
216,6,215.57,516.69,64.07,201.98,0.5842,-1,-1,-1
216,20,106.80,664.15,109.95,259.11,0.7806,-1,-1,-1
216,16,507.38,326.90,72.46,215.59,0.6221,-1,-1,-1
216,21,39.96,611.64,83.02,239.22,0.6183,-1,-1,-1
217,1,426.35,199.63,74.58,203.68,0.3484,-1,-1,-1
217,3,947.53,908.69,64.66,171.37,0.7374,-1,-1,-1
217,4,1721.25,459.06,73.51,208.86,0.5315,-1,-1,-1
217,5,1355.37,571.54,80.77,218.20,0.5258,-1,-1,-1
217,13,400.01,576.75,86.51,246.58,0.7099,-1,-1,-1
217,12,901.13,140.54,68.33,185.50,0.4604,-1,-1,-1
217,2,102.83,548.79,67.25,172.12,0.3979,-1,-1,-1
217,6,216.18,515.74,64.11,203.46,0.5800,-1,-1,-1
217,20,108.11,663.44,108.77,259.92,0.7908,-1,-1,-1
217,16,507.31,328.96,72.68,217.28,0.5991,-1,-1,-1
217,21,45.36,613.30,82.65,239.77,0.6280,-1,-1,-1
218,1,426.86,198.71,74.00,201.75,0.3752,-1,-1,-1
218,3,946.08,908.28,64.73,171.78,0.7344,-1,-1,-1
218,4,1721.23,459.25,73.62,209.36,0.5225,-1,-1,-1
218,5,1355.02,571.39,80.94,218.68,0.4938,-1,-1,-1
218,13,399.96,576.17,86.83,246.48,0.7189,-1,-1,-1
218,12,901.55,140.74,67.70,183.90,0.3776,-1,-1,-1
218,2,107.09,548.57,59.72,148.76,0.3216,-1,-1,-1
218,6,216.15,514.20,64.00,205.33,0.5482,-1,-1,-1
218,20,111.51,664.06,106.91,258.99,0.7803,-1,-1,-1
218,16,507.30,330.13,72.83,219.50,0.6173,-1,-1,-1
218,21,53.04,616.81,82.19,237.93,0.4969,-1,-1,-1
219,1,427.77,197.16,73.22,199.53,0.3551,-1,-1,-1
219,3,943.84,907.52,65.17,172.53,0.7538,-1,-1,-1
219,4,1721.08,458.94,73.73,209.85,0.5485,-1,-1,-1
219,5,1355.27,571.79,80.59,217.44,0.5037,-1,-1,-1
219,13,400.27,575.12,86.73,245.75,0.6946,-1,-1,-1
219,12,900.93,140.38,68.74,186.47,0.4737,-1,-1,-1
219,2,108.25,549.11,56.88,137.07,0.3710,-1,-1,-1
219,6,215.06,512.02,63.00,203.52,0.5354,-1,-1,-1
219,20,114.77,663.26,105.27,258.59,0.7718,-1,-1,-1
219,16,507.60,331.66,72.41,220.09,0.6280,-1,-1,-1
219,21,58.68,623.62,79.34,228.46,0.5830,-1,-1,-1
220,1,427.94,196.53,72.80,198.60,0.3742,-1,-1,-1
220,3,942.06,905.99,65.95,174.06,0.7481,-1,-1,-1
220,4,1721.24,459.02,73.58,209.40,0.5642,-1,-1,-1
220,5,1355.36,571.11,81.12,218.30,0.5130,-1,-1,-1
220,13,399.18,572.48,87.23,246.89,0.7156,-1,-1,-1
220,12,900.55,140.81,69.44,187.44,0.5145,-1,-1,-1
220,2,105.55,549.68,57.98,134.54,0.3996,-1,-1,-1
220,6,213.32,508.29,62.29,202.29,0.5506,-1,-1,-1
220,20,119.46,665.30,102.54,253.11,0.7425,-1,-1,-1
220,16,507.63,333.95,71.27,218.45,0.6369,-1,-1,-1
220,21,63.01,629.41,78.26,223.05,0.6052,-1,-1,-1
221,1,428.30,195.28,72.83,199.10,0.3794,-1,-1,-1
221,3,939.51,905.00,66.61,175.04,0.7478,-1,-1,-1
221,4,1720.99,458.62,73.56,209.34,0.5864,-1,-1,-1
221,5,1355.29,571.39,81.23,218.12,0.5156,-1,-1,-1
221,13,398.88,569.64,87.41,248.02,0.6923,-1,-1,-1
221,12,901.18,141.06,69.66,188.01,0.5417,-1,-1,-1
221,2,102.21,550.56,61.02,136.09,0.4767,-1,-1,-1
221,6,212.20,504.92,61.93,201.54,0.5997,-1,-1,-1
221,20,124.11,667.11,101.82,252.23,0.7301,-1,-1,-1
221,16,508.16,336.16,70.94,218.69,0.6034,-1,-1,-1
221,21,67.52,633.93,78.07,219.94,0.6305,-1,-1,-1
221,22,597.76,343.75,58.14,199.95,0.5801,-1,-1,-1
222,1,428.67,193.99,72.88,199.72,0.3578,-1,-1,-1
222,3,938.02,904.86,67.20,175.18,0.7533,-1,-1,-1
222,4,1721.41,458.55,73.45,208.96,0.5638,-1,-1,-1
222,5,1355.43,571.56,81.95,219.53,0.4860,-1,-1,-1
222,13,398.08,566.01,87.72,249.92,0.7094,-1,-1,-1
222,12,901.48,140.65,69.28,187.23,0.4980,-1,-1,-1
222,2,99.64,550.98,68.15,150.00,0.3797,-1,-1,-1
222,6,210.57,503.41,62.12,200.85,0.5618,-1,-1,-1
222,20,131.10,668.76,102.33,251.81,0.7160,-1,-1,-1
222,16,508.73,336.83,70.47,218.95,0.5869,-1,-1,-1
222,21,72.08,632.66,80.63,223.99,0.5137,-1,-1,-1
222,22,597.26,345.06,57.94,199.21,0.5701,-1,-1,-1
223,1,429.69,193.65,73.04,201.21,0.3377,-1,-1,-1
223,3,936.94,904.59,67.78,175.44,0.7456,-1,-1,-1
223,4,1721.60,458.01,73.40,209.23,0.5424,-1,-1,-1
223,5,1355.56,571.66,82.65,220.89,0.4526,-1,-1,-1
223,13,398.05,564.10,86.40,246.80,0.7257,-1,-1,-1
223,12,900.96,140.54,68.83,185.93,0.4489,-1,-1,-1
223,2,101.04,551.92,66.85,143.58,0.4595,-1,-1,-1
223,6,210.06,502.30,62.28,200.30,0.5643,-1,-1,-1
223,20,135.11,670.39,104.87,255.93,0.6903,-1,-1,-1
223,16,509.26,337.45,70.04,218.67,0.5835,-1,-1,-1
223,21,73.87,634.07,81.61,224.82,0.5791,-1,-1,-1
223,22,596.41,346.07,57.75,198.37,0.5594,-1,-1,-1
224,1,430.79,193.32,72.99,202.01,0.3577,-1,-1,-1
224,3,936.25,904.31,68.19,175.72,0.7161,-1,-1,-1
224,4,1721.58,458.71,73.33,208.98,0.5487,-1,-1,-1
224,5,1355.85,571.62,85.06,226.57,0.4353,-1,-1,-1
224,13,397.90,560.96,84.46,241.67,0.7171,-1,-1,-1
224,12,902.68,138.11,69.17,186.33,0.4197,-1,-1,-1
224,2,101.47,552.53,67.68,142.86,0.3632,-1,-1,-1
224,6,210.37,500.78,62.18,201.40,0.5535,-1,-1,-1
224,20,138.97,674.38,107.19,258.68,0.7254,-1,-1,-1
224,16,510.22,338.19,69.77,218.38,0.5859,-1,-1,-1
224,21,75.74,635.36,81.19,223.00,0.5422,-1,-1,-1
224,22,595.73,346.56,57.69,197.91,0.5603,-1,-1,-1
225,1,430.09,192.07,73.46,203.80,0.3693,-1,-1,-1
225,3,935.67,903.41,68.77,176.56,0.7277,-1,-1,-1
225,4,1721.42,458.73,73.55,209.44,0.5840,-1,-1,-1
225,5,1355.97,572.08,86.75,230.47,0.4103,-1,-1,-1
225,13,397.05,557.99,82.98,238.03,0.7170,-1,-1,-1
225,12,904.40,137.23,69.21,185.73,0.3902,-1,-1,-1
225,2,100.78,553.12,70.34,147.25,0.3705,-1,-1,-1
225,6,210.54,499.43,61.78,200.96,0.6084,-1,-1,-1
225,20,140.71,677.36,109.71,262.79,0.7732,-1,-1,-1
225,16,511.37,338.78,69.59,217.80,0.5865,-1,-1,-1
225,21,78.46,638.38,81.64,225.66,0.5941,-1,-1,-1
225,22,595.17,347.78,57.27,196.09,0.5705,-1,-1,-1
226,1,430.36,190.55,73.68,204.97,0.3925,-1,-1,-1
226,3,934.37,902.32,69.64,177.68,0.7226,-1,-1,-1
226,4,1721.41,458.26,73.88,210.29,0.5769,-1,-1,-1
226,5,1357.19,573.40,86.11,227.02,0.4488,-1,-1,-1
226,13,394.67,555.52,83.22,237.96,0.7250,-1,-1,-1
226,12,905.48,135.63,68.66,184.93,0.3656,-1,-1,-1
226,2,101.01,554.17,72.96,151.81,0.4247,-1,-1,-1
226,6,208.75,499.05,62.44,201.50,0.6060,-1,-1,-1
226,20,142.13,680.13,111.06,264.70,0.7539,-1,-1,-1
226,16,510.93,339.59,69.82,217.32,0.6155,-1,-1,-1
226,21,82.73,640.26,81.66,226.87,0.6079,-1,-1,-1
226,22,593.92,347.73,57.41,195.96,0.5807,-1,-1,-1
227,1,430.87,188.79,74.23,207.20,0.4145,-1,-1,-1
227,3,933.64,901.94,70.07,178.07,0.7081,-1,-1,-1
227,4,1721.39,458.24,73.77,210.05,0.5957,-1,-1,-1
227,5,1356.97,573.89,86.21,226.23,0.4627,-1,-1,-1
227,13,392.63,553.14,83.69,238.73,0.7344,-1,-1,-1
227,12,906.49,133.98,68.66,186.62,0.3490,-1,-1,-1
227,2,101.69,554.57,74.96,155.30,0.4687,-1,-1,-1
227,6,208.56,498.03,63.23,203.22,0.6048,-1,-1,-1
227,20,144.32,682.61,112.55,268.14,0.7643,-1,-1,-1
227,16,511.31,342.39,69.24,213.92,0.6181,-1,-1,-1
227,21,88.81,639.63,81.45,228.00,0.5921,-1,-1,-1
227,22,592.46,347.64,57.98,196.87,0.5905,-1,-1,-1
228,1,431.70,188.21,74.14,207.61,0.4362,-1,-1,-1
228,3,933.23,901.13,70.56,178.87,0.6954,-1,-1,-1
228,4,1721.70,459.16,73.35,208.66,0.5956,-1,-1,-1
228,5,1357.65,575.25,88.14,229.27,0.4474,-1,-1,-1
228,13,389.95,551.81,84.47,239.41,0.7352,-1,-1,-1
228,12,909.10,132.85,67.08,182.34,0.3559,-1,-1,-1
228,2,104.07,555.02,72.74,148.89,0.4599,-1,-1,-1
228,6,208.86,496.90,63.64,203.70,0.6215,-1,-1,-1
228,20,145.85,686.57,111.31,266.97,0.7345,-1,-1,-1
228,16,510.67,342.06,69.41,213.85,0.6387,-1,-1,-1
228,21,93.81,640.15,81.94,230.59,0.6010,-1,-1,-1
228,22,591.52,348.74,57.97,195.58,0.5721,-1,-1,-1
229,1,432.22,187.81,74.08,208.59,0.4224,-1,-1,-1
229,3,932.57,900.35,71.07,179.66,0.7155,-1,-1,-1
229,4,1721.27,459.32,73.51,208.87,0.6028,-1,-1,-1
229,5,1357.59,575.97,86.72,223.77,0.4909,-1,-1,-1
229,13,387.53,549.61,85.90,241.68,0.7255,-1,-1,-1
229,12,912.34,131.99,65.76,178.53,0.3882,-1,-1,-1
229,2,106.48,555.96,71.02,143.03,0.4673,-1,-1,-1
229,6,208.17,495.83,64.29,204.91,0.5912,-1,-1,-1
229,20,146.13,689.74,109.95,265.91,0.7290,-1,-1,-1
229,16,510.83,343.67,69.36,212.49,0.6495,-1,-1,-1
229,21,100.51,642.76,80.05,226.43,0.5913,-1,-1,-1
229,22,590.90,349.55,58.08,194.65,0.5615,-1,-1,-1
230,1,433.64,187.42,73.12,206.72,0.4565,-1,-1,-1
230,3,932.47,899.69,71.41,180.32,0.7126,-1,-1,-1
230,4,1721.29,459.55,73.46,208.49,0.5841,-1,-1,-1
230,5,1357.75,575.43,88.92,227.59,0.4598,-1,-1,-1
230,13,385.34,546.68,87.91,245.78,0.7325,-1,-1,-1
230,12,915.80,130.60,64.68,175.25,0.3404,-1,-1,-1
230,2,109.40,556.49,68.04,133.27,0.4543,-1,-1,-1
230,6,207.46,494.59,64.64,204.76,0.5886,-1,-1,-1
230,20,147.31,693.01,109.31,264.75,0.7489,-1,-1,-1
230,16,510.91,344.44,69.84,213.21,0.6390,-1,-1,-1
230,21,106.51,645.06,77.06,218.72,0.5594,-1,-1,-1
230,22,590.39,350.98,58.24,193.59,0.5281,-1,-1,-1
231,1,435.04,186.88,72.33,204.84,0.4376,-1,-1,-1
231,3,932.06,899.29,71.71,180.67,0.7279,-1,-1,-1
231,4,1721.34,458.82,73.82,209.51,0.6109,-1,-1,-1
231,5,1358.40,577.29,88.58,224.60,0.4701,-1,-1,-1
231,13,383.31,545.13,89.23,247.75,0.7377,-1,-1,-1
231,12,918.07,129.56,65.55,177.18,0.3072,-1,-1,-1
231,2,109.99,556.80,67.47,128.86,0.4820,-1,-1,-1
231,6,209.82,493.31,64.52,204.50,0.5610,-1,-1,-1
231,20,150.05,695.36,108.04,263.28,0.7687,-1,-1,-1
231,16,510.17,345.43,70.16,213.02,0.6584,-1,-1,-1
231,21,117.76,644.64,62.08,170.47,0.4767,-1,-1,-1
231,22,589.81,350.48,58.77,193.33,0.5485,-1,-1,-1
232,1,436.14,186.46,72.26,205.34,0.4461,-1,-1,-1
232,3,932.03,899.25,71.88,180.74,0.7215,-1,-1,-1
232,4,1721.44,458.08,73.97,210.21,0.6170,-1,-1,-1
232,5,1358.66,578.33,90.54,228.18,0.4679,-1,-1,-1
232,13,380.79,544.56,90.24,248.30,0.7132,-1,-1,-1
232,12,919.51,127.19,66.60,179.67,0.3077,-1,-1,-1
232,2,109.67,557.18,68.69,128.71,0.4507,-1,-1,-1
232,6,213.15,492.22,63.78,203.51,0.5231,-1,-1,-1
232,20,155.73,697.68,105.67,260.51,0.7634,-1,-1,-1
232,16,508.94,345.95,70.84,215.08,0.6662,-1,-1,-1
232,21,114.04,647.38,76.00,212.57,0.5335,-1,-1,-1
232,22,590.00,351.80,58.59,191.10,0.5231,-1,-1,-1
233,1,437.23,184.76,72.51,207.11,0.4114,-1,-1,-1
233,3,932.29,898.96,71.95,181.04,0.7089,-1,-1,-1
233,4,1721.63,458.34,73.74,209.53,0.5951,-1,-1,-1
233,5,1358.34,577.79,93.16,233.52,0.4534,-1,-1,-1
233,13,378.99,544.19,90.60,247.15,0.6917,-1,-1,-1
233,2,109.40,557.85,71.20,131.59,0.4187,-1,-1,-1
233,6,213.03,490.66,64.02,203.60,0.5892,-1,-1,-1
233,20,160.30,699.88,103.46,258.01,0.7783,-1,-1,-1
233,16,507.87,346.85,71.79,218.18,0.6781,-1,-1,-1
233,21,114.11,648.51,78.02,221.77,0.5440,-1,-1,-1
233,22,589.72,353.39,58.90,190.74,0.5164,-1,-1,-1
234,1,438.58,183.59,72.62,208.30,0.4265,-1,-1,-1
234,3,933.29,899.80,71.31,180.20,0.6985,-1,-1,-1
234,4,1721.96,458.25,73.76,209.69,0.6140,-1,-1,-1
234,5,1357.77,576.31,95.57,238.11,0.5107,-1,-1,-1
234,13,377.69,542.74,90.73,245.23,0.7133,-1,-1,-1
234,2,94.17,558.77,102.97,198.00,0.3856,-1,-1,-1
234,6,214.78,488.68,63.07,200.37,0.5975,-1,-1,-1
234,20,163.08,701.25,102.06,257.11,0.7941,-1,-1,-1
234,16,506.64,347.78,72.27,220.32,0.6880,-1,-1,-1
234,21,114.18,650.45,78.02,223.85,0.4359,-1,-1,-1
234,22,589.06,354.35,59.90,192.89,0.5440,-1,-1,-1
235,1,440.47,182.40,72.06,207.64,0.4530,-1,-1,-1
235,3,933.31,900.36,70.72,179.65,0.6793,-1,-1,-1
235,4,1721.99,458.70,73.55,209.33,0.5925,-1,-1,-1
235,5,1359.18,576.48,96.41,238.38,0.4402,-1,-1,-1
235,13,376.05,541.54,91.27,245.30,0.7200,-1,-1,-1
235,2,102.77,559.36,87.27,165.48,0.4372,-1,-1,-1
235,6,215.97,486.20,62.40,198.47,0.5967,-1,-1,-1
235,20,166.53,702.64,99.72,254.47,0.7767,-1,-1,-1
235,16,505.79,350.07,72.23,220.86,0.6852,-1,-1,-1
235,21,116.17,652.95,76.57,221.71,0.5006,-1,-1,-1
235,22,589.28,356.35,60.01,192.42,0.5304,-1,-1,-1
236,1,442.46,182.35,70.62,204.10,0.4484,-1,-1,-1
236,3,933.66,900.37,70.27,179.64,0.6705,-1,-1,-1
236,4,1721.91,459.11,73.35,209.05,0.6041,-1,-1,-1
236,5,1360.59,576.63,97.19,238.74,0.4502,-1,-1,-1
236,13,375.22,540.79,91.29,244.25,0.7202,-1,-1,-1
236,2,107.42,560.14,80.53,151.18,0.5191,-1,-1,-1
236,6,216.83,483.97,62.08,197.04,0.5818,-1,-1,-1
236,20,169.82,703.16,98.17,253.90,0.7783,-1,-1,-1
236,16,505.28,352.73,71.40,219.06,0.6844,-1,-1,-1
236,21,119.64,656.62,75.50,220.28,0.5671,-1,-1,-1
236,22,588.94,358.45,59.10,188.68,0.5084,-1,-1,-1
237,1,443.37,181.50,69.76,201.48,0.3803,-1,-1,-1
237,3,933.95,900.37,69.74,179.63,0.6756,-1,-1,-1
237,4,1721.64,458.52,73.47,209.52,0.5917,-1,-1,-1
237,5,1362.97,577.43,97.70,238.88,0.4263,-1,-1,-1
237,13,374.84,538.01,91.59,244.86,0.7035,-1,-1,-1
237,2,109.06,560.32,78.67,146.64,0.5160,-1,-1,-1
237,6,218.00,482.45,61.96,196.40,0.5577,-1,-1,-1
237,20,173.13,703.80,96.26,251.74,0.7906,-1,-1,-1
237,16,504.14,355.39,70.82,217.38,0.6776,-1,-1,-1
237,21,123.48,655.43,75.41,221.99,0.6008,-1,-1,-1
237,22,588.56,360.64,59.29,188.63,0.5128,-1,-1,-1
238,1,443.77,180.46,69.58,200.60,0.3879,-1,-1,-1
238,3,933.68,900.37,69.16,179.63,0.6801,-1,-1,-1
238,4,1721.56,459.53,73.08,208.33,0.6043,-1,-1,-1
238,5,1366.17,578.58,98.46,239.70,0.4166,-1,-1,-1
238,13,375.65,535.62,91.12,243.86,0.7075,-1,-1,-1
238,2,98.05,560.97,105.62,203.42,0.4703,-1,-1,-1
238,6,218.05,480.35,62.22,196.98,0.5441,-1,-1,-1
238,20,176.98,703.96,95.53,252.59,0.7751,-1,-1,-1
238,16,502.94,356.95,70.99,218.12,0.6982,-1,-1,-1
238,21,130.54,658.29,72.88,217.01,0.4653,-1,-1,-1
238,22,588.52,362.03,59.34,187.95,0.5444,-1,-1,-1
239,1,444.64,179.14,69.70,200.37,0.4008,-1,-1,-1
239,3,933.53,900.17,68.60,179.84,0.7089,-1,-1,-1
239,4,1721.71,458.86,73.30,209.14,0.6240,-1,-1,-1
239,5,1364.52,577.33,100.06,240.58,0.4685,-1,-1,-1
239,13,377.88,531.61,89.55,240.74,0.7622,-1,-1,-1
239,2,94.60,561.65,114.36,227.68,0.4800,-1,-1,-1
239,6,218.53,479.54,62.42,197.47,0.5839,-1,-1,-1
239,20,181.04,705.60,94.26,251.40,0.7562,-1,-1,-1
239,16,501.87,357.98,70.59,216.68,0.6809,-1,-1,-1
239,21,135.02,657.82,72.74,218.57,0.5325,-1,-1,-1
239,22,589.00,362.56,59.57,187.61,0.5599,-1,-1,-1
240,1,445.06,177.60,70.34,201.16,0.3619,-1,-1,-1
240,3,933.78,900.28,67.75,179.32,0.7054,-1,-1,-1
240,4,1721.66,459.12,73.37,208.96,0.5960,-1,-1,-1
240,5,1363.98,576.64,101.29,240.42,0.4574,-1,-1,-1
240,13,380.88,528.64,87.45,236.85,0.7467,-1,-1,-1
240,6,218.39,478.26,62.95,199.06,0.5943,-1,-1,-1
240,20,185.65,707.06,95.13,253.86,0.7576,-1,-1,-1
240,16,500.31,358.65,71.23,217.95,0.6509,-1,-1,-1
240,21,140.15,655.87,73.16,221.04,0.5604,-1,-1,-1
240,22,588.97,363.90,58.79,185.41,0.5469,-1,-1,-1
241,1,446.15,178.04,70.58,200.72,0.3664,-1,-1,-1
241,3,933.51,900.25,67.21,179.60,0.7162,-1,-1,-1
241,4,1721.67,458.80,73.29,208.90,0.6290,-1,-1,-1
241,5,1364.30,573.62,103.69,241.97,0.5078,-1,-1,-1
241,13,383.36,526.04,85.78,234.38,0.7304,-1,-1,-1
241,6,218.06,476.68,63.67,201.42,0.6210,-1,-1,-1
241,20,190.03,709.38,96.41,256.26,0.7769,-1,-1,-1
241,16,498.62,359.14,71.73,218.85,0.6603,-1,-1,-1
241,21,153.16,653.39,57.96,168.02,0.4031,-1,-1,-1
241,22,589.31,365.56,58.13,182.94,0.5622,-1,-1,-1
241,2,108.68,564.07,87.60,172.50,0.5324,-1,-1,-1
242,1,446.73,177.16,71.33,202.64,0.3642,-1,-1,-1
242,3,933.85,900.62,66.63,179.33,0.7259,-1,-1,-1
242,4,1721.49,459.25,73.10,208.50,0.6144,-1,-1,-1
242,5,1364.19,571.06,105.98,243.58,0.5357,-1,-1,-1
242,13,384.34,523.08,85.00,233.81,0.6991,-1,-1,-1
242,6,218.06,475.15,63.79,201.81,0.5969,-1,-1,-1
242,20,194.51,711.82,96.64,256.45,0.7483,-1,-1,-1
242,16,497.07,360.81,71.71,217.95,0.6504,-1,-1,-1
242,21,157.83,650.88,59.03,168.44,0.4305,-1,-1,-1
242,22,588.41,365.57,59.47,186.77,0.5493,-1,-1,-1
242,2,108.32,564.58,89.23,177.10,0.4398,-1,-1,-1
243,1,447.50,176.31,71.69,204.10,0.3479,-1,-1,-1
243,3,933.47,900.44,66.19,179.55,0.7104,-1,-1,-1
243,4,1721.57,458.96,72.94,207.77,0.6317,-1,-1,-1
243,5,1362.94,568.79,108.13,245.94,0.5380,-1,-1,-1
243,13,385.21,520.21,84.74,235.23,0.6883,-1,-1,-1
243,6,217.94,474.34,64.05,202.42,0.6049,-1,-1,-1
243,20,198.72,716.39,96.77,255.89,0.6950,-1,-1,-1
243,16,495.09,361.03,71.99,218.36,0.6476,-1,-1,-1
243,21,162.84,651.05,58.87,163.40,0.4760,-1,-1,-1
243,22,587.53,365.66,61.19,192.13,0.5771,-1,-1,-1
243,2,101.63,563.19,104.35,213.59,0.5381,-1,-1,-1
243,12,929.56,119.73,65.42,178.96,0.5040,-1,-1,-1
244,1,448.33,175.78,72.15,204.37,0.3518,-1,-1,-1
244,3,933.72,901.02,65.66,178.98,0.7835,-1,-1,-1
244,4,1721.29,458.89,72.97,207.74,0.6061,-1,-1,-1
244,5,1362.13,569.60,108.62,244.74,0.5077,-1,-1,-1
244,13,385.87,518.00,84.55,236.62,0.6919,-1,-1,-1
244,6,217.76,472.68,63.43,200.09,0.5755,-1,-1,-1
244,20,201.78,725.37,95.36,250.93,0.7041,-1,-1,-1
244,16,493.32,361.76,71.49,216.28,0.6436,-1,-1,-1
244,21,169.59,653.07,59.69,158.50,0.5560,-1,-1,-1
244,22,585.69,366.84,62.31,196.29,0.5805,-1,-1,-1
244,2,99.65,564.17,110.88,234.07,0.5662,-1,-1,-1
244,12,930.65,118.25,64.63,179.07,0.4405,-1,-1,-1
245,1,448.72,175.67,72.20,203.90,0.3196,-1,-1,-1
245,3,934.05,902.25,65.09,177.75,0.7905,-1,-1,-1
245,4,1721.03,458.98,73.09,207.93,0.5892,-1,-1,-1
245,5,1362.97,569.84,109.20,244.63,0.4324,-1,-1,-1
245,13,386.38,517.62,84.33,237.42,0.6787,-1,-1,-1
245,6,217.36,471.32,63.72,200.89,0.5674,-1,-1,-1
245,20,201.28,729.07,95.69,250.64,0.7023,-1,-1,-1
245,16,491.93,362.06,72.20,218.45,0.6682,-1,-1,-1
245,21,173.83,654.87,59.39,152.25,0.5935,-1,-1,-1
245,22,584.77,368.99,62.73,198.64,0.5897,-1,-1,-1
245,2,101.13,566.89,111.49,242.53,0.6234,-1,-1,-1
245,12,932.09,116.51,63.79,179.01,0.4541,-1,-1,-1
246,1,449.05,176.05,72.53,204.22,0.3246,-1,-1,-1
246,3,934.74,903.23,64.68,176.77,0.7800,-1,-1,-1
246,4,1720.98,458.51,73.62,209.38,0.6068,-1,-1,-1
246,5,1366.89,571.27,108.16,242.92,0.4674,-1,-1,-1
246,13,386.87,517.07,84.44,238.91,0.6971,-1,-1,-1
246,6,218.49,470.28,64.31,203.49,0.5838,-1,-1,-1
246,20,202.20,731.16,96.92,254.66,0.6849,-1,-1,-1
246,16,490.20,363.39,71.61,215.77,0.6925,-1,-1,-1
246,21,178.79,655.24,60.44,151.17,0.6018,-1,-1,-1
246,22,583.98,370.70,62.99,200.16,0.6292,-1,-1,-1
246,2,103.60,566.39,110.33,247.13,0.6373,-1,-1,-1
246,12,933.35,115.69,63.05,179.52,0.4114,-1,-1,-1
247,1,449.66,175.57,73.08,204.68,0.3373,-1,-1,-1
247,3,935.25,903.75,64.41,176.26,0.7677,-1,-1,-1
247,4,1720.67,458.44,73.59,208.95,0.6209,-1,-1,-1
247,5,1368.66,568.68,109.61,247.22,0.5719,-1,-1,-1
247,13,387.38,516.79,84.50,240.20,0.7037,-1,-1,-1
247,6,218.33,468.94,64.63,205.32,0.5815,-1,-1,-1
247,20,203.89,733.28,97.26,256.07,0.6711,-1,-1,-1
247,16,488.74,364.42,71.64,215.10,0.7434,-1,-1,-1
247,21,185.08,656.44,60.48,145.74,0.4376,-1,-1,-1
247,22,583.32,372.28,63.78,203.36,0.6803,-1,-1,-1
247,2,106.49,565.54,109.41,251.17,0.6223,-1,-1,-1
247,12,934.54,114.42,61.89,177.88,0.4336,-1,-1,-1
248,1,449.58,173.88,74.73,208.77,0.3513,-1,-1,-1
248,3,936.10,904.86,64.06,175.07,0.7521,-1,-1,-1
248,4,1720.19,459.21,73.65,208.49,0.6282,-1,-1,-1
248,5,1371.61,569.46,108.62,246.33,0.5477,-1,-1,-1
248,13,387.74,516.45,84.28,240.55,0.6928,-1,-1,-1
248,6,218.91,467.61,63.80,203.91,0.5748,-1,-1,-1
248,20,203.25,735.06,97.42,257.37,0.5897,-1,-1,-1
248,16,487.61,365.85,71.62,214.91,0.7417,-1,-1,-1
248,21,189.12,661.54,62.09,144.97,0.3692,-1,-1,-1
248,22,582.52,374.37,64.16,205.97,0.6461,-1,-1,-1
248,2,110.70,565.18,106.56,250.32,0.6796,-1,-1,-1
248,12,936.29,113.54,60.88,176.38,0.4607,-1,-1,-1
249,1,450.07,172.17,75.45,210.34,0.3885,-1,-1,-1
249,3,936.78,905.31,64.08,174.67,0.7497,-1,-1,-1
249,4,1720.40,459.51,73.44,207.83,0.5910,-1,-1,-1
249,5,1374.48,569.92,107.51,247.34,0.5262,-1,-1,-1
249,13,387.95,515.74,84.15,240.37,0.6853,-1,-1,-1
249,6,219.82,466.78,61.62,197.38,0.5555,-1,-1,-1
249,20,203.99,740.53,95.16,252.95,0.4883,-1,-1,-1
249,16,486.70,367.20,71.87,215.66,0.7132,-1,-1,-1
249,22,581.93,377.78,63.61,205.38,0.6023,-1,-1,-1
249,2,113.51,565.45,104.47,251.37,0.6679,-1,-1,-1
249,12,937.63,111.40,61.20,178.45,0.5151,-1,-1,-1
250,1,450.15,170.50,75.84,211.30,0.3735,-1,-1,-1
250,3,937.46,905.73,64.21,174.26,0.7302,-1,-1,-1
250,4,1720.74,458.61,73.71,208.70,0.5973,-1,-1,-1
250,5,1377.46,569.70,105.52,246.84,0.5921,-1,-1,-1
250,13,388.64,515.51,83.87,239.32,0.6793,-1,-1,-1
250,6,221.07,465.04,60.99,195.86,0.5543,-1,-1,-1
250,20,209.08,745.66,92.54,246.41,0.4586,-1,-1,-1
250,16,486.15,368.90,72.52,217.82,0.6858,-1,-1,-1
250,22,581.33,380.72,62.87,203.63,0.6331,-1,-1,-1
250,2,117.63,566.84,101.36,248.86,0.6766,-1,-1,-1
250,12,937.35,109.82,61.62,180.08,0.4961,-1,-1,-1
251,1,449.97,168.61,75.77,211.55,0.3775,-1,-1,-1
251,3,938.82,907.17,63.94,172.82,0.7400,-1,-1,-1
251,4,1720.70,459.07,73.68,208.04,0.6042,-1,-1,-1
251,5,1379.99,568.89,104.12,247.30,0.6259,-1,-1,-1
251,13,388.77,513.05,84.10,239.65,0.6654,-1,-1,-1
251,6,221.38,461.92,61.06,196.69,0.5620,-1,-1,-1
251,20,210.08,745.53,92.54,247.48,0.5578,-1,-1,-1
251,16,486.63,369.37,73.81,223.70,0.6535,-1,-1,-1
251,22,580.67,382.92,62.61,203.55,0.6521,-1,-1,-1
251,2,121.54,566.53,99.87,250.15,0.7000,-1,-1,-1
251,12,937.17,109.81,62.18,180.71,0.4688,-1,-1,-1
251,21,199.58,672.52,63.30,139.56,0.5093,-1,-1,-1
252,1,450.15,167.40,74.92,209.21,0.3792,-1,-1,-1
252,3,939.66,907.95,63.97,172.05,0.7127,-1,-1,-1
252,4,1720.81,459.49,73.53,207.43,0.5840,-1,-1,-1
252,5,1381.34,569.56,101.60,244.38,0.5677,-1,-1,-1
252,13,389.21,510.34,84.31,240.63,0.6639,-1,-1,-1
252,6,220.46,457.24,61.92,200.43,0.5736,-1,-1,-1
252,20,211.59,743.27,93.58,249.22,0.6631,-1,-1,-1
252,16,486.62,371.81,74.06,226.36,0.6547,-1,-1,-1
252,22,579.98,383.93,62.87,204.87,0.6667,-1,-1,-1
252,2,125.69,567.03,97.85,248.85,0.7027,-1,-1,-1
252,12,937.34,107.46,62.87,182.19,0.4819,-1,-1,-1
252,21,199.56,675.26,66.44,139.91,0.4683,-1,-1,-1
253,1,450.83,166.64,74.29,208.32,0.3854,-1,-1,-1
253,3,940.42,908.26,64.28,171.74,0.7335,-1,-1,-1
253,4,1720.98,458.46,73.92,208.71,0.5705,-1,-1,-1
253,5,1382.32,570.20,100.94,246.10,0.6154,-1,-1,-1
253,13,389.14,507.63,84.05,240.06,0.6689,-1,-1,-1
253,6,221.22,456.57,61.58,199.09,0.6017,-1,-1,-1
253,20,215.20,740.19,93.90,250.85,0.7348,-1,-1,-1
253,16,486.80,374.06,73.63,226.28,0.6621,-1,-1,-1
253,22,578.48,384.13,63.44,207.27,0.6810,-1,-1,-1
253,2,129.67,566.92,96.06,247.27,0.6960,-1,-1,-1
253,12,937.07,108.27,63.15,181.78,0.4965,-1,-1,-1
253,21,202.03,676.87,66.71,136.95,0.4555,-1,-1,-1
254,1,451.58,165.96,73.08,205.51,0.3664,-1,-1,-1
254,3,941.43,909.33,64.30,170.67,0.7320,-1,-1,-1
254,4,1720.70,458.69,73.89,208.69,0.5815,-1,-1,-1
254,5,1383.78,570.07,99.61,245.94,0.6186,-1,-1,-1
254,13,389.24,504.98,83.29,238.76,0.6362,-1,-1,-1
254,6,221.32,455.74,61.57,198.80,0.5801,-1,-1,-1
254,20,218.46,738.34,94.07,253.18,0.7766,-1,-1,-1
254,16,486.24,374.21,74.10,229.48,0.6529,-1,-1,-1
254,22,577.43,385.81,63.46,207.52,0.6923,-1,-1,-1
254,2,132.71,566.69,94.43,245.35,0.6677,-1,-1,-1
254,12,937.33,108.57,63.71,181.83,0.4886,-1,-1,-1
254,21,202.32,677.89,68.35,137.01,0.4664,-1,-1,-1
255,1,452.60,165.35,71.28,202.22,0.3485,-1,-1,-1
255,3,942.08,909.70,64.58,169.74,0.7317,-1,-1,-1
255,4,1720.83,459.12,73.51,207.81,0.6054,-1,-1,-1
255,5,1384.72,569.58,99.23,248.21,0.6545,-1,-1,-1
255,13,390.69,502.42,81.71,234.38,0.6715,-1,-1,-1
255,6,221.54,455.22,61.53,198.06,0.6188,-1,-1,-1
255,20,219.58,736.69,95.77,259.08,0.7280,-1,-1,-1
255,16,486.00,374.92,73.99,230.54,0.6682,-1,-1,-1
255,22,576.33,386.28,63.51,208.03,0.7296,-1,-1,-1
255,2,135.34,565.18,93.30,244.67,0.6900,-1,-1,-1
255,12,937.17,108.51,64.08,180.77,0.4828,-1,-1,-1
255,21,204.74,679.75,69.58,136.66,0.4729,-1,-1,-1
256,1,453.38,164.49,70.11,199.61,0.3199,-1,-1,-1
256,3,942.34,909.96,65.27,169.83,0.7425,-1,-1,-1
256,4,1720.42,459.06,73.77,208.42,0.5660,-1,-1,-1
256,5,1387.08,568.87,97.69,246.85,0.6370,-1,-1,-1
256,13,391.18,499.02,80.70,231.80,0.6527,-1,-1,-1
256,6,221.76,454.60,61.33,196.83,0.5989,-1,-1,-1
256,20,222.76,736.77,96.92,265.06,0.7174,-1,-1,-1
256,16,486.69,375.63,73.36,230.38,0.6657,-1,-1,-1
256,22,575.61,387.10,63.34,207.72,0.7454,-1,-1,-1
256,2,137.47,565.21,92.25,243.70,0.6533,-1,-1,-1
256,12,937.33,107.76,64.64,180.67,0.4858,-1,-1,-1
256,21,208.57,678.60,74.81,144.24,0.5373,-1,-1,-1
257,1,454.35,163.35,69.09,197.23,0.3063,-1,-1,-1
257,3,942.86,910.96,65.72,168.78,0.7509,-1,-1,-1
257,4,1720.26,459.71,73.51,207.56,0.5789,-1,-1,-1
257,5,1389.40,567.81,96.14,245.34,0.6262,-1,-1,-1
257,13,391.72,495.07,80.69,231.99,0.6817,-1,-1,-1
257,6,221.78,453.93,61.84,197.51,0.5734,-1,-1,-1
257,20,227.57,743.24,96.42,266.97,0.7338,-1,-1,-1
257,16,486.68,378.12,72.53,228.43,0.6771,-1,-1,-1
257,22,574.89,387.52,62.98,206.66,0.7588,-1,-1,-1
257,2,139.51,565.06,91.95,243.51,0.6210,-1,-1,-1
257,12,937.17,106.94,65.27,181.23,0.4313,-1,-1,-1
257,21,209.13,678.68,78.98,150.61,0.5771,-1,-1,-1
258,1,455.38,163.03,68.67,196.19,0.3235,-1,-1,-1
258,3,943.09,912.42,65.79,166.60,0.7498,-1,-1,-1
258,4,1720.49,459.52,73.55,207.60,0.5669,-1,-1,-1
258,5,1391.59,566.87,94.07,242.06,0.6219,-1,-1,-1
258,13,390.66,492.67,81.00,233.04,0.6806,-1,-1,-1
258,6,222.39,452.96,62.07,197.51,0.5340,-1,-1,-1
258,20,229.20,747.55,96.29,269.44,0.7663,-1,-1,-1
258,16,487.12,377.64,72.24,228.94,0.6611,-1,-1,-1
258,22,574.75,388.10,62.46,205.23,0.7465,-1,-1,-1
258,2,141.59,564.95,92.56,245.67,0.5900,-1,-1,-1
258,12,938.53,105.73,65.21,180.15,0.4246,-1,-1,-1
258,21,212.21,679.63,81.25,155.06,0.5357,-1,-1,-1
259,1,457.70,162.36,68.79,196.99,0.3507,-1,-1,-1
259,3,943.63,913.85,66.20,164.85,0.7305,-1,-1,-1
259,4,1720.35,459.39,73.89,208.28,0.5631,-1,-1,-1
259,5,1395.20,566.56,91.67,238.46,0.5865,-1,-1,-1
259,13,389.43,491.39,81.31,233.47,0.6567,-1,-1,-1
259,6,223.01,452.15,61.88,196.73,0.5074,-1,-1,-1
259,20,231.38,752.94,94.39,265.97,0.7464,-1,-1,-1
259,16,486.70,380.78,71.12,225.50,0.6670,-1,-1,-1
259,22,574.58,389.56,61.96,203.12,0.7487,-1,-1,-1
259,2,144.34,565.87,92.37,244.81,0.6283,-1,-1,-1
259,12,939.50,103.78,64.94,179.44,0.4182,-1,-1,-1
259,21,218.60,681.29,73.92,136.63,0.4737,-1,-1,-1
260,1,458.09,162.18,69.01,197.51,0.3750,-1,-1,-1
260,3,944.97,914.78,66.66,162.83,0.7217,-1,-1,-1
260,4,1720.02,459.37,74.01,208.46,0.5879,-1,-1,-1
260,5,1397.43,565.90,90.73,239.28,0.5573,-1,-1,-1
260,13,386.86,490.18,82.30,234.79,0.6631,-1,-1,-1
260,6,223.25,451.32,61.57,195.18,0.5083,-1,-1,-1
260,20,233.40,756.85,93.84,266.90,0.7298,-1,-1,-1
260,16,487.84,380.72,70.94,226.00,0.6626,-1,-1,-1
260,22,574.12,390.85,61.33,200.64,0.7529,-1,-1,-1
260,2,148.43,565.37,92.19,245.62,0.6318,-1,-1,-1
260,12,940.43,101.61,63.88,175.82,0.4327,-1,-1,-1
260,21,223.51,682.40,70.97,127.60,0.5331,-1,-1,-1
261,1,456.00,161.05,70.76,200.73,0.3851,-1,-1,-1
261,3,945.46,915.16,68.05,163.05,0.7260,-1,-1,-1
261,4,1720.33,459.54,74.05,208.73,0.5983,-1,-1,-1
261,5,1401.25,565.68,89.26,239.61,0.5527,-1,-1,-1
261,13,383.27,488.25,83.91,236.93,0.6510,-1,-1,-1
261,6,223.22,450.15,61.41,194.12,0.4815,-1,-1,-1
261,20,236.23,762.28,90.85,260.36,0.6983,-1,-1,-1
261,16,487.36,383.43,69.86,222.40,0.6898,-1,-1,-1
261,22,574.05,392.57,60.64,197.96,0.7489,-1,-1,-1
261,2,152.78,565.35,91.55,247.22,0.6509,-1,-1,-1
261,12,940.35,99.38,63.51,174.17,0.4453,-1,-1,-1
261,21,225.31,684.13,71.98,126.67,0.6275,-1,-1,-1
262,1,457.81,161.59,70.13,199.21,0.3845,-1,-1,-1
262,3,945.13,916.95,68.52,160.41,0.7269,-1,-1,-1
262,4,1720.40,459.89,73.97,208.39,0.5945,-1,-1,-1
262,5,1404.37,564.18,88.30,240.04,0.5657,-1,-1,-1
262,13,381.11,486.96,85.01,237.53,0.6311,-1,-1,-1
262,6,223.24,448.94,61.35,193.30,0.5126,-1,-1,-1
262,20,238.51,764.51,91.27,263.29,0.6922,-1,-1,-1
262,16,487.55,384.74,69.32,220.84,0.7157,-1,-1,-1
262,22,573.70,394.89,60.38,196.71,0.7372,-1,-1,-1
262,2,157.29,565.61,91.51,249.60,0.6473,-1,-1,-1
262,12,939.87,98.14,63.11,171.94,0.4972,-1,-1,-1
262,21,227.69,686.72,72.40,125.67,0.5634,-1,-1,-1
263,1,455.74,160.45,70.81,201.38,0.3654,-1,-1,-1
263,3,944.59,918.17,69.48,158.73,0.7392,-1,-1,-1
263,4,1720.32,460.01,74.01,208.20,0.5727,-1,-1,-1
263,5,1406.08,564.85,86.38,237.49,0.5933,-1,-1,-1
263,13,379.54,485.54,86.10,238.51,0.6100,-1,-1,-1
263,6,224.26,446.64,60.95,191.58,0.5247,-1,-1,-1
263,20,240.73,767.94,90.69,262.98,0.6713,-1,-1,-1
263,16,487.50,385.24,69.07,220.07,0.6995,-1,-1,-1
263,22,573.10,396.51,60.95,198.14,0.7084,-1,-1,-1
263,2,160.59,565.65,90.75,250.87,0.6833,-1,-1,-1
263,12,939.54,96.33,63.97,174.05,0.4814,-1,-1,-1
263,21,230.14,688.52,72.92,124.53,0.4594,-1,-1,-1
264,1,457.21,160.35,70.01,200.20,0.3312,-1,-1,-1
264,3,944.62,919.53,70.13,156.67,0.7567,-1,-1,-1
264,4,1720.64,459.83,74.10,208.49,0.5835,-1,-1,-1
264,5,1408.03,565.12,85.67,237.00,0.6156,-1,-1,-1
264,13,378.08,484.75,86.84,238.45,0.6064,-1,-1,-1
264,6,225.96,447.15,59.99,188.17,0.5598,-1,-1,-1
264,20,244.09,771.57,89.85,261.33,0.7472,-1,-1,-1
264,16,487.12,385.51,68.81,218.59,0.6892,-1,-1,-1
264,22,571.63,397.49,61.47,199.52,0.6841,-1,-1,-1
264,2,163.63,564.95,89.97,252.32,0.6903,-1,-1,-1
264,12,938.75,94.49,65.02,176.60,0.4408,-1,-1,-1
264,21,235.25,691.49,71.23,120.79,0.6105,-1,-1,-1
265,1,457.60,160.99,69.19,199.47,0.3728,-1,-1,-1
265,3,944.97,920.07,71.33,156.24,0.7554,-1,-1,-1
265,4,1720.64,460.02,74.03,208.33,0.6007,-1,-1,-1
265,5,1408.41,565.44,85.71,239.01,0.5871,-1,-1,-1
265,13,376.93,483.99,87.56,238.54,0.6553,-1,-1,-1
265,6,227.02,444.64,60.11,188.45,0.5294,-1,-1,-1
265,20,245.58,772.45,89.51,261.38,0.7680,-1,-1,-1
265,16,486.54,385.71,68.81,218.35,0.6718,-1,-1,-1
265,22,570.89,398.95,61.50,198.98,0.7247,-1,-1,-1
265,2,166.65,565.54,89.07,253.83,0.6907,-1,-1,-1
265,12,938.63,93.12,65.66,178.87,0.4708,-1,-1,-1
265,21,238.92,694.59,70.66,119.97,0.5715,-1,-1,-1
266,1,458.13,160.21,69.16,201.05,0.3284,-1,-1,-1
266,3,944.82,920.58,72.54,155.86,0.7624,-1,-1,-1
266,4,1720.52,460.32,73.99,208.15,0.5899,-1,-1,-1
266,5,1408.57,565.49,86.35,242.92,0.5707,-1,-1,-1
266,13,376.58,483.50,87.91,237.70,0.6407,-1,-1,-1
266,6,227.15,443.96,59.15,184.31,0.4924,-1,-1,-1
266,20,250.40,774.46,89.25,259.48,0.7715,-1,-1,-1
266,16,484.98,385.45,69.25,219.85,0.6286,-1,-1,-1
266,22,569.13,400.82,62.46,201.50,0.6708,-1,-1,-1
266,2,170.33,566.22,88.54,255.54,0.6934,-1,-1,-1
266,12,939.22,92.40,65.62,178.94,0.4589,-1,-1,-1
266,21,244.24,698.03,69.06,118.01,0.5293,-1,-1,-1
267,1,459.18,159.64,68.76,201.22,0.3720,-1,-1,-1
267,3,944.90,920.55,73.83,156.13,0.7636,-1,-1,-1
267,4,1720.64,460.09,74.11,208.18,0.5666,-1,-1,-1
267,5,1408.99,565.29,86.07,244.31,0.5651,-1,-1,-1
267,13,375.69,481.37,88.56,238.24,0.6064,-1,-1,-1
267,6,226.37,441.57,59.79,184.85,0.4865,-1,-1,-1
267,20,250.99,773.49,90.16,261.00,0.7581,-1,-1,-1
267,16,482.59,386.00,69.78,221.30,0.6257,-1,-1,-1
267,22,567.83,402.26,63.39,204.13,0.6510,-1,-1,-1
267,2,173.31,567.17,88.65,259.23,0.6873,-1,-1,-1
267,12,939.56,91.56,65.84,179.72,0.4571,-1,-1,-1
267,21,248.76,701.29,67.27,114.93,0.5142,-1,-1,-1
268,1,459.91,157.65,68.90,202.83,0.3731,-1,-1,-1
268,3,945.43,920.38,74.84,156.50,0.7583,-1,-1,-1
268,4,1720.44,460.05,74.07,208.14,0.5799,-1,-1,-1
268,5,1409.45,564.74,85.55,245.07,0.5938,-1,-1,-1
268,13,374.80,479.55,88.97,238.80,0.6349,-1,-1,-1
268,6,225.75,439.78,60.55,186.22,0.5369,-1,-1,-1
268,20,251.03,771.13,90.71,263.43,0.7429,-1,-1,-1
268,16,480.62,387.94,70.50,222.85,0.6267,-1,-1,-1
268,22,566.76,403.31,64.06,205.59,0.6221,-1,-1,-1
268,2,176.56,568.69,87.41,259.03,0.7073,-1,-1,-1
268,12,941.36,91.83,65.55,179.06,0.4517,-1,-1,-1
268,21,253.38,703.98,66.00,112.80,0.5485,-1,-1,-1
269,1,460.88,158.60,67.74,199.87,0.4035,-1,-1,-1
269,3,946.53,920.52,75.60,156.69,0.7533,-1,-1,-1
269,4,1720.72,460.49,73.76,207.21,0.5951,-1,-1,-1
269,5,1410.92,566.01,84.64,244.15,0.5817,-1,-1,-1
269,13,374.87,477.79,89.19,239.18,0.6510,-1,-1,-1
269,6,225.82,437.64,61.57,188.72,0.5009,-1,-1,-1
269,20,252.51,773.49,90.00,261.17,0.7193,-1,-1,-1
269,16,478.54,389.47,70.77,222.11,0.6336,-1,-1,-1
269,22,566.22,401.34,65.12,208.43,0.6021,-1,-1,-1
269,2,180.58,570.95,85.46,254.72,0.7132,-1,-1,-1
269,12,942.11,91.82,65.32,178.62,0.4962,-1,-1,-1
269,21,257.17,705.79,66.07,112.78,0.5752,-1,-1,-1
270,1,460.21,155.52,67.70,201.67,0.3787,-1,-1,-1
270,3,947.07,920.85,76.33,157.16,0.7538,-1,-1,-1
270,4,1720.79,460.96,73.62,206.69,0.5596,-1,-1,-1
270,5,1414.27,569.04,83.47,241.52,0.5699,-1,-1,-1
270,13,375.46,475.61,88.34,236.70,0.6327,-1,-1,-1
270,6,225.92,436.48,62.07,190.06,0.4791,-1,-1,-1
270,20,254.80,770.78,90.23,263.16,0.7716,-1,-1,-1
270,16,477.08,391.92,71.05,221.56,0.6353,-1,-1,-1
270,22,565.31,401.72,66.25,211.42,0.6105,-1,-1,-1
270,2,184.62,572.25,83.72,249.33,0.6871,-1,-1,-1
270,12,942.31,91.57,65.52,178.70,0.4809,-1,-1,-1
270,21,261.69,706.70,64.68,109.33,0.5492,-1,-1,-1
271,1,461.13,155.83,67.19,201.03,0.3588,-1,-1,-1
271,3,947.86,921.50,76.55,156.66,0.7319,-1,-1,-1
271,4,1720.32,460.45,74.14,207.91,0.5710,-1,-1,-1
271,5,1417.96,572.47,82.45,239.26,0.5320,-1,-1,-1
271,13,377.86,472.56,86.24,231.32,0.6257,-1,-1,-1
271,6,226.78,435.41,61.17,187.11,0.4749,-1,-1,-1
271,20,257.23,771.96,89.34,261.74,0.7423,-1,-1,-1
271,16,476.01,393.60,71.14,220.13,0.6234,-1,-1,-1
271,22,565.13,402.47,65.88,210.04,0.6058,-1,-1,-1
271,2,187.86,574.13,83.07,246.49,0.6547,-1,-1,-1
271,12,942.77,90.97,65.37,177.90,0.5078,-1,-1,-1
271,21,264.38,708.00,66.93,112.44,0.4877,-1,-1,-1
272,1,462.26,154.42,67.12,201.15,0.3685,-1,-1,-1
272,3,948.08,921.78,76.85,156.42,0.7196,-1,-1,-1
272,4,1720.27,460.29,73.97,207.30,0.5510,-1,-1,-1
272,5,1420.43,574.70,82.58,240.47,0.5202,-1,-1,-1
272,13,382.29,469.01,84.42,227.62,0.5986,-1,-1,-1
272,6,227.53,433.73,60.92,186.76,0.4508,-1,-1,-1
272,20,259.44,778.77,88.43,258.85,0.7314,-1,-1,-1
272,16,474.64,395.14,71.48,219.58,0.5954,-1,-1,-1
272,22,564.23,402.93,66.52,212.38,0.5543,-1,-1,-1
272,2,190.57,574.54,83.35,246.10,0.6721,-1,-1,-1
272,12,942.83,90.38,65.86,178.43,0.4844,-1,-1,-1
272,21,268.48,708.41,69.57,116.71,0.5237,-1,-1,-1
273,1,462.68,152.87,66.52,199.98,0.4018,-1,-1,-1
273,3,947.98,922.09,77.22,156.28,0.7230,-1,-1,-1
273,4,1720.06,460.49,73.97,207.33,0.5611,-1,-1,-1
273,5,1422.38,579.11,81.09,237.03,0.4939,-1,-1,-1
273,13,384.69,465.59,83.32,226.30,0.5863,-1,-1,-1
273,6,228.51,432.67,60.06,184.54,0.4703,-1,-1,-1
273,20,259.62,781.28,89.53,261.07,0.7240,-1,-1,-1
273,16,473.18,396.37,71.58,218.79,0.6026,-1,-1,-1
273,22,562.90,404.13,66.66,212.57,0.5500,-1,-1,-1
273,2,193.44,575.38,83.93,245.67,0.6831,-1,-1,-1
273,12,942.57,89.31,65.97,178.73,0.4868,-1,-1,-1
273,21,272.40,708.64,73.64,123.88,0.5733,-1,-1,-1
274,1,462.70,152.09,65.31,196.77,0.4003,-1,-1,-1
274,3,947.86,922.31,77.63,156.37,0.7052,-1,-1,-1
274,4,1720.25,460.36,73.98,207.51,0.5941,-1,-1,-1
274,5,1423.72,579.37,81.47,239.14,0.5281,-1,-1,-1
274,13,385.08,462.24,83.27,227.56,0.6227,-1,-1,-1
274,6,228.62,431.67,59.58,183.34,0.4639,-1,-1,-1
274,20,263.14,785.34,90.27,262.14,0.7130,-1,-1,-1
274,16,471.91,397.42,71.77,218.68,0.6236,-1,-1,-1
274,22,560.92,404.97,66.51,211.87,0.5339,-1,-1,-1
274,2,195.96,576.36,84.97,246.81,0.6954,-1,-1,-1
274,12,942.32,88.25,66.16,179.55,0.5138,-1,-1,-1
274,21,273.79,708.88,80.05,136.05,0.6443,-1,-1,-1
275,1,463.06,151.09,64.63,194.82,0.4032,-1,-1,-1
275,3,947.32,922.38,78.17,156.46,0.7234,-1,-1,-1
275,4,1720.27,460.16,73.96,207.56,0.5895,-1,-1,-1
275,5,1426.08,580.09,81.20,239.59,0.5103,-1,-1,-1
275,13,385.30,461.17,82.63,226.66,0.6139,-1,-1,-1
275,6,228.02,430.50,60.97,188.05,0.3371,-1,-1,-1
275,20,266.17,783.37,91.85,266.97,0.7037,-1,-1,-1
275,16,470.90,397.77,71.38,216.98,0.6620,-1,-1,-1
275,22,559.87,405.79,65.85,209.49,0.5952,-1,-1,-1
275,2,198.32,577.96,86.61,249.21,0.6725,-1,-1,-1
275,12,941.93,86.28,66.52,180.91,0.4998,-1,-1,-1
275,21,277.00,711.30,82.57,140.20,0.4186,-1,-1,-1
276,1,463.18,149.85,64.60,194.24,0.4030,-1,-1,-1
276,3,946.78,922.83,78.57,156.11,0.7484,-1,-1,-1
276,4,1720.00,460.42,73.84,206.98,0.5906,-1,-1,-1
276,5,1428.52,579.50,81.14,241.47,0.5310,-1,-1,-1
276,13,385.73,459.73,82.32,226.92,0.6325,-1,-1,-1
276,6,227.31,428.64,61.78,191.37,0.3359,-1,-1,-1
276,20,269.66,783.63,92.94,270.88,0.6299,-1,-1,-1
276,16,469.42,398.78,71.49,216.75,0.6650,-1,-1,-1
276,22,558.84,407.17,65.33,206.99,0.6338,-1,-1,-1
276,2,199.57,577.99,87.33,249.05,0.6740,-1,-1,-1
276,12,942.04,84.63,66.11,180.69,0.4536,-1,-1,-1
276,21,280.53,714.53,83.81,141.88,0.3168,-1,-1,-1
277,1,463.69,147.68,65.04,195.29,0.3743,-1,-1,-1
277,3,946.59,923.45,78.68,155.10,0.7527,-1,-1,-1
277,4,1719.51,459.91,74.32,208.16,0.5905,-1,-1,-1
277,5,1430.99,580.00,80.74,242.51,0.4950,-1,-1,-1
277,13,386.63,458.89,82.18,227.61,0.6088,-1,-1,-1
277,6,228.10,426.64,60.12,186.55,0.3895,-1,-1,-1
277,20,270.31,784.08,94.05,276.31,0.6519,-1,-1,-1
277,16,467.43,400.78,71.43,216.35,0.6852,-1,-1,-1
277,22,558.03,409.39,64.75,204.55,0.6591,-1,-1,-1
277,2,198.91,577.38,87.73,249.57,0.6507,-1,-1,-1
277,12,942.10,83.79,64.09,176.38,0.4626,-1,-1,-1
277,21,284.40,718.01,85.04,142.95,0.5265,-1,-1,-1
278,1,463.92,146.77,65.15,195.91,0.3478,-1,-1,-1
278,3,946.43,923.71,78.86,154.28,0.7646,-1,-1,-1
278,4,1719.54,459.53,74.67,208.99,0.5593,-1,-1,-1
278,5,1433.20,582.07,80.08,242.27,0.4393,-1,-1,-1
278,13,387.52,458.67,81.72,226.85,0.5992,-1,-1,-1
278,6,229.05,424.74,58.21,180.01,0.4276,-1,-1,-1
278,20,271.02,788.32,92.45,274.73,0.6252,-1,-1,-1
278,16,465.62,401.43,71.42,216.75,0.6676,-1,-1,-1
278,22,556.58,411.05,64.97,204.45,0.6520,-1,-1,-1
278,2,198.02,576.54,87.84,250.82,0.6512,-1,-1,-1
278,12,941.83,82.01,63.93,176.23,0.4516,-1,-1,-1
278,21,288.61,721.10,87.14,144.37,0.6426,-1,-1,-1
279,1,463.80,146.54,65.30,196.51,0.3521,-1,-1,-1
279,3,945.86,923.99,79.33,154.02,0.7570,-1,-1,-1
279,4,1720.01,459.39,74.64,209.33,0.5667,-1,-1,-1
279,13,387.51,458.14,82.19,228.33,0.5898,-1,-1,-1
279,6,229.89,423.12,57.38,176.87,0.4414,-1,-1,-1
279,20,272.41,792.72,92.51,277.88,0.6414,-1,-1,-1
279,16,465.06,403.69,70.25,213.38,0.6848,-1,-1,-1
279,22,555.51,412.74,65.06,204.25,0.6604,-1,-1,-1
279,2,198.50,577.23,86.77,250.61,0.5896,-1,-1,-1
279,12,940.92,79.46,64.04,177.50,0.4324,-1,-1,-1
279,21,293.57,725.14,88.36,143.27,0.6490,-1,-1,-1
280,1,463.70,144.90,66.07,198.72,0.3234,-1,-1,-1
280,3,945.41,924.42,79.72,153.35,0.7599,-1,-1,-1
280,4,1720.01,459.11,74.53,209.49,0.5722,-1,-1,-1
280,13,387.65,457.32,82.54,229.99,0.6086,-1,-1,-1
280,6,229.81,421.14,57.85,178.18,0.4718,-1,-1,-1
280,20,273.31,796.37,91.89,278.73,0.6422,-1,-1,-1
280,16,464.39,404.99,69.76,212.86,0.7120,-1,-1,-1
280,22,554.36,414.84,65.69,206.18,0.6500,-1,-1,-1
280,2,201.12,581.45,83.12,245.26,0.5344,-1,-1,-1
280,12,940.65,78.42,63.93,178.01,0.4328,-1,-1,-1
280,21,297.57,726.81,90.44,143.61,0.6615,-1,-1,-1
281,1,463.82,143.92,66.46,199.79,0.3407,-1,-1,-1
281,3,944.52,923.99,80.69,154.06,0.7632,-1,-1,-1
281,4,1719.84,459.57,74.40,209.08,0.5691,-1,-1,-1
281,13,388.43,456.61,82.09,229.99,0.6385,-1,-1,-1
281,6,229.20,419.20,59.77,183.95,0.4025,-1,-1,-1
281,20,276.16,798.40,90.99,278.21,0.6532,-1,-1,-1
281,16,463.54,405.62,69.44,212.89,0.6512,-1,-1,-1
281,22,553.32,417.38,65.73,206.54,0.6400,-1,-1,-1
281,2,202.90,581.21,82.96,248.71,0.5730,-1,-1,-1
281,12,940.07,77.39,63.69,178.26,0.4340,-1,-1,-1
281,21,301.09,729.73,91.34,142.33,0.6484,-1,-1,-1
282,1,464.12,143.14,66.82,200.65,0.3178,-1,-1,-1
282,3,943.89,924.02,81.19,153.80,0.7612,-1,-1,-1
282,4,1719.57,460.18,74.34,209.10,0.6168,-1,-1,-1
282,13,388.36,455.37,81.25,229.08,0.6571,-1,-1,-1
282,6,228.53,416.67,61.29,188.70,0.4559,-1,-1,-1
282,20,278.67,800.32,90.06,277.19,0.7255,-1,-1,-1
282,16,463.36,406.32,68.54,211.43,0.6620,-1,-1,-1
282,22,552.28,419.17,65.21,205.04,0.6606,-1,-1,-1
282,2,207.53,584.25,80.03,245.02,0.6071,-1,-1,-1
282,12,939.52,77.19,63.40,177.90,0.4612,-1,-1,-1
282,21,304.60,733.18,94.06,144.60,0.6510,-1,-1,-1
283,1,464.59,143.71,66.73,199.95,0.3090,-1,-1,-1
283,3,943.61,923.88,81.78,153.77,0.7738,-1,-1,-1
283,4,1719.99,459.69,74.34,209.40,0.6041,-1,-1,-1
283,13,387.66,452.16,81.54,230.90,0.6525,-1,-1,-1
283,6,229.26,414.93,60.38,185.20,0.4088,-1,-1,-1
283,20,280.70,800.28,89.70,277.53,0.7057,-1,-1,-1
283,16,463.49,407.50,68.31,212.07,0.6540,-1,-1,-1
283,22,551.43,420.94,65.03,205.67,0.6496,-1,-1,-1
283,2,211.53,584.43,78.57,245.05,0.5963,-1,-1,-1
283,12,939.54,78.40,61.44,173.07,0.4838,-1,-1,-1
283,21,309.42,736.24,92.78,140.26,0.5674,-1,-1,-1
284,1,463.73,143.00,66.86,200.11,0.3430,-1,-1,-1
284,3,942.35,923.23,82.86,154.57,0.7676,-1,-1,-1
284,4,1720.11,460.02,74.21,209.04,0.5969,-1,-1,-1
284,13,388.41,449.70,81.24,232.02,0.6483,-1,-1,-1
284,6,229.76,412.74,58.67,179.20,0.3737,-1,-1,-1
284,20,281.95,801.26,89.34,277.12,0.7167,-1,-1,-1
284,16,463.10,409.10,68.96,214.86,0.6215,-1,-1,-1
284,22,550.72,423.16,65.64,208.55,0.6629,-1,-1,-1
284,2,215.00,581.19,79.10,251.99,0.5659,-1,-1,-1
284,12,939.78,78.55,60.90,172.09,0.4619,-1,-1,-1
284,21,312.87,738.62,92.69,138.50,0.5649,-1,-1,-1
285,1,462.88,142.90,66.70,200.10,0.3239,-1,-1,-1
285,3,941.21,922.61,83.67,154.95,0.7723,-1,-1,-1
285,4,1720.48,460.27,74.03,208.44,0.5914,-1,-1,-1
285,13,388.86,448.16,80.57,232.11,0.6452,-1,-1,-1
285,6,228.87,412.49,60.37,183.72,0.3838,-1,-1,-1
285,20,283.45,802.31,88.99,276.27,0.6994,-1,-1,-1
285,16,462.84,410.01,69.40,217.33,0.6051,-1,-1,-1
285,22,549.19,424.18,65.78,210.65,0.6517,-1,-1,-1
285,2,219.25,579.97,78.24,254.15,0.5491,-1,-1,-1
285,12,939.98,78.84,61.31,173.46,0.4665,-1,-1,-1
285,21,313.72,740.86,93.59,138.14,0.5574,-1,-1,-1
285,5,1443.80,579.61,80.98,246.13,0.5650,-1,-1,-1
286,1,462.18,143.86,65.76,198.16,0.3005,-1,-1,-1
286,3,940.92,922.18,84.17,155.49,0.7622,-1,-1,-1
286,4,1720.51,460.07,73.93,208.51,0.6184,-1,-1,-1
286,13,389.19,445.96,79.66,231.35,0.6347,-1,-1,-1
286,6,227.90,411.28,63.99,195.93,0.3329,-1,-1,-1
286,20,285.48,804.18,88.59,273.79,0.7233,-1,-1,-1
286,16,461.99,411.10,70.43,222.01,0.6053,-1,-1,-1
286,22,547.52,425.35,65.80,211.48,0.6244,-1,-1,-1
286,2,223.65,578.54,77.38,256.18,0.5470,-1,-1,-1
286,12,939.94,78.56,61.56,174.41,0.4634,-1,-1,-1
286,21,313.69,742.81,94.34,137.77,0.5544,-1,-1,-1
286,5,1445.77,579.79,81.05,247.48,0.4795,-1,-1,-1
287,1,461.43,143.52,65.65,198.15,0.3315,-1,-1,-1
287,3,940.41,922.17,84.44,155.70,0.7800,-1,-1,-1
287,4,1720.24,459.79,74.00,208.94,0.6068,-1,-1,-1
287,13,390.43,444.00,77.53,226.00,0.6042,-1,-1,-1
287,6,227.08,411.32,67.17,207.65,0.3092,-1,-1,-1
287,20,288.11,807.96,87.76,268.94,0.7517,-1,-1,-1
287,16,461.56,412.25,70.55,224.06,0.5960,-1,-1,-1
287,22,545.18,426.04,65.77,211.33,0.6319,-1,-1,-1
287,2,227.02,579.66,75.90,255.28,0.5447,-1,-1,-1
287,12,939.59,78.03,62.07,176.15,0.4507,-1,-1,-1
287,21,313.88,742.76,95.80,139.06,0.5582,-1,-1,-1
287,5,1448.74,579.75,80.86,247.35,0.5470,-1,-1,-1
288,1,462.59,143.91,65.49,197.27,0.3234,-1,-1,-1
288,3,940.27,921.83,84.49,155.92,0.7600,-1,-1,-1
288,4,1720.24,460.02,73.80,208.59,0.6026,-1,-1,-1
288,13,391.39,441.59,76.08,222.79,0.6231,-1,-1,-1
288,6,228.69,410.56,65.58,203.32,0.3249,-1,-1,-1
288,20,289.71,811.43,87.98,267.35,0.7661,-1,-1,-1
288,16,459.79,409.61,71.10,227.49,0.5782,-1,-1,-1
288,22,543.29,426.65,65.76,210.78,0.6145,-1,-1,-1
288,2,229.43,579.47,75.19,255.63,0.5792,-1,-1,-1
288,12,937.89,75.43,61.77,176.19,0.5023,-1,-1,-1
288,21,312.51,743.38,95.76,138.83,0.5782,-1,-1,-1
288,5,1451.54,582.51,79.53,242.12,0.5275,-1,-1,-1
289,1,462.36,143.59,65.55,197.88,0.3106,-1,-1,-1
289,3,939.72,921.28,84.32,156.30,0.7492,-1,-1,-1
289,4,1719.84,459.30,74.33,210.16,0.5915,-1,-1,-1
289,13,391.99,439.39,75.32,221.37,0.6236,-1,-1,-1
289,6,231.43,409.25,61.76,191.01,0.4105,-1,-1,-1
289,20,292.26,812.68,88.55,266.79,0.7543,-1,-1,-1
289,16,459.18,411.41,70.65,227.87,0.6396,-1,-1,-1
289,22,541.68,427.40,65.89,210.38,0.6193,-1,-1,-1
289,2,232.25,580.14,74.27,254.21,0.5509,-1,-1,-1
289,12,936.84,73.95,61.19,175.57,0.5159,-1,-1,-1
289,21,310.99,743.67,97.88,142.07,0.5943,-1,-1,-1
289,5,1453.72,582.24,79.50,240.36,0.4919,-1,-1,-1
290,3,939.28,920.47,83.92,156.65,0.7535,-1,-1,-1
290,4,1720.09,459.42,74.13,209.60,0.5992,-1,-1,-1
290,13,390.13,437.41,76.13,223.64,0.6009,-1,-1,-1
290,6,233.48,408.64,59.80,184.82,0.4551,-1,-1,-1
290,20,294.61,815.67,88.76,264.66,0.7199,-1,-1,-1
290,16,458.00,411.84,70.97,230.49,0.6796,-1,-1,-1
290,22,540.40,427.62,66.02,210.04,0.6300,-1,-1,-1
290,2,233.99,581.41,73.42,253.35,0.5761,-1,-1,-1
290,12,936.10,72.53,60.70,175.59,0.5210,-1,-1,-1
290,21,310.17,744.50,98.43,144.06,0.6312,-1,-1,-1
290,5,1456.48,587.77,77.96,231.82,0.4023,-1,-1,-1
291,3,939.13,919.92,83.43,156.92,0.7535,-1,-1,-1
291,4,1720.92,459.75,73.87,209.06,0.5849,-1,-1,-1
291,13,387.69,435.45,77.33,226.06,0.5969,-1,-1,-1
291,6,233.95,408.08,59.33,182.73,0.4341,-1,-1,-1
291,20,296.76,819.74,88.31,260.86,0.7040,-1,-1,-1
291,16,457.97,412.70,70.72,231.07,0.6569,-1,-1,-1
291,22,538.34,428.19,66.19,209.57,0.6354,-1,-1,-1
291,2,236.20,581.11,73.07,254.02,0.5583,-1,-1,-1
291,12,935.62,71.09,60.87,177.68,0.5073,-1,-1,-1
291,21,310.13,746.20,97.67,144.08,0.6181,-1,-1,-1
291,5,1458.69,592.83,76.62,223.55,0.3740,-1,-1,-1
292,3,938.81,919.71,82.90,157.37,0.7396,-1,-1,-1
292,4,1720.54,460.39,73.82,208.64,0.5782,-1,-1,-1
292,13,386.00,434.82,78.07,227.26,0.5705,-1,-1,-1
292,6,233.33,407.39,59.66,183.50,0.4539,-1,-1,-1
292,20,300.91,825.97,87.31,253.60,0.6388,-1,-1,-1
292,16,458.26,414.09,70.21,230.69,0.5968,-1,-1,-1
292,22,538.30,429.69,65.99,208.03,0.6525,-1,-1,-1
292,2,240.18,581.31,72.93,253.34,0.5465,-1,-1,-1
292,12,936.00,69.92,59.97,175.98,0.5262,-1,-1,-1
292,21,311.83,748.90,95.56,142.26,0.5284,-1,-1,-1
292,5,1463.78,598.11,76.55,222.56,0.4207,-1,-1,-1
293,3,937.62,918.79,82.43,158.76,0.7357,-1,-1,-1
293,4,1720.71,460.72,73.58,208.03,0.5612,-1,-1,-1
293,13,384.13,433.21,78.89,228.36,0.5399,-1,-1,-1
293,6,232.82,406.15,59.82,183.65,0.5320,-1,-1,-1
293,20,300.88,831.18,85.96,247.33,0.6655,-1,-1,-1
293,16,458.85,415.09,69.41,228.43,0.5789,-1,-1,-1
293,22,537.05,432.04,65.94,206.82,0.6788,-1,-1,-1
293,2,245.12,581.88,73.94,253.64,0.5522,-1,-1,-1
293,12,936.62,68.73,58.84,173.37,0.4574,-1,-1,-1
293,21,313.23,751.58,92.41,138.31,0.4064,-1,-1,-1
293,5,1466.17,598.62,78.00,224.71,0.4391,-1,-1,-1
294,3,936.24,918.03,81.55,159.96,0.7533,-1,-1,-1
294,4,1720.38,459.92,74.10,209.45,0.5845,-1,-1,-1
294,13,382.04,432.64,79.82,229.65,0.5556,-1,-1,-1
294,6,233.10,404.82,59.27,181.30,0.5104,-1,-1,-1
294,20,301.96,836.05,85.02,242.53,0.7191,-1,-1,-1
294,16,458.88,415.65,69.12,227.35,0.6217,-1,-1,-1
294,22,536.32,434.16,66.70,208.51,0.6737,-1,-1,-1
294,2,248.48,582.56,75.24,253.50,0.6085,-1,-1,-1
294,12,936.85,67.45,57.84,171.49,0.4327,-1,-1,-1
294,21,318.13,754.96,89.85,136.63,0.4974,-1,-1,-1
294,5,1464.11,595.79,80.77,228.49,0.5253,-1,-1,-1
295,3,934.80,916.88,80.83,161.60,0.7396,-1,-1,-1
295,4,1720.13,460.19,74.12,209.33,0.5886,-1,-1,-1
295,13,379.97,432.78,80.82,230.49,0.5365,-1,-1,-1
295,6,232.23,402.16,59.89,183.06,0.4393,-1,-1,-1
295,20,303.46,839.81,84.53,239.55,0.7003,-1,-1,-1
295,16,459.16,416.19,68.58,225.53,0.6009,-1,-1,-1
295,22,534.88,436.09,67.27,209.90,0.6699,-1,-1,-1
295,2,250.77,582.93,76.67,252.66,0.6484,-1,-1,-1
295,12,936.13,66.89,57.80,172.47,0.4049,-1,-1,-1
295,21,321.25,759.01,89.14,137.80,0.5066,-1,-1,-1
295,5,1464.18,595.99,81.97,228.14,0.4853,-1,-1,-1
296,3,933.71,915.93,79.57,162.50,0.7561,-1,-1,-1
296,4,1720.12,460.08,74.04,209.22,0.5955,-1,-1,-1
296,13,378.55,431.25,81.78,232.13,0.5342,-1,-1,-1
296,6,232.80,400.72,59.81,181.92,0.5077,-1,-1,-1
296,20,305.36,842.90,84.20,236.53,0.7255,-1,-1,-1
296,16,459.27,418.45,68.39,223.79,0.6248,-1,-1,-1
296,22,535.08,438.51,66.47,206.96,0.6740,-1,-1,-1
296,2,251.15,583.40,77.85,251.90,0.6710,-1,-1,-1
296,12,935.94,65.95,57.36,172.19,0.4515,-1,-1,-1
296,21,323.65,761.69,88.60,138.71,0.4921,-1,-1,-1
296,5,1466.15,598.16,82.97,226.90,0.4934,-1,-1,-1
297,3,933.29,915.13,78.51,163.86,0.7559,-1,-1,-1
297,4,1719.75,460.33,73.94,208.98,0.5756,-1,-1,-1
297,13,377.85,429.95,82.37,233.19,0.5012,-1,-1,-1
297,6,233.52,399.84,60.13,182.67,0.5714,-1,-1,-1
297,20,306.72,843.86,84.67,235.94,0.7409,-1,-1,-1
297,16,458.31,419.52,68.06,222.31,0.6301,-1,-1,-1
297,22,534.45,440.81,66.04,205.88,0.6665,-1,-1,-1
297,2,251.81,584.82,78.81,250.81,0.6618,-1,-1,-1
297,12,935.35,64.85,57.44,173.45,0.4155,-1,-1,-1
297,21,326.18,764.97,87.96,139.49,0.5168,-1,-1,-1
297,5,1468.19,597.20,85.31,228.84,0.5440,-1,-1,-1
298,3,933.30,914.59,77.51,164.96,0.7687,-1,-1,-1
298,4,1720.56,460.80,73.66,208.30,0.5996,-1,-1,-1
298,13,377.62,429.42,81.81,230.61,0.5243,-1,-1,-1
298,6,234.30,398.56,60.64,184.14,0.5572,-1,-1,-1
298,20,308.45,845.34,85.08,234.79,0.7523,-1,-1,-1
298,16,457.51,420.07,67.97,221.70,0.6303,-1,-1,-1
298,22,534.60,442.81,65.10,202.87,0.6479,-1,-1,-1
298,2,251.98,584.92,79.70,250.06,0.6280,-1,-1,-1
298,12,935.69,64.12,56.96,172.36,0.4242,-1,-1,-1
298,21,328.48,767.48,88.98,142.92,0.5770,-1,-1,-1
298,5,1470.46,598.60,87.21,229.19,0.5540,-1,-1,-1
299,3,932.92,913.76,76.25,165.50,0.7748,-1,-1,-1
299,4,1720.55,461.37,73.46,207.71,0.5952,-1,-1,-1
299,13,378.08,428.31,81.33,228.83,0.5592,-1,-1,-1
299,6,234.27,397.55,60.69,183.97,0.5951,-1,-1,-1
299,20,309.59,846.56,85.49,233.68,0.7641,-1,-1,-1
299,16,456.78,421.08,68.39,223.18,0.6464,-1,-1,-1
299,22,534.50,444.39,65.05,203.18,0.6516,-1,-1,-1
299,2,252.98,584.08,80.55,250.37,0.6829,-1,-1,-1
299,12,936.10,63.68,56.63,171.32,0.4305,-1,-1,-1
299,21,332.89,770.47,88.63,144.25,0.6277,-1,-1,-1
299,5,1469.97,594.43,90.57,234.48,0.5895,-1,-1,-1
300,3,933.05,913.85,74.66,165.28,0.7696,-1,-1,-1
300,4,1720.98,460.90,73.48,208.22,0.5807,-1,-1,-1
300,13,379.57,426.13,80.10,225.23,0.5439,-1,-1,-1
300,6,234.05,397.33,60.64,183.94,0.5750,-1,-1,-1
300,20,311.19,847.36,86.08,232.89,0.7498,-1,-1,-1
300,16,456.26,423.16,68.56,223.82,0.6617,-1,-1,-1
300,22,534.14,445.77,65.22,204.06,0.6557,-1,-1,-1
300,2,254.25,583.67,81.21,249.70,0.6895,-1,-1,-1
300,12,935.51,63.04,56.98,172.53,0.4551,-1,-1,-1
300,21,337.19,772.70,88.36,146.04,0.6383,-1,-1,-1
300,5,1470.19,591.32,93.15,238.25,0.5963,-1,-1,-1
301,3,933.70,913.97,73.04,165.32,0.7693,-1,-1,-1
301,4,1720.90,460.93,73.31,207.94,0.5919,-1,-1,-1
301,13,380.90,423.14,79.56,224.56,0.5512,-1,-1,-1
301,6,234.00,396.77,60.62,184.29,0.5645,-1,-1,-1
301,20,312.04,848.07,86.72,232.17,0.7489,-1,-1,-1
301,16,456.28,426.56,68.08,222.21,0.6715,-1,-1,-1
301,22,533.97,446.44,65.58,205.87,0.6671,-1,-1,-1
301,2,255.41,582.06,82.19,250.41,0.6660,-1,-1,-1
301,12,934.84,62.81,57.34,173.67,0.4821,-1,-1,-1
301,21,341.77,774.73,86.42,144.27,0.5974,-1,-1,-1
301,5,1470.39,588.39,95.68,242.65,0.6005,-1,-1,-1
302,3,933.76,912.65,72.17,167.14,0.7518,-1,-1,-1
302,4,1720.95,460.22,73.58,209.16,0.5722,-1,-1,-1
302,13,383.32,421.97,77.51,220.17,0.5318,-1,-1,-1
302,6,233.29,396.33,60.77,185.11,0.5497,-1,-1,-1
302,20,314.00,848.22,87.70,231.99,0.7381,-1,-1,-1
302,16,456.09,428.84,67.95,221.85,0.6197,-1,-1,-1
302,22,534.02,447.13,65.18,205.06,0.6401,-1,-1,-1
302,2,257.05,580.92,83.18,251.66,0.6766,-1,-1,-1
302,12,934.24,62.15,57.42,174.00,0.4793,-1,-1,-1
302,21,345.05,776.04,87.47,147.09,0.6332,-1,-1,-1
302,5,1471.88,589.31,95.98,241.91,0.5663,-1,-1,-1
303,3,933.57,912.71,70.75,167.26,0.7241,-1,-1,-1
303,4,1720.85,460.11,73.54,209.36,0.5830,-1,-1,-1
303,13,384.57,416.94,76.27,218.43,0.5974,-1,-1,-1
303,6,232.99,395.33,61.04,186.64,0.5517,-1,-1,-1
303,20,315.95,848.68,88.48,231.51,0.7381,-1,-1,-1
303,16,455.51,430.50,67.64,221.44,0.6295,-1,-1,-1
303,22,533.82,447.67,65.81,207.59,0.6541,-1,-1,-1
303,2,259.89,579.75,84.07,253.13,0.6385,-1,-1,-1
303,12,934.21,62.40,56.51,170.84,0.4930,-1,-1,-1
303,21,348.83,777.00,88.70,149.54,0.6873,-1,-1,-1
303,5,1473.63,586.57,97.42,244.83,0.4843,-1,-1,-1
303,25,895.12,420.98,61.70,195.41,0.5198,-1,-1,-1
304,3,933.44,911.99,69.89,168.05,0.7402,-1,-1,-1
304,4,1720.95,460.01,73.67,210.08,0.5905,-1,-1,-1
304,13,385.12,412.85,76.18,220.37,0.5725,-1,-1,-1
304,6,233.46,394.00,61.24,188.06,0.5433,-1,-1,-1
304,20,317.38,849.87,89.02,230.29,0.7474,-1,-1,-1
304,16,454.69,432.33,67.06,220.14,0.6324,-1,-1,-1
304,22,533.83,448.36,65.65,207.23,0.6425,-1,-1,-1
304,2,264.38,579.86,83.73,251.85,0.6160,-1,-1,-1
304,12,934.17,62.19,57.00,173.06,0.5339,-1,-1,-1
304,21,352.92,778.02,89.96,152.05,0.6167,-1,-1,-1
304,5,1474.82,582.82,99.14,249.14,0.5025,-1,-1,-1
304,25,895.84,420.78,61.77,195.91,0.4861,-1,-1,-1
305,3,932.67,910.33,69.64,169.73,0.7406,-1,-1,-1
305,4,1720.59,460.28,73.42,209.59,0.5762,-1,-1,-1
305,13,385.87,409.46,76.06,222.28,0.5620,-1,-1,-1
305,6,232.43,391.39,61.92,191.24,0.5357,-1,-1,-1
305,20,319.77,851.57,89.20,228.58,0.7613,-1,-1,-1
305,16,453.89,434.76,66.68,219.31,0.6627,-1,-1,-1
305,22,533.70,448.89,65.83,207.97,0.6385,-1,-1,-1
305,2,270.83,580.84,82.47,249.54,0.5990,-1,-1,-1
305,12,934.03,61.93,56.89,173.25,0.4927,-1,-1,-1
305,21,355.16,779.13,92.66,156.58,0.6138,-1,-1,-1
305,5,1476.55,585.88,98.49,247.20,0.4534,-1,-1,-1
305,25,896.55,419.79,61.69,196.22,0.4624,-1,-1,-1
306,3,932.51,909.34,69.50,170.69,0.7182,-1,-1,-1
306,4,1720.70,460.57,73.22,209.13,0.5687,-1,-1,-1
306,13,386.22,407.72,75.38,222.43,0.5313,-1,-1,-1
306,6,231.60,389.60,62.43,193.47,0.5649,-1,-1,-1
306,20,321.94,857.08,87.58,223.05,0.7690,-1,-1,-1
306,16,452.63,436.39,66.42,219.15,0.6821,-1,-1,-1
306,22,533.47,449.42,65.05,205.13,0.6218,-1,-1,-1
306,2,279.25,581.59,80.90,248.04,0.5436,-1,-1,-1
306,12,934.28,59.99,57.41,174.83,0.4716,-1,-1,-1
306,21,358.79,780.55,91.75,154.14,0.6553,-1,-1,-1
306,5,1479.68,587.87,98.12,246.22,0.5165,-1,-1,-1
306,25,896.78,422.21,60.52,192.78,0.4342,-1,-1,-1
306,26,835.27,403.90,72.77,220.77,0.5006,-1,-1,-1
307,3,932.21,908.24,69.57,171.70,0.7119,-1,-1,-1
307,4,1720.67,459.91,73.41,209.81,0.5595,-1,-1,-1
307,13,387.58,407.16,74.62,222.29,0.5570,-1,-1,-1
307,6,231.41,387.84,62.17,193.46,0.5266,-1,-1,-1
307,20,323.77,861.13,86.85,218.98,0.7755,-1,-1,-1
307,16,451.19,438.50,65.99,217.83,0.6757,-1,-1,-1
307,22,532.63,449.80,65.13,205.28,0.6415,-1,-1,-1
307,2,288.95,581.04,79.26,246.03,0.5695,-1,-1,-1
307,12,934.39,59.43,57.20,174.30,0.4958,-1,-1,-1
307,21,361.79,781.96,93.07,155.12,0.6473,-1,-1,-1
307,5,1481.85,588.63,97.78,245.78,0.5470,-1,-1,-1
307,25,897.31,424.92,59.67,190.46,0.3656,-1,-1,-1
307,26,836.19,406.41,71.94,217.93,0.3527,-1,-1,-1
307,27,1003.21,83.62,60.78,169.97,0.5635,-1,-1,-1
308,3,931.54,907.89,69.71,172.13,0.7209,-1,-1,-1
308,4,1720.71,459.33,73.46,210.27,0.5808,-1,-1,-1
308,13,388.25,406.13,74.55,223.57,0.5705,-1,-1,-1
308,6,230.68,386.07,61.75,191.79,0.5575,-1,-1,-1
308,20,326.50,866.26,85.86,213.84,0.7753,-1,-1,-1
308,16,449.77,440.52,65.34,215.96,0.6790,-1,-1,-1
308,22,531.48,451.37,65.17,204.46,0.6571,-1,-1,-1
308,2,298.20,580.50,77.99,244.56,0.6439,-1,-1,-1
308,12,935.08,56.85,56.07,170.85,0.5064,-1,-1,-1
308,21,364.93,784.55,94.58,155.98,0.6934,-1,-1,-1
308,5,1483.75,591.91,96.56,242.90,0.6302,-1,-1,-1
308,25,895.26,427.48,58.83,187.92,0.3305,-1,-1,-1
308,26,837.48,412.59,70.44,212.64,0.3539,-1,-1,-1
308,27,1002.26,83.04,61.48,171.95,0.6041,-1,-1,-1
309,3,930.70,907.27,70.08,172.72,0.7368,-1,-1,-1
309,4,1720.37,458.67,73.68,211.21,0.5735,-1,-1,-1
309,13,388.92,406.34,73.91,222.47,0.5209,-1,-1,-1
309,6,230.72,383.95,61.30,190.03,0.5283,-1,-1,-1
309,20,328.67,871.08,84.87,209.00,0.7802,-1,-1,-1
309,16,447.89,441.94,65.31,216.14,0.6596,-1,-1,-1
309,22,529.98,454.25,66.06,206.71,0.6705,-1,-1,-1
309,2,305.77,579.92,78.51,246.89,0.6485,-1,-1,-1
309,12,934.79,53.81,55.75,170.29,0.4842,-1,-1,-1
309,21,369.66,789.14,94.44,153.56,0.6760,-1,-1,-1
309,5,1485.34,590.19,97.03,244.59,0.5929,-1,-1,-1
309,26,837.00,417.18,69.80,210.88,0.3831,-1,-1,-1
309,27,1001.54,81.65,62.65,175.37,0.6234,-1,-1,-1
310,3,929.99,907.49,70.42,172.53,0.7483,-1,-1,-1
310,4,1720.34,458.41,73.46,210.88,0.5750,-1,-1,-1
310,13,389.25,405.70,74.20,225.23,0.5017,-1,-1,-1
310,6,230.77,381.13,60.31,187.31,0.5567,-1,-1,-1
310,20,331.33,873.66,84.72,206.41,0.7566,-1,-1,-1
310,16,446.28,439.98,66.26,220.60,0.6519,-1,-1,-1
310,22,528.62,455.97,66.96,209.36,0.6984,-1,-1,-1
310,2,311.51,579.56,79.09,248.72,0.6942,-1,-1,-1
310,12,934.40,51.22,55.91,170.88,0.5422,-1,-1,-1
310,21,372.62,793.59,94.34,151.14,0.6772,-1,-1,-1
310,5,1487.00,588.72,97.16,245.18,0.5556,-1,-1,-1
310,27,1000.74,80.24,63.07,176.65,0.6478,-1,-1,-1
311,3,929.38,907.07,70.99,172.96,0.7625,-1,-1,-1
311,4,1720.42,458.27,73.37,210.77,0.5783,-1,-1,-1
311,13,389.88,406.69,73.47,224.04,0.4722,-1,-1,-1
311,6,230.84,379.13,59.85,186.69,0.5299,-1,-1,-1
311,20,334.73,876.39,84.71,203.67,0.7339,-1,-1,-1
311,16,444.79,440.23,66.37,221.70,0.6842,-1,-1,-1
311,22,527.44,457.44,67.62,211.73,0.6759,-1,-1,-1
311,2,316.82,579.68,79.21,247.81,0.7417,-1,-1,-1
311,12,933.84,49.55,56.01,171.25,0.5087,-1,-1,-1
311,21,375.28,798.01,94.03,148.05,0.6622,-1,-1,-1
311,5,1490.08,589.15,97.47,244.51,0.5832,-1,-1,-1
311,27,1000.31,79.78,62.86,176.07,0.6266,-1,-1,-1
312,3,929.02,906.12,71.70,173.91,0.7517,-1,-1,-1
312,4,1720.94,458.65,73.04,209.98,0.5817,-1,-1,-1
312,13,390.64,407.19,72.45,221.95,0.4320,-1,-1,-1
312,6,230.46,376.47,59.98,187.71,0.5372,-1,-1,-1
312,20,338.52,879.19,84.83,200.86,0.7442,-1,-1,-1
312,16,443.52,441.88,66.18,221.62,0.6668,-1,-1,-1
312,22,526.50,460.33,68.42,214.84,0.6739,-1,-1,-1
312,2,322.08,580.97,79.48,245.00,0.7537,-1,-1,-1
312,12,933.79,48.66,56.25,171.93,0.5143,-1,-1,-1
312,21,375.04,801.29,95.49,148.20,0.6513,-1,-1,-1
312,5,1492.25,591.95,96.63,240.79,0.6264,-1,-1,-1
312,27,1000.50,79.83,62.63,175.25,0.6073,-1,-1,-1
313,3,928.76,905.48,72.31,174.55,0.7549,-1,-1,-1
313,4,1721.46,457.97,73.03,210.33,0.5767,-1,-1,-1
313,13,391.03,406.06,72.52,223.65,0.4085,-1,-1,-1
313,6,230.16,374.69,60.14,188.85,0.5227,-1,-1,-1
313,20,343.07,882.57,84.96,197.48,0.7359,-1,-1,-1
313,16,441.73,446.11,66.14,221.87,0.6858,-1,-1,-1
313,22,526.35,463.04,68.25,214.96,0.6592,-1,-1,-1
313,2,325.53,583.35,80.28,241.91,0.7642,-1,-1,-1
313,12,933.44,47.86,56.38,172.55,0.5205,-1,-1,-1
313,21,375.51,804.79,96.23,147.25,0.6929,-1,-1,-1
313,5,1495.20,596.56,95.75,236.24,0.6175,-1,-1,-1
313,27,1000.58,80.22,62.16,173.87,0.5993,-1,-1,-1
314,3,929.00,905.15,72.85,174.88,0.7554,-1,-1,-1
314,4,1721.77,457.86,73.03,210.96,0.5739,-1,-1,-1
314,13,390.68,404.40,71.99,224.05,0.3840,-1,-1,-1
314,6,229.88,373.82,60.15,189.29,0.5528,-1,-1,-1
314,20,346.60,886.39,84.57,193.65,0.7245,-1,-1,-1
314,16,440.39,447.43,66.12,221.88,0.6997,-1,-1,-1
314,22,525.92,464.72,68.20,215.60,0.6575,-1,-1,-1
314,2,326.99,584.57,81.76,240.55,0.7642,-1,-1,-1
314,12,932.83,47.10,56.59,172.88,0.5235,-1,-1,-1
314,21,376.26,808.14,97.88,147.78,0.6970,-1,-1,-1
314,5,1497.57,599.04,95.56,234.20,0.5484,-1,-1,-1
314,27,999.45,79.95,61.83,173.44,0.5512,-1,-1,-1
315,3,928.26,904.87,73.41,175.16,0.7592,-1,-1,-1
315,4,1721.64,457.70,73.01,211.40,0.5547,-1,-1,-1
315,6,230.05,373.44,60.29,189.40,0.5637,-1,-1,-1
315,20,349.28,889.31,84.60,190.73,0.7273,-1,-1,-1
315,16,438.80,448.18,66.28,221.85,0.7304,-1,-1,-1
315,22,525.16,466.47,67.79,216.06,0.6693,-1,-1,-1
315,2,329.04,585.26,84.19,240.25,0.7693,-1,-1,-1
315,12,932.27,46.51,56.77,173.29,0.5311,-1,-1,-1
315,21,376.67,809.14,99.25,148.26,0.6414,-1,-1,-1
315,5,1499.22,601.58,94.79,231.86,0.5579,-1,-1,-1
315,27,998.18,79.59,61.75,173.98,0.5357,-1,-1,-1
316,3,928.05,905.08,73.69,174.95,0.7542,-1,-1,-1
316,4,1721.46,458.14,73.06,211.75,0.5329,-1,-1,-1
316,6,230.66,372.70,60.40,189.15,0.5838,-1,-1,-1
316,20,351.03,892.27,84.42,187.76,0.7154,-1,-1,-1
316,16,437.19,449.36,66.65,222.39,0.7150,-1,-1,-1
316,22,523.94,469.04,67.93,218.59,0.6475,-1,-1,-1
316,2,330.96,585.41,86.70,239.64,0.7697,-1,-1,-1
316,12,932.38,46.12,56.69,172.33,0.5317,-1,-1,-1
316,21,376.21,809.97,101.86,151.50,0.6638,-1,-1,-1
316,5,1501.29,602.21,94.74,232.41,0.6161,-1,-1,-1
316,27,997.59,80.13,61.51,174.14,0.5942,-1,-1,-1
317,3,928.25,905.55,73.93,174.47,0.7524,-1,-1,-1
317,4,1721.45,458.13,73.06,211.93,0.5641,-1,-1,-1
317,6,230.80,372.06,60.27,188.26,0.5717,-1,-1,-1
317,20,351.19,890.07,86.11,189.95,0.7233,-1,-1,-1
317,16,435.49,449.94,66.23,219.95,0.7120,-1,-1,-1
317,22,522.08,471.79,67.73,219.25,0.6927,-1,-1,-1
317,2,331.43,584.96,89.89,241.07,0.7698,-1,-1,-1
317,12,932.04,45.59,57.02,172.71,0.5148,-1,-1,-1
317,21,376.64,812.94,101.79,151.18,0.5635,-1,-1,-1
317,5,1504.78,609.17,91.65,226.22,0.5588,-1,-1,-1
317,27,996.11,79.60,61.23,173.98,0.5707,-1,-1,-1
318,3,928.03,905.49,74.34,174.52,0.7456,-1,-1,-1
318,4,1721.62,458.39,72.82,211.33,0.5710,-1,-1,-1
318,6,231.00,371.52,59.83,186.84,0.5601,-1,-1,-1
318,20,353.66,890.27,86.90,189.76,0.7071,-1,-1,-1
318,16,434.74,451.39,66.23,219.13,0.7241,-1,-1,-1
318,22,520.67,472.15,67.28,218.58,0.6656,-1,-1,-1
318,2,331.06,585.22,91.83,240.72,0.7562,-1,-1,-1
318,12,932.09,45.04,57.54,173.53,0.5129,-1,-1,-1
318,21,376.13,813.18,102.92,153.52,0.6272,-1,-1,-1
318,5,1507.11,603.91,93.47,233.29,0.5667,-1,-1,-1
318,27,994.42,78.51,61.35,174.49,0.5958,-1,-1,-1
319,3,928.44,905.61,74.48,174.41,0.7319,-1,-1,-1
319,4,1722.05,458.91,72.43,210.82,0.5789,-1,-1,-1
319,6,231.08,370.68,60.18,188.33,0.5898,-1,-1,-1
319,20,355.60,891.41,87.32,188.61,0.7008,-1,-1,-1
319,16,434.19,454.49,66.40,218.79,0.7253,-1,-1,-1
319,22,518.45,470.44,67.51,218.30,0.6753,-1,-1,-1
319,2,330.65,584.34,94.07,241.51,0.7529,-1,-1,-1
319,12,931.41,43.74,57.67,173.27,0.4965,-1,-1,-1
319,21,375.98,813.29,103.49,155.51,0.6723,-1,-1,-1
319,5,1509.66,602.64,93.37,236.32,0.5144,-1,-1,-1
319,27,993.32,77.40,61.38,174.86,0.5780,-1,-1,-1
320,3,929.77,905.96,74.32,174.06,0.7356,-1,-1,-1
320,4,1722.18,458.66,72.27,210.58,0.6019,-1,-1,-1
320,6,231.65,370.29,60.09,188.54,0.5843,-1,-1,-1
320,20,358.52,894.90,87.04,185.11,0.7051,-1,-1,-1
320,16,434.22,459.40,66.08,216.62,0.7187,-1,-1,-1
320,22,516.00,470.81,67.94,218.82,0.6947,-1,-1,-1
320,2,332.41,583.77,95.55,240.79,0.7204,-1,-1,-1
320,12,930.43,42.05,58.53,175.25,0.5036,-1,-1,-1
320,21,377.01,814.16,101.08,152.95,0.6427,-1,-1,-1
320,5,1512.40,603.41,91.37,234.03,0.3640,-1,-1,-1
320,27,992.27,77.79,61.11,174.33,0.5754,-1,-1,-1
320,26,835.94,433.06,66.93,201.18,0.5107,-1,-1,-1
321,3,930.17,906.88,73.91,172.94,0.7303,-1,-1,-1
321,4,1721.91,458.72,72.28,210.77,0.5723,-1,-1,-1
321,6,232.32,369.95,59.69,188.23,0.5606,-1,-1,-1
321,20,362.13,898.06,87.17,181.95,0.7175,-1,-1,-1
321,16,431.21,459.37,68.51,224.04,0.6417,-1,-1,-1
321,22,513.82,471.09,68.52,220.17,0.6686,-1,-1,-1
321,2,332.24,582.75,96.74,241.34,0.6803,-1,-1,-1
321,12,930.67,39.77,60.04,178.49,0.4817,-1,-1,-1
321,21,379.16,816.28,98.29,150.31,0.6005,-1,-1,-1
321,27,991.71,77.40,61.45,175.02,0.5977,-1,-1,-1
321,26,836.85,432.87,69.38,205.07,0.4893,-1,-1,-1
322,3,931.24,906.95,73.66,172.99,0.7237,-1,-1,-1
322,4,1721.72,459.24,71.95,209.68,0.5999,-1,-1,-1
322,6,233.00,368.29,59.57,189.12,0.5620,-1,-1,-1
322,20,364.11,902.82,86.32,177.19,0.7082,-1,-1,-1
322,16,429.95,460.30,69.14,224.97,0.6778,-1,-1,-1
322,22,512.42,470.91,68.50,219.38,0.7140,-1,-1,-1
322,2,332.23,580.73,97.54,243.61,0.7095,-1,-1,-1
322,12,930.08,37.26,61.71,182.01,0.4804,-1,-1,-1
322,21,382.03,817.50,96.53,149.90,0.5596,-1,-1,-1
322,27,990.36,76.36,61.34,174.88,0.6150,-1,-1,-1
322,26,837.29,432.93,71.85,208.08,0.5745,-1,-1,-1
323,3,932.41,906.64,73.07,173.19,0.6961,-1,-1,-1
323,4,1721.82,458.94,72.12,210.11,0.6019,-1,-1,-1
323,6,232.78,364.89,60.07,191.51,0.5719,-1,-1,-1
323,20,365.54,906.00,85.75,173.73,0.7787,-1,-1,-1
323,16,429.41,462.31,69.56,225.52,0.6871,-1,-1,-1
323,22,512.04,471.01,68.81,219.72,0.7252,-1,-1,-1
323,2,335.96,579.58,96.76,244.18,0.6237,-1,-1,-1
323,12,930.16,35.71,61.61,179.99,0.4689,-1,-1,-1
323,21,384.32,820.27,94.65,149.53,0.5613,-1,-1,-1
323,27,990.15,75.34,60.96,173.58,0.6174,-1,-1,-1
323,26,837.03,433.05,73.81,210.31,0.5686,-1,-1,-1
324,3,932.57,905.75,72.58,174.19,0.7032,-1,-1,-1
324,4,1721.71,459.01,72.00,209.78,0.6027,-1,-1,-1
324,6,232.67,362.34,60.01,191.89,0.5171,-1,-1,-1
324,20,367.02,909.73,84.90,169.50,0.7840,-1,-1,-1
324,16,428.23,463.47,70.46,226.84,0.7029,-1,-1,-1
324,22,511.00,471.39,69.13,219.61,0.7513,-1,-1,-1
324,2,341.30,580.35,94.80,242.83,0.6271,-1,-1,-1
324,12,930.20,33.75,62.25,179.46,0.4033,-1,-1,-1
324,21,388.22,824.01,92.23,148.26,0.5875,-1,-1,-1
324,27,989.44,73.72,60.96,173.38,0.5738,-1,-1,-1
324,26,837.79,435.06,74.99,209.42,0.4796,-1,-1,-1
325,3,933.79,907.29,71.18,172.36,0.7032,-1,-1,-1
325,4,1721.94,459.26,71.73,208.71,0.6108,-1,-1,-1
325,6,232.89,360.27,59.32,189.74,0.4478,-1,-1,-1
325,20,370.53,914.39,83.88,164.71,0.7716,-1,-1,-1
325,16,427.95,463.18,71.36,228.49,0.7081,-1,-1,-1
325,22,510.29,473.77,68.95,218.01,0.7633,-1,-1,-1
325,2,346.92,580.32,92.37,241.32,0.6582,-1,-1,-1
325,12,929.40,34.67,60.81,173.11,0.4013,-1,-1,-1
325,21,393.33,829.26,87.16,142.37,0.5963,-1,-1,-1
325,27,989.03,72.34,60.93,172.83,0.5539,-1,-1,-1
325,26,838.10,434.68,76.24,210.03,0.5013,-1,-1,-1
326,3,934.37,907.93,69.98,171.94,0.6765,-1,-1,-1
326,4,1721.99,459.48,71.80,208.51,0.6200,-1,-1,-1
326,6,233.19,358.54,59.01,189.12,0.5024,-1,-1,-1
326,20,372.13,917.22,83.91,162.43,0.7177,-1,-1,-1
326,16,428.09,466.11,71.12,226.98,0.7035,-1,-1,-1
326,22,509.89,475.94,69.07,217.32,0.7602,-1,-1,-1
326,2,357.48,578.82,90.61,242.05,0.6431,-1,-1,-1
326,12,929.17,34.04,60.67,171.02,0.4110,-1,-1,-1
326,21,396.37,832.94,85.60,142.03,0.5904,-1,-1,-1
326,27,987.39,71.31,60.99,172.68,0.5740,-1,-1,-1
326,26,839.83,434.39,77.44,210.14,0.5790,-1,-1,-1
327,3,935.74,909.16,68.28,170.72,0.6689,-1,-1,-1
327,4,1722.11,459.67,71.60,207.67,0.6306,-1,-1,-1
327,6,233.52,356.98,59.00,189.05,0.5189,-1,-1,-1
327,20,374.41,918.30,84.91,161.59,0.7018,-1,-1,-1
327,16,427.48,467.07,71.22,226.52,0.7145,-1,-1,-1
327,22,510.17,477.63,69.75,218.85,0.7048,-1,-1,-1
327,2,364.82,576.77,89.08,243.59,0.5869,-1,-1,-1
327,12,929.06,32.49,61.55,172.40,0.4311,-1,-1,-1
327,21,399.73,836.76,84.13,141.53,0.5759,-1,-1,-1
327,27,987.24,70.26,60.74,171.53,0.5282,-1,-1,-1
327,26,840.74,434.91,77.90,208.66,0.5363,-1,-1,-1
328,3,936.11,909.79,66.82,169.67,0.6784,-1,-1,-1
328,4,1722.32,460.41,71.52,207.23,0.6374,-1,-1,-1
328,6,232.76,356.03,58.76,187.63,0.5472,-1,-1,-1
328,20,375.28,921.10,84.68,158.87,0.6851,-1,-1,-1
328,16,426.56,467.84,70.85,222.67,0.7039,-1,-1,-1
328,22,509.43,479.01,70.44,221.07,0.7042,-1,-1,-1
328,2,372.81,575.07,87.82,246.01,0.5859,-1,-1,-1
328,12,929.18,31.48,61.53,171.78,0.4210,-1,-1,-1
328,21,403.12,839.72,85.43,146.08,0.5482,-1,-1,-1
328,27,985.95,68.35,61.20,172.64,0.4955,-1,-1,-1
328,26,843.11,435.32,79.16,209.32,0.4723,-1,-1,-1
328,5,1532.19,610.58,88.70,230.53,0.5006,-1,-1,-1
329,3,938.50,911.82,65.11,167.29,0.6978,-1,-1,-1
329,4,1722.20,459.18,71.94,208.55,0.6111,-1,-1,-1
329,6,232.79,355.53,58.53,186.39,0.5482,-1,-1,-1
329,20,376.78,923.42,84.77,156.59,0.6869,-1,-1,-1
329,16,424.71,469.30,70.97,219.44,0.6909,-1,-1,-1
329,22,508.76,482.31,70.40,221.17,0.7129,-1,-1,-1
329,2,379.00,577.24,86.23,246.65,0.5797,-1,-1,-1
329,12,929.80,30.76,61.70,171.61,0.3878,-1,-1,-1
329,21,407.68,843.18,85.30,147.43,0.5571,-1,-1,-1
329,27,985.75,68.27,60.45,170.84,0.4625,-1,-1,-1
329,26,842.92,435.75,79.14,207.55,0.4003,-1,-1,-1
329,5,1535.15,610.32,88.66,231.17,0.3981,-1,-1,-1
330,3,939.81,913.79,63.86,164.95,0.6933,-1,-1,-1
330,4,1722.37,459.81,71.79,207.95,0.6315,-1,-1,-1
330,6,232.54,354.70,58.16,185.16,0.5660,-1,-1,-1
330,20,378.02,924.67,84.62,154.37,0.6374,-1,-1,-1
330,16,420.58,469.96,73.62,222.74,0.6676,-1,-1,-1
330,22,508.59,485.14,69.98,220.21,0.7320,-1,-1,-1
330,2,385.56,591.74,81.06,234.02,0.3995,-1,-1,-1
330,12,929.75,30.16,62.02,171.88,0.4275,-1,-1,-1
330,21,398.09,845.30,113.07,203.68,0.5932,-1,-1,-1
330,27,984.39,67.52,60.82,172.23,0.4712,-1,-1,-1
330,26,843.75,436.25,79.06,206.75,0.3674,-1,-1,-1
330,5,1536.47,610.58,88.06,230.72,0.4146,-1,-1,-1
331,3,939.97,913.58,63.78,165.28,0.7369,-1,-1,-1
331,4,1722.33,458.08,72.50,209.97,0.6495,-1,-1,-1
331,6,231.51,353.97,58.89,187.68,0.5210,-1,-1,-1
331,20,379.71,924.78,83.34,149.91,0.6460,-1,-1,-1
331,22,507.82,487.71,69.65,219.87,0.7408,-1,-1,-1
331,2,388.19,511.35,107.22,314.12,0.5988,-1,-1,-1
331,12,928.50,30.31,62.38,172.71,0.4037,-1,-1,-1
331,21,399.23,847.66,118.86,222.38,0.6612,-1,-1,-1
331,27,983.12,67.09,61.43,174.00,0.5001,-1,-1,-1
331,26,845.88,438.58,79.00,206.14,0.4881,-1,-1,-1
331,5,1536.34,612.66,86.65,229.63,0.5352,-1,-1,-1
332,3,941.09,914.71,62.93,163.45,0.7210,-1,-1,-1
332,4,1722.70,458.63,72.61,210.21,0.6395,-1,-1,-1
332,6,230.67,352.68,59.55,189.40,0.5018,-1,-1,-1
332,20,381.39,925.44,82.10,145.91,0.6350,-1,-1,-1
332,22,507.54,489.87,69.73,220.32,0.7418,-1,-1,-1
332,2,389.33,485.49,114.98,341.09,0.6044,-1,-1,-1
332,12,927.87,30.06,62.60,172.93,0.4115,-1,-1,-1
332,21,403.56,849.54,118.34,229.03,0.6643,-1,-1,-1
332,27,982.34,67.30,61.77,175.10,0.5243,-1,-1,-1
332,26,845.22,437.83,81.02,210.12,0.3811,-1,-1,-1
332,5,1539.02,612.52,87.08,230.44,0.4485,-1,-1,-1
333,3,942.28,915.14,62.41,162.72,0.7332,-1,-1,-1
333,4,1723.14,458.92,72.45,209.95,0.6222,-1,-1,-1
333,6,229.89,352.11,59.85,190.54,0.5167,-1,-1,-1
333,20,383.89,925.52,83.53,146.38,0.6697,-1,-1,-1
333,22,506.94,491.46,69.94,221.17,0.7448,-1,-1,-1
333,2,390.35,475.36,117.59,352.18,0.6423,-1,-1,-1
333,12,928.03,30.18,62.19,171.90,0.4199,-1,-1,-1
333,21,417.88,850.82,96.76,185.33,0.5855,-1,-1,-1
333,27,982.04,66.49,61.86,176.94,0.5050,-1,-1,-1
333,26,845.85,438.48,82.84,213.93,0.4332,-1,-1,-1
333,5,1540.29,612.74,88.04,232.79,0.4466,-1,-1,-1
334,3,943.58,916.30,61.71,161.18,0.7180,-1,-1,-1
334,4,1722.52,459.63,72.34,209.54,0.6197,-1,-1,-1
334,6,229.86,351.82,59.25,188.54,0.4715,-1,-1,-1
334,20,386.42,927.90,83.48,143.92,0.6547,-1,-1,-1
334,22,506.38,492.26,70.17,222.48,0.7312,-1,-1,-1
334,2,392.44,471.55,118.52,357.11,0.6301,-1,-1,-1
334,12,927.93,29.48,62.36,172.64,0.3805,-1,-1,-1
334,21,425.26,851.96,87.41,165.02,0.5495,-1,-1,-1
334,27,981.54,66.63,61.28,176.57,0.4840,-1,-1,-1
334,26,846.22,438.74,84.13,217.02,0.4892,-1,-1,-1
334,5,1539.89,615.34,87.29,231.65,0.5666,-1,-1,-1
335,3,944.78,917.96,61.23,159.95,0.7188,-1,-1,-1
335,4,1722.59,459.78,72.07,208.79,0.6220,-1,-1,-1
335,6,228.92,350.43,60.16,190.81,0.4945,-1,-1,-1
335,20,389.61,930.89,83.56,141.50,0.6631,-1,-1,-1
335,22,505.39,493.06,70.12,222.72,0.7262,-1,-1,-1
335,2,393.07,472.07,118.93,357.66,0.6712,-1,-1,-1
335,12,928.43,27.91,62.17,172.24,0.3671,-1,-1,-1
335,21,429.89,851.45,87.35,162.55,0.5658,-1,-1,-1
335,27,981.19,66.54,60.67,175.61,0.4756,-1,-1,-1
335,26,846.61,439.76,84.11,217.87,0.4986,-1,-1,-1
335,5,1539.19,614.51,89.15,238.23,0.5471,-1,-1,-1
336,3,945.62,918.91,61.14,159.52,0.7165,-1,-1,-1
336,4,1722.16,459.44,72.20,208.86,0.6377,-1,-1,-1
336,6,228.04,349.11,61.06,193.17,0.5092,-1,-1,-1
336,20,392.85,935.70,81.39,135.27,0.6730,-1,-1,-1
336,22,504.67,493.40,69.93,222.13,0.7201,-1,-1,-1
336,2,398.54,475.56,117.64,353.05,0.7020,-1,-1,-1
336,12,927.63,27.32,63.06,174.64,0.3710,-1,-1,-1
336,21,432.18,852.75,89.90,164.40,0.5338,-1,-1,-1
336,27,980.38,66.15,60.44,176.05,0.4611,-1,-1,-1
336,26,844.67,440.58,84.20,218.75,0.4426,-1,-1,-1
336,5,1539.06,615.35,89.45,241.10,0.5850,-1,-1,-1
337,3,947.53,919.58,60.75,158.83,0.6831,-1,-1,-1
337,4,1722.45,459.34,71.99,208.11,0.6125,-1,-1,-1
337,6,227.39,348.10,60.52,190.37,0.4995,-1,-1,-1
337,20,395.12,940.91,81.27,132.26,0.6905,-1,-1,-1
337,22,504.24,493.58,69.79,221.78,0.7002,-1,-1,-1
337,2,404.12,479.86,117.03,347.91,0.7104,-1,-1,-1
337,12,928.82,25.17,63.31,175.03,0.3797,-1,-1,-1
337,21,435.56,856.02,92.53,165.81,0.4651,-1,-1,-1
337,27,979.65,64.98,60.34,176.73,0.4472,-1,-1,-1
337,26,843.35,442.52,83.98,220.76,0.4077,-1,-1,-1
337,5,1539.14,616.08,88.25,239.87,0.6444,-1,-1,-1
338,3,948.98,921.26,60.20,157.01,0.7041,-1,-1,-1
338,4,1722.43,458.97,72.12,208.23,0.5862,-1,-1,-1
338,6,226.93,347.06,60.29,188.52,0.5266,-1,-1,-1
338,20,397.11,944.55,81.51,130.03,0.7150,-1,-1,-1
338,22,503.83,493.62,69.61,221.14,0.6971,-1,-1,-1
338,2,407.04,482.42,116.99,344.78,0.7124,-1,-1,-1
338,12,928.94,23.04,63.04,174.56,0.3624,-1,-1,-1
338,21,441.29,860.14,92.26,161.51,0.6328,-1,-1,-1
338,27,979.19,64.21,60.09,176.90,0.4421,-1,-1,-1
338,26,844.88,444.50,83.20,220.61,0.4247,-1,-1,-1
338,5,1539.44,616.11,87.89,241.42,0.6080,-1,-1,-1
338,28,964.91,392.02,58.62,193.16,0.5275,-1,-1,-1
339,3,951.13,922.30,59.83,155.21,0.7037,-1,-1,-1
339,4,1722.45,459.62,72.08,207.52,0.6069,-1,-1,-1
339,6,226.19,346.06,59.75,185.22,0.5265,-1,-1,-1
339,20,399.79,948.44,81.51,127.36,0.7279,-1,-1,-1
339,22,502.92,494.24,69.48,221.12,0.6891,-1,-1,-1
339,2,407.75,483.57,116.91,342.47,0.7391,-1,-1,-1
339,12,929.53,22.26,61.38,169.60,0.3569,-1,-1,-1
339,21,446.01,865.52,92.63,159.09,0.6151,-1,-1,-1
339,27,978.47,62.04,60.35,178.32,0.4544,-1,-1,-1
339,26,844.38,446.71,81.86,218.35,0.4255,-1,-1,-1
339,5,1540.12,616.55,87.59,242.81,0.6253,-1,-1,-1
339,28,967.82,394.26,58.93,194.10,0.5963,-1,-1,-1
340,3,952.39,923.08,59.76,154.16,0.6989,-1,-1,-1
340,4,1721.97,458.43,72.68,209.21,0.6069,-1,-1,-1
340,6,224.91,344.31,59.64,183.32,0.5185,-1,-1,-1
340,20,402.10,950.95,82.56,126.86,0.7110,-1,-1,-1
340,22,501.98,496.44,68.86,218.16,0.6595,-1,-1,-1
340,2,408.71,484.80,117.22,341.13,0.6977,-1,-1,-1
340,12,929.79,20.89,61.07,168.22,0.3433,-1,-1,-1
340,21,450.52,870.97,91.86,153.46,0.6901,-1,-1,-1
340,27,977.68,60.97,60.31,179.13,0.4919,-1,-1,-1
340,26,843.71,449.06,82.05,220.91,0.4336,-1,-1,-1
340,5,1541.34,616.05,87.23,244.14,0.6002,-1,-1,-1
340,28,970.73,396.79,59.17,194.69,0.5861,-1,-1,-1
341,3,953.02,924.04,59.73,153.12,0.7038,-1,-1,-1
341,4,1721.88,458.67,72.68,209.07,0.6055,-1,-1,-1
341,6,224.24,342.53,60.03,183.03,0.5232,-1,-1,-1
341,20,405.74,954.73,82.15,123.91,0.6939,-1,-1,-1
341,22,500.25,498.40,68.44,216.03,0.6819,-1,-1,-1
341,2,409.49,485.74,117.17,340.26,0.3958,-1,-1,-1
341,12,929.52,19.66,60.65,166.33,0.3548,-1,-1,-1
341,21,453.30,875.32,91.68,148.74,0.6956,-1,-1,-1
341,27,976.91,59.25,60.11,180.03,0.4666,-1,-1,-1
341,26,843.37,450.82,81.69,221.56,0.4574,-1,-1,-1
341,5,1542.46,616.33,86.62,243.85,0.6541,-1,-1,-1
341,28,974.72,398.29,59.40,195.25,0.5525,-1,-1,-1
342,3,953.88,924.39,60.17,152.77,0.6960,-1,-1,-1
342,4,1722.51,457.62,73.22,210.83,0.6238,-1,-1,-1
342,6,222.54,341.05,61.07,184.61,0.5138,-1,-1,-1
342,20,410.09,959.97,80.88,119.24,0.7165,-1,-1,-1
342,22,499.29,500.56,68.11,213.67,0.6917,-1,-1,-1
342,12,928.96,18.55,60.30,164.58,0.3291,-1,-1,-1
342,21,454.93,878.75,92.60,145.82,0.6867,-1,-1,-1
342,27,976.37,58.00,59.91,180.65,0.3981,-1,-1,-1
342,26,840.74,452.24,80.23,220.96,0.3876,-1,-1,-1
342,5,1543.73,617.66,85.43,241.29,0.6389,-1,-1,-1
342,28,977.13,400.41,59.73,195.81,0.6030,-1,-1,-1
342,16,402.73,487.13,80.69,241.76,0.5927,-1,-1,-1
343,3,954.40,925.06,60.32,151.68,0.7070,-1,-1,-1
343,4,1722.33,457.88,72.78,209.65,0.5943,-1,-1,-1
343,6,221.69,339.89,61.90,185.01,0.5042,-1,-1,-1
343,20,412.99,963.07,80.82,116.40,0.7208,-1,-1,-1
343,22,497.64,502.15,68.55,213.33,0.6723,-1,-1,-1
343,12,928.08,16.91,60.24,162.81,0.3083,-1,-1,-1
343,21,454.83,881.85,94.33,144.15,0.6736,-1,-1,-1
343,27,975.61,57.77,58.79,177.97,0.3676,-1,-1,-1
343,26,838.84,453.45,78.61,220.31,0.3289,-1,-1,-1
343,5,1544.67,617.87,85.20,240.97,0.5991,-1,-1,-1
343,28,980.82,401.93,59.29,193.86,0.6358,-1,-1,-1
343,16,400.29,486.76,81.08,243.09,0.5738,-1,-1,-1
344,3,954.98,925.22,60.76,151.00,0.6952,-1,-1,-1
344,4,1722.02,458.89,72.29,207.86,0.6047,-1,-1,-1
344,6,221.35,339.12,62.46,185.74,0.5436,-1,-1,-1
344,20,415.66,964.98,80.50,113.61,0.7272,-1,-1,-1
344,22,497.22,503.43,68.24,211.58,0.6449,-1,-1,-1
344,12,926.35,15.43,62.09,166.05,0.3476,-1,-1,-1
344,21,456.41,883.78,96.74,144.68,0.6799,-1,-1,-1
344,27,975.97,56.27,58.20,176.90,0.3815,-1,-1,-1
344,26,840.35,454.81,74.07,208.59,0.3306,-1,-1,-1
344,5,1546.22,617.84,84.63,239.09,0.5899,-1,-1,-1
344,28,984.36,405.49,59.05,192.08,0.5797,-1,-1,-1
344,16,398.38,487.06,80.42,242.54,0.6259,-1,-1,-1
345,3,955.75,925.77,61.11,149.99,0.6993,-1,-1,-1
345,4,1721.73,458.67,72.21,207.14,0.6117,-1,-1,-1
345,6,220.66,338.49,62.62,185.54,0.5140,-1,-1,-1
345,20,418.50,965.35,81.47,112.66,0.7052,-1,-1,-1
345,22,496.99,505.46,67.89,210.81,0.5651,-1,-1,-1
345,12,926.16,15.57,62.57,165.71,0.3687,-1,-1,-1
345,21,456.84,885.32,101.01,148.92,0.6598,-1,-1,-1
345,27,976.20,54.22,57.00,173.65,0.4170,-1,-1,-1
345,26,838.57,454.78,75.23,214.42,0.3401,-1,-1,-1
345,5,1546.96,618.65,84.89,239.86,0.5660,-1,-1,-1
345,28,986.58,407.31,59.71,193.24,0.5287,-1,-1,-1
345,16,398.20,487.84,79.28,239.30,0.6667,-1,-1,-1
346,3,956.28,926.41,61.66,149.38,0.7130,-1,-1,-1
346,4,1722.08,458.01,72.46,207.70,0.6133,-1,-1,-1
346,6,220.52,337.54,63.39,186.68,0.5116,-1,-1,-1
346,20,422.02,965.76,83.94,112.95,0.7048,-1,-1,-1
346,22,491.90,507.62,67.90,207.41,0.5514,-1,-1,-1
346,12,925.08,14.52,64.48,169.68,0.3310,-1,-1,-1
346,21,457.77,886.14,103.95,152.27,0.6693,-1,-1,-1
346,27,975.38,54.25,57.27,174.51,0.3620,-1,-1,-1
346,26,839.25,454.26,71.51,204.52,0.3789,-1,-1,-1
346,5,1551.01,620.15,83.34,237.21,0.5691,-1,-1,-1
346,28,988.18,408.33,60.51,194.58,0.4623,-1,-1,-1
346,16,397.34,487.70,78.62,236.31,0.7008,-1,-1,-1
347,3,956.61,927.29,62.28,148.44,0.7031,-1,-1,-1
347,4,1722.57,458.16,72.73,208.70,0.6247,-1,-1,-1
347,6,219.89,336.74,63.91,187.19,0.4517,-1,-1,-1
347,20,422.82,966.26,85.57,112.84,0.6975,-1,-1,-1
347,22,488.93,510.47,67.55,202.49,0.5342,-1,-1,-1
347,21,458.07,887.74,105.38,154.01,0.6729,-1,-1,-1
347,27,975.07,53.97,57.24,174.33,0.3638,-1,-1,-1
347,26,839.91,455.11,70.34,202.02,0.3360,-1,-1,-1
347,5,1551.47,621.24,82.98,235.73,0.5572,-1,-1,-1
347,28,991.16,409.74,60.51,193.55,0.5305,-1,-1,-1
347,16,397.14,488.92,78.27,233.87,0.7110,-1,-1,-1
348,3,956.26,927.56,63.20,148.57,0.7289,-1,-1,-1
348,4,1722.55,457.92,72.85,208.90,0.6153,-1,-1,-1
348,6,219.22,336.16,63.96,186.29,0.4055,-1,-1,-1
348,20,424.07,967.46,86.20,111.55,0.7086,-1,-1,-1
348,22,489.34,512.52,66.15,195.49,0.4439,-1,-1,-1
348,21,454.96,890.27,108.89,160.05,0.6440,-1,-1,-1
348,27,974.49,52.32,56.52,172.60,0.3428,-1,-1,-1
348,5,1553.46,621.83,82.39,233.63,0.5380,-1,-1,-1
348,28,994.84,410.61,60.43,192.99,0.5836,-1,-1,-1
348,16,395.72,489.79,78.48,233.21,0.7211,-1,-1,-1
348,2,465.81,564.65,86.94,255.19,0.5979,-1,-1,-1
349,3,956.88,927.94,64.02,147.78,0.7385,-1,-1,-1
349,4,1722.65,457.85,72.71,208.54,0.6026,-1,-1,-1
349,6,218.64,334.21,64.72,187.88,0.4351,-1,-1,-1
349,20,425.33,969.43,86.50,109.92,0.7049,-1,-1,-1
349,21,454.15,892.43,109.95,163.40,0.6408,-1,-1,-1
349,27,973.56,51.65,56.58,173.35,0.4554,-1,-1,-1
349,5,1553.88,622.22,83.60,236.31,0.5481,-1,-1,-1
349,28,997.52,411.62,60.69,193.08,0.6044,-1,-1,-1
349,16,394.20,489.79,78.63,233.37,0.7185,-1,-1,-1
349,2,471.93,576.83,81.75,242.48,0.6646,-1,-1,-1
350,3,957.00,928.67,64.87,146.87,0.7283,-1,-1,-1
350,4,1722.55,457.73,72.56,207.73,0.6070,-1,-1,-1
350,6,217.30,333.19,64.78,187.17,0.3941,-1,-1,-1
350,20,427.08,972.10,86.57,107.69,0.6934,-1,-1,-1
350,21,456.01,894.67,106.52,160.57,0.6168,-1,-1,-1
350,27,972.82,50.09,57.05,175.75,0.3872,-1,-1,-1
350,5,1555.10,623.19,84.86,239.22,0.5350,-1,-1,-1
350,28,1001.15,411.34,61.17,193.96,0.6154,-1,-1,-1
350,16,392.41,491.22,78.58,232.81,0.6654,-1,-1,-1
350,2,477.38,580.18,80.08,238.89,0.5705,-1,-1,-1
351,3,957.29,929.70,66.12,146.61,0.7362,-1,-1,-1
351,4,1722.41,457.91,72.79,208.49,0.5800,-1,-1,-1
351,6,215.28,330.47,65.06,187.17,0.3092,-1,-1,-1
351,20,428.96,975.54,85.73,104.24,0.6975,-1,-1,-1
351,21,458.87,897.93,102.28,156.58,0.5868,-1,-1,-1
351,27,972.17,49.37,57.16,176.99,0.4682,-1,-1,-1
351,5,1555.68,623.86,85.29,237.52,0.5587,-1,-1,-1
351,28,1003.16,409.77,61.63,194.88,0.5936,-1,-1,-1
351,16,391.50,493.48,78.52,233.31,0.6816,-1,-1,-1
351,2,478.81,542.07,91.44,275.46,0.6589,-1,-1,-1
352,3,957.00,930.03,67.60,147.04,0.7255,-1,-1,-1
352,4,1722.70,457.27,73.03,209.22,0.5956,-1,-1,-1
352,6,213.00,328.16,65.71,188.41,0.3163,-1,-1,-1
352,20,432.57,979.46,85.11,100.46,0.6904,-1,-1,-1
352,21,461.72,900.18,98.18,152.46,0.5720,-1,-1,-1
352,27,970.98,47.94,57.34,178.36,0.4319,-1,-1,-1
352,5,1555.01,625.54,86.47,238.56,0.5540,-1,-1,-1
352,28,1007.20,410.32,61.48,194.26,0.5951,-1,-1,-1
352,16,390.57,495.15,78.57,234.22,0.7085,-1,-1,-1
352,2,487.27,555.32,88.89,260.95,0.6566,-1,-1,-1
353,3,957.06,930.39,69.00,147.25,0.7475,-1,-1,-1
353,4,1722.23,457.88,73.18,209.64,0.6057,-1,-1,-1
353,6,212.46,325.62,65.72,188.26,0.3040,-1,-1,-1
353,20,434.44,983.26,84.57,96.77,0.6864,-1,-1,-1
353,21,462.62,902.42,96.60,151.62,0.4818,-1,-1,-1
353,27,969.31,47.20,57.68,179.29,0.3711,-1,-1,-1
353,5,1560.59,625.08,86.48,239.93,0.5149,-1,-1,-1
353,28,1010.19,411.09,61.80,194.31,0.6474,-1,-1,-1
353,16,389.71,496.81,78.60,235.30,0.7021,-1,-1,-1
353,2,493.31,569.36,87.25,246.13,0.7219,-1,-1,-1
354,3,957.03,930.84,70.06,147.01,0.7472,-1,-1,-1
354,4,1722.10,458.04,73.19,209.88,0.5894,-1,-1,-1
354,6,213.01,324.18,65.07,186.91,0.3003,-1,-1,-1
354,20,437.26,988.90,82.23,91.17,0.6513,-1,-1,-1
354,21,465.01,907.16,93.95,149.49,0.5197,-1,-1,-1
354,27,967.50,46.90,57.95,179.04,0.3174,-1,-1,-1
354,5,1563.65,625.99,87.56,244.30,0.5241,-1,-1,-1
354,28,1013.68,413.31,62.13,193.98,0.5958,-1,-1,-1
354,16,389.09,498.43,78.70,235.44,0.6843,-1,-1,-1
354,2,495.11,575.78,88.12,239.46,0.7361,-1,-1,-1
355,3,956.76,930.14,71.52,147.63,0.7464,-1,-1,-1
355,4,1722.32,458.18,72.72,208.98,0.6057,-1,-1,-1
355,20,441.53,993.93,79.15,85.32,0.6170,-1,-1,-1
355,21,464.94,910.29,97.31,157.61,0.5779,-1,-1,-1
355,5,1566.41,627.91,87.64,245.57,0.5546,-1,-1,-1
355,28,1016.78,416.36,61.96,191.94,0.5705,-1,-1,-1
355,16,388.49,500.67,79.14,236.29,0.6944,-1,-1,-1
355,2,494.95,579.66,89.85,236.16,0.7571,-1,-1,-1
356,3,956.45,929.34,72.41,147.58,0.7432,-1,-1,-1
356,4,1722.22,458.25,72.54,208.74,0.6058,-1,-1,-1
356,20,444.73,998.06,77.15,81.05,0.6165,-1,-1,-1
356,21,467.24,914.81,96.12,157.65,0.5490,-1,-1,-1
356,5,1567.99,627.86,87.72,246.45,0.5845,-1,-1,-1
356,28,1019.10,418.45,62.30,190.87,0.5037,-1,-1,-1
356,16,386.87,503.15,79.23,236.40,0.6989,-1,-1,-1
356,2,494.24,577.90,93.02,237.87,0.7304,-1,-1,-1
357,3,956.44,928.28,73.64,148.61,0.7290,-1,-1,-1
357,4,1722.38,458.29,72.23,208.06,0.5888,-1,-1,-1
357,20,448.90,1003.03,74.38,76.00,0.5528,-1,-1,-1
357,21,471.56,919.24,94.52,157.16,0.5160,-1,-1,-1
357,5,1569.95,629.98,87.00,244.79,0.5878,-1,-1,-1
357,28,1023.04,420.62,64.23,193.04,0.4390,-1,-1,-1
357,16,385.22,504.99,79.40,236.83,0.6875,-1,-1,-1
357,2,494.62,575.76,96.18,240.14,0.7084,-1,-1,-1
358,3,956.35,927.65,75.24,151.27,0.7234,-1,-1,-1
358,4,1722.70,458.10,72.17,208.14,0.5798,-1,-1,-1
358,20,449.87,1006.76,72.60,72.41,0.5573,-1,-1,-1
358,21,477.93,921.67,92.82,155.50,0.5998,-1,-1,-1
358,5,1570.72,632.24,86.27,243.10,0.5366,-1,-1,-1
358,28,1024.15,422.80,65.74,193.61,0.5047,-1,-1,-1
358,16,383.49,506.32,80.39,240.11,0.6983,-1,-1,-1
358,2,496.18,578.63,97.09,237.01,0.7534,-1,-1,-1
358,22,473.02,521.49,72.51,217.80,0.5417,-1,-1,-1
359,3,956.77,927.36,75.23,150.24,0.7142,-1,-1,-1
359,4,1722.41,457.36,72.45,208.97,0.5837,-1,-1,-1
359,20,453.51,1010.99,71.13,68.66,0.5407,-1,-1,-1
359,21,480.78,923.23,91.53,154.04,0.5679,-1,-1,-1
359,5,1570.86,634.65,86.17,242.67,0.5839,-1,-1,-1
359,28,1025.95,425.55,66.66,192.77,0.5000,-1,-1,-1
359,16,382.06,507.34,80.91,241.99,0.6909,-1,-1,-1
359,2,496.29,579.93,98.04,235.39,0.7390,-1,-1,-1
359,22,472.64,523.60,71.56,217.72,0.5348,-1,-1,-1
359,26,845.38,474.86,75.02,216.86,0.5529,-1,-1,-1
360,3,956.95,926.87,75.69,150.61,0.7148,-1,-1,-1
360,4,1722.52,457.56,72.19,208.22,0.6175,-1,-1,-1
360,20,454.90,1012.70,71.42,67.17,0.5192,-1,-1,-1
360,21,485.30,924.59,90.82,153.82,0.6046,-1,-1,-1
360,5,1569.72,635.45,86.25,244.07,0.5803,-1,-1,-1
360,28,1028.19,426.02,68.85,196.69,0.5173,-1,-1,-1
360,16,380.52,508.29,81.19,242.51,0.7215,-1,-1,-1
360,2,497.47,581.41,98.74,234.24,0.6955,-1,-1,-1
360,22,472.07,527.11,70.63,219.36,0.6201,-1,-1,-1
360,26,846.75,476.10,75.59,219.23,0.5622,-1,-1,-1
361,3,957.40,926.44,76.14,151.16,0.7188,-1,-1,-1
361,4,1722.74,457.69,72.30,208.63,0.6122,-1,-1,-1
361,20,457.26,1015.19,70.69,64.22,0.4415,-1,-1,-1
361,21,489.67,925.09,91.03,155.27,0.6524,-1,-1,-1
361,5,1568.54,636.07,85.89,243.63,0.6137,-1,-1,-1
361,28,1030.94,428.29,69.38,196.29,0.4507,-1,-1,-1
361,16,379.10,509.07,81.04,242.63,0.7080,-1,-1,-1
361,2,500.28,579.15,99.69,236.43,0.6562,-1,-1,-1
361,22,471.28,528.73,72.23,227.09,0.6367,-1,-1,-1
361,26,848.22,477.46,75.24,219.71,0.6195,-1,-1,-1
361,30,427.29,328.71,78.55,207.71,0.5139,-1,-1,-1
362,3,958.24,926.25,76.13,151.44,0.6825,-1,-1,-1
362,4,1722.88,457.86,72.39,208.70,0.5889,-1,-1,-1
362,20,457.04,1017.81,68.69,61.00,0.4468,-1,-1,-1
362,21,494.80,927.02,90.61,153.98,0.6729,-1,-1,-1
362,5,1569.55,635.41,85.95,244.92,0.5535,-1,-1,-1
362,28,1033.10,429.60,69.74,195.56,0.4730,-1,-1,-1
362,16,377.27,510.05,80.41,241.25,0.6908,-1,-1,-1
362,2,507.20,578.42,98.21,234.95,0.6012,-1,-1,-1
362,22,469.33,527.26,73.35,233.65,0.6950,-1,-1,-1
362,26,848.84,478.07,74.62,219.27,0.5482,-1,-1,-1
362,30,429.96,325.93,77.65,205.50,0.4851,-1,-1,-1
363,3,959.25,926.06,75.90,151.52,0.6450,-1,-1,-1
363,4,1722.98,458.08,72.34,208.46,0.5977,-1,-1,-1
363,20,459.15,1018.74,70.16,60.50,0.5111,-1,-1,-1
363,21,499.41,928.87,90.54,152.26,0.6548,-1,-1,-1
363,5,1570.97,635.25,85.55,244.59,0.5802,-1,-1,-1
363,28,1035.90,430.07,69.93,195.70,0.5349,-1,-1,-1
363,16,375.80,510.28,80.11,240.56,0.7083,-1,-1,-1
363,2,513.40,577.61,96.93,233.28,0.6178,-1,-1,-1
363,22,469.72,533.23,71.65,229.52,0.7131,-1,-1,-1
363,26,850.17,479.00,73.45,217.81,0.5921,-1,-1,-1
363,30,431.82,324.14,78.02,207.09,0.4889,-1,-1,-1
364,3,960.50,925.44,76.01,152.49,0.6626,-1,-1,-1
364,4,1722.47,458.01,72.43,208.33,0.5894,-1,-1,-1
364,20,460.44,1019.02,71.99,60.74,0.4987,-1,-1,-1
364,21,504.62,931.88,89.98,149.21,0.6698,-1,-1,-1
364,5,1571.28,634.33,85.45,245.97,0.5528,-1,-1,-1
364,28,1039.95,430.46,69.59,194.63,0.6047,-1,-1,-1
364,16,373.98,511.41,79.84,239.92,0.6917,-1,-1,-1
364,2,519.85,576.85,96.43,234.79,0.6583,-1,-1,-1
364,22,469.09,537.96,70.22,226.19,0.7209,-1,-1,-1
364,26,851.26,478.67,73.28,217.93,0.5556,-1,-1,-1
364,30,432.54,322.68,77.57,206.69,0.4866,-1,-1,-1
365,3,961.01,924.00,76.40,154.32,0.6770,-1,-1,-1
365,4,1722.51,457.17,72.69,209.22,0.5713,-1,-1,-1
365,20,460.60,1017.76,74.64,62.19,0.4654,-1,-1,-1
365,21,509.46,934.12,90.04,146.86,0.6750,-1,-1,-1
365,5,1572.37,635.26,84.24,243.93,0.6048,-1,-1,-1
365,28,1043.63,431.10,69.33,193.99,0.6229,-1,-1,-1
365,16,371.28,512.55,79.46,238.51,0.6926,-1,-1,-1
365,2,528.29,574.73,95.30,236.49,0.6433,-1,-1,-1
365,22,468.20,538.31,70.18,227.60,0.7146,-1,-1,-1
365,26,851.21,479.30,72.85,216.65,0.5337,-1,-1,-1
365,30,432.79,318.30,77.80,208.62,0.5329,-1,-1,-1
366,3,962.34,923.10,76.44,155.55,0.7050,-1,-1,-1
366,4,1722.20,457.30,72.66,209.18,0.5805,-1,-1,-1
366,20,459.61,1017.92,74.77,62.10,0.3916,-1,-1,-1
366,21,514.53,936.71,89.98,144.17,0.6744,-1,-1,-1
366,5,1573.43,633.99,84.75,246.08,0.5604,-1,-1,-1
366,28,1046.57,430.86,69.59,195.12,0.6339,-1,-1,-1
366,16,368.05,512.67,79.40,237.64,0.7386,-1,-1,-1
366,2,534.34,573.44,93.88,238.38,0.7075,-1,-1,-1
366,22,466.81,539.43,70.51,230.92,0.7373,-1,-1,-1
366,26,850.95,479.96,72.60,215.88,0.5810,-1,-1,-1
366,30,434.31,316.20,77.46,209.02,0.5350,-1,-1,-1
367,3,963.43,921.79,76.27,156.39,0.7096,-1,-1,-1
367,4,1721.79,457.54,72.66,209.45,0.5755,-1,-1,-1
367,20,462.82,1020.98,71.13,59.05,0.3442,-1,-1,-1
367,21,516.35,940.53,89.56,140.24,0.6848,-1,-1,-1
367,5,1576.54,639.25,83.93,241.82,0.5770,-1,-1,-1
367,28,1049.80,431.09,69.25,194.61,0.6265,-1,-1,-1
367,16,365.32,514.32,79.45,235.98,0.7544,-1,-1,-1
367,2,537.82,572.58,92.95,241.29,0.6913,-1,-1,-1
367,22,465.33,540.38,70.54,233.05,0.7385,-1,-1,-1
367,26,851.27,480.14,73.08,217.39,0.5989,-1,-1,-1
367,30,435.36,313.98,77.03,209.15,0.5601,-1,-1,-1
368,3,964.92,921.29,76.08,157.11,0.6915,-1,-1,-1
368,4,1722.43,457.86,72.37,208.13,0.5794,-1,-1,-1
368,21,519.39,943.23,89.80,137.43,0.6921,-1,-1,-1
368,5,1578.47,643.50,83.04,236.65,0.5187,-1,-1,-1
368,28,1053.19,432.08,69.75,196.77,0.6633,-1,-1,-1
368,16,363.01,515.25,79.97,235.20,0.7695,-1,-1,-1
368,2,541.42,572.13,91.35,241.06,0.6900,-1,-1,-1
368,22,463.98,541.06,70.37,233.69,0.7517,-1,-1,-1
368,26,850.91,480.93,72.80,217.61,0.6341,-1,-1,-1
368,30,436.30,312.46,76.32,208.44,0.5695,-1,-1,-1
369,3,966.32,920.94,75.98,157.89,0.7150,-1,-1,-1
369,4,1723.22,458.12,72.28,206.90,0.5701,-1,-1,-1
369,21,523.34,946.11,90.14,134.46,0.6971,-1,-1,-1
369,5,1578.46,645.10,83.48,236.45,0.5141,-1,-1,-1
369,28,1056.92,432.94,69.16,195.10,0.6209,-1,-1,-1
369,16,360.20,516.14,81.78,238.09,0.7539,-1,-1,-1
369,2,543.69,572.47,90.23,240.88,0.6850,-1,-1,-1
369,22,462.97,541.43,69.92,233.43,0.7328,-1,-1,-1
369,26,849.83,482.14,72.62,219.15,0.5734,-1,-1,-1
369,30,436.89,310.42,76.11,209.69,0.5335,-1,-1,-1
370,3,967.32,919.84,76.06,158.62,0.7278,-1,-1,-1
370,4,1722.95,457.74,72.67,207.81,0.5860,-1,-1,-1
370,21,527.62,950.75,89.78,129.75,0.6847,-1,-1,-1
370,5,1578.52,645.05,83.89,235.63,0.4653,-1,-1,-1
370,28,1059.15,434.62,69.85,197.82,0.6176,-1,-1,-1
370,16,356.67,518.44,83.61,241.35,0.7171,-1,-1,-1
370,2,545.51,572.64,89.58,240.71,0.6620,-1,-1,-1
370,22,461.82,541.75,69.60,233.06,0.7271,-1,-1,-1
370,26,850.10,482.52,71.54,217.64,0.4652,-1,-1,-1
370,30,437.63,308.98,76.35,212.25,0.5436,-1,-1,-1
371,3,968.56,918.06,76.56,160.30,0.7223,-1,-1,-1
371,4,1723.11,457.74,72.78,207.57,0.5573,-1,-1,-1
371,21,530.32,954.51,90.05,125.91,0.6957,-1,-1,-1
371,5,1579.15,640.24,85.98,239.43,0.3970,-1,-1,-1
371,28,1062.21,435.89,70.18,198.95,0.6657,-1,-1,-1
371,16,353.22,521.54,84.72,242.05,0.6988,-1,-1,-1
371,2,549.78,572.42,90.32,241.22,0.6371,-1,-1,-1
371,22,460.56,542.11,69.35,232.80,0.7148,-1,-1,-1
371,26,849.32,482.82,72.81,223.23,0.4585,-1,-1,-1
371,30,438.76,309.35,75.32,210.54,0.5039,-1,-1,-1
372,3,970.25,917.22,76.99,161.18,0.7405,-1,-1,-1
372,4,1723.13,458.50,72.96,206.95,0.5365,-1,-1,-1
372,21,532.58,958.65,89.85,121.71,0.6824,-1,-1,-1
372,5,1578.46,644.72,85.23,234.81,0.4455,-1,-1,-1
372,28,1064.23,438.42,71.20,202.21,0.6598,-1,-1,-1
372,16,351.52,524.30,85.79,242.79,0.7195,-1,-1,-1
372,2,555.50,571.56,92.43,242.39,0.6555,-1,-1,-1
372,22,459.53,542.50,68.89,231.32,0.7108,-1,-1,-1
372,26,849.16,484.01,72.70,224.12,0.4061,-1,-1,-1
372,30,439.95,309.82,74.61,209.81,0.5496,-1,-1,-1
373,3,971.84,915.93,77.51,162.17,0.7324,-1,-1,-1
373,4,1722.95,458.15,73.70,207.69,0.5363,-1,-1,-1
373,21,533.59,962.32,90.02,117.99,0.6650,-1,-1,-1
373,5,1577.94,645.48,85.15,232.57,0.4215,-1,-1,-1
373,28,1066.93,440.76,71.42,203.01,0.6469,-1,-1,-1
373,16,350.07,526.61,85.81,240.69,0.6988,-1,-1,-1
373,2,558.34,571.22,94.31,242.79,0.6639,-1,-1,-1
373,22,458.48,543.47,68.41,230.11,0.7047,-1,-1,-1
373,26,848.86,485.54,71.91,223.11,0.3831,-1,-1,-1
373,30,440.63,309.23,74.21,210.03,0.5553,-1,-1,-1
374,3,972.75,915.40,77.88,162.84,0.7307,-1,-1,-1
374,4,1722.23,457.25,74.25,207.88,0.5488,-1,-1,-1
374,21,534.57,964.76,90.60,115.50,0.6549,-1,-1,-1
374,5,1577.17,645.96,86.01,232.67,0.4282,-1,-1,-1
374,28,1070.92,442.77,70.75,202.29,0.6222,-1,-1,-1
374,16,348.11,527.82,85.78,238.92,0.7001,-1,-1,-1
374,2,561.27,570.03,95.91,243.73,0.6560,-1,-1,-1
374,22,457.30,545.13,67.60,227.15,0.7049,-1,-1,-1
374,26,849.81,487.78,70.52,219.75,0.4420,-1,-1,-1
374,30,441.67,308.60,73.50,209.14,0.5965,-1,-1,-1
375,3,973.27,914.38,78.63,164.37,0.7215,-1,-1,-1
375,4,1720.99,457.09,74.81,208.39,0.5773,-1,-1,-1
375,21,535.56,966.83,91.04,113.40,0.6393,-1,-1,-1
375,28,1075.02,444.12,70.70,203.06,0.5902,-1,-1,-1
375,16,346.53,528.87,86.12,238.19,0.6902,-1,-1,-1
375,2,565.49,568.52,97.47,244.94,0.6324,-1,-1,-1
375,22,456.65,546.76,67.06,223.96,0.7348,-1,-1,-1
375,26,851.14,490.12,69.28,217.37,0.4046,-1,-1,-1
375,30,443.27,307.33,73.16,209.26,0.6044,-1,-1,-1
375,31,913.72,506.83,69.92,205.68,0.5549,-1,-1,-1
376,3,974.10,912.92,79.37,166.19,0.7171,-1,-1,-1
376,4,1720.38,456.85,75.10,209.34,0.6119,-1,-1,-1
376,21,537.44,969.33,90.61,110.86,0.6359,-1,-1,-1
376,28,1078.52,445.02,70.13,201.83,0.5825,-1,-1,-1
376,16,344.33,531.40,86.14,236.54,0.6838,-1,-1,-1
376,2,568.53,565.64,99.57,248.79,0.5840,-1,-1,-1
376,22,455.21,548.96,67.13,223.72,0.7416,-1,-1,-1
376,26,851.58,493.73,68.62,216.38,0.5090,-1,-1,-1
376,30,444.98,306.32,72.78,209.09,0.5908,-1,-1,-1
376,31,913.48,506.94,70.08,206.30,0.5748,-1,-1,-1
377,3,974.07,911.74,80.23,167.46,0.7053,-1,-1,-1
377,4,1720.28,456.74,74.92,209.05,0.6236,-1,-1,-1
377,21,537.66,970.15,91.21,110.01,0.6485,-1,-1,-1
377,28,1080.62,446.98,69.81,201.19,0.5975,-1,-1,-1
377,16,342.09,533.77,85.56,233.00,0.6855,-1,-1,-1
377,2,571.38,564.74,100.28,249.40,0.5901,-1,-1,-1
377,22,453.72,550.65,68.01,226.69,0.7338,-1,-1,-1
377,26,851.67,495.43,67.94,214.78,0.5071,-1,-1,-1
377,30,445.84,304.20,72.86,210.38,0.6378,-1,-1,-1
377,31,913.19,507.95,69.66,205.23,0.5751,-1,-1,-1
378,3,974.67,910.34,81.25,169.42,0.7159,-1,-1,-1
378,4,1720.28,456.52,75.06,209.34,0.6188,-1,-1,-1
378,21,538.75,971.72,90.95,108.42,0.6423,-1,-1,-1
378,28,1084.11,449.07,68.87,198.76,0.6358,-1,-1,-1
378,16,340.25,534.94,85.37,231.23,0.6962,-1,-1,-1
378,2,573.24,563.48,99.95,249.01,0.5010,-1,-1,-1
378,22,452.35,552.82,68.72,229.11,0.7250,-1,-1,-1
378,26,850.44,493.34,69.70,221.69,0.5067,-1,-1,-1
378,30,447.07,302.83,72.64,210.04,0.6321,-1,-1,-1
378,31,913.79,509.01,69.21,204.26,0.5561,-1,-1,-1
379,3,975.46,909.66,81.82,170.06,0.7198,-1,-1,-1
379,4,1720.50,456.90,75.03,208.70,0.6199,-1,-1,-1
379,21,539.88,973.19,90.50,106.94,0.6109,-1,-1,-1
379,28,1088.57,449.08,68.71,199.86,0.6337,-1,-1,-1
379,16,339.30,536.16,84.77,228.55,0.6948,-1,-1,-1
379,2,576.07,562.35,98.96,248.89,0.4036,-1,-1,-1
379,22,451.06,554.87,69.65,232.17,0.7144,-1,-1,-1
379,26,849.81,493.09,70.49,225.03,0.5169,-1,-1,-1
379,30,447.59,301.18,72.28,208.87,0.6428,-1,-1,-1
379,31,914.23,508.78,69.19,204.66,0.5595,-1,-1,-1
380,3,976.17,908.81,82.32,170.63,0.7103,-1,-1,-1
380,4,1720.28,456.55,75.31,209.37,0.6107,-1,-1,-1
380,21,541.24,974.55,89.99,105.56,0.6081,-1,-1,-1
380,28,1091.20,449.50,68.29,199.36,0.6023,-1,-1,-1
380,16,338.25,537.24,84.66,227.22,0.7025,-1,-1,-1
380,22,449.60,558.03,69.37,231.15,0.7314,-1,-1,-1
380,26,849.74,492.92,69.26,219.93,0.4426,-1,-1,-1
380,30,448.14,299.26,71.61,206.39,0.5915,-1,-1,-1
380,31,914.51,507.25,69.18,204.95,0.4806,-1,-1,-1
381,3,976.67,907.90,82.86,171.50,0.7045,-1,-1,-1
381,4,1719.90,456.37,75.25,209.49,0.6324,-1,-1,-1
381,21,543.63,977.27,88.28,102.82,0.6081,-1,-1,-1
381,28,1093.34,449.67,67.92,198.59,0.6688,-1,-1,-1
381,16,336.12,537.92,86.48,232.55,0.7547,-1,-1,-1
381,22,448.39,560.93,69.86,233.40,0.7347,-1,-1,-1
381,26,848.53,492.93,69.32,219.92,0.3918,-1,-1,-1
381,30,448.47,297.70,70.92,203.85,0.6312,-1,-1,-1
381,31,915.54,506.78,68.89,204.61,0.4835,-1,-1,-1
382,3,977.07,907.16,83.18,171.83,0.7193,-1,-1,-1
382,4,1719.41,456.73,74.85,208.42,0.6005,-1,-1,-1
382,21,546.53,980.42,86.09,99.66,0.5994,-1,-1,-1
382,28,1095.12,449.25,68.14,199.61,0.6667,-1,-1,-1
382,16,334.82,539.26,86.99,234.84,0.7804,-1,-1,-1
382,22,447.39,562.26,70.17,234.92,0.7429,-1,-1,-1
382,30,448.93,294.98,71.04,203.53,0.6233,-1,-1,-1
382,31,916.08,508.89,68.53,203.59,0.4695,-1,-1,-1
383,3,978.02,906.30,83.32,172.29,0.6950,-1,-1,-1
383,4,1719.20,456.54,74.98,209.17,0.6006,-1,-1,-1
383,21,550.73,987.68,80.82,92.39,0.5859,-1,-1,-1
383,28,1097.71,449.39,67.80,198.62,0.6580,-1,-1,-1
383,16,333.82,540.18,86.86,235.22,0.7797,-1,-1,-1
383,22,446.67,562.06,70.75,236.62,0.7658,-1,-1,-1
383,30,449.37,292.23,71.48,203.93,0.5802,-1,-1,-1
383,31,916.02,510.27,68.36,202.90,0.4879,-1,-1,-1
384,3,978.91,906.07,83.42,172.59,0.6984,-1,-1,-1
384,4,1718.87,456.75,74.44,208.52,0.5856,-1,-1,-1
384,21,555.20,992.68,77.53,87.37,0.5777,-1,-1,-1
384,28,1100.89,452.89,67.84,197.70,0.6481,-1,-1,-1
384,16,332.88,540.83,86.97,236.91,0.7748,-1,-1,-1
384,22,445.22,564.14,70.70,235.55,0.7714,-1,-1,-1
384,30,449.33,290.12,72.15,205.31,0.6012,-1,-1,-1
384,31,916.59,512.26,68.12,201.94,0.5728,-1,-1,-1
385,3,979.62,905.68,83.36,172.94,0.7089,-1,-1,-1
385,4,1718.31,456.91,74.15,208.20,0.6486,-1,-1,-1
385,21,558.91,997.24,74.79,82.81,0.5668,-1,-1,-1
385,28,1103.68,454.23,68.90,199.64,0.5821,-1,-1,-1
385,16,332.13,541.57,87.22,238.64,0.7686,-1,-1,-1
385,22,444.55,564.51,70.99,235.98,0.7674,-1,-1,-1
385,30,447.97,288.90,73.16,207.02,0.5651,-1,-1,-1
385,31,918.70,514.32,68.38,203.22,0.5243,-1,-1,-1
386,3,980.56,905.03,83.10,173.34,0.6759,-1,-1,-1
386,4,1718.80,457.27,73.81,207.62,0.5985,-1,-1,-1
386,21,563.70,1001.92,72.02,78.12,0.5119,-1,-1,-1
386,28,1108.20,455.92,69.33,200.04,0.5336,-1,-1,-1
386,16,331.52,543.84,87.26,239.02,0.7442,-1,-1,-1
386,22,443.11,565.46,71.05,235.74,0.7521,-1,-1,-1
386,30,447.04,287.91,74.15,208.02,0.5690,-1,-1,-1
386,31,918.56,515.48,68.86,204.65,0.4938,-1,-1,-1
387,3,981.67,904.52,82.58,173.39,0.6608,-1,-1,-1
387,4,1719.02,458.06,73.45,206.72,0.5508,-1,-1,-1
387,21,567.24,1005.56,70.27,74.48,0.5012,-1,-1,-1
387,28,1112.28,458.13,70.17,199.49,0.5176,-1,-1,-1
387,16,330.50,545.46,88.35,242.60,0.7475,-1,-1,-1
387,22,441.08,565.70,71.06,235.89,0.7457,-1,-1,-1
387,30,447.06,287.68,74.96,208.19,0.5789,-1,-1,-1
387,31,920.19,517.65,69.72,208.54,0.4461,-1,-1,-1
388,3,982.45,904.25,82.41,173.78,0.6202,-1,-1,-1
388,4,1718.85,457.48,73.43,207.08,0.5456,-1,-1,-1
388,21,570.64,1010.12,67.76,69.91,0.4464,-1,-1,-1
388,28,1114.85,461.75,71.19,198.63,0.5451,-1,-1,-1
388,16,328.29,549.17,89.65,246.23,0.7585,-1,-1,-1
388,22,439.60,567.25,70.76,234.82,0.7461,-1,-1,-1
388,30,446.73,287.22,75.80,208.53,0.5925,-1,-1,-1
388,31,920.79,519.35,69.52,208.54,0.4739,-1,-1,-1
389,3,983.31,904.40,82.22,173.74,0.6536,-1,-1,-1
389,4,1719.27,457.47,73.62,208.09,0.5552,-1,-1,-1
389,21,572.80,1013.14,66.64,66.88,0.4309,-1,-1,-1
389,28,1117.82,463.47,73.28,200.38,0.4800,-1,-1,-1
389,16,326.95,551.71,89.83,246.18,0.7756,-1,-1,-1
389,22,438.53,568.20,70.61,233.45,0.7651,-1,-1,-1
389,30,445.68,286.73,76.73,208.99,0.6108,-1,-1,-1
389,31,922.36,523.57,68.48,204.63,0.5317,-1,-1,-1
390,3,983.52,904.30,82.18,173.75,0.6174,-1,-1,-1
390,4,1719.12,456.89,73.62,208.72,0.5492,-1,-1,-1
390,21,575.66,1015.81,65.79,64.21,0.3864,-1,-1,-1
390,28,1121.48,464.62,74.25,201.36,0.4757,-1,-1,-1
390,16,324.91,553.59,89.81,245.84,0.7912,-1,-1,-1
390,22,437.41,569.25,70.55,232.31,0.7766,-1,-1,-1
390,30,445.05,286.58,77.39,209.13,0.6382,-1,-1,-1
390,31,923.82,525.86,67.90,202.04,0.5937,-1,-1,-1
390,26,852.38,503.80,68.32,215.65,0.5204,-1,-1,-1
391,3,982.65,904.52,82.50,174.43,0.6166,-1,-1,-1
391,4,1719.15,456.81,73.98,210.05,0.5625,-1,-1,-1
391,21,578.55,1017.36,65.86,62.42,0.3882,-1,-1,-1
391,28,1123.80,465.89,74.83,201.95,0.4453,-1,-1,-1
391,16,323.29,556.07,89.99,245.83,0.7920,-1,-1,-1
391,22,436.24,571.87,70.33,230.12,0.8020,-1,-1,-1
391,30,444.89,284.97,77.90,209.30,0.6376,-1,-1,-1
391,31,923.96,527.59,69.59,206.66,0.6189,-1,-1,-1
391,26,852.75,506.56,68.33,213.55,0.5873,-1,-1,-1
392,3,982.21,904.76,82.46,173.81,0.6710,-1,-1,-1
392,4,1720.20,456.81,73.53,209.41,0.5862,-1,-1,-1
392,21,579.61,1017.57,67.55,62.36,0.4018,-1,-1,-1
392,28,1127.82,467.63,74.04,199.72,0.5122,-1,-1,-1
392,16,321.62,557.33,90.88,247.60,0.8023,-1,-1,-1
392,22,435.32,573.79,70.70,229.89,0.8104,-1,-1,-1
392,30,444.86,283.08,78.44,210.46,0.6669,-1,-1,-1
392,31,923.69,528.78,70.52,208.47,0.6076,-1,-1,-1
392,26,851.32,508.33,71.23,223.52,0.5647,-1,-1,-1
393,3,981.93,905.44,82.29,172.86,0.6830,-1,-1,-1
393,4,1720.61,456.68,73.40,209.73,0.5854,-1,-1,-1
393,21,581.25,1018.05,68.71,61.93,0.4238,-1,-1,-1
393,28,1131.37,467.14,74.31,201.29,0.5165,-1,-1,-1
393,16,320.65,559.43,91.32,247.85,0.7958,-1,-1,-1
393,22,433.89,576.43,71.18,230.57,0.8171,-1,-1,-1
393,30,445.52,280.09,78.68,211.62,0.6620,-1,-1,-1
393,31,924.97,529.74,71.25,210.21,0.6582,-1,-1,-1
393,26,850.96,510.42,71.10,222.66,0.5589,-1,-1,-1
394,3,982.25,906.38,81.93,171.71,0.6815,-1,-1,-1
394,4,1719.78,456.31,73.51,210.60,0.5811,-1,-1,-1
394,21,582.79,1018.52,69.92,61.48,0.4425,-1,-1,-1
394,28,1135.99,467.47,73.90,201.69,0.5342,-1,-1,-1
394,16,320.05,560.77,91.55,247.96,0.7911,-1,-1,-1
394,22,432.66,579.20,71.20,230.43,0.8000,-1,-1,-1
394,30,446.53,277.76,78.47,212.07,0.6724,-1,-1,-1
394,31,925.88,526.39,71.88,212.63,0.6616,-1,-1,-1
394,26,850.70,511.90,72.52,227.66,0.5168,-1,-1,-1
395,3,982.82,906.69,82.00,171.36,0.6671,-1,-1,-1
395,4,1719.65,456.10,73.54,211.39,0.5830,-1,-1,-1
395,21,584.09,1019.94,70.09,60.07,0.4024,-1,-1,-1
395,28,1139.38,468.85,73.37,200.99,0.4431,-1,-1,-1
395,16,318.36,561.15,91.84,248.81,0.7875,-1,-1,-1
395,22,431.39,582.54,71.42,231.50,0.7920,-1,-1,-1
395,30,447.82,275.76,77.51,210.55,0.6572,-1,-1,-1
395,31,927.48,525.91,71.90,212.40,0.6760,-1,-1,-1
395,26,852.67,515.09,71.12,222.91,0.5649,-1,-1,-1
396,3,982.81,907.45,81.98,170.67,0.6858,-1,-1,-1
396,4,1720.12,457.24,72.88,209.75,0.6232,-1,-1,-1
396,28,1144.23,469.14,72.60,199.87,0.4849,-1,-1,-1
396,16,315.85,562.33,91.50,248.95,0.7875,-1,-1,-1
396,22,430.49,585.13,71.30,231.19,0.7760,-1,-1,-1
396,30,448.91,274.06,75.96,207.34,0.6752,-1,-1,-1
396,31,928.56,526.40,71.88,212.32,0.6931,-1,-1,-1
396,26,853.81,517.62,71.55,224.78,0.6069,-1,-1,-1
397,3,982.69,908.05,82.14,170.36,0.7022,-1,-1,-1
397,4,1720.31,457.63,72.76,209.38,0.6301,-1,-1,-1
397,28,1147.75,471.44,71.79,197.86,0.4756,-1,-1,-1
397,16,313.81,562.64,91.15,249.47,0.7930,-1,-1,-1
397,22,429.44,587.45,71.20,231.39,0.7713,-1,-1,-1
397,30,450.27,272.11,74.22,203.46,0.6855,-1,-1,-1
397,31,929.68,527.77,71.32,210.18,0.6868,-1,-1,-1
397,26,855.83,519.64,68.49,212.26,0.6179,-1,-1,-1
398,3,982.68,908.19,82.14,170.31,0.7214,-1,-1,-1
398,4,1720.33,458.47,72.50,208.53,0.5912,-1,-1,-1
398,28,1151.74,470.28,72.56,199.57,0.5295,-1,-1,-1
398,16,311.71,563.30,90.45,248.99,0.7893,-1,-1,-1
398,22,427.52,589.12,71.63,234.88,0.7511,-1,-1,-1
398,30,451.01,270.36,73.35,201.16,0.6636,-1,-1,-1
398,31,931.08,530.25,70.20,207.35,0.6510,-1,-1,-1
398,26,856.04,519.90,71.20,221.08,0.6068,-1,-1,-1
399,3,983.00,908.53,82.34,170.97,0.7311,-1,-1,-1
399,4,1720.48,458.59,72.38,208.25,0.5767,-1,-1,-1
399,28,1155.03,468.17,74.26,204.14,0.5756,-1,-1,-1
399,16,310.48,563.74,89.45,247.42,0.7838,-1,-1,-1
399,22,426.64,591.07,71.55,236.34,0.7535,-1,-1,-1
399,30,452.00,267.44,73.62,202.14,0.6445,-1,-1,-1
399,31,932.70,531.50,69.87,206.46,0.6660,-1,-1,-1
399,26,856.62,520.63,71.57,221.94,0.6084,-1,-1,-1
400,3,983.67,909.25,81.89,170.31,0.7246,-1,-1,-1
400,4,1720.41,457.98,72.38,208.33,0.5436,-1,-1,-1
400,28,1157.64,469.97,74.54,205.36,0.5751,-1,-1,-1
400,16,310.11,565.13,87.95,244.22,0.7863,-1,-1,-1
400,22,425.84,592.67,71.19,237.04,0.7664,-1,-1,-1
400,30,452.19,266.26,73.85,202.83,0.6444,-1,-1,-1
400,31,932.32,533.13,70.05,206.33,0.6484,-1,-1,-1
400,26,857.18,521.51,72.10,223.57,0.6055,-1,-1,-1
401,3,983.29,910.57,81.02,168.95,0.7077,-1,-1,-1
401,4,1720.19,456.83,72.63,209.83,0.5082,-1,-1,-1
401,28,1161.78,471.23,74.77,206.89,0.6032,-1,-1,-1
401,16,309.50,566.64,86.54,240.35,0.7850,-1,-1,-1
401,22,425.61,593.92,70.85,237.33,0.7536,-1,-1,-1
401,30,452.19,265.65,74.03,202.86,0.6432,-1,-1,-1
401,31,934.28,534.89,69.95,206.36,0.6574,-1,-1,-1
401,26,857.15,521.43,73.15,226.88,0.6110,-1,-1,-1
402,3,983.70,912.05,80.09,167.72,0.7041,-1,-1,-1
402,4,1720.32,455.93,72.85,210.91,0.5201,-1,-1,-1
402,28,1166.62,474.41,73.44,202.07,0.5433,-1,-1,-1
402,16,308.39,568.40,86.69,240.59,0.7815,-1,-1,-1
402,22,425.35,595.11,70.23,236.81,0.7496,-1,-1,-1
402,30,452.51,264.93,74.55,203.98,0.6368,-1,-1,-1
402,31,934.88,536.20,70.67,208.38,0.6376,-1,-1,-1
402,26,857.03,522.38,73.55,227.69,0.6058,-1,-1,-1
403,3,983.68,913.46,78.93,165.95,0.7161,-1,-1,-1
403,4,1721.10,458.47,72.11,208.83,0.5068,-1,-1,-1
403,28,1170.96,478.33,72.75,199.21,0.3751,-1,-1,-1
403,16,306.52,570.87,87.45,243.50,0.7803,-1,-1,-1
403,22,424.46,596.36,69.61,236.33,0.7420,-1,-1,-1
403,30,452.90,264.64,74.86,204.54,0.6439,-1,-1,-1
403,31,934.92,537.94,70.57,207.29,0.6351,-1,-1,-1
403,26,857.66,523.08,73.70,227.50,0.6415,-1,-1,-1
404,3,983.94,915.37,77.66,164.00,0.6959,-1,-1,-1
404,4,1721.08,459.67,71.59,207.50,0.4495,-1,-1,-1
404,28,1174.13,481.89,73.47,199.69,0.4733,-1,-1,-1
404,16,305.21,573.76,87.81,245.63,0.7799,-1,-1,-1
404,22,423.88,597.19,69.12,235.54,0.7299,-1,-1,-1
404,30,453.04,263.79,75.37,206.22,0.6609,-1,-1,-1
404,31,933.76,539.79,71.89,211.14,0.6119,-1,-1,-1
404,26,858.07,523.34,73.79,227.09,0.6506,-1,-1,-1
405,3,984.10,917.66,76.28,161.60,0.6974,-1,-1,-1
405,4,1721.81,457.52,72.13,208.74,0.4621,-1,-1,-1
405,28,1176.23,483.80,74.53,200.76,0.5425,-1,-1,-1
405,16,303.58,575.59,88.14,248.23,0.7703,-1,-1,-1
405,22,422.40,598.49,68.80,234.52,0.7476,-1,-1,-1
405,30,453.18,263.44,75.36,206.13,0.6715,-1,-1,-1
405,31,934.52,541.23,72.37,213.28,0.6423,-1,-1,-1
405,26,859.86,524.03,74.32,227.36,0.6712,-1,-1,-1
406,3,983.91,918.81,75.74,160.44,0.7103,-1,-1,-1
406,4,1722.46,457.17,72.43,209.11,0.4898,-1,-1,-1
406,28,1179.57,485.84,75.78,203.07,0.4504,-1,-1,-1
406,16,302.66,577.59,87.96,249.47,0.7537,-1,-1,-1
406,22,420.73,600.18,68.35,232.63,0.7347,-1,-1,-1
406,30,453.72,262.87,75.13,204.62,0.6597,-1,-1,-1
406,31,933.98,543.71,72.80,213.80,0.6615,-1,-1,-1
406,26,861.14,525.81,74.69,227.23,0.6863,-1,-1,-1
407,3,983.43,920.37,74.95,158.58,0.6981,-1,-1,-1
407,4,1722.95,458.48,72.19,207.60,0.4469,-1,-1,-1
407,28,1182.89,487.05,75.81,202.60,0.3584,-1,-1,-1
407,16,302.12,579.85,87.15,248.83,0.7589,-1,-1,-1
407,22,418.28,600.69,67.99,231.80,0.7571,-1,-1,-1
407,30,454.30,262.60,75.06,203.99,0.6780,-1,-1,-1
407,31,933.27,545.69,73.46,216.19,0.6853,-1,-1,-1
407,26,859.41,526.44,77.08,233.91,0.6437,-1,-1,-1
408,3,983.20,922.45,73.81,155.61,0.7116,-1,-1,-1
408,4,1721.55,456.29,73.18,210.83,0.4582,-1,-1,-1
408,28,1186.39,487.15,76.25,204.47,0.4291,-1,-1,-1
408,16,300.74,582.77,86.98,249.94,0.7557,-1,-1,-1
408,22,417.81,603.48,67.97,230.84,0.7636,-1,-1,-1
408,30,454.52,261.28,75.49,204.94,0.6792,-1,-1,-1
408,31,932.41,547.40,73.23,215.05,0.6936,-1,-1,-1
408,26,859.38,527.30,78.30,237.80,0.6623,-1,-1,-1
409,3,983.03,924.01,73.36,153.90,0.6881,-1,-1,-1
409,4,1720.99,453.95,73.67,212.84,0.5249,-1,-1,-1
409,28,1192.90,487.57,75.39,204.19,0.4698,-1,-1,-1
409,16,299.36,585.20,86.54,250.25,0.7667,-1,-1,-1
409,22,416.44,607.51,68.26,231.13,0.7629,-1,-1,-1
409,30,455.96,260.12,74.87,203.44,0.6621,-1,-1,-1
409,31,933.09,548.91,72.69,213.31,0.6870,-1,-1,-1
409,26,859.89,529.85,79.02,240.13,0.6322,-1,-1,-1
410,3,982.79,925.20,73.08,152.60,0.6906,-1,-1,-1
410,4,1720.68,450.90,74.46,216.17,0.5461,-1,-1,-1
410,28,1199.80,488.39,73.63,202.96,0.4730,-1,-1,-1
410,16,297.15,586.55,86.72,251.30,0.7945,-1,-1,-1
410,22,414.45,609.72,68.97,233.54,0.7295,-1,-1,-1
410,30,457.45,259.24,73.73,200.49,0.6667,-1,-1,-1
410,31,933.70,550.67,72.30,212.52,0.7032,-1,-1,-1
410,26,859.11,532.32,79.46,242.76,0.6341,-1,-1,-1
411,3,982.19,925.81,73.26,151.73,0.6895,-1,-1,-1
411,4,1720.45,449.37,74.98,218.62,0.5377,-1,-1,-1
411,28,1204.40,487.50,73.40,204.99,0.4238,-1,-1,-1
411,16,295.72,587.86,86.04,250.14,0.7970,-1,-1,-1
411,22,412.46,612.41,69.07,233.84,0.7072,-1,-1,-1
411,30,457.99,257.48,72.70,197.64,0.6786,-1,-1,-1
411,31,933.86,551.58,71.76,211.23,0.6876,-1,-1,-1
411,26,859.60,535.07,79.08,243.73,0.6578,-1,-1,-1
412,3,981.85,925.94,74.13,152.02,0.7054,-1,-1,-1
412,4,1720.54,448.38,74.99,219.57,0.5731,-1,-1,-1
412,28,1208.03,487.02,72.81,205.68,0.5110,-1,-1,-1
412,16,294.09,588.53,85.44,249.38,0.7994,-1,-1,-1
412,22,408.64,614.39,69.81,235.53,0.7283,-1,-1,-1
412,30,457.41,254.66,72.75,197.52,0.6563,-1,-1,-1
412,31,935.06,553.02,71.05,210.00,0.6721,-1,-1,-1
412,26,860.95,537.88,77.04,238.32,0.6554,-1,-1,-1
413,3,981.56,926.92,74.40,150.68,0.6954,-1,-1,-1
413,4,1721.40,450.20,74.22,217.94,0.5495,-1,-1,-1
413,28,1213.05,493.20,70.11,199.98,0.5866,-1,-1,-1
413,16,292.36,589.90,84.88,247.74,0.7894,-1,-1,-1
413,22,407.11,616.43,69.91,235.37,0.7389,-1,-1,-1
413,30,456.66,251.90,73.13,198.41,0.6538,-1,-1,-1
413,31,936.60,553.47,70.60,209.60,0.6480,-1,-1,-1
413,26,861.54,539.62,76.89,239.65,0.6424,-1,-1,-1
414,3,981.33,927.40,75.10,150.10,0.7040,-1,-1,-1
414,4,1721.79,455.91,72.37,212.45,0.4780,-1,-1,-1
414,28,1218.12,488.39,71.29,204.78,0.5254,-1,-1,-1
414,16,291.24,590.46,84.72,247.35,0.7820,-1,-1,-1
414,22,406.12,618.40,70.20,236.16,0.7248,-1,-1,-1
414,30,454.87,249.46,74.04,200.42,0.6629,-1,-1,-1
414,31,935.16,555.67,70.36,206.56,0.6700,-1,-1,-1
414,26,861.96,540.77,77.00,242.45,0.6481,-1,-1,-1
415,3,982.05,928.50,75.70,148.93,0.7249,-1,-1,-1
415,4,1721.91,452.91,73.19,215.09,0.4946,-1,-1,-1
415,28,1222.17,492.89,70.64,202.41,0.5825,-1,-1,-1
415,16,290.34,591.99,84.26,245.82,0.7816,-1,-1,-1
415,22,404.04,620.02,70.66,237.67,0.7211,-1,-1,-1
415,30,453.71,248.93,74.18,199.32,0.6195,-1,-1,-1
415,31,935.81,557.18,70.81,205.67,0.6420,-1,-1,-1
415,26,862.70,542.25,76.69,243.82,0.6306,-1,-1,-1
415,32,1575.15,614.45,109.29,242.15,0.5361,-1,-1,-1
416,3,981.71,928.94,76.69,148.50,0.7303,-1,-1,-1
416,4,1721.83,452.44,73.33,215.19,0.4781,-1,-1,-1
416,28,1228.03,489.89,72.68,206.59,0.4214,-1,-1,-1
416,16,290.32,593.12,83.47,243.35,0.7907,-1,-1,-1
416,22,402.22,621.32,70.96,238.13,0.7395,-1,-1,-1
416,30,452.26,248.67,74.68,198.93,0.6009,-1,-1,-1
416,31,936.25,558.70,71.53,206.31,0.6430,-1,-1,-1
416,26,863.27,543.29,75.84,243.34,0.6034,-1,-1,-1
416,32,1574.99,613.67,109.80,243.31,0.5601,-1,-1,-1
417,3,981.68,929.91,77.33,147.40,0.7107,-1,-1,-1
417,4,1721.36,454.32,72.75,213.57,0.4830,-1,-1,-1
417,28,1233.66,490.86,74.30,207.91,0.5257,-1,-1,-1
417,16,290.20,595.53,82.97,241.03,0.7693,-1,-1,-1
417,22,400.32,623.58,70.58,235.57,0.7413,-1,-1,-1
417,30,450.71,249.41,75.11,197.95,0.5980,-1,-1,-1
417,31,937.06,560.82,71.55,204.53,0.6163,-1,-1,-1
417,26,864.70,544.44,72.01,232.36,0.5605,-1,-1,-1
417,32,1572.78,610.70,111.05,246.28,0.5615,-1,-1,-1
418,3,981.21,930.57,78.45,147.03,0.7074,-1,-1,-1
418,4,1720.80,453.86,73.09,214.45,0.4690,-1,-1,-1
418,28,1236.93,491.00,76.95,210.77,0.5416,-1,-1,-1
418,16,289.47,597.24,83.36,241.49,0.7827,-1,-1,-1
418,22,397.53,624.02,70.91,235.61,0.7810,-1,-1,-1
418,30,449.37,249.30,76.05,198.38,0.5497,-1,-1,-1
418,31,938.17,562.35,72.08,205.00,0.6010,-1,-1,-1
418,26,866.68,545.85,68.64,221.18,0.5149,-1,-1,-1
418,32,1572.46,613.47,109.42,243.05,0.5849,-1,-1,-1
419,3,980.79,931.30,79.49,146.26,0.7164,-1,-1,-1
419,4,1720.25,449.63,74.30,218.49,0.5305,-1,-1,-1
419,28,1238.19,492.78,78.68,211.47,0.4787,-1,-1,-1
419,16,288.53,599.23,84.50,244.34,0.7873,-1,-1,-1
419,22,395.14,624.00,71.29,236.15,0.7939,-1,-1,-1
419,30,448.96,249.09,76.92,198.96,0.5466,-1,-1,-1
419,31,940.44,564.00,73.68,211.20,0.5486,-1,-1,-1
419,26,868.10,546.71,67.11,215.62,0.5412,-1,-1,-1
419,32,1572.88,614.80,108.65,241.56,0.5873,-1,-1,-1
420,3,980.82,931.45,81.00,146.39,0.7010,-1,-1,-1
420,4,1721.53,449.56,73.75,216.87,0.4990,-1,-1,-1
420,28,1237.41,491.67,81.15,215.79,0.4168,-1,-1,-1
420,16,287.51,601.02,85.73,247.84,0.7782,-1,-1,-1
420,22,393.67,624.75,71.55,235.83,0.7863,-1,-1,-1
420,30,449.38,248.79,77.28,198.63,0.5255,-1,-1,-1
420,31,942.33,567.10,73.35,211.12,0.5340,-1,-1,-1
420,26,868.61,546.05,67.78,217.22,0.5591,-1,-1,-1
420,32,1572.50,615.00,107.98,240.77,0.5887,-1,-1,-1
421,3,980.27,932.04,82.03,146.07,0.7085,-1,-1,-1
421,4,1722.43,454.22,72.99,214.02,0.4893,-1,-1,-1
421,28,1239.75,497.17,81.24,212.45,0.3862,-1,-1,-1
421,16,286.30,602.76,87.30,252.24,0.7641,-1,-1,-1
421,22,392.26,625.23,71.81,235.58,0.7875,-1,-1,-1
421,30,448.40,247.12,78.17,199.35,0.5855,-1,-1,-1
421,31,943.97,570.82,73.42,212.16,0.4534,-1,-1,-1
421,26,868.82,546.89,68.54,218.72,0.5200,-1,-1,-1
421,32,1572.82,622.35,104.43,233.33,0.5485,-1,-1,-1
422,3,979.94,931.72,83.23,146.42,0.7210,-1,-1,-1
422,4,1722.13,458.19,71.42,208.55,0.5261,-1,-1,-1
422,28,1243.98,500.96,80.70,208.73,0.3871,-1,-1,-1
422,16,285.74,604.61,89.14,256.64,0.7470,-1,-1,-1
422,22,391.94,627.06,71.61,233.41,0.7814,-1,-1,-1
422,30,447.85,245.30,78.80,200.90,0.6082,-1,-1,-1
422,31,945.50,574.30,72.20,210.02,0.5531,-1,-1,-1
422,26,869.35,548.81,70.16,223.61,0.4379,-1,-1,-1
422,32,1572.45,625.02,103.00,230.63,0.4853,-1,-1,-1
423,3,980.21,931.31,84.22,146.57,0.6958,-1,-1,-1
423,4,1722.10,458.81,71.37,207.70,0.5458,-1,-1,-1
423,16,285.92,607.09,89.84,257.70,0.7405,-1,-1,-1
423,22,390.90,629.49,71.97,233.14,0.7808,-1,-1,-1
423,30,447.42,243.25,78.91,201.41,0.5941,-1,-1,-1
423,31,946.21,576.36,71.72,209.47,0.5579,-1,-1,-1
423,26,875.16,549.57,56.92,171.94,0.3624,-1,-1,-1
423,32,1572.59,625.42,102.39,230.03,0.4357,-1,-1,-1
423,34,734.32,560.96,68.24,228.21,0.6165,-1,-1,-1
424,3,980.31,931.74,84.69,146.06,0.7093,-1,-1,-1
424,4,1722.14,460.74,71.13,206.17,0.5562,-1,-1,-1
424,16,285.31,609.39,89.92,257.40,0.7514,-1,-1,-1
424,22,389.56,631.78,73.57,235.40,0.7808,-1,-1,-1
424,30,446.79,242.55,78.77,201.69,0.5972,-1,-1,-1
424,31,947.31,578.04,71.59,209.23,0.5913,-1,-1,-1
424,26,870.10,550.99,68.82,208.08,0.3868,-1,-1,-1
424,32,1575.09,633.64,97.99,221.47,0.4270,-1,-1,-1
424,34,737.49,560.23,69.10,230.82,0.6618,-1,-1,-1
425,3,981.15,931.86,85.37,146.13,0.6975,-1,-1,-1
425,4,1721.73,460.46,71.66,207.00,0.5447,-1,-1,-1
425,16,284.87,611.35,90.67,258.70,0.7281,-1,-1,-1
425,22,388.00,633.50,74.92,237.39,0.7597,-1,-1,-1
425,30,446.32,239.92,78.69,202.25,0.6361,-1,-1,-1
425,31,948.69,577.16,71.69,208.36,0.5781,-1,-1,-1
425,26,875.34,552.02,58.46,168.57,0.3482,-1,-1,-1
425,32,1574.33,635.49,97.00,220.49,0.4290,-1,-1,-1
425,34,740.99,559.35,70.93,236.37,0.6251,-1,-1,-1
426,3,982.16,931.91,86.15,146.51,0.7120,-1,-1,-1
426,4,1722.31,460.18,72.14,207.33,0.5635,-1,-1,-1
426,16,284.30,613.58,90.89,259.01,0.7227,-1,-1,-1
426,22,386.69,635.38,75.85,238.60,0.7307,-1,-1,-1
426,30,446.33,237.92,77.38,199.46,0.6273,-1,-1,-1
426,31,949.64,577.55,72.01,208.12,0.6223,-1,-1,-1
426,26,870.48,555.18,71.12,205.51,0.4857,-1,-1,-1
426,32,1574.55,637.14,95.70,218.74,0.3638,-1,-1,-1
426,34,743.55,559.71,72.08,239.35,0.6269,-1,-1,-1
427,3,982.87,931.06,87.20,147.67,0.7067,-1,-1,-1
427,4,1721.36,461.71,72.04,206.05,0.5424,-1,-1,-1
427,16,283.35,615.10,91.47,259.82,0.7049,-1,-1,-1
427,22,387.03,637.75,77.54,240.37,0.6814,-1,-1,-1
427,30,446.92,236.94,76.00,196.17,0.6148,-1,-1,-1
427,31,950.93,578.31,72.63,208.90,0.6070,-1,-1,-1
427,26,869.37,557.17,74.87,217.06,0.5286,-1,-1,-1
427,32,1572.85,633.30,96.52,222.36,0.3219,-1,-1,-1
427,34,745.10,560.07,73.34,242.76,0.5611,-1,-1,-1
428,3,983.71,930.37,88.00,148.42,0.7258,-1,-1,-1
428,4,1720.18,462.50,72.26,205.01,0.5272,-1,-1,-1
428,16,282.72,617.66,91.65,259.35,0.7028,-1,-1,-1
428,22,382.77,641.28,76.64,238.35,0.7222,-1,-1,-1
428,30,447.26,235.02,75.03,193.88,0.6391,-1,-1,-1
428,31,952.56,578.77,73.22,210.16,0.6468,-1,-1,-1
428,26,869.54,560.02,77.86,226.57,0.6007,-1,-1,-1
428,32,1572.96,633.21,95.94,222.73,0.3745,-1,-1,-1
428,34,748.43,561.19,74.17,243.93,0.6019,-1,-1,-1
429,3,984.56,930.38,88.24,148.38,0.7322,-1,-1,-1
429,4,1720.79,461.49,73.31,206.88,0.5470,-1,-1,-1
429,16,281.95,618.41,91.34,257.27,0.7233,-1,-1,-1
429,22,380.49,644.17,76.24,238.13,0.7132,-1,-1,-1
429,30,447.09,234.12,74.61,192.54,0.5974,-1,-1,-1
429,31,954.57,579.62,73.08,209.97,0.6488,-1,-1,-1
429,26,870.63,562.86,77.59,226.06,0.6410,-1,-1,-1
429,32,1573.08,635.38,94.66,221.21,0.4367,-1,-1,-1
429,34,751.80,562.11,75.85,247.50,0.6671,-1,-1,-1
430,3,986.58,929.77,88.39,148.90,0.7070,-1,-1,-1
430,4,1722.00,463.97,72.63,203.75,0.5222,-1,-1,-1
430,16,280.56,620.23,91.18,256.18,0.7242,-1,-1,-1
430,22,377.76,646.71,76.65,240.92,0.7087,-1,-1,-1
430,30,446.53,232.34,74.93,193.13,0.5610,-1,-1,-1
430,31,956.81,580.92,72.64,208.18,0.6310,-1,-1,-1
430,26,871.43,564.52,77.54,226.41,0.5902,-1,-1,-1
430,32,1572.83,634.89,94.32,221.73,0.4737,-1,-1,-1
430,34,755.00,563.10,76.32,246.54,0.6755,-1,-1,-1
431,3,987.82,929.03,88.50,149.58,0.6962,-1,-1,-1
431,4,1721.87,462.50,73.47,206.74,0.5384,-1,-1,-1
431,16,280.38,621.58,90.78,254.63,0.7542,-1,-1,-1
431,22,375.95,648.77,76.22,240.48,0.7412,-1,-1,-1
431,30,445.54,230.59,75.26,193.98,0.5680,-1,-1,-1
431,31,958.92,582.01,72.18,207.08,0.6157,-1,-1,-1
431,26,872.21,566.55,77.57,226.40,0.6155,-1,-1,-1
431,32,1572.93,633.90,93.92,222.11,0.4187,-1,-1,-1
431,34,757.33,563.43,76.90,245.92,0.6968,-1,-1,-1
432,3,988.97,927.70,88.70,150.89,0.7002,-1,-1,-1
432,4,1721.55,462.40,73.20,206.18,0.5636,-1,-1,-1
432,16,279.90,623.17,90.10,252.01,0.7414,-1,-1,-1
432,22,375.67,650.30,75.75,239.45,0.7334,-1,-1,-1
432,30,444.70,228.56,75.92,195.80,0.5819,-1,-1,-1
432,31,960.17,583.12,72.24,207.18,0.6274,-1,-1,-1
432,26,872.79,569.07,77.11,225.68,0.6105,-1,-1,-1
432,32,1571.65,629.41,95.37,226.95,0.4534,-1,-1,-1
432,34,758.69,564.18,77.88,246.78,0.7274,-1,-1,-1
433,3,990.54,927.72,88.09,150.65,0.6875,-1,-1,-1
433,4,1722.70,463.12,72.97,204.91,0.5227,-1,-1,-1
433,16,279.21,623.22,89.36,249.92,0.7520,-1,-1,-1
433,22,374.93,651.98,75.34,238.52,0.7008,-1,-1,-1
433,30,444.32,227.29,76.33,196.93,0.6027,-1,-1,-1
433,31,961.78,583.94,72.77,209.40,0.5926,-1,-1,-1
433,26,874.81,570.50,76.15,223.10,0.6065,-1,-1,-1
433,32,1570.90,627.34,95.13,228.20,0.3971,-1,-1,-1
433,34,759.36,564.75,79.17,249.02,0.7079,-1,-1,-1
434,3,992.65,927.87,87.42,150.23,0.7308,-1,-1,-1
434,4,1723.72,464.34,72.38,203.24,0.4749,-1,-1,-1
434,16,278.81,624.08,88.95,248.66,0.7393,-1,-1,-1
434,22,373.81,653.01,75.27,237.69,0.7259,-1,-1,-1
434,30,444.38,226.43,76.57,197.92,0.5977,-1,-1,-1
434,31,962.74,585.90,73.21,211.02,0.6025,-1,-1,-1
434,26,877.36,571.53,75.84,222.75,0.6033,-1,-1,-1
434,32,1571.39,629.83,93.33,225.12,0.3816,-1,-1,-1
434,34,759.95,566.05,79.81,249.65,0.7276,-1,-1,-1
435,3,994.49,926.87,87.42,151.14,0.7072,-1,-1,-1
435,4,1723.97,464.82,72.48,203.51,0.4895,-1,-1,-1
435,16,278.17,624.88,88.89,248.46,0.7551,-1,-1,-1
435,22,371.74,653.38,75.71,238.51,0.7217,-1,-1,-1
435,30,444.17,225.63,76.78,198.85,0.5998,-1,-1,-1
435,31,963.34,587.19,74.34,215.82,0.6062,-1,-1,-1
435,26,879.20,572.45,75.31,220.78,0.6096,-1,-1,-1
435,32,1571.06,629.96,92.50,224.50,0.3785,-1,-1,-1
435,34,760.44,566.43,80.14,250.18,0.7064,-1,-1,-1
436,3,996.70,926.47,87.14,151.27,0.6918,-1,-1,-1
436,4,1724.55,465.97,71.89,201.82,0.4643,-1,-1,-1
436,16,276.75,625.73,89.68,250.92,0.7627,-1,-1,-1
436,22,369.58,654.10,75.61,237.82,0.7305,-1,-1,-1
436,30,443.94,224.95,77.00,199.91,0.6232,-1,-1,-1
436,31,964.54,588.07,75.62,221.62,0.6187,-1,-1,-1
436,26,881.05,573.66,73.01,213.01,0.6295,-1,-1,-1
436,32,1571.31,634.73,89.26,218.29,0.3276,-1,-1,-1
436,34,760.69,566.71,80.42,250.99,0.6867,-1,-1,-1
437,3,998.63,925.35,87.41,152.41,0.7146,-1,-1,-1
437,4,1724.52,465.96,71.71,200.75,0.5036,-1,-1,-1
437,16,274.93,627.51,91.02,255.21,0.7763,-1,-1,-1
437,22,368.52,655.11,75.31,236.46,0.7367,-1,-1,-1
437,30,444.42,223.78,76.63,199.91,0.6121,-1,-1,-1
437,31,964.83,589.74,75.62,223.69,0.6094,-1,-1,-1
437,26,881.49,574.52,74.05,215.98,0.6402,-1,-1,-1
437,32,1571.35,637.75,87.08,214.65,0.3283,-1,-1,-1
437,34,761.17,566.88,80.62,251.59,0.6855,-1,-1,-1
438,3,1001.51,925.49,87.02,152.40,0.7073,-1,-1,-1
438,4,1723.03,464.53,72.46,203.39,0.5341,-1,-1,-1
438,16,272.72,630.07,92.20,259.45,0.7686,-1,-1,-1
438,22,367.12,656.45,75.10,236.09,0.7399,-1,-1,-1
438,30,445.16,224.16,75.88,198.74,0.6165,-1,-1,-1
438,31,965.37,591.69,75.80,225.38,0.5798,-1,-1,-1
438,26,881.18,575.24,76.00,222.07,0.6689,-1,-1,-1
438,32,1568.66,636.00,86.47,216.15,0.3567,-1,-1,-1
438,34,762.02,567.33,80.58,252.17,0.6778,-1,-1,-1
439,3,1004.13,925.51,86.92,152.68,0.6935,-1,-1,-1
439,4,1722.25,462.48,72.75,204.74,0.5582,-1,-1,-1
439,16,271.76,631.56,92.26,261.87,0.7550,-1,-1,-1
439,22,365.71,657.25,75.17,236.16,0.7629,-1,-1,-1
439,30,445.89,223.93,75.76,199.55,0.6157,-1,-1,-1
439,31,965.72,594.66,75.49,225.34,0.5633,-1,-1,-1
439,26,881.98,576.05,77.02,225.31,0.6671,-1,-1,-1
439,32,1566.82,636.87,85.11,216.07,0.3066,-1,-1,-1
439,34,763.40,568.48,80.07,251.40,0.6470,-1,-1,-1
440,3,1006.36,925.36,86.90,152.88,0.6972,-1,-1,-1
440,4,1722.40,461.47,72.70,205.24,0.6071,-1,-1,-1
440,16,270.55,633.73,92.12,262.17,0.7626,-1,-1,-1
440,22,365.03,657.48,76.00,240.23,0.7498,-1,-1,-1
440,30,446.02,223.06,75.45,199.38,0.6124,-1,-1,-1
440,31,966.48,596.67,75.28,224.86,0.5853,-1,-1,-1
440,26,883.02,576.75,77.17,225.69,0.6684,-1,-1,-1
440,34,765.26,568.87,79.45,250.62,0.6693,-1,-1,-1
441,3,1008.44,924.52,87.32,154.10,0.7325,-1,-1,-1
441,4,1722.37,460.16,72.82,206.29,0.5941,-1,-1,-1
441,16,269.59,636.23,91.42,260.24,0.7676,-1,-1,-1
441,22,363.46,659.36,76.91,244.78,0.7757,-1,-1,-1
441,30,445.78,220.82,75.33,199.89,0.6134,-1,-1,-1
441,31,966.36,598.89,74.84,222.67,0.5202,-1,-1,-1
441,26,885.21,577.17,75.01,219.89,0.6603,-1,-1,-1
441,34,766.98,569.86,78.62,250.84,0.6537,-1,-1,-1
442,3,1010.58,924.31,87.20,154.18,0.7427,-1,-1,-1
442,4,1722.71,459.50,72.80,207.45,0.5854,-1,-1,-1
442,16,266.90,638.59,91.46,260.57,0.7724,-1,-1,-1
442,22,361.81,662.14,76.84,245.32,0.7717,-1,-1,-1
442,30,446.05,218.88,74.36,197.82,0.5449,-1,-1,-1
442,31,967.13,599.91,74.60,221.54,0.5358,-1,-1,-1
442,26,886.53,578.05,74.36,218.01,0.6405,-1,-1,-1
442,34,769.32,570.65,77.74,251.35,0.6382,-1,-1,-1
443,3,1012.42,924.34,87.31,154.54,0.7337,-1,-1,-1
443,4,1723.06,459.42,72.46,207.57,0.5816,-1,-1,-1
443,16,263.44,640.78,91.57,260.82,0.7559,-1,-1,-1
443,22,359.52,665.14,76.89,245.60,0.7663,-1,-1,-1
443,30,447.01,217.42,73.21,194.95,0.5325,-1,-1,-1
443,31,967.36,601.49,74.42,221.03,0.4738,-1,-1,-1
443,26,885.10,580.16,77.19,226.53,0.6011,-1,-1,-1
443,34,772.00,570.84,76.64,250.41,0.6221,-1,-1,-1
444,3,1014.45,924.75,87.04,154.43,0.7497,-1,-1,-1
444,4,1723.44,459.00,72.30,208.20,0.5788,-1,-1,-1
444,16,260.83,643.28,91.21,258.90,0.7690,-1,-1,-1
444,22,358.01,667.97,77.10,246.71,0.7725,-1,-1,-1
444,30,446.90,215.64,72.27,191.95,0.5111,-1,-1,-1
444,31,967.62,602.79,74.33,220.17,0.4638,-1,-1,-1
444,26,884.93,582.59,77.88,229.51,0.6191,-1,-1,-1
444,34,774.41,570.98,76.26,252.13,0.6432,-1,-1,-1
445,3,1015.38,923.94,87.37,155.48,0.7426,-1,-1,-1
445,4,1723.20,458.29,72.05,208.30,0.5721,-1,-1,-1
445,16,258.17,644.20,91.09,257.65,0.7529,-1,-1,-1
445,22,357.52,671.71,76.16,244.09,0.7518,-1,-1,-1
445,30,445.99,214.07,72.13,191.13,0.5377,-1,-1,-1
445,31,967.62,602.88,74.88,221.16,0.5778,-1,-1,-1
445,26,884.66,584.44,77.76,229.66,0.6495,-1,-1,-1
445,34,776.95,571.48,75.72,251.99,0.6488,-1,-1,-1
446,3,1017.34,923.58,86.80,155.17,0.7476,-1,-1,-1
446,4,1723.19,457.81,71.92,208.98,0.5625,-1,-1,-1
446,16,255.66,645.56,91.17,256.34,0.7522,-1,-1,-1
446,22,355.85,674.47,76.22,244.96,0.7413,-1,-1,-1
446,30,445.04,212.33,72.48,191.84,0.5334,-1,-1,-1
446,31,966.94,603.64,74.74,219.48,0.5974,-1,-1,-1
446,26,883.75,586.27,79.24,234.78,0.6286,-1,-1,-1
446,34,780.31,572.09,74.99,250.41,0.6330,-1,-1,-1
447,3,1018.06,922.20,87.32,157.07,0.7501,-1,-1,-1
447,4,1722.00,458.06,72.05,209.46,0.5636,-1,-1,-1
447,16,254.50,647.26,91.35,255.10,0.7632,-1,-1,-1
447,22,354.52,676.55,76.02,244.68,0.7557,-1,-1,-1
447,30,444.33,210.89,73.00,193.32,0.5186,-1,-1,-1
447,31,969.06,607.11,72.88,212.63,0.5581,-1,-1,-1
447,26,883.51,588.63,79.36,235.87,0.6176,-1,-1,-1
447,34,783.45,572.41,74.49,249.23,0.6364,-1,-1,-1
448,3,1019.35,921.42,86.98,157.70,0.7502,-1,-1,-1
448,4,1720.97,457.96,72.28,209.74,0.5695,-1,-1,-1
448,16,253.14,648.03,91.46,253.93,0.7706,-1,-1,-1
448,22,353.12,678.48,75.57,243.74,0.7585,-1,-1,-1
448,30,443.16,210.09,73.06,193.41,0.5446,-1,-1,-1
448,31,969.32,608.27,73.05,212.09,0.6531,-1,-1,-1
448,26,882.33,590.66,81.01,241.24,0.6489,-1,-1,-1
448,34,786.51,572.25,74.56,248.78,0.6536,-1,-1,-1
449,3,1020.61,921.77,86.22,157.34,0.7503,-1,-1,-1
449,4,1722.96,457.34,72.49,209.77,0.5459,-1,-1,-1
449,16,252.81,648.44,91.53,253.04,0.7614,-1,-1,-1
449,22,350.93,679.35,75.46,243.11,0.7629,-1,-1,-1
449,30,442.68,209.61,72.97,193.31,0.5240,-1,-1,-1
449,31,969.27,609.94,73.32,211.05,0.6526,-1,-1,-1
449,26,881.81,593.19,82.20,245.00,0.6599,-1,-1,-1
449,34,788.27,572.83,74.61,247.99,0.6551,-1,-1,-1
450,3,1021.53,920.79,85.84,157.93,0.7473,-1,-1,-1
450,4,1723.42,457.29,72.62,209.89,0.5642,-1,-1,-1
450,16,251.81,649.99,91.06,250.07,0.7589,-1,-1,-1
450,22,349.11,679.44,75.72,243.11,0.7609,-1,-1,-1
450,30,442.10,209.13,73.10,194.11,0.5358,-1,-1,-1
450,31,970.17,611.31,73.64,211.28,0.6552,-1,-1,-1
450,26,881.87,594.39,82.59,246.03,0.6518,-1,-1,-1
450,34,789.51,573.57,74.64,246.93,0.6372,-1,-1,-1
451,3,1022.79,921.60,85.08,157.89,0.7439,-1,-1,-1
451,4,1721.12,457.87,72.58,209.08,0.5199,-1,-1,-1
451,16,251.09,651.83,90.27,247.22,0.7250,-1,-1,-1
451,22,347.00,680.49,76.05,243.74,0.7554,-1,-1,-1
451,30,441.05,208.91,73.10,193.96,0.5076,-1,-1,-1
451,31,971.22,612.45,74.93,215.23,0.6075,-1,-1,-1
451,26,881.87,596.96,82.16,244.55,0.6080,-1,-1,-1
451,34,790.65,575.05,74.16,244.76,0.6333,-1,-1,-1
452,3,1023.83,921.83,84.40,158.02,0.7639,-1,-1,-1
452,4,1720.20,458.28,72.72,208.77,0.5371,-1,-1,-1
452,16,249.89,653.47,91.03,249.34,0.7525,-1,-1,-1
452,22,345.05,680.83,76.05,242.33,0.7864,-1,-1,-1
452,30,440.44,208.13,73.51,194.92,0.4617,-1,-1,-1
452,31,972.26,614.00,76.26,219.12,0.6030,-1,-1,-1
452,26,883.27,598.25,81.95,244.69,0.6392,-1,-1,-1
452,34,792.50,575.56,74.31,245.02,0.6450,-1,-1,-1
453,3,1024.52,921.53,83.90,158.46,0.7543,-1,-1,-1
453,4,1719.59,458.72,72.94,208.52,0.5330,-1,-1,-1
453,16,248.60,655.92,91.74,251.83,0.7495,-1,-1,-1
453,22,343.51,681.02,76.29,241.63,0.7834,-1,-1,-1
453,30,439.97,208.08,73.55,195.53,0.4324,-1,-1,-1
453,31,972.86,616.65,76.78,220.59,0.6078,-1,-1,-1
453,26,885.96,599.79,80.83,242.80,0.6336,-1,-1,-1
453,34,795.10,576.99,74.44,244.92,0.6387,-1,-1,-1
454,3,1024.66,921.10,83.54,158.94,0.7552,-1,-1,-1
454,4,1718.42,458.01,73.39,208.55,0.5616,-1,-1,-1
454,16,247.33,657.37,92.66,254.72,0.7521,-1,-1,-1
454,22,342.54,681.73,76.72,240.91,0.7978,-1,-1,-1
454,30,441.13,207.76,73.29,196.68,0.4458,-1,-1,-1
454,31,975.09,618.71,76.36,220.38,0.6455,-1,-1,-1
454,26,885.18,600.76,80.67,241.56,0.6417,-1,-1,-1
454,34,796.42,578.01,74.13,244.09,0.6215,-1,-1,-1
454,35,937.41,0.00,52.45,155.85,0.5302,-1,-1,-1
455,3,1025.71,921.66,82.70,158.39,0.7529,-1,-1,-1
455,4,1717.53,457.82,74.21,209.61,0.5581,-1,-1,-1
455,16,246.32,658.48,93.80,258.03,0.7569,-1,-1,-1
455,22,340.98,683.05,77.33,242.06,0.7862,-1,-1,-1
455,30,440.58,204.95,73.43,197.65,0.4556,-1,-1,-1
455,31,977.21,621.52,75.50,217.40,0.6435,-1,-1,-1
455,26,886.32,601.59,79.54,237.60,0.6320,-1,-1,-1
455,34,797.91,579.40,73.93,242.89,0.6459,-1,-1,-1
455,35,937.33,0.11,52.28,155.40,0.5346,-1,-1,-1
456,3,1026.58,921.79,82.20,158.26,0.7448,-1,-1,-1
456,4,1717.41,457.90,74.55,209.74,0.5721,-1,-1,-1
456,16,245.04,660.43,94.65,260.86,0.7581,-1,-1,-1
456,22,338.63,684.43,78.61,245.57,0.7767,-1,-1,-1
456,30,440.73,203.84,73.01,198.15,0.5163,-1,-1,-1
456,31,978.73,623.64,76.16,219.34,0.6811,-1,-1,-1
456,26,887.08,602.12,79.70,236.59,0.6556,-1,-1,-1
456,34,799.02,580.87,73.60,241.56,0.6527,-1,-1,-1
456,35,937.54,0.04,51.93,154.43,0.5443,-1,-1,-1
457,3,1026.99,921.99,81.74,158.06,0.7306,-1,-1,-1
457,4,1717.02,458.01,74.85,209.41,0.6010,-1,-1,-1
457,16,244.02,662.53,95.00,261.86,0.7619,-1,-1,-1
457,22,336.18,687.56,79.38,248.17,0.7935,-1,-1,-1
457,30,441.30,201.80,72.39,198.34,0.5362,-1,-1,-1
457,31,979.50,625.05,76.63,221.26,0.6708,-1,-1,-1
457,26,888.15,602.85,80.28,237.24,0.6549,-1,-1,-1
457,34,799.88,581.53,73.38,241.40,0.6690,-1,-1,-1
457,35,937.71,0.01,51.41,152.91,0.5351,-1,-1,-1
458,3,1027.40,921.69,81.69,158.35,0.7396,-1,-1,-1
458,4,1716.70,458.10,75.44,210.00,0.5700,-1,-1,-1
458,16,243.34,665.23,95.30,262.27,0.7638,-1,-1,-1
458,22,334.91,690.93,79.29,247.98,0.7933,-1,-1,-1
458,30,442.47,199.97,70.90,196.08,0.5317,-1,-1,-1
458,31,980.60,625.80,77.03,222.14,0.6740,-1,-1,-1
458,26,891.63,603.98,80.42,238.57,0.6841,-1,-1,-1
458,34,802.19,583.25,73.32,240.77,0.6576,-1,-1,-1
458,35,937.02,0.00,51.11,151.73,0.4903,-1,-1,-1
459,3,1027.43,921.33,81.71,158.62,0.7310,-1,-1,-1
459,4,1717.52,458.28,75.40,209.62,0.5413,-1,-1,-1
459,16,242.32,667.69,96.15,264.69,0.7719,-1,-1,-1
459,22,333.65,694.65,78.73,246.73,0.8080,-1,-1,-1
459,30,443.16,197.39,69.70,194.12,0.4999,-1,-1,-1
459,31,981.94,627.60,77.19,221.80,0.6877,-1,-1,-1
459,26,894.11,605.52,80.06,238.42,0.6813,-1,-1,-1
459,34,804.77,584.03,73.54,240.56,0.6422,-1,-1,-1
459,35,937.12,0.01,50.21,148.62,0.4691,-1,-1,-1
460,3,1027.65,921.35,81.64,158.64,0.7354,-1,-1,-1
460,4,1717.63,457.30,75.88,211.01,0.5457,-1,-1,-1
460,16,241.71,668.64,96.88,266.92,0.7748,-1,-1,-1
460,22,333.74,698.17,77.78,243.74,0.8116,-1,-1,-1
460,30,443.74,195.54,68.49,191.27,0.5144,-1,-1,-1
460,31,983.07,628.56,77.12,221.15,0.6722,-1,-1,-1
460,26,896.27,607.01,80.32,239.92,0.7076,-1,-1,-1
460,34,807.47,584.21,74.03,240.66,0.6625,-1,-1,-1
460,35,936.67,0.10,50.07,147.20,0.5077,-1,-1,-1
461,3,1027.87,921.63,81.52,158.38,0.7365,-1,-1,-1
461,4,1718.68,457.52,75.52,210.39,0.5476,-1,-1,-1
461,16,241.88,670.14,96.96,266.69,0.7844,-1,-1,-1
461,22,333.60,701.66,77.94,244.57,0.8070,-1,-1,-1
461,30,443.81,193.58,67.94,190.30,0.5138,-1,-1,-1
461,31,983.90,629.58,77.25,221.06,0.6586,-1,-1,-1
461,26,897.83,609.44,80.28,240.20,0.7093,-1,-1,-1
461,34,809.93,583.61,74.48,240.44,0.6707,-1,-1,-1
461,35,936.68,0.85,49.80,145.27,0.4429,-1,-1,-1
462,3,1027.67,921.60,81.46,158.37,0.7498,-1,-1,-1
462,4,1719.12,455.83,76.14,212.84,0.5332,-1,-1,-1
462,16,241.31,671.72,96.22,265.28,0.7662,-1,-1,-1
462,22,332.52,703.77,78.78,247.15,0.8079,-1,-1,-1
462,30,443.52,192.63,67.60,189.53,0.5091,-1,-1,-1
462,31,985.21,630.86,77.07,219.69,0.6686,-1,-1,-1
462,26,899.00,611.33,80.07,239.77,0.7144,-1,-1,-1
462,34,812.22,583.63,75.53,241.75,0.6680,-1,-1,-1
462,35,936.72,2.86,49.47,142.68,0.3588,-1,-1,-1
463,3,1027.44,921.38,81.54,158.62,0.7400,-1,-1,-1
463,4,1719.30,456.42,75.67,211.81,0.5607,-1,-1,-1
463,16,240.83,673.54,95.80,264.99,0.7677,-1,-1,-1
463,22,331.76,704.66,79.33,248.98,0.8071,-1,-1,-1
463,30,443.99,193.34,67.27,188.43,0.4822,-1,-1,-1
463,31,987.31,631.48,76.21,216.56,0.6904,-1,-1,-1
463,26,900.80,613.49,79.12,236.93,0.7067,-1,-1,-1
463,34,814.53,583.65,76.67,242.67,0.6871,-1,-1,-1
463,35,936.96,3.48,49.50,141.47,0.4157,-1,-1,-1
464,3,1027.07,921.09,81.68,158.93,0.7489,-1,-1,-1
464,4,1718.97,455.85,75.75,212.25,0.5242,-1,-1,-1
464,16,240.89,675.37,95.75,264.61,0.7494,-1,-1,-1
464,22,332.10,705.91,79.37,250.34,0.8035,-1,-1,-1
464,30,444.78,191.75,68.07,189.94,0.4858,-1,-1,-1
464,31,987.22,632.34,76.50,216.96,0.6616,-1,-1,-1
464,26,902.38,615.85,78.34,234.73,0.6802,-1,-1,-1
464,34,816.71,584.47,78.22,244.08,0.6955,-1,-1,-1
464,35,936.79,2.72,50.19,142.36,0.3833,-1,-1,-1
465,3,1026.67,921.72,81.37,158.29,0.7429,-1,-1,-1
465,4,1719.40,456.02,75.59,212.34,0.5301,-1,-1,-1
465,16,240.61,677.44,94.90,261.80,0.7564,-1,-1,-1
465,22,331.96,706.98,78.80,250.66,0.7918,-1,-1,-1
465,30,444.67,191.18,68.82,190.98,0.5128,-1,-1,-1
465,31,988.55,634.66,76.16,215.79,0.6505,-1,-1,-1
465,26,904.03,618.07,77.60,232.00,0.6821,-1,-1,-1
465,34,818.19,585.26,79.33,243.63,0.6829,-1,-1,-1
465,35,936.72,2.60,50.58,142.28,0.4026,-1,-1,-1
466,3,1026.62,922.17,81.18,157.84,0.7224,-1,-1,-1
466,4,1719.96,455.95,75.03,211.67,0.5422,-1,-1,-1
466,16,238.59,679.44,93.00,257.88,0.7708,-1,-1,-1
466,22,331.72,707.30,78.05,249.96,0.7793,-1,-1,-1
466,30,444.93,190.80,69.02,190.59,0.5269,-1,-1,-1
466,31,989.44,637.00,76.69,217.71,0.6281,-1,-1,-1
466,26,904.93,620.45,77.76,232.02,0.6907,-1,-1,-1
466,34,818.61,584.90,80.63,243.37,0.7228,-1,-1,-1
466,35,937.51,2.15,50.74,142.21,0.4292,-1,-1,-1
467,3,1026.80,922.26,80.68,156.50,0.7228,-1,-1,-1
467,4,1719.87,454.74,75.41,213.57,0.5504,-1,-1,-1
467,16,237.88,680.85,91.05,252.83,0.7722,-1,-1,-1
467,22,331.65,707.46,77.41,249.86,0.7877,-1,-1,-1
467,30,445.99,190.83,69.17,189.97,0.5819,-1,-1,-1
467,31,990.29,637.96,77.11,219.38,0.5957,-1,-1,-1
467,26,905.04,621.65,78.88,235.46,0.7204,-1,-1,-1
467,34,817.70,584.77,82.39,244.64,0.7365,-1,-1,-1
467,35,938.02,2.90,50.85,142.24,0.4137,-1,-1,-1
468,3,1027.10,922.50,80.40,155.78,0.7187,-1,-1,-1
468,4,1719.96,455.53,74.78,212.32,0.5397,-1,-1,-1
468,16,236.46,681.64,90.63,251.95,0.7835,-1,-1,-1
468,22,331.71,708.63,76.18,247.28,0.7651,-1,-1,-1
468,30,447.59,190.66,69.00,189.27,0.5440,-1,-1,-1
468,31,990.82,640.36,76.94,219.00,0.5687,-1,-1,-1
468,26,906.54,622.68,78.34,233.63,0.6928,-1,-1,-1
468,34,817.26,584.84,84.41,246.46,0.7377,-1,-1,-1
468,35,938.52,3.78,50.68,141.25,0.4520,-1,-1,-1
469,3,1027.21,922.75,80.16,155.54,0.7272,-1,-1,-1
469,4,1720.12,454.49,74.64,212.61,0.5332,-1,-1,-1
469,16,234.89,683.51,90.85,252.19,0.7806,-1,-1,-1
469,22,331.43,710.53,75.84,247.05,0.7775,-1,-1,-1
469,30,448.84,189.50,68.85,188.83,0.5631,-1,-1,-1
469,31,991.28,642.61,75.33,212.87,0.5474,-1,-1,-1
469,26,908.23,623.63,77.66,231.26,0.6868,-1,-1,-1
469,34,816.74,584.95,86.56,248.71,0.7287,-1,-1,-1
469,35,938.56,3.70,50.86,140.76,0.4317,-1,-1,-1
470,3,1026.42,922.46,80.40,156.04,0.7225,-1,-1,-1
470,4,1720.57,455.15,74.17,211.78,0.5311,-1,-1,-1
470,16,233.44,685.83,91.60,254.29,0.7879,-1,-1,-1
470,22,330.54,712.21,75.32,245.89,0.7976,-1,-1,-1
470,30,448.83,188.39,69.26,189.49,0.5750,-1,-1,-1
470,31,990.77,644.40,76.35,215.73,0.4770,-1,-1,-1
470,26,910.31,624.73,76.79,228.50,0.6452,-1,-1,-1
470,34,815.55,585.07,88.90,251.83,0.7260,-1,-1,-1
470,35,938.11,3.01,51.36,141.38,0.3947,-1,-1,-1
471,3,1025.64,923.41,80.35,156.05,0.7271,-1,-1,-1
471,4,1720.35,455.19,74.39,212.85,0.5355,-1,-1,-1
471,16,231.77,687.84,93.17,258.47,0.7879,-1,-1,-1
471,22,328.93,714.26,75.14,245.00,0.8037,-1,-1,-1
471,30,449.33,185.85,70.11,192.44,0.5805,-1,-1,-1
471,31,989.79,646.41,78.05,220.27,0.4884,-1,-1,-1
471,26,912.77,625.32,75.35,223.15,0.5912,-1,-1,-1
471,34,815.00,585.55,91.19,254.84,0.7076,-1,-1,-1
471,35,938.43,3.11,51.27,140.60,0.4088,-1,-1,-1
472,3,1025.27,924.09,80.07,155.73,0.7042,-1,-1,-1
472,4,1719.97,455.30,74.54,213.37,0.5548,-1,-1,-1
472,16,229.81,690.06,94.65,262.85,0.7863,-1,-1,-1
472,22,327.91,716.37,75.46,245.67,0.8164,-1,-1,-1
472,30,449.91,184.21,70.40,194.31,0.5978,-1,-1,-1
472,31,989.48,647.68,79.07,223.24,0.5033,-1,-1,-1
472,26,914.24,626.13,75.00,221.63,0.6320,-1,-1,-1
472,34,813.93,586.41,92.83,256.95,0.7262,-1,-1,-1
472,35,937.95,3.08,51.46,140.26,0.3718,-1,-1,-1
473,3,1024.68,925.16,79.70,154.80,0.7215,-1,-1,-1
473,4,1719.31,454.66,75.26,215.39,0.5501,-1,-1,-1
473,16,228.14,693.04,95.23,264.49,0.7660,-1,-1,-1
473,22,326.17,720.02,76.11,247.20,0.8012,-1,-1,-1
473,30,450.84,181.81,69.54,192.14,0.5696,-1,-1,-1
473,31,989.69,648.90,79.19,223.87,0.5336,-1,-1,-1
473,26,914.71,627.27,76.38,225.50,0.6851,-1,-1,-1
473,34,812.42,587.03,93.74,257.78,0.7552,-1,-1,-1
473,35,937.91,3.35,51.50,139.71,0.3647,-1,-1,-1
474,3,1024.62,925.06,79.55,154.62,0.7101,-1,-1,-1
474,4,1718.34,454.92,75.43,215.30,0.5399,-1,-1,-1
474,16,226.28,694.74,96.27,267.54,0.7615,-1,-1,-1
474,22,324.45,723.08,77.06,249.87,0.7889,-1,-1,-1
474,30,452.24,179.39,68.80,190.61,0.5176,-1,-1,-1
474,31,989.88,650.14,79.62,225.88,0.5512,-1,-1,-1
474,26,915.37,628.02,76.94,226.29,0.6430,-1,-1,-1
474,34,811.28,587.70,94.16,257.63,0.7578,-1,-1,-1
474,35,937.92,3.20,51.79,139.91,0.3696,-1,-1,-1
475,3,1024.39,925.35,79.24,154.35,0.7104,-1,-1,-1
475,4,1718.00,455.39,75.89,214.84,0.5218,-1,-1,-1
475,16,224.30,697.03,96.90,269.80,0.7566,-1,-1,-1
475,22,322.94,726.11,77.59,251.18,0.7796,-1,-1,-1
475,30,452.99,179.91,67.20,186.79,0.5141,-1,-1,-1
475,31,991.04,652.29,79.21,225.24,0.5985,-1,-1,-1
475,26,915.68,629.61,78.41,231.22,0.6726,-1,-1,-1
475,34,810.23,588.52,94.09,256.76,0.7549,-1,-1,-1
475,35,937.45,3.15,52.27,140.90,0.3579,-1,-1,-1
476,3,1024.15,926.20,78.81,153.53,0.7218,-1,-1,-1
476,4,1716.72,455.96,76.46,214.12,0.4998,-1,-1,-1
476,16,223.29,699.92,96.66,269.42,0.7453,-1,-1,-1
476,22,321.93,728.24,77.47,250.48,0.7718,-1,-1,-1
476,30,453.25,179.53,66.49,185.09,0.5311,-1,-1,-1
476,31,993.13,654.35,78.08,223.43,0.5613,-1,-1,-1
476,26,916.27,631.19,78.40,231.11,0.6058,-1,-1,-1
476,34,808.70,589.07,93.92,256.43,0.7432,-1,-1,-1
476,35,937.33,3.27,52.49,141.31,0.3197,-1,-1,-1
477,3,1023.84,926.78,78.61,153.13,0.7135,-1,-1,-1
477,4,1716.47,456.85,76.73,212.69,0.5110,-1,-1,-1
477,16,222.23,701.95,95.95,267.65,0.7464,-1,-1,-1
477,22,320.32,730.44,77.80,251.63,0.7649,-1,-1,-1
477,30,451.91,176.10,67.62,187.92,0.5386,-1,-1,-1
477,31,994.45,656.09,77.09,222.28,0.5793,-1,-1,-1
477,26,917.00,633.35,78.46,230.54,0.6560,-1,-1,-1
477,34,807.78,589.84,93.31,255.45,0.7750,-1,-1,-1
478,3,1023.47,928.10,78.02,151.89,0.7246,-1,-1,-1
478,4,1714.90,456.98,77.56,212.03,0.4684,-1,-1,-1
478,16,220.66,703.54,95.60,266.47,0.7401,-1,-1,-1
478,22,319.78,732.86,78.05,252.64,0.7587,-1,-1,-1
478,30,453.11,177.04,66.74,185.52,0.5338,-1,-1,-1
478,31,995.97,656.82,76.11,220.91,0.5603,-1,-1,-1
478,26,916.19,635.24,78.61,229.58,0.6714,-1,-1,-1
478,34,806.23,590.39,92.71,255.13,0.7848,-1,-1,-1
479,3,1022.57,929.31,77.47,150.71,0.7199,-1,-1,-1
479,4,1714.99,457.40,78.07,211.04,0.4743,-1,-1,-1
479,16,220.65,704.47,95.37,265.25,0.7293,-1,-1,-1
479,22,318.29,734.81,78.72,254.33,0.7569,-1,-1,-1
479,30,452.73,176.67,66.98,185.87,0.5666,-1,-1,-1
479,31,995.81,657.20,76.19,222.11,0.6304,-1,-1,-1
479,26,915.72,638.43,79.34,231.47,0.7042,-1,-1,-1
479,34,804.55,591.11,91.79,254.41,0.7851,-1,-1,-1
480,3,1021.66,931.49,76.61,148.53,0.7371,-1,-1,-1
480,4,1708.91,456.96,80.37,210.41,0.3887,-1,-1,-1
480,16,219.38,704.85,94.77,263.79,0.7455,-1,-1,-1
480,22,315.33,736.67,78.98,253.67,0.7508,-1,-1,-1
480,30,449.75,173.47,69.26,190.45,0.5275,-1,-1,-1
480,31,996.67,658.22,75.22,220.75,0.6105,-1,-1,-1
480,26,914.08,640.87,81.45,237.09,0.6699,-1,-1,-1
480,34,803.29,591.98,91.06,254.01,0.7775,-1,-1,-1
480,38,1785.10,359.73,83.07,206.69,0.5201,-1,-1,-1
481,3,1020.65,931.32,76.88,148.70,0.7375,-1,-1,-1
481,4,1710.35,457.72,81.59,210.21,0.3960,-1,-1,-1
481,16,218.39,705.12,94.34,263.22,0.7620,-1,-1,-1
481,22,310.58,737.76,80.18,254.75,0.7765,-1,-1,-1
481,30,448.59,171.58,70.50,192.48,0.5352,-1,-1,-1
481,31,994.52,660.04,75.33,220.85,0.5935,-1,-1,-1
481,26,912.47,643.76,81.78,236.70,0.6780,-1,-1,-1
481,34,802.33,593.19,90.19,253.51,0.7920,-1,-1,-1
481,38,1784.51,358.47,82.19,204.95,0.5711,-1,-1,-1
482,3,1020.49,932.54,76.50,147.48,0.7318,-1,-1,-1
482,4,1710.91,458.52,82.33,210.00,0.4341,-1,-1,-1
482,16,218.09,706.43,93.53,261.69,0.7567,-1,-1,-1
482,22,308.70,738.74,81.02,255.73,0.7730,-1,-1,-1
482,30,450.70,174.33,69.16,188.15,0.5106,-1,-1,-1
482,31,994.85,662.35,75.39,221.63,0.6288,-1,-1,-1
482,26,909.96,645.89,84.73,244.37,0.6959,-1,-1,-1
482,34,801.41,594.13,89.49,253.33,0.7817,-1,-1,-1
482,38,1782.26,356.69,82.23,205.80,0.5449,-1,-1,-1
483,3,1020.22,933.06,76.51,146.96,0.7341,-1,-1,-1
483,4,1706.65,458.22,84.34,209.87,0.3725,-1,-1,-1
483,16,218.01,707.53,92.76,259.83,0.7560,-1,-1,-1
483,22,305.87,739.74,81.56,255.84,0.7747,-1,-1,-1
483,30,452.38,173.36,69.12,188.49,0.5149,-1,-1,-1
483,31,996.46,664.33,75.11,221.86,0.6214,-1,-1,-1
483,26,909.58,648.44,85.45,246.16,0.7108,-1,-1,-1
483,34,800.09,595.18,88.74,252.48,0.7749,-1,-1,-1
483,38,1780.46,355.56,82.17,206.53,0.5061,-1,-1,-1
484,3,1019.95,933.53,76.66,146.49,0.7211,-1,-1,-1
484,4,1703.76,458.39,86.49,210.35,0.3799,-1,-1,-1
484,16,217.82,709.08,91.87,257.66,0.7553,-1,-1,-1
484,22,304.36,740.96,81.64,254.83,0.7661,-1,-1,-1
484,30,453.67,172.86,68.62,188.81,0.5114,-1,-1,-1
484,31,997.22,667.14,75.26,223.31,0.6051,-1,-1,-1
484,26,909.43,649.51,86.45,249.35,0.7006,-1,-1,-1
484,34,799.65,596.29,88.19,251.36,0.7704,-1,-1,-1
484,38,1779.62,353.95,81.05,205.44,0.5102,-1,-1,-1
485,3,1019.91,933.94,76.88,146.07,0.7110,-1,-1,-1
485,4,1696.12,457.92,89.54,209.37,0.3766,-1,-1,-1
485,16,217.58,710.87,91.47,256.70,0.7631,-1,-1,-1
485,22,302.75,742.26,81.56,253.16,0.7637,-1,-1,-1
485,30,454.01,171.08,68.58,190.23,0.5326,-1,-1,-1
485,31,997.68,668.81,75.75,225.66,0.6333,-1,-1,-1
485,26,910.10,650.46,85.76,248.18,0.7237,-1,-1,-1
485,34,799.18,597.10,87.96,250.72,0.7825,-1,-1,-1
485,38,1779.04,353.10,78.46,200.20,0.4362,-1,-1,-1
486,3,1019.39,934.34,77.18,145.67,0.7146,-1,-1,-1
486,16,216.35,712.67,91.97,258.52,0.7752,-1,-1,-1
486,22,301.65,742.88,81.56,252.02,0.7718,-1,-1,-1
486,30,454.52,164.99,69.69,196.12,0.5532,-1,-1,-1
486,31,999.22,671.04,74.55,223.11,0.6571,-1,-1,-1
486,26,910.24,651.38,84.99,246.23,0.7323,-1,-1,-1
486,34,799.09,597.57,88.20,251.13,0.7894,-1,-1,-1
486,38,1777.35,351.37,77.85,200.28,0.4604,-1,-1,-1
487,3,1019.72,935.01,77.32,145.01,0.7063,-1,-1,-1
487,16,215.95,713.79,93.06,262.28,0.7684,-1,-1,-1
487,22,301.80,744.37,81.20,250.68,0.7635,-1,-1,-1
487,30,455.05,163.40,68.69,196.12,0.5256,-1,-1,-1
487,31,1001.40,673.16,74.07,223.59,0.6621,-1,-1,-1
487,26,911.11,652.19,83.93,242.85,0.7372,-1,-1,-1
487,34,799.53,598.27,88.64,251.09,0.7921,-1,-1,-1
487,38,1776.07,351.19,76.85,199.34,0.3960,-1,-1,-1
488,3,1020.04,936.04,77.27,143.97,0.7178,-1,-1,-1
488,16,214.97,715.79,94.84,268.52,0.7674,-1,-1,-1
488,22,300.79,747.69,80.47,247.73,0.7647,-1,-1,-1
488,30,456.44,160.72,67.26,195.67,0.4915,-1,-1,-1
488,31,1003.50,675.42,73.65,224.04,0.6982,-1,-1,-1
488,26,912.23,653.24,83.64,241.28,0.7077,-1,-1,-1
488,34,799.47,599.70,88.78,249.92,0.7807,-1,-1,-1
489,3,1019.95,936.53,77.60,143.48,0.7169,-1,-1,-1
489,16,214.17,717.95,95.40,271.50,0.7681,-1,-1,-1
489,22,299.88,749.95,81.17,249.78,0.7600,-1,-1,-1
489,30,457.65,159.81,64.99,192.43,0.4754,-1,-1,-1
489,31,1005.46,677.09,73.53,225.20,0.6841,-1,-1,-1
489,26,913.44,654.28,83.35,239.20,0.6961,-1,-1,-1
489,34,799.02,600.64,89.66,251.46,0.7879,-1,-1,-1
490,3,1019.05,937.03,78.13,142.97,0.6999,-1,-1,-1
490,16,213.34,720.49,96.26,274.81,0.7642,-1,-1,-1
490,22,298.97,751.82,81.55,251.60,0.7510,-1,-1,-1
490,30,459.76,159.86,62.23,187.02,0.4464,-1,-1,-1
490,31,1007.41,678.23,73.51,226.53,0.7207,-1,-1,-1
490,26,915.72,655.62,82.07,234.49,0.6985,-1,-1,-1
490,34,798.53,601.19,91.08,254.64,0.7887,-1,-1,-1
491,3,1019.48,937.72,78.35,142.29,0.6963,-1,-1,-1
491,16,212.40,722.89,96.78,277.36,0.7583,-1,-1,-1
491,22,297.10,754.00,83.27,257.48,0.7472,-1,-1,-1
491,30,459.75,158.00,61.68,186.38,0.4018,-1,-1,-1
491,31,1009.36,679.69,73.12,226.22,0.6897,-1,-1,-1
491,26,918.01,659.58,82.99,238.26,0.7045,-1,-1,-1
491,34,798.49,602.09,92.41,257.80,0.7815,-1,-1,-1
492,3,1019.57,938.10,78.68,141.90,0.7052,-1,-1,-1
492,16,212.00,724.89,97.40,279.45,0.7728,-1,-1,-1
492,22,296.44,756.46,83.12,257.90,0.7411,-1,-1,-1
492,30,461.53,157.87,60.84,186.02,0.3149,-1,-1,-1
492,31,1011.57,682.00,72.64,224.71,0.6817,-1,-1,-1
492,26,918.99,661.48,83.13,239.62,0.7229,-1,-1,-1
492,34,799.21,603.38,92.79,258.26,0.7873,-1,-1,-1
493,3,1019.51,938.28,79.13,141.73,0.6854,-1,-1,-1
493,16,211.50,727.83,96.90,278.39,0.7795,-1,-1,-1
493,22,297.61,759.35,82.40,256.00,0.7377,-1,-1,-1
493,31,1013.85,682.48,73.11,226.21,0.6374,-1,-1,-1
493,26,919.35,663.44,83.59,241.70,0.7047,-1,-1,-1
493,34,800.41,604.55,92.88,258.13,0.7696,-1,-1,-1
494,3,1019.51,938.64,79.44,141.37,0.6785,-1,-1,-1
494,16,211.65,730.08,96.73,278.42,0.7788,-1,-1,-1
494,22,297.59,762.75,81.90,255.38,0.7432,-1,-1,-1
494,31,1016.60,684.41,72.25,222.22,0.6311,-1,-1,-1
494,26,920.69,665.90,83.00,240.42,0.6696,-1,-1,-1
494,34,801.58,605.82,92.59,256.79,0.7555,-1,-1,-1
494,4,1710.01,453.12,90.61,217.61,0.5248,-1,-1,-1
495,3,1019.77,938.10,80.15,141.90,0.6710,-1,-1,-1
495,16,211.19,732.29,95.97,276.79,0.7754,-1,-1,-1
495,22,296.91,766.46,82.39,258.30,0.7373,-1,-1,-1
495,31,1019.14,685.51,72.34,221.54,0.5849,-1,-1,-1
495,26,920.64,667.87,83.83,243.60,0.6567,-1,-1,-1
495,34,803.21,606.35,91.75,254.81,0.7531,-1,-1,-1
495,4,1713.98,451.59,88.27,217.67,0.6053,-1,-1,-1
496,3,1020.74,939.00,79.96,141.00,0.6835,-1,-1,-1
496,16,211.09,735.35,95.04,274.14,0.7731,-1,-1,-1
496,22,296.02,768.72,82.48,259.12,0.7489,-1,-1,-1
496,31,1020.04,686.88,72.43,221.01,0.5953,-1,-1,-1
496,26,922.17,670.72,82.36,239.14,0.6905,-1,-1,-1
496,34,806.06,606.39,89.94,251.15,0.7422,-1,-1,-1
496,4,1717.18,451.71,86.13,217.51,0.5829,-1,-1,-1
497,3,1021.47,939.13,80.00,140.88,0.6768,-1,-1,-1
497,16,211.71,736.91,93.62,270.77,0.7466,-1,-1,-1
497,22,294.59,770.48,82.60,259.25,0.7609,-1,-1,-1
497,31,1021.12,687.81,72.53,221.20,0.5564,-1,-1,-1
497,26,923.09,673.47,81.87,237.79,0.6546,-1,-1,-1
497,34,809.53,606.57,88.27,248.79,0.7183,-1,-1,-1
497,4,1719.13,452.36,84.03,217.24,0.5619,-1,-1,-1
498,3,1021.45,938.51,80.47,141.49,0.6604,-1,-1,-1
498,16,211.99,738.56,92.38,267.63,0.7399,-1,-1,-1
498,22,294.47,772.21,82.24,258.03,0.7493,-1,-1,-1
498,31,1022.11,689.34,73.04,221.01,0.5130,-1,-1,-1
498,26,924.07,675.54,82.15,239.10,0.6437,-1,-1,-1
498,34,811.93,606.68,86.98,247.28,0.7065,-1,-1,-1
498,4,1721.50,453.24,81.90,215.93,0.5067,-1,-1,-1
499,3,1022.19,937.88,80.66,142.12,0.6733,-1,-1,-1
499,16,211.84,740.74,91.73,265.89,0.7516,-1,-1,-1
499,22,294.05,773.34,82.00,257.00,0.7413,-1,-1,-1
499,31,1023.93,693.23,72.39,218.97,0.5118,-1,-1,-1
499,26,924.98,677.82,81.85,238.36,0.6096,-1,-1,-1
499,34,814.75,607.51,85.65,246.34,0.6843,-1,-1,-1
500,3,1023.47,936.50,81.06,143.50,0.6737,-1,-1,-1
500,16,210.21,742.17,92.15,266.63,0.7710,-1,-1,-1
500,22,293.53,774.16,81.63,255.88,0.7339,-1,-1,-1
500,31,1025.06,696.93,70.63,213.13,0.4809,-1,-1,-1
500,26,924.73,679.35,84.32,245.67,0.6173,-1,-1,-1
500,34,816.82,607.91,84.32,245.03,0.6898,-1,-1,-1
501,3,1025.35,935.63,81.00,144.37,0.6431,-1,-1,-1
501,16,209.76,743.45,91.44,263.74,0.7791,-1,-1,-1
501,22,292.91,774.99,81.35,255.42,0.7207,-1,-1,-1
501,31,1025.49,698.85,70.57,212.10,0.5119,-1,-1,-1
501,26,926.08,680.09,85.54,250.55,0.6007,-1,-1,-1
501,34,818.22,608.65,83.40,244.97,0.7016,-1,-1,-1
502,3,1026.80,934.98,80.90,145.02,0.6754,-1,-1,-1
502,16,209.40,744.96,91.35,262.70,0.7750,-1,-1,-1
502,22,292.44,775.60,81.02,254.34,0.7334,-1,-1,-1
502,31,1027.12,701.19,69.88,208.73,0.5835,-1,-1,-1
502,26,926.19,681.73,86.62,254.63,0.6319,-1,-1,-1
502,34,818.75,609.11,82.89,245.99,0.7026,-1,-1,-1
503,3,1028.16,934.26,80.84,145.75,0.6440,-1,-1,-1
503,16,208.97,746.55,91.71,263.51,0.7599,-1,-1,-1
503,22,289.61,776.46,81.06,254.52,0.7495,-1,-1,-1
503,31,1028.55,703.72,68.64,203.43,0.5887,-1,-1,-1
503,26,927.65,683.16,86.18,253.73,0.6169,-1,-1,-1
503,34,818.96,609.38,82.30,246.43,0.7175,-1,-1,-1
504,3,1029.71,933.45,80.67,146.55,0.6368,-1,-1,-1
504,16,208.74,747.93,92.93,268.02,0.7556,-1,-1,-1
504,22,287.06,777.50,80.84,253.53,0.7734,-1,-1,-1
504,31,1028.53,705.05,71.01,211.39,0.5908,-1,-1,-1
504,26,928.22,684.30,85.89,252.13,0.5844,-1,-1,-1
504,34,819.00,609.71,81.83,247.35,0.6927,-1,-1,-1
505,3,1030.79,933.75,79.99,146.26,0.6742,-1,-1,-1
505,16,207.26,749.81,93.91,272.60,0.7347,-1,-1,-1
505,22,284.85,778.93,81.31,253.35,0.7731,-1,-1,-1
505,31,1029.03,706.53,72.12,215.86,0.6070,-1,-1,-1
505,26,928.64,684.83,85.86,251.82,0.5511,-1,-1,-1
505,34,819.18,610.06,81.52,248.72,0.6718,-1,-1,-1
506,3,1032.18,932.96,79.86,147.04,0.6656,-1,-1,-1
506,16,205.92,751.49,94.69,277.37,0.7277,-1,-1,-1
506,22,282.53,780.45,82.47,254.92,0.7597,-1,-1,-1
506,31,1029.60,707.64,73.01,219.43,0.6350,-1,-1,-1
506,26,926.03,686.48,86.06,248.63,0.6131,-1,-1,-1
506,34,819.44,610.23,81.38,250.20,0.6797,-1,-1,-1
507,3,1034.18,933.70,79.09,146.30,0.6482,-1,-1,-1
507,16,205.15,753.45,94.42,278.94,0.7257,-1,-1,-1
507,22,280.82,782.11,84.38,259.30,0.7620,-1,-1,-1
507,31,1029.44,708.85,73.73,222.41,0.6134,-1,-1,-1
507,26,929.68,687.48,85.55,246.24,0.6068,-1,-1,-1
507,34,820.17,611.24,80.41,249.55,0.6979,-1,-1,-1
508,3,1035.63,933.51,78.89,146.49,0.6493,-1,-1,-1
508,16,204.92,755.51,93.86,279.07,0.7430,-1,-1,-1
508,22,279.58,784.02,86.17,263.12,0.7674,-1,-1,-1
508,31,1029.67,710.27,73.97,223.69,0.6238,-1,-1,-1
508,26,928.37,688.59,86.84,247.50,0.6068,-1,-1,-1
508,34,821.36,611.61,79.51,249.19,0.7005,-1,-1,-1
509,3,1037.15,933.24,78.71,146.76,0.6428,-1,-1,-1
509,16,204.03,758.20,92.23,275.88,0.7324,-1,-1,-1
509,22,279.61,787.48,85.63,261.13,0.7676,-1,-1,-1
509,31,1030.57,710.72,75.36,228.08,0.6290,-1,-1,-1
509,26,931.06,690.33,87.57,248.77,0.6219,-1,-1,-1
509,34,822.27,611.73,78.89,249.62,0.7007,-1,-1,-1
510,3,1038.91,934.09,78.13,145.91,0.6352,-1,-1,-1
510,16,202.12,761.31,91.15,275.83,0.7396,-1,-1,-1
510,22,280.11,791.03,84.69,257.65,0.7570,-1,-1,-1
510,31,1031.20,711.84,75.97,228.21,0.5969,-1,-1,-1
510,26,931.35,692.00,88.48,249.66,0.6185,-1,-1,-1
510,34,822.88,611.82,78.20,249.89,0.7005,-1,-1,-1
511,3,1039.86,932.47,78.61,147.53,0.6252,-1,-1,-1
511,16,202.07,763.33,91.16,276.77,0.7621,-1,-1,-1
511,22,280.06,795.95,83.78,255.29,0.7810,-1,-1,-1
511,31,1033.07,713.64,74.01,220.38,0.5886,-1,-1,-1
511,26,933.39,694.83,90.59,255.86,0.6370,-1,-1,-1
511,34,823.64,612.10,77.49,249.73,0.6950,-1,-1,-1
511,43,1746.94,202.07,57.39,162.83,0.5114,-1,-1,-1
512,3,1040.42,931.79,78.60,148.15,0.6333,-1,-1,-1
512,16,202.35,765.92,91.06,276.11,0.7600,-1,-1,-1
512,22,279.08,798.53,84.44,258.44,0.7715,-1,-1,-1
512,31,1034.34,715.39,72.88,215.56,0.5685,-1,-1,-1
512,26,934.36,697.42,92.11,260.58,0.6314,-1,-1,-1
512,34,824.17,612.26,76.74,249.39,0.6945,-1,-1,-1
512,43,1748.38,203.12,57.47,163.33,0.5362,-1,-1,-1
513,3,1041.13,932.61,77.82,146.87,0.6101,-1,-1,-1
513,16,201.69,767.41,91.05,275.69,0.7576,-1,-1,-1
513,22,277.81,800.60,85.12,262.38,0.7784,-1,-1,-1
513,31,1034.94,717.30,75.18,222.86,0.5635,-1,-1,-1
513,26,935.43,700.79,91.54,260.51,0.6128,-1,-1,-1
513,34,824.36,611.93,76.29,250.19,0.6786,-1,-1,-1
513,43,1749.03,203.42,58.31,166.15,0.5080,-1,-1,-1
514,3,1041.50,932.17,77.63,147.02,0.6357,-1,-1,-1
514,16,199.69,769.74,91.05,275.00,0.7548,-1,-1,-1
514,22,276.16,801.42,84.88,263.64,0.7985,-1,-1,-1
514,31,1035.44,718.75,75.81,225.30,0.5792,-1,-1,-1
514,26,938.64,703.86,90.56,260.66,0.6248,-1,-1,-1
514,34,824.50,611.79,75.78,250.42,0.6590,-1,-1,-1
514,43,1750.65,203.88,58.90,168.50,0.4573,-1,-1,-1
515,3,1042.16,932.28,77.29,146.78,0.6428,-1,-1,-1
515,16,198.79,771.21,90.92,273.18,0.7595,-1,-1,-1
515,22,274.47,802.21,84.63,263.85,0.8024,-1,-1,-1
515,31,1034.80,719.99,77.17,229.59,0.6182,-1,-1,-1
515,26,938.04,706.23,89.59,257.38,0.5981,-1,-1,-1
515,34,824.91,611.92,75.10,250.23,0.6516,-1,-1,-1
515,43,1752.37,205.29,58.61,168.39,0.4316,-1,-1,-1
516,3,1042.86,932.36,77.04,146.85,0.6137,-1,-1,-1
516,16,196.89,772.79,90.83,270.83,0.7638,-1,-1,-1
516,22,272.71,802.66,84.15,263.06,0.8159,-1,-1,-1
516,31,1034.40,721.53,79.31,237.87,0.6360,-1,-1,-1
516,26,939.30,708.89,88.59,253.87,0.6531,-1,-1,-1
516,34,825.36,612.26,74.32,249.85,0.6382,-1,-1,-1
516,43,1753.93,205.25,57.62,166.13,0.4432,-1,-1,-1
517,3,1043.27,931.79,76.93,147.27,0.6179,-1,-1,-1
517,16,195.30,775.10,89.73,266.19,0.7599,-1,-1,-1
517,22,271.99,803.73,83.77,262.60,0.8187,-1,-1,-1
517,31,1034.96,723.76,78.84,238.74,0.6404,-1,-1,-1
517,26,939.61,711.22,88.86,253.90,0.6462,-1,-1,-1
517,34,825.15,611.78,74.07,250.60,0.6499,-1,-1,-1
517,43,1757.26,204.71,55.24,159.51,0.4174,-1,-1,-1
518,3,1042.97,930.21,77.16,148.65,0.6506,-1,-1,-1
518,16,193.19,776.70,89.20,263.84,0.7939,-1,-1,-1
518,22,271.02,804.18,83.41,261.60,0.8227,-1,-1,-1
518,31,1036.94,726.26,76.50,233.34,0.6212,-1,-1,-1
518,26,941.13,712.87,90.02,257.47,0.6353,-1,-1,-1
518,34,825.18,611.20,73.63,251.07,0.6394,-1,-1,-1
518,43,1759.90,205.02,53.79,155.47,0.3887,-1,-1,-1
519,3,1042.74,929.20,77.11,149.49,0.6273,-1,-1,-1
519,16,191.76,778.46,88.96,262.11,0.7920,-1,-1,-1
519,22,270.23,805.38,83.08,260.49,0.8200,-1,-1,-1
519,31,1037.46,730.28,74.16,226.45,0.5525,-1,-1,-1
519,26,942.25,714.20,90.27,259.02,0.6377,-1,-1,-1
519,34,825.21,610.80,73.05,251.09,0.6207,-1,-1,-1
519,43,1759.49,204.73,56.92,164.60,0.3801,-1,-1,-1
520,3,1042.34,926.99,77.80,151.92,0.6478,-1,-1,-1
520,16,190.68,780.01,89.15,261.73,0.7899,-1,-1,-1
520,22,269.42,807.63,82.85,259.08,0.8219,-1,-1,-1
520,31,1040.93,733.44,70.14,211.51,0.5963,-1,-1,-1
520,26,942.57,715.17,90.06,259.53,0.6922,-1,-1,-1
520,34,825.36,608.70,72.81,251.89,0.5866,-1,-1,-1
520,43,1760.41,205.24,58.04,167.54,0.3053,-1,-1,-1
521,3,1042.55,927.31,77.37,151.99,0.6577,-1,-1,-1
521,16,189.92,780.75,91.04,266.37,0.7921,-1,-1,-1
521,22,268.18,810.15,82.78,258.17,0.8145,-1,-1,-1
521,31,1043.20,735.64,68.41,203.65,0.6012,-1,-1,-1
521,26,945.42,717.65,88.99,257.90,0.6590,-1,-1,-1
521,34,825.69,608.01,72.53,253.07,0.6094,-1,-1,-1
522,3,1042.69,928.51,76.55,151.13,0.6439,-1,-1,-1
522,16,189.54,782.02,92.66,270.29,0.7774,-1,-1,-1
522,22,268.24,812.95,82.40,256.54,0.7974,-1,-1,-1
522,31,1044.33,738.74,68.90,202.81,0.6260,-1,-1,-1
522,26,946.51,719.21,88.23,256.39,0.6857,-1,-1,-1
522,34,825.59,607.10,72.22,254.08,0.6268,-1,-1,-1
522,44,1737.18,635.25,88.54,213.81,0.5509,-1,-1,-1
523,3,1042.82,929.15,75.76,150.26,0.6096,-1,-1,-1
523,16,188.91,783.52,94.05,273.64,0.7728,-1,-1,-1
523,22,267.34,816.25,82.43,255.69,0.8006,-1,-1,-1
523,31,1045.58,740.27,70.17,206.03,0.6184,-1,-1,-1
523,26,948.53,720.05,87.89,256.11,0.6343,-1,-1,-1
523,34,825.90,607.37,71.68,254.12,0.6329,-1,-1,-1
523,44,1741.90,636.67,88.94,214.76,0.4890,-1,-1,-1
524,3,1042.92,929.97,74.95,149.33,0.5853,-1,-1,-1
524,16,187.89,785.13,94.35,275.51,0.7695,-1,-1,-1
524,22,264.85,819.23,83.22,256.54,0.8094,-1,-1,-1
524,31,1045.11,742.63,73.54,216.17,0.6168,-1,-1,-1
524,26,951.42,720.69,85.95,251.16,0.5977,-1,-1,-1
524,34,825.28,607.95,70.99,253.42,0.6287,-1,-1,-1
524,44,1743.90,640.29,89.57,216.01,0.3405,-1,-1,-1
525,3,1043.24,931.25,74.35,148.44,0.5426,-1,-1,-1
525,16,187.43,786.18,95.72,280.03,0.7708,-1,-1,-1
525,22,264.60,822.08,83.49,256.60,0.8099,-1,-1,-1
525,31,1045.19,743.69,76.12,224.27,0.6214,-1,-1,-1
525,26,956.43,721.36,82.10,240.35,0.5087,-1,-1,-1
525,34,825.19,607.83,70.53,253.28,0.6574,-1,-1,-1
525,44,1749.21,643.10,90.91,219.92,0.3483,-1,-1,-1
526,3,1042.70,929.99,74.76,149.92,0.6021,-1,-1,-1
526,16,187.05,788.14,95.69,281.00,0.7714,-1,-1,-1
526,22,263.19,824.74,83.54,254.90,0.8044,-1,-1,-1
526,31,1049.29,743.97,73.84,217.09,0.5205,-1,-1,-1
526,26,956.51,719.64,82.88,245.35,0.4979,-1,-1,-1
526,34,824.91,606.73,70.53,254.67,0.6678,-1,-1,-1
527,3,1041.80,927.82,75.45,152.16,0.6514,-1,-1,-1
527,16,186.92,789.08,96.02,283.06,0.7836,-1,-1,-1
527,22,262.26,827.09,83.37,252.37,0.7869,-1,-1,-1
527,31,1053.75,744.61,70.58,205.43,0.5252,-1,-1,-1
527,26,957.25,722.70,81.96,244.03,0.4360,-1,-1,-1
527,34,825.00,606.04,69.78,252.93,0.6680,-1,-1,-1
528,3,1040.59,924.72,76.27,155.29,0.6971,-1,-1,-1
528,16,186.54,790.61,95.37,283.00,0.7786,-1,-1,-1
528,22,260.91,828.54,83.53,250.62,0.7950,-1,-1,-1
528,31,1056.66,745.42,69.28,199.42,0.5259,-1,-1,-1
528,26,967.51,725.70,64.54,184.16,0.4188,-1,-1,-1
528,34,824.98,605.53,69.46,252.60,0.6926,-1,-1,-1
528,43,1771.50,214.62,59.07,167.45,0.5166,-1,-1,-1
529,3,1039.72,924.81,75.78,155.21,0.7088,-1,-1,-1
529,16,187.27,791.92,94.38,282.14,0.7743,-1,-1,-1
529,22,259.96,829.63,83.46,248.55,0.7873,-1,-1,-1
529,31,1058.28,746.19,70.39,201.32,0.5672,-1,-1,-1
529,26,961.24,728.53,82.24,237.89,0.4716,-1,-1,-1
529,34,824.71,605.51,69.16,252.12,0.7107,-1,-1,-1
529,45,1715.06,460.37,77.07,206.78,0.5138,-1,-1,-1
529,43,1770.34,213.78,61.69,172.83,0.5195,-1,-1,-1
530,3,1039.24,926.51,74.76,153.52,0.6416,-1,-1,-1
530,16,187.87,793.05,93.57,281.62,0.7637,-1,-1,-1
530,22,259.44,831.56,83.46,246.37,0.7871,-1,-1,-1
530,31,1059.44,747.84,70.43,199.49,0.5644,-1,-1,-1
530,26,961.39,731.55,84.87,248.07,0.6288,-1,-1,-1
530,34,823.31,604.98,68.92,251.94,0.7131,-1,-1,-1
530,45,1714.64,459.50,77.64,208.35,0.5285,-1,-1,-1
530,43,1769.71,214.09,63.06,174.06,0.5135,-1,-1,-1
531,3,1038.93,928.89,73.53,151.13,0.6540,-1,-1,-1
531,16,188.57,794.77,92.52,280.11,0.7521,-1,-1,-1
531,22,259.15,832.97,83.67,245.27,0.7844,-1,-1,-1
531,31,1059.93,749.28,72.40,204.52,0.5973,-1,-1,-1
531,26,962.21,733.13,85.53,252.33,0.6366,-1,-1,-1
531,34,821.44,604.18,69.08,252.74,0.7079,-1,-1,-1
531,45,1714.94,460.31,77.25,207.32,0.5389,-1,-1,-1
531,43,1768.83,214.51,63.99,173.82,0.5200,-1,-1,-1
532,3,1039.84,934.48,70.99,145.54,0.6097,-1,-1,-1
532,16,189.37,796.57,91.22,277.31,0.7768,-1,-1,-1
532,22,259.07,834.01,84.00,244.57,0.7899,-1,-1,-1
532,31,1059.98,750.67,74.04,208.66,0.6405,-1,-1,-1
532,26,964.64,735.86,85.96,254.39,0.6743,-1,-1,-1
532,34,819.27,603.32,68.96,251.83,0.7099,-1,-1,-1
532,45,1713.27,459.85,78.37,210.68,0.6018,-1,-1,-1
532,43,1768.58,215.38,65.28,174.59,0.5165,-1,-1,-1
533,3,1041.10,942.39,67.72,137.63,0.5311,-1,-1,-1
533,16,189.96,798.05,90.49,274.99,0.7658,-1,-1,-1
533,22,258.83,835.32,84.25,243.76,0.7916,-1,-1,-1
533,31,1061.36,753.03,74.77,210.17,0.6015,-1,-1,-1
533,26,968.20,738.73,85.15,251.28,0.6902,-1,-1,-1
533,34,815.01,602.68,69.48,253.61,0.7122,-1,-1,-1
533,45,1712.75,458.78,78.50,211.48,0.6038,-1,-1,-1
533,43,1769.06,217.88,65.67,173.17,0.4868,-1,-1,-1
534,3,1041.30,947.41,66.05,132.61,0.4488,-1,-1,-1
534,16,190.71,799.51,89.75,271.71,0.7755,-1,-1,-1
534,22,259.15,836.59,84.29,242.09,0.7829,-1,-1,-1
534,31,1062.75,754.94,75.67,213.52,0.5560,-1,-1,-1
534,26,969.30,740.67,85.13,249.78,0.6799,-1,-1,-1
534,34,810.97,601.56,70.16,255.91,0.7300,-1,-1,-1
534,45,1712.38,458.73,78.29,211.13,0.5888,-1,-1,-1
534,43,1769.88,219.63,66.05,171.52,0.5252,-1,-1,-1
535,16,191.21,800.02,90.19,271.63,0.7963,-1,-1,-1
535,22,259.42,837.68,84.37,240.49,0.7887,-1,-1,-1
535,31,1061.21,757.36,78.80,222.99,0.4514,-1,-1,-1
535,26,970.28,742.93,84.99,248.18,0.6599,-1,-1,-1
535,34,807.14,600.27,70.30,255.15,0.7457,-1,-1,-1
535,45,1712.12,457.47,78.64,212.70,0.6176,-1,-1,-1
535,43,1769.85,221.79,66.20,169.72,0.4699,-1,-1,-1
536,16,191.18,800.75,91.23,273.98,0.8008,-1,-1,-1
536,22,259.31,838.91,84.40,239.36,0.7894,-1,-1,-1
536,31,1061.98,760.67,78.55,222.34,0.4686,-1,-1,-1
536,26,972.48,743.53,85.98,250.99,0.6402,-1,-1,-1
536,34,804.34,599.77,70.33,254.07,0.7305,-1,-1,-1
536,45,1712.82,458.32,77.94,211.29,0.6237,-1,-1,-1
536,43,1769.55,222.94,66.51,168.41,0.5121,-1,-1,-1
537,16,191.49,801.61,92.21,276.94,0.7857,-1,-1,-1
537,22,259.02,840.92,84.13,237.75,0.7763,-1,-1,-1
537,31,1062.88,762.66,79.48,226.30,0.5254,-1,-1,-1
537,26,974.36,745.76,85.92,249.37,0.6561,-1,-1,-1
537,34,801.07,599.68,71.17,254.99,0.7274,-1,-1,-1
537,45,1713.80,459.66,77.40,210.46,0.6184,-1,-1,-1
537,43,1770.47,223.64,66.94,167.86,0.5019,-1,-1,-1
538,16,192.36,802.95,92.22,277.06,0.7956,-1,-1,-1
538,22,258.34,843.70,83.87,235.78,0.7830,-1,-1,-1
538,31,1062.35,764.84,79.44,226.39,0.5723,-1,-1,-1
538,26,976.77,747.64,85.67,247.01,0.6989,-1,-1,-1
538,34,799.71,600.00,71.71,254.60,0.7362,-1,-1,-1
538,45,1714.64,460.48,76.68,209.41,0.6259,-1,-1,-1
538,43,1771.66,223.93,66.82,167.43,0.5207,-1,-1,-1
539,16,193.12,804.67,91.83,275.84,0.7848,-1,-1,-1
539,22,257.15,846.34,83.60,233.49,0.7834,-1,-1,-1
539,31,1061.69,767.26,80.19,228.02,0.6095,-1,-1,-1
539,26,977.93,748.97,85.51,245.25,0.7038,-1,-1,-1
539,34,797.57,599.83,72.37,254.93,0.7297,-1,-1,-1
539,45,1714.74,460.39,76.37,209.18,0.6110,-1,-1,-1
539,43,1773.57,224.78,66.28,166.58,0.4939,-1,-1,-1
539,3,1034.52,941.19,70.74,139.11,0.5008,-1,-1,-1
540,16,193.41,806.12,91.32,273.98,0.7671,-1,-1,-1
540,22,256.38,848.71,82.86,230.10,0.7685,-1,-1,-1
540,31,1063.19,769.33,78.90,223.24,0.5426,-1,-1,-1
540,26,979.73,749.47,85.32,243.43,0.6745,-1,-1,-1
540,34,795.60,599.67,72.91,254.39,0.7462,-1,-1,-1
540,45,1714.70,459.63,76.36,209.86,0.6306,-1,-1,-1
540,43,1774.27,225.22,65.96,166.46,0.4509,-1,-1,-1
540,3,1033.92,943.27,71.12,137.02,0.3970,-1,-1,-1
541,16,195.61,808.76,90.43,271.44,0.7777,-1,-1,-1
541,22,256.46,850.52,82.65,228.37,0.7680,-1,-1,-1
541,31,1060.05,770.30,79.95,223.36,0.6325,-1,-1,-1
541,26,982.35,751.03,84.19,239.80,0.6863,-1,-1,-1
541,34,794.62,599.72,73.01,252.58,0.7224,-1,-1,-1
541,45,1714.90,458.94,76.13,209.94,0.6412,-1,-1,-1
541,43,1775.27,225.79,65.63,166.33,0.4483,-1,-1,-1
541,3,1031.90,940.54,73.61,139.73,0.5404,-1,-1,-1
542,16,198.43,810.55,89.58,269.87,0.7557,-1,-1,-1
542,22,256.99,852.67,82.23,226.73,0.7469,-1,-1,-1
542,31,1065.05,771.64,79.71,224.00,0.5655,-1,-1,-1
542,26,984.27,751.49,83.73,239.47,0.6710,-1,-1,-1
542,34,792.91,599.22,73.38,252.08,0.7132,-1,-1,-1
542,45,1714.68,458.15,76.18,210.71,0.5984,-1,-1,-1
542,43,1776.46,227.12,64.96,165.28,0.4327,-1,-1,-1
542,3,1033.66,946.37,71.55,133.89,0.3613,-1,-1,-1
543,16,201.01,811.87,88.81,268.60,0.7123,-1,-1,-1
543,22,257.05,856.67,81.05,223.10,0.7136,-1,-1,-1
543,31,1067.35,772.56,80.32,227.38,0.5949,-1,-1,-1
543,26,988.06,753.14,81.73,233.63,0.6377,-1,-1,-1
543,34,791.20,599.13,73.97,251.64,0.7077,-1,-1,-1
543,45,1714.30,457.03,76.43,211.70,0.5699,-1,-1,-1
543,43,1777.84,227.58,64.77,165.74,0.4199,-1,-1,-1
543,3,1032.99,945.78,72.59,134.45,0.4403,-1,-1,-1
544,16,203.72,813.17,87.95,267.28,0.7178,-1,-1,-1
544,22,257.57,861.51,79.47,217.70,0.6976,-1,-1,-1
544,31,1069.31,773.14,80.02,227.39,0.5996,-1,-1,-1
544,26,990.23,755.18,80.42,227.88,0.6524,-1,-1,-1
544,34,788.36,598.88,74.96,252.11,0.7251,-1,-1,-1
544,45,1713.92,456.89,76.53,212.13,0.5608,-1,-1,-1
544,43,1778.76,228.07,64.53,166.12,0.4219,-1,-1,-1
544,3,1031.39,944.59,74.09,135.62,0.4525,-1,-1,-1
545,16,205.89,814.72,86.96,265.69,0.6978,-1,-1,-1
545,22,256.54,865.46,78.61,213.64,0.7242,-1,-1,-1
545,31,1070.14,775.51,79.61,226.11,0.5953,-1,-1,-1
545,26,992.71,756.91,79.89,225.46,0.6540,-1,-1,-1
545,34,783.57,598.45,76.69,253.05,0.7364,-1,-1,-1
545,45,1713.75,457.84,75.79,209.89,0.6114,-1,-1,-1
545,43,1780.57,227.95,64.99,169.16,0.4187,-1,-1,-1
545,3,1026.44,943.12,76.45,137.06,0.5469,-1,-1,-1
546,16,207.78,815.87,86.20,264.49,0.6788,-1,-1,-1
546,22,255.09,868.58,78.22,210.97,0.7188,-1,-1,-1
546,31,1071.85,776.92,79.97,227.60,0.6101,-1,-1,-1
546,26,994.57,759.22,80.29,225.34,0.6304,-1,-1,-1
546,34,779.21,598.32,78.30,253.04,0.7461,-1,-1,-1
546,45,1712.66,457.51,76.38,210.85,0.6235,-1,-1,-1
546,43,1782.77,229.33,64.53,170.14,0.3927,-1,-1,-1
546,3,1025.31,942.84,77.56,137.32,0.5612,-1,-1,-1
547,16,209.69,817.35,85.45,262.97,0.6817,-1,-1,-1
547,22,254.96,872.18,77.70,207.75,0.6903,-1,-1,-1
547,31,1073.23,779.02,80.48,229.73,0.6291,-1,-1,-1
547,26,997.83,761.53,79.34,220.60,0.6357,-1,-1,-1
547,34,777.05,597.95,80.13,254.63,0.7605,-1,-1,-1
547,45,1713.99,457.09,77.14,211.20,0.5921,-1,-1,-1
547,43,1784.96,231.30,64.37,171.38,0.3923,-1,-1,-1
547,3,1027.53,944.09,77.19,136.05,0.5319,-1,-1,-1
548,16,211.05,818.57,84.69,261.71,0.6488,-1,-1,-1
548,22,254.17,875.23,77.01,204.82,0.6880,-1,-1,-1
548,31,1070.83,781.30,83.06,235.70,0.6415,-1,-1,-1
548,26,998.66,765.08,79.04,217.24,0.6599,-1,-1,-1
548,34,775.14,597.98,81.70,255.62,0.7462,-1,-1,-1
548,45,1714.77,458.14,76.74,210.91,0.5886,-1,-1,-1
548,43,1786.76,234.27,64.61,173.10,0.4258,-1,-1,-1
548,3,1026.73,940.25,79.37,139.87,0.5494,-1,-1,-1
549,16,212.59,820.00,84.02,260.25,0.5254,-1,-1,-1
549,22,251.67,874.67,77.55,205.42,0.6309,-1,-1,-1
549,31,1069.90,783.30,85.23,241.45,0.6419,-1,-1,-1
549,26,1000.02,768.16,77.94,212.59,0.5850,-1,-1,-1
549,34,774.13,598.77,82.53,254.71,0.7488,-1,-1,-1
549,45,1717.10,458.84,75.48,209.36,0.6295,-1,-1,-1
549,43,1788.57,236.30,64.74,174.26,0.3902,-1,-1,-1
549,3,1025.04,936.30,81.63,143.82,0.5255,-1,-1,-1
550,16,214.60,821.85,83.37,258.36,0.4100,-1,-1,-1
550,22,249.31,874.73,77.86,205.36,0.5721,-1,-1,-1
550,31,1069.72,786.31,86.50,244.21,0.5967,-1,-1,-1
550,26,1002.31,772.24,74.50,201.27,0.5128,-1,-1,-1
550,34,772.60,599.57,83.31,253.44,0.7335,-1,-1,-1
550,45,1716.96,458.60,75.23,209.77,0.6131,-1,-1,-1
550,43,1790.83,236.40,64.48,175.21,0.4180,-1,-1,-1
550,3,1024.02,935.05,82.35,145.05,0.5165,-1,-1,-1
551,16,217.99,823.48,83.13,256.71,0.3523,-1,-1,-1
551,22,245.49,874.98,78.85,205.11,0.5715,-1,-1,-1
551,31,1074.19,789.50,86.02,242.92,0.5681,-1,-1,-1
551,26,1006.19,773.53,71.44,190.50,0.4895,-1,-1,-1
551,34,770.78,598.86,84.54,254.65,0.7295,-1,-1,-1
551,45,1717.98,459.03,74.48,209.31,0.6051,-1,-1,-1
551,43,1792.71,236.38,64.14,175.97,0.4389,-1,-1,-1
551,3,1021.88,935.86,82.43,144.23,0.5713,-1,-1,-1
552,22,241.59,875.48,80.12,204.60,0.6563,-1,-1,-1
552,31,1075.60,792.61,86.24,241.84,0.5720,-1,-1,-1
552,26,1011.09,775.59,68.02,178.70,0.4712,-1,-1,-1
552,34,769.67,598.19,85.15,254.32,0.7420,-1,-1,-1
552,45,1719.78,458.55,73.41,208.79,0.6062,-1,-1,-1
552,43,1794.16,236.93,63.75,176.60,0.3951,-1,-1,-1
552,3,1017.65,934.64,83.98,145.44,0.5270,-1,-1,-1
553,22,239.78,876.13,80.98,203.94,0.6737,-1,-1,-1
553,31,1076.61,794.95,87.67,243.42,0.5789,-1,-1,-1
553,26,1014.69,777.90,64.86,167.78,0.5104,-1,-1,-1
553,34,768.87,596.51,85.81,254.41,0.7524,-1,-1,-1
553,45,1719.82,458.74,72.66,208.26,0.5768,-1,-1,-1
553,43,1796.31,237.23,63.08,176.24,0.3755,-1,-1,-1
553,3,1008.89,930.02,88.67,149.91,0.5364,-1,-1,-1
554,22,233.53,847.91,91.92,232.15,0.6351,-1,-1,-1
554,31,1081.67,797.17,87.81,242.98,0.5158,-1,-1,-1
554,26,1013.89,781.08,64.77,165.84,0.3104,-1,-1,-1
554,34,767.88,595.86,85.44,252.42,0.7511,-1,-1,-1
554,45,1720.14,458.96,71.99,207.87,0.5985,-1,-1,-1
554,43,1799.39,236.89,62.39,176.17,0.3026,-1,-1,-1
555,22,232.23,838.68,95.52,241.38,0.7003,-1,-1,-1
555,31,1085.97,799.05,86.75,240.29,0.6162,-1,-1,-1
555,26,1017.00,783.53,62.68,158.27,0.3537,-1,-1,-1
555,34,766.50,595.82,85.48,251.47,0.7344,-1,-1,-1
555,45,1720.27,457.71,71.77,208.95,0.6001,-1,-1,-1
555,46,376.27,218.01,67.53,188.81,0.5312,-1,-1,-1
556,22,238.03,862.50,87.24,217.38,0.6131,-1,-1,-1
556,31,1091.76,799.77,86.00,239.50,0.5739,-1,-1,-1
556,26,1016.13,784.94,69.36,175.70,0.3027,-1,-1,-1
556,34,764.40,594.31,85.40,250.54,0.7562,-1,-1,-1
556,45,1720.61,456.48,70.92,208.26,0.6181,-1,-1,-1
556,46,376.55,219.81,67.73,189.48,0.5016,-1,-1,-1
557,22,237.60,845.33,93.94,234.64,0.7365,-1,-1,-1
557,31,1097.18,800.98,84.48,236.95,0.5541,-1,-1,-1
557,34,762.19,593.77,84.79,247.98,0.7159,-1,-1,-1
557,45,1722.41,457.35,70.29,207.25,0.6170,-1,-1,-1
557,46,376.28,222.38,66.87,186.97,0.5111,-1,-1,-1
558,22,238.95,839.92,96.33,240.10,0.7190,-1,-1,-1
558,31,1100.36,801.15,83.53,235.08,0.6042,-1,-1,-1
558,34,759.43,593.85,84.15,245.08,0.7109,-1,-1,-1
558,45,1720.39,456.29,70.53,209.07,0.6835,-1,-1,-1
558,46,375.96,223.29,67.05,187.44,0.5429,-1,-1,-1
558,47,1668.12,271.90,78.19,193.81,0.5492,-1,-1,-1
558,26,1005.46,785.98,102.95,267.08,0.5358,-1,-1,-1
559,22,244.39,871.08,85.86,208.95,0.7282,-1,-1,-1
559,31,1102.44,801.93,83.34,234.07,0.6068,-1,-1,-1
559,34,755.52,593.41,83.42,243.20,0.6848,-1,-1,-1
559,45,1722.51,457.57,69.28,206.52,0.6567,-1,-1,-1
559,46,375.60,225.35,66.93,187.00,0.5571,-1,-1,-1
559,47,1668.04,271.93,78.21,194.01,0.5372,-1,-1,-1
560,22,246.32,885.12,81.65,194.91,0.7417,-1,-1,-1
560,31,1103.98,802.42,83.13,232.98,0.5581,-1,-1,-1
560,34,751.51,591.48,83.24,243.89,0.6902,-1,-1,-1
560,45,1723.98,458.47,68.02,203.66,0.6607,-1,-1,-1
560,46,373.98,226.03,67.45,188.56,0.5476,-1,-1,-1
560,47,1666.99,271.34,77.75,193.08,0.5489,-1,-1,-1
560,26,1016.61,788.21,85.40,220.42,0.5257,-1,-1,-1
561,22,248.29,892.69,79.79,187.26,0.6748,-1,-1,-1
561,31,1105.15,803.29,82.92,232.47,0.5990,-1,-1,-1
561,34,747.07,590.95,81.91,242.37,0.6932,-1,-1,-1
561,45,1723.04,458.29,67.49,203.32,0.6692,-1,-1,-1
561,46,373.63,227.92,67.24,188.02,0.5728,-1,-1,-1
561,47,1665.86,271.26,77.60,192.88,0.5644,-1,-1,-1
561,26,1019.24,789.57,79.25,204.06,0.4826,-1,-1,-1
562,22,250.18,897.67,78.94,181.92,0.6623,-1,-1,-1
562,31,1106.66,805.20,83.75,234.14,0.6008,-1,-1,-1
562,34,743.93,592.32,79.52,237.69,0.6951,-1,-1,-1
562,45,1721.69,457.32,67.74,205.38,0.6457,-1,-1,-1
562,46,373.73,230.61,66.86,186.74,0.5958,-1,-1,-1
562,47,1664.16,270.84,77.35,192.25,0.5677,-1,-1,-1
562,26,1020.29,792.39,77.34,197.85,0.6257,-1,-1,-1
562,3,1000.33,938.42,86.76,141.00,0.6194,-1,-1,-1
563,22,248.52,902.03,77.64,177.78,0.6873,-1,-1,-1
563,31,1108.14,808.57,84.78,235.96,0.5827,-1,-1,-1
563,34,739.39,591.20,79.78,239.95,0.7023,-1,-1,-1
563,45,1722.21,456.59,68.60,206.81,0.6362,-1,-1,-1
563,46,374.83,233.83,66.35,185.25,0.5617,-1,-1,-1
563,47,1663.16,270.51,76.37,189.85,0.5080,-1,-1,-1
563,26,1018.35,794.81,83.45,214.02,0.5468,-1,-1,-1
563,3,997.26,936.88,90.11,142.04,0.5193,-1,-1,-1
563,16,270.39,841.25,76.48,230.94,0.5089,-1,-1,-1
564,22,248.34,905.56,76.50,174.36,0.7043,-1,-1,-1
564,31,1107.45,811.34,86.38,240.46,0.5645,-1,-1,-1
564,34,735.11,590.02,80.16,241.68,0.6926,-1,-1,-1
564,45,1720.95,454.66,69.03,208.17,0.6452,-1,-1,-1
564,46,374.53,234.75,67.27,188.20,0.6126,-1,-1,-1
564,47,1662.65,269.80,75.97,189.05,0.5098,-1,-1,-1
564,26,1015.74,797.65,91.44,238.58,0.5989,-1,-1,-1
564,3,994.66,936.36,92.90,142.35,0.5763,-1,-1,-1
564,16,273.08,842.71,77.82,229.94,0.5922,-1,-1,-1
565,22,249.55,907.30,76.01,172.45,0.7141,-1,-1,-1
565,31,1107.83,813.88,87.29,242.39,0.6163,-1,-1,-1
565,34,732.66,589.37,80.20,242.11,0.6092,-1,-1,-1
565,45,1721.50,455.94,69.52,207.74,0.6391,-1,-1,-1
565,46,373.95,235.97,67.71,190.30,0.6520,-1,-1,-1
565,47,1662.73,269.00,75.97,189.61,0.4923,-1,-1,-1
565,26,1014.54,799.66,97.08,257.17,0.6417,-1,-1,-1
565,3,991.84,936.74,94.27,141.55,0.4413,-1,-1,-1
565,16,275.15,844.01,80.07,230.72,0.5832,-1,-1,-1
566,22,250.42,909.31,75.60,170.60,0.7456,-1,-1,-1
566,31,1106.13,816.79,88.48,243.67,0.6226,-1,-1,-1
566,34,731.62,590.13,79.49,240.87,0.6116,-1,-1,-1
566,45,1720.89,456.06,70.28,208.19,0.6350,-1,-1,-1
566,46,373.69,235.96,67.74,191.37,0.6633,-1,-1,-1
566,47,1664.37,269.54,73.54,184.36,0.5109,-1,-1,-1
566,26,1015.48,802.30,98.21,264.05,0.5945,-1,-1,-1
566,3,988.50,934.16,97.15,144.67,0.5274,-1,-1,-1
566,16,277.97,846.06,82.75,231.36,0.6399,-1,-1,-1
567,22,250.94,911.44,75.09,168.54,0.7539,-1,-1,-1
567,31,1110.55,819.65,87.46,241.65,0.4847,-1,-1,-1
567,34,729.37,590.38,79.70,242.00,0.5696,-1,-1,-1
567,45,1720.47,456.63,71.53,209.44,0.6463,-1,-1,-1
567,46,373.25,236.71,67.47,191.56,0.6653,-1,-1,-1
567,47,1664.93,269.95,71.98,181.80,0.5393,-1,-1,-1
567,26,1019.22,805.92,95.70,261.09,0.4887,-1,-1,-1
567,3,986.52,932.40,98.39,146.12,0.6045,-1,-1,-1
567,16,279.83,847.88,85.46,231.31,0.6446,-1,-1,-1
568,22,251.57,913.34,74.88,166.66,0.7605,-1,-1,-1
568,31,1112.38,822.00,86.92,240.72,0.4960,-1,-1,-1
568,34,728.08,589.38,79.88,243.67,0.6217,-1,-1,-1
568,45,1719.56,456.58,72.31,210.15,0.6965,-1,-1,-1
568,46,373.71,237.91,66.91,190.78,0.6409,-1,-1,-1
568,47,1664.84,270.32,71.13,181.59,0.5738,-1,-1,-1
568,26,1021.63,809.35,94.51,260.88,0.4812,-1,-1,-1
568,3,986.08,933.07,97.68,144.56,0.3815,-1,-1,-1
568,16,281.45,849.31,87.70,230.28,0.6575,-1,-1,-1
569,22,251.90,914.84,74.85,165.17,0.7553,-1,-1,-1
569,31,1114.04,824.92,86.38,240.11,0.4755,-1,-1,-1
569,34,725.70,588.28,80.34,245.28,0.6255,-1,-1,-1
569,45,1718.72,457.18,72.85,209.91,0.6937,-1,-1,-1
569,46,373.98,237.47,67.31,192.32,0.6382,-1,-1,-1
569,47,1663.60,267.99,71.01,183.37,0.5477,-1,-1,-1
569,26,1025.62,811.28,94.11,263.27,0.5718,-1,-1,-1
569,16,285.61,851.15,89.37,228.72,0.6480,-1,-1,-1
570,22,251.85,916.24,74.82,163.77,0.7440,-1,-1,-1
570,31,1117.15,826.61,86.54,241.39,0.5841,-1,-1,-1
570,34,723.75,586.85,81.21,248.19,0.6121,-1,-1,-1
570,45,1717.89,457.09,73.34,209.55,0.6843,-1,-1,-1
570,46,374.46,237.59,67.31,192.67,0.6360,-1,-1,-1
570,47,1663.06,266.50,69.85,182.20,0.5398,-1,-1,-1
570,26,1028.19,813.12,93.35,264.63,0.6019,-1,-1,-1
570,16,288.85,852.64,91.07,227.48,0.6638,-1,-1,-1
571,22,251.27,918.84,74.39,161.17,0.7474,-1,-1,-1
571,31,1121.94,828.64,85.77,242.38,0.6648,-1,-1,-1
571,34,721.29,587.24,81.42,247.39,0.5525,-1,-1,-1
571,45,1717.94,456.10,74.02,209.46,0.6716,-1,-1,-1
571,46,374.72,237.01,67.13,192.22,0.6212,-1,-1,-1
571,47,1661.51,263.92,68.53,180.26,0.5539,-1,-1,-1
571,26,1032.46,814.91,91.70,264.16,0.6702,-1,-1,-1
571,16,290.78,855.07,91.91,225.13,0.6721,-1,-1,-1
571,49,1565.07,588.64,109.89,236.51,0.5822,-1,-1,-1
572,22,252.30,919.59,74.71,160.27,0.7480,-1,-1,-1
572,31,1122.09,830.00,85.09,241.84,0.6073,-1,-1,-1
572,34,718.00,586.86,82.66,249.17,0.5177,-1,-1,-1
572,45,1717.89,457.20,74.35,208.59,0.6369,-1,-1,-1
572,46,376.14,238.46,65.98,189.25,0.6144,-1,-1,-1
572,47,1661.12,261.12,68.13,180.19,0.5111,-1,-1,-1
572,26,1036.41,817.56,89.40,260.64,0.6373,-1,-1,-1
572,16,296.47,857.05,91.89,223.16,0.6897,-1,-1,-1
572,49,1566.96,589.97,109.61,235.81,0.5144,-1,-1,-1
572,3,983.76,929.71,98.31,149.00,0.5683,-1,-1,-1
573,22,252.16,924.19,73.67,155.76,0.7368,-1,-1,-1
573,31,1122.28,831.68,85.25,244.27,0.6401,-1,-1,-1
573,34,715.30,586.92,83.31,249.60,0.6433,-1,-1,-1
573,45,1717.83,457.07,75.44,209.83,0.6214,-1,-1,-1
573,46,376.96,240.08,64.78,185.87,0.6200,-1,-1,-1
573,47,1658.77,258.90,68.47,182.23,0.5203,-1,-1,-1
573,26,1040.54,819.72,87.25,256.38,0.6230,-1,-1,-1
573,16,296.29,859.08,91.30,220.70,0.6913,-1,-1,-1
573,49,1566.11,588.17,110.48,237.31,0.4860,-1,-1,-1
573,3,985.14,929.59,96.29,149.26,0.6001,-1,-1,-1
574,22,252.66,927.70,73.07,152.29,0.7365,-1,-1,-1
574,31,1123.06,832.62,85.04,244.90,0.6194,-1,-1,-1
574,34,712.32,585.78,83.94,249.62,0.6973,-1,-1,-1
574,45,1718.23,457.56,75.51,208.55,0.6429,-1,-1,-1
574,46,377.42,241.12,64.27,184.67,0.6426,-1,-1,-1
574,47,1658.52,257.18,68.83,183.76,0.5341,-1,-1,-1
574,26,1043.91,820.66,85.78,253.26,0.6010,-1,-1,-1
574,16,299.24,860.82,91.36,219.20,0.6987,-1,-1,-1
574,49,1569.16,594.94,108.19,231.73,0.4310,-1,-1,-1
574,3,986.96,929.00,94.25,149.62,0.6000,-1,-1,-1
575,22,252.48,926.82,74.11,153.18,0.7335,-1,-1,-1
575,31,1123.64,834.37,85.28,244.33,0.6431,-1,-1,-1
575,34,710.62,584.57,84.45,249.53,0.6841,-1,-1,-1
575,45,1717.97,456.78,76.00,208.65,0.6428,-1,-1,-1
575,46,377.47,240.97,64.81,186.45,0.6438,-1,-1,-1
575,47,1657.66,255.60,69.33,185.50,0.5477,-1,-1,-1
575,26,1045.67,821.42,85.52,253.14,0.6199,-1,-1,-1
575,16,300.48,862.93,90.97,217.18,0.6977,-1,-1,-1
575,49,1568.95,599.46,106.56,227.55,0.5406,-1,-1,-1
575,3,989.55,928.49,91.85,149.61,0.5780,-1,-1,-1
576,22,252.97,929.63,73.63,150.37,0.7418,-1,-1,-1
576,31,1125.89,835.47,85.23,242.78,0.5978,-1,-1,-1
576,34,708.76,583.23,85.34,250.86,0.7062,-1,-1,-1
576,45,1718.14,456.71,76.77,209.52,0.6138,-1,-1,-1
576,46,377.49,243.53,64.97,187.08,0.6619,-1,-1,-1
576,47,1656.93,254.09,69.47,185.79,0.5612,-1,-1,-1
576,26,1046.68,822.04,84.98,252.51,0.5828,-1,-1,-1
576,16,300.54,865.50,90.28,214.52,0.6981,-1,-1,-1
576,49,1569.01,599.34,106.15,226.32,0.6099,-1,-1,-1
576,3,992.59,927.95,88.91,149.58,0.4797,-1,-1,-1
577,22,253.88,934.42,72.50,145.59,0.7432,-1,-1,-1
577,31,1126.66,837.70,85.55,240.14,0.5126,-1,-1,-1
577,34,706.78,581.33,85.38,249.64,0.7005,-1,-1,-1
577,45,1718.40,457.45,76.92,208.82,0.5880,-1,-1,-1
577,46,377.85,246.66,64.91,187.31,0.6273,-1,-1,-1
577,47,1655.80,252.00,70.13,187.17,0.5222,-1,-1,-1
577,26,1048.42,823.59,83.73,249.71,0.5016,-1,-1,-1
577,16,302.34,869.44,89.54,210.42,0.6998,-1,-1,-1
577,49,1567.82,600.54,106.38,225.92,0.5659,-1,-1,-1
577,3,994.47,927.21,86.85,150.09,0.5718,-1,-1,-1
578,22,254.63,939.60,71.19,140.41,0.7391,-1,-1,-1
578,31,1125.93,839.68,84.62,238.56,0.4747,-1,-1,-1
578,34,705.04,578.03,85.00,247.36,0.6775,-1,-1,-1
578,45,1718.22,458.22,77.41,209.26,0.5575,-1,-1,-1
578,46,377.40,249.12,65.02,188.06,0.6461,-1,-1,-1
578,47,1655.13,250.43,70.94,188.83,0.5596,-1,-1,-1
578,26,1051.12,824.66,82.32,246.75,0.4853,-1,-1,-1
578,16,302.21,871.90,89.13,207.61,0.6970,-1,-1,-1
578,49,1566.10,601.68,106.63,225.58,0.5775,-1,-1,-1
578,3,996.70,926.63,85.36,150.65,0.5379,-1,-1,-1
579,22,254.73,943.67,70.40,136.34,0.7279,-1,-1,-1
579,31,1129.57,840.15,85.06,237.93,0.5749,-1,-1,-1
579,34,704.13,575.83,81.65,236.76,0.5908,-1,-1,-1
579,45,1718.24,458.86,77.62,209.12,0.5637,-1,-1,-1
579,46,377.32,250.53,64.86,187.95,0.6678,-1,-1,-1
579,47,1653.06,248.70,72.55,191.64,0.5490,-1,-1,-1
579,26,1052.88,826.45,82.59,247.62,0.4999,-1,-1,-1
579,16,302.08,873.86,88.84,205.11,0.6986,-1,-1,-1
579,49,1566.05,602.28,106.81,225.02,0.6078,-1,-1,-1
579,3,999.73,925.71,84.23,151.13,0.5378,-1,-1,-1
580,22,253.74,946.15,70.28,133.46,0.7220,-1,-1,-1
580,31,1129.12,841.58,84.84,237.95,0.5564,-1,-1,-1
580,34,701.31,575.14,83.87,245.22,0.5795,-1,-1,-1
580,45,1717.79,459.02,78.35,210.80,0.5831,-1,-1,-1
580,46,377.15,252.49,64.53,187.35,0.6868,-1,-1,-1
580,47,1651.79,248.13,73.02,191.20,0.5543,-1,-1,-1
580,26,1054.54,828.60,82.09,246.60,0.4887,-1,-1,-1
580,16,300.19,874.96,89.40,204.71,0.7240,-1,-1,-1
580,49,1565.39,602.45,107.50,225.16,0.6064,-1,-1,-1
580,3,1001.84,925.62,83.45,150.94,0.5670,-1,-1,-1
581,22,253.89,948.09,70.44,131.59,0.7270,-1,-1,-1
581,31,1134.02,841.96,86.02,238.22,0.5224,-1,-1,-1
581,34,699.11,573.92,83.86,248.32,0.6000,-1,-1,-1
581,45,1717.67,458.31,78.22,210.75,0.5733,-1,-1,-1
581,46,377.09,254.69,63.92,185.51,0.6495,-1,-1,-1
581,47,1650.32,246.80,73.63,191.44,0.4979,-1,-1,-1
581,26,1057.88,831.29,80.95,243.06,0.5535,-1,-1,-1
581,16,299.69,876.23,89.98,203.64,0.7253,-1,-1,-1
581,49,1565.26,601.84,108.18,225.52,0.5761,-1,-1,-1
581,3,1003.24,925.32,83.08,151.15,0.5918,-1,-1,-1
582,22,253.11,949.11,71.02,130.59,0.7115,-1,-1,-1
582,31,1135.28,844.60,86.47,235.91,0.5294,-1,-1,-1
582,34,698.94,571.76,81.17,242.69,0.4719,-1,-1,-1
582,45,1719.12,458.10,77.42,208.65,0.5333,-1,-1,-1
582,46,376.44,255.80,64.14,186.06,0.6421,-1,-1,-1
582,47,1649.09,246.51,74.25,191.74,0.4698,-1,-1,-1
582,26,1060.87,834.61,79.12,237.17,0.5550,-1,-1,-1
582,16,301.05,877.77,90.44,202.23,0.7379,-1,-1,-1
582,49,1565.97,603.07,107.87,223.85,0.5262,-1,-1,-1
582,3,1004.19,925.41,83.68,152.06,0.6060,-1,-1,-1
583,22,251.92,949.67,71.85,130.19,0.7088,-1,-1,-1
583,31,1140.91,845.83,86.31,234.75,0.6566,-1,-1,-1
583,34,698.32,570.33,77.48,234.09,0.4284,-1,-1,-1
583,45,1719.37,457.79,77.29,208.63,0.5856,-1,-1,-1
583,46,375.46,256.87,64.88,187.92,0.6739,-1,-1,-1
583,47,1648.60,246.39,74.53,190.84,0.4968,-1,-1,-1
583,26,1063.45,838.11,79.13,237.47,0.6572,-1,-1,-1
583,16,301.78,879.66,90.41,200.38,0.7513,-1,-1,-1
583,49,1562.63,605.43,108.14,223.75,0.4246,-1,-1,-1
583,3,1003.69,925.99,83.33,152.11,0.5773,-1,-1,-1
584,22,250.61,950.46,72.39,129.50,0.7005,-1,-1,-1
584,31,1142.23,847.96,86.05,232.60,0.6701,-1,-1,-1
584,45,1718.78,455.10,78.41,211.57,0.6184,-1,-1,-1
584,46,373.86,257.65,65.51,189.43,0.6968,-1,-1,-1
584,47,1648.15,246.70,74.59,189.40,0.5106,-1,-1,-1
584,26,1063.40,841.55,79.45,237.42,0.6877,-1,-1,-1
584,16,302.58,881.38,90.25,198.67,0.7555,-1,-1,-1
584,49,1562.78,603.64,108.71,224.32,0.5065,-1,-1,-1
584,3,998.48,926.19,81.51,152.26,0.5637,-1,-1,-1
585,22,250.16,951.50,72.62,128.30,0.7086,-1,-1,-1
585,31,1143.42,851.08,85.40,229.43,0.7216,-1,-1,-1
585,45,1719.36,456.02,77.36,209.07,0.6331,-1,-1,-1
585,46,372.96,258.23,65.54,189.24,0.7123,-1,-1,-1
585,47,1647.78,246.87,75.03,188.41,0.5317,-1,-1,-1
585,26,1062.92,843.99,78.96,235.84,0.7316,-1,-1,-1
585,16,302.75,883.30,89.97,196.75,0.7540,-1,-1,-1
585,49,1561.51,605.66,108.80,223.88,0.4350,-1,-1,-1
585,3,996.87,926.97,79.29,151.12,0.5902,-1,-1,-1
586,22,249.21,952.90,72.90,126.91,0.7044,-1,-1,-1
586,31,1146.80,854.18,84.65,226.27,0.6960,-1,-1,-1
586,45,1719.03,456.52,76.40,207.01,0.6221,-1,-1,-1
586,46,372.26,258.48,65.63,189.61,0.7196,-1,-1,-1
586,47,1648.30,247.24,75.16,187.24,0.5339,-1,-1,-1
586,26,1063.86,846.24,78.25,232.92,0.7109,-1,-1,-1
586,16,303.66,885.92,89.33,194.12,0.7595,-1,-1,-1
586,49,1564.26,604.23,109.22,223.87,0.5337,-1,-1,-1
586,3,996.59,927.82,77.10,150.32,0.6019,-1,-1,-1
587,22,250.30,954.95,72.72,124.99,0.7236,-1,-1,-1
587,31,1150.76,857.64,83.88,222.76,0.6704,-1,-1,-1
587,45,1719.60,455.43,76.75,209.06,0.6410,-1,-1,-1
587,46,371.45,258.85,65.59,189.48,0.7010,-1,-1,-1
587,47,1648.43,247.08,75.32,186.24,0.5087,-1,-1,-1
587,26,1066.02,847.97,77.57,230.52,0.7135,-1,-1,-1
587,16,305.06,888.34,88.78,191.59,0.7587,-1,-1,-1
587,49,1562.25,603.45,110.55,226.38,0.5409,-1,-1,-1
587,3,996.66,928.86,75.26,149.32,0.6297,-1,-1,-1
588,22,251.00,957.44,72.31,122.54,0.7202,-1,-1,-1
588,31,1153.39,858.42,84.46,221.93,0.6634,-1,-1,-1
588,45,1717.94,453.63,76.93,212.36,0.6281,-1,-1,-1
588,46,371.22,259.01,65.62,189.55,0.7073,-1,-1,-1
588,47,1648.94,245.68,75.76,186.71,0.4996,-1,-1,-1
588,26,1067.35,849.83,76.70,227.78,0.7055,-1,-1,-1
588,16,305.68,890.91,88.24,189.08,0.7552,-1,-1,-1
588,49,1563.67,603.08,110.18,225.06,0.5299,-1,-1,-1
588,3,996.26,929.84,74.18,149.47,0.6196,-1,-1,-1
589,22,251.89,960.58,71.65,119.42,0.7211,-1,-1,-1
589,31,1156.87,858.71,84.95,221.60,0.6849,-1,-1,-1
589,45,1720.35,455.11,75.38,209.46,0.6433,-1,-1,-1
589,46,370.79,259.98,65.10,187.86,0.7045,-1,-1,-1
589,47,1650.85,243.44,74.73,183.74,0.5037,-1,-1,-1
589,26,1068.28,851.12,76.59,226.79,0.7150,-1,-1,-1
589,16,306.09,894.31,87.40,185.71,0.7672,-1,-1,-1
589,49,1561.30,603.52,110.83,226.13,0.5504,-1,-1,-1
589,3,996.52,930.53,72.86,149.29,0.6252,-1,-1,-1
590,22,251.78,963.09,71.32,116.91,0.6994,-1,-1,-1
590,31,1159.66,861.40,84.47,218.87,0.6945,-1,-1,-1
590,45,1721.15,455.58,75.01,209.15,0.6039,-1,-1,-1
590,46,370.34,261.39,64.67,186.43,0.7152,-1,-1,-1
590,47,1652.71,241.17,74.54,183.61,0.5250,-1,-1,-1
590,26,1069.71,852.59,76.74,225.85,0.7313,-1,-1,-1
590,16,307.55,895.97,87.01,183.66,0.7620,-1,-1,-1
590,49,1560.43,603.91,110.91,226.03,0.5481,-1,-1,-1
590,3,996.48,931.01,71.65,148.99,0.6389,-1,-1,-1
591,22,251.89,966.24,70.66,113.76,0.7018,-1,-1,-1
591,31,1161.77,863.10,84.44,217.13,0.6913,-1,-1,-1
591,45,1721.89,457.04,74.13,207.33,0.6259,-1,-1,-1
591,46,369.79,262.64,64.50,185.31,0.7217,-1,-1,-1
591,47,1654.26,239.81,74.16,183.01,0.5817,-1,-1,-1
591,26,1071.31,853.60,77.08,225.20,0.7235,-1,-1,-1
591,16,309.00,898.04,86.07,180.35,0.7609,-1,-1,-1
591,49,1560.69,603.87,110.92,225.77,0.5709,-1,-1,-1
591,3,996.14,931.93,70.12,148.14,0.6280,-1,-1,-1
592,22,253.61,968.84,70.33,111.16,0.7213,-1,-1,-1
592,31,1162.36,865.65,84.44,214.56,0.6864,-1,-1,-1
592,45,1721.62,457.29,73.74,206.87,0.6256,-1,-1,-1
592,46,369.36,264.28,63.88,182.83,0.7176,-1,-1,-1
592,47,1655.28,237.96,74.95,185.37,0.6350,-1,-1,-1
592,26,1072.33,854.84,76.78,222.93,0.7154,-1,-1,-1
592,16,310.55,901.42,85.07,177.01,0.7391,-1,-1,-1
592,49,1560.73,603.40,111.35,226.48,0.5074,-1,-1,-1
592,3,995.99,932.75,68.79,147.33,0.5837,-1,-1,-1
593,22,255.07,971.39,70.03,108.61,0.7289,-1,-1,-1
593,31,1164.72,868.17,84.08,212.01,0.6762,-1,-1,-1
593,45,1719.17,455.47,74.72,211.20,0.6501,-1,-1,-1
593,46,368.61,265.26,64.34,183.60,0.7253,-1,-1,-1
593,47,1655.32,235.86,74.80,185.45,0.6653,-1,-1,-1
593,26,1073.57,855.84,76.61,221.34,0.7240,-1,-1,-1
593,16,311.95,906.68,83.90,172.77,0.7728,-1,-1,-1
593,49,1560.71,603.45,111.26,226.36,0.4749,-1,-1,-1
593,3,996.40,933.34,67.51,146.45,0.5825,-1,-1,-1
594,22,257.32,974.82,69.57,105.18,0.7218,-1,-1,-1
594,31,1166.26,870.38,83.81,209.78,0.6682,-1,-1,-1
594,45,1718.47,455.06,74.66,212.47,0.6487,-1,-1,-1
594,46,367.61,266.71,64.96,185.41,0.7209,-1,-1,-1
594,47,1655.64,233.42,74.81,186.42,0.6364,-1,-1,-1
594,26,1074.29,856.96,76.89,221.54,0.7187,-1,-1,-1
594,16,313.87,909.96,83.58,169.87,0.7756,-1,-1,-1
594,49,1561.36,605.14,110.21,224.26,0.4861,-1,-1,-1
594,3,996.94,934.68,66.14,145.28,0.5750,-1,-1,-1
595,22,257.64,978.26,68.81,101.75,0.7018,-1,-1,-1
595,31,1167.92,872.12,83.59,208.02,0.6596,-1,-1,-1
595,45,1718.75,454.00,74.54,213.31,0.6796,-1,-1,-1
595,46,366.45,269.07,65.74,187.64,0.7235,-1,-1,-1
595,47,1655.94,231.26,74.97,187.99,0.6287,-1,-1,-1
595,26,1075.69,858.79,77.01,220.86,0.7198,-1,-1,-1
595,16,315.54,911.88,83.90,168.08,0.7620,-1,-1,-1
595,49,1561.87,605.36,109.98,223.92,0.4457,-1,-1,-1
595,3,996.78,935.42,65.03,144.61,0.5936,-1,-1,-1
596,22,258.57,981.12,68.48,98.89,0.7023,-1,-1,-1
596,31,1170.36,873.93,82.92,206.19,0.6872,-1,-1,-1
596,45,1718.08,453.31,74.80,214.53,0.7018,-1,-1,-1
596,46,365.19,269.98,66.70,190.70,0.7263,-1,-1,-1
596,47,1655.93,229.71,74.51,187.79,0.6107,-1,-1,-1
596,26,1076.73,860.92,76.94,219.15,0.7210,-1,-1,-1
596,16,317.04,913.14,84.38,166.87,0.7688,-1,-1,-1
596,49,1562.05,606.08,109.84,223.76,0.4586,-1,-1,-1
596,3,996.88,935.33,63.87,143.34,0.5730,-1,-1,-1
597,22,258.87,982.74,68.92,97.26,0.6963,-1,-1,-1
597,31,1172.41,875.74,82.25,204.36,0.6498,-1,-1,-1
597,45,1717.69,454.00,74.56,213.68,0.6876,-1,-1,-1
597,46,364.37,271.66,66.84,191.17,0.7106,-1,-1,-1
597,47,1656.34,227.72,74.38,188.63,0.5942,-1,-1,-1
597,26,1077.52,863.26,76.35,216.94,0.6754,-1,-1,-1
597,16,318.52,913.73,85.03,166.29,0.7388,-1,-1,-1
597,49,1561.88,608.19,109.14,221.90,0.4109,-1,-1,-1
597,3,997.15,935.81,62.93,142.10,0.6177,-1,-1,-1
598,22,259.24,984.36,69.29,95.65,0.6773,-1,-1,-1
598,31,1172.49,877.68,82.12,202.41,0.6631,-1,-1,-1
598,45,1716.79,453.85,74.72,213.50,0.7063,-1,-1,-1
598,46,363.91,272.69,66.76,190.91,0.7063,-1,-1,-1
598,47,1655.51,226.62,74.16,189.22,0.5918,-1,-1,-1
598,26,1079.01,865.06,76.12,215.17,0.6628,-1,-1,-1
598,16,319.91,914.26,85.76,165.11,0.7353,-1,-1,-1
598,49,1561.64,610.65,108.43,219.66,0.3846,-1,-1,-1
598,3,998.46,936.43,62.50,141.25,0.6250,-1,-1,-1
599,22,258.92,985.50,69.50,94.50,0.6593,-1,-1,-1
599,31,1174.04,880.43,81.54,199.65,0.6585,-1,-1,-1
599,45,1716.11,453.81,75.08,213.20,0.7033,-1,-1,-1
599,46,363.98,273.13,66.89,191.64,0.6714,-1,-1,-1
599,47,1653.53,226.92,73.63,188.60,0.5505,-1,-1,-1
599,26,1081.04,867.26,75.99,212.96,0.6202,-1,-1,-1
599,16,320.99,916.02,86.23,162.85,0.7269,-1,-1,-1
599,49,1561.17,609.41,109.46,221.21,0.3645,-1,-1,-1
599,3,997.97,936.84,62.13,140.78,0.6461,-1,-1,-1
600,22,259.59,986.50,70.13,93.50,0.6489,-1,-1,-1
600,31,1177.42,883.91,80.16,196.15,0.6587,-1,-1,-1
600,45,1716.06,453.87,75.13,212.06,0.7201,-1,-1,-1
600,46,364.25,274.73,66.90,192.03,0.6770,-1,-1,-1
600,47,1651.85,226.63,72.59,186.08,0.5433,-1,-1,-1
600,26,1082.77,869.38,75.87,210.82,0.6532,-1,-1,-1
600,16,322.91,918.00,86.71,160.09,0.7043,-1,-1,-1
600,49,1561.62,608.09,109.75,221.26,0.3525,-1,-1,-1
600,3,998.05,938.26,61.45,139.45,0.6405,-1,-1,-1
601,22,259.89,986.87,71.23,93.14,0.6263,-1,-1,-1
601,31,1177.93,886.43,79.60,193.63,0.6561,-1,-1,-1
601,45,1716.05,453.93,75.88,212.91,0.7016,-1,-1,-1
601,46,363.04,274.94,67.87,195.73,0.7021,-1,-1,-1
601,47,1648.98,226.40,72.73,186.34,0.5767,-1,-1,-1
601,26,1085.15,871.94,75.96,208.24,0.6059,-1,-1,-1
601,16,323.03,919.73,87.48,158.37,0.7216,-1,-1,-1
601,49,1561.63,603.95,111.05,224.11,0.3923,-1,-1,-1
601,3,997.72,939.55,60.66,138.16,0.6213,-1,-1,-1
602,22,260.31,988.59,71.36,91.41,0.6100,-1,-1,-1
602,31,1178.32,888.55,79.35,191.50,0.6497,-1,-1,-1
602,45,1715.24,454.94,76.33,212.23,0.6954,-1,-1,-1
602,46,363.14,274.84,67.74,196.61,0.6821,-1,-1,-1
602,47,1648.09,226.89,71.90,184.10,0.5898,-1,-1,-1
602,26,1085.66,874.91,76.17,205.25,0.6725,-1,-1,-1
602,16,324.25,921.48,88.00,156.11,0.7223,-1,-1,-1
602,49,1562.99,600.59,112.20,225.88,0.5916,-1,-1,-1
602,3,996.46,940.32,60.36,137.51,0.6516,-1,-1,-1
603,22,260.98,991.00,70.95,89.00,0.6235,-1,-1,-1
603,31,1178.81,890.87,78.85,189.17,0.6049,-1,-1,-1
603,45,1714.29,455.18,77.53,213.68,0.7157,-1,-1,-1
603,46,363.05,276.30,67.33,195.69,0.6959,-1,-1,-1
603,47,1646.83,227.57,71.35,183.13,0.6220,-1,-1,-1
603,26,1086.53,877.77,76.32,202.36,0.6606,-1,-1,-1
603,16,324.79,924.23,88.40,153.80,0.7365,-1,-1,-1
603,49,1563.06,600.12,112.55,226.68,0.4890,-1,-1,-1
603,3,995.77,940.93,60.01,136.91,0.6627,-1,-1,-1
604,22,261.56,992.81,70.98,87.19,0.6277,-1,-1,-1
604,31,1179.91,893.17,78.06,186.86,0.5312,-1,-1,-1
604,45,1713.44,454.82,77.89,212.33,0.7131,-1,-1,-1
604,46,363.45,276.85,67.23,196.28,0.6813,-1,-1,-1
604,47,1646.86,227.48,70.47,182.23,0.6060,-1,-1,-1
604,26,1087.41,880.68,76.80,199.44,0.6017,-1,-1,-1
604,16,325.75,926.92,88.64,151.30,0.7546,-1,-1,-1
604,49,1563.05,599.11,113.03,227.79,0.4353,-1,-1,-1
604,3,996.16,942.18,59.59,136.02,0.6399,-1,-1,-1
605,22,261.88,994.68,71.02,85.32,0.6278,-1,-1,-1
605,31,1181.43,895.92,76.55,184.12,0.5162,-1,-1,-1
605,45,1713.44,454.33,78.82,213.25,0.7033,-1,-1,-1
605,46,363.20,276.99,67.16,196.04,0.6851,-1,-1,-1
605,47,1646.78,227.94,69.18,179.60,0.5553,-1,-1,-1
605,26,1090.35,883.10,77.12,197.00,0.5588,-1,-1,-1
605,16,326.63,929.77,88.43,148.68,0.7468,-1,-1,-1
605,49,1563.02,601.45,111.60,225.54,0.3535,-1,-1,-1
605,3,996.35,943.37,59.26,135.30,0.6214,-1,-1,-1
606,22,261.76,997.35,70.41,82.66,0.6128,-1,-1,-1
606,31,1181.75,898.17,75.69,181.86,0.5178,-1,-1,-1
606,45,1713.90,454.70,79.29,213.05,0.6995,-1,-1,-1
606,46,362.95,277.44,66.99,195.49,0.6935,-1,-1,-1
606,47,1646.09,228.05,68.41,178.11,0.5478,-1,-1,-1
606,26,1093.49,885.85,76.88,194.24,0.5627,-1,-1,-1
606,16,327.46,932.88,88.19,146.47,0.7544,-1,-1,-1
606,49,1561.82,605.52,110.59,223.49,0.5028,-1,-1,-1
606,3,995.96,944.56,58.97,134.76,0.5915,-1,-1,-1
607,22,261.37,1000.07,69.61,79.93,0.6117,-1,-1,-1
607,31,1182.29,898.38,75.65,181.64,0.4722,-1,-1,-1
607,45,1713.41,455.06,79.85,212.61,0.7107,-1,-1,-1
607,46,363.27,278.19,66.62,194.49,0.6974,-1,-1,-1
607,47,1645.31,227.41,67.98,177.67,0.5484,-1,-1,-1
607,26,1097.41,887.44,76.92,192.63,0.5634,-1,-1,-1
607,16,327.82,935.70,87.70,144.11,0.7348,-1,-1,-1
607,49,1562.82,608.83,109.22,220.77,0.4497,-1,-1,-1
607,3,995.58,945.34,58.75,134.21,0.5981,-1,-1,-1
608,22,261.11,1002.27,69.33,77.73,0.6197,-1,-1,-1
608,31,1183.23,899.35,75.06,180.67,0.5002,-1,-1,-1
608,45,1713.01,454.63,80.67,213.17,0.7104,-1,-1,-1
608,46,362.59,278.12,66.42,193.75,0.6765,-1,-1,-1
608,47,1643.77,226.37,68.36,180.11,0.5322,-1,-1,-1
608,26,1100.72,889.38,76.55,190.69,0.5824,-1,-1,-1
608,16,328.65,939.94,86.45,140.04,0.7450,-1,-1,-1
608,49,1562.82,610.32,108.46,219.12,0.4514,-1,-1,-1
608,3,995.44,945.76,58.78,134.13,0.5930,-1,-1,-1
609,22,261.41,1005.09,68.35,74.74,0.6135,-1,-1,-1
609,31,1185.13,900.33,75.30,179.69,0.5185,-1,-1,-1
609,45,1713.31,454.48,80.81,212.59,0.7434,-1,-1,-1
609,46,362.40,277.70,66.46,193.98,0.6860,-1,-1,-1
609,47,1641.21,223.81,69.87,185.03,0.5487,-1,-1,-1
609,26,1102.80,890.31,76.57,189.74,0.5873,-1,-1,-1
609,16,328.35,942.74,84.98,135.12,0.7327,-1,-1,-1
609,49,1562.01,608.56,109.38,221.40,0.4508,-1,-1,-1
609,3,994.88,946.57,58.71,133.44,0.6183,-1,-1,-1
610,22,261.01,1008.22,66.61,71.17,0.5548,-1,-1,-1
610,31,1185.48,900.75,75.58,179.27,0.5102,-1,-1,-1
610,45,1713.37,454.34,81.04,212.27,0.7385,-1,-1,-1
610,46,361.88,278.32,66.42,193.82,0.6984,-1,-1,-1
610,47,1639.73,221.97,69.22,183.77,0.5339,-1,-1,-1
610,26,1103.84,890.65,76.82,189.40,0.5694,-1,-1,-1
610,16,328.09,945.43,84.23,131.69,0.7272,-1,-1,-1
610,49,1563.34,601.01,111.66,226.24,0.3978,-1,-1,-1
610,3,993.78,946.57,58.98,133.49,0.6246,-1,-1,-1
611,22,260.47,1011.51,64.55,67.64,0.5000,-1,-1,-1
611,31,1186.06,902.11,75.65,177.91,0.5078,-1,-1,-1
611,45,1712.82,454.54,81.68,212.96,0.7411,-1,-1,-1
611,46,361.48,279.95,66.33,193.04,0.7044,-1,-1,-1
611,47,1638.49,219.18,69.05,184.05,0.5441,-1,-1,-1
611,26,1105.51,891.33,77.13,188.71,0.5769,-1,-1,-1
611,16,326.13,948.15,84.85,130.82,0.7304,-1,-1,-1
611,49,1564.24,596.61,112.86,228.96,0.5345,-1,-1,-1
611,3,992.78,946.40,59.32,133.67,0.6313,-1,-1,-1
611,50,587.78,549.21,88.46,232.96,0.5637,-1,-1,-1
612,22,260.05,1014.59,63.49,65.04,0.4775,-1,-1,-1
612,31,1185.39,904.03,75.71,175.98,0.5083,-1,-1,-1
612,45,1712.06,453.94,82.23,213.13,0.7544,-1,-1,-1
612,46,360.65,282.26,66.27,192.29,0.6710,-1,-1,-1
612,47,1636.87,216.56,69.34,185.42,0.5590,-1,-1,-1
612,26,1107.46,892.50,76.90,187.54,0.5754,-1,-1,-1
612,16,325.26,949.46,85.60,130.22,0.7591,-1,-1,-1
612,49,1565.21,600.23,111.15,225.78,0.4832,-1,-1,-1
612,3,992.10,946.30,59.65,133.76,0.6087,-1,-1,-1
612,50,585.02,548.53,89.14,234.27,0.6284,-1,-1,-1
613,22,260.16,1017.23,62.54,62.62,0.3951,-1,-1,-1
613,31,1187.12,906.67,75.43,173.34,0.3367,-1,-1,-1
613,45,1712.21,453.49,82.50,213.44,0.7486,-1,-1,-1
613,46,359.99,285.29,66.47,192.95,0.6754,-1,-1,-1
613,47,1635.27,213.78,70.02,187.97,0.5704,-1,-1,-1
613,26,1108.49,893.61,76.78,186.42,0.5127,-1,-1,-1
613,16,324.99,951.78,85.32,128.16,0.7302,-1,-1,-1
613,49,1563.87,604.63,109.90,223.50,0.5298,-1,-1,-1
613,3,991.28,947.05,59.70,133.01,0.6227,-1,-1,-1
613,50,584.30,548.28,89.70,234.99,0.6566,-1,-1,-1
614,22,260.79,1020.10,61.22,59.86,0.3781,-1,-1,-1
614,31,1189.05,910.00,74.62,170.01,0.4906,-1,-1,-1
614,45,1712.41,453.13,82.56,213.41,0.7400,-1,-1,-1
614,46,358.67,285.84,67.47,196.08,0.6760,-1,-1,-1
614,47,1634.13,212.15,69.25,185.96,0.5782,-1,-1,-1
614,26,1110.49,896.26,76.43,183.77,0.5913,-1,-1,-1
614,16,324.92,953.12,85.58,126.91,0.7285,-1,-1,-1
614,49,1563.15,607.79,109.01,221.66,0.4839,-1,-1,-1
614,3,989.94,946.51,60.35,133.54,0.6450,-1,-1,-1
614,50,582.40,548.57,90.37,235.67,0.6421,-1,-1,-1
615,22,258.78,1023.68,58.98,56.32,0.3560,-1,-1,-1
615,31,1192.30,913.49,73.71,166.52,0.4067,-1,-1,-1
615,45,1712.27,452.52,83.03,214.74,0.7523,-1,-1,-1
615,46,357.42,286.68,67.89,197.39,0.6712,-1,-1,-1
615,47,1632.48,210.40,69.02,185.13,0.5846,-1,-1,-1
615,26,1110.55,898.31,76.18,181.71,0.5788,-1,-1,-1
615,16,324.85,955.67,84.91,124.38,0.7235,-1,-1,-1
615,49,1562.43,607.21,109.41,222.48,0.4943,-1,-1,-1
615,3,988.85,946.25,60.77,133.80,0.6479,-1,-1,-1
615,50,581.21,548.41,90.70,235.50,0.6234,-1,-1,-1
616,22,259.94,1023.93,59.64,56.07,0.3791,-1,-1,-1
616,31,1196.91,915.65,73.07,164.13,0.4821,-1,-1,-1
616,45,1712.54,452.23,83.29,215.77,0.7282,-1,-1,-1
616,46,356.59,287.24,68.07,197.45,0.6786,-1,-1,-1
616,47,1631.42,209.68,68.78,183.93,0.5463,-1,-1,-1
616,26,1112.71,900.97,75.93,179.05,0.6107,-1,-1,-1
616,16,325.14,958.47,84.07,121.59,0.7305,-1,-1,-1
616,49,1561.85,606.14,110.07,223.68,0.5195,-1,-1,-1
616,3,987.17,947.00,60.79,133.04,0.6756,-1,-1,-1
616,50,580.33,547.51,90.00,232.95,0.5548,-1,-1,-1
617,22,258.82,1025.99,58.41,54.02,0.3569,-1,-1,-1
617,31,1197.59,918.17,72.72,161.75,0.3866,-1,-1,-1
617,45,1712.93,452.58,82.95,215.01,0.7014,-1,-1,-1
617,46,355.51,289.89,67.73,196.37,0.6572,-1,-1,-1
617,47,1630.15,208.91,69.50,185.33,0.5325,-1,-1,-1
617,26,1113.10,902.94,75.66,177.08,0.6094,-1,-1,-1
617,16,325.93,960.68,83.67,119.37,0.7207,-1,-1,-1
617,49,1561.02,602.71,111.68,226.86,0.5699,-1,-1,-1
617,3,984.96,946.14,61.59,133.90,0.6921,-1,-1,-1
617,50,573.52,545.67,88.78,232.34,0.4812,-1,-1,-1
618,22,258.21,1027.32,57.66,52.69,0.3309,-1,-1,-1
618,31,1197.46,920.35,72.59,159.63,0.4311,-1,-1,-1
618,45,1713.67,453.22,81.99,212.88,0.6878,-1,-1,-1
618,46,354.62,291.54,67.61,195.97,0.6649,-1,-1,-1
618,47,1628.81,208.58,70.00,185.74,0.4843,-1,-1,-1
618,26,1114.13,906.46,74.59,173.56,0.6349,-1,-1,-1
618,16,326.23,963.23,83.19,116.82,0.7010,-1,-1,-1
618,49,1561.47,603.16,111.17,226.11,0.4444,-1,-1,-1
618,3,983.16,945.40,62.26,134.63,0.6971,-1,-1,-1
618,50,567.98,542.30,88.36,234.28,0.5767,-1,-1,-1
619,22,257.20,1028.57,56.57,51.44,0.3195,-1,-1,-1
619,31,1198.52,922.10,72.78,157.62,0.5310,-1,-1,-1
619,45,1713.91,452.80,82.00,213.56,0.6913,-1,-1,-1
619,46,353.31,294.09,67.51,195.69,0.6102,-1,-1,-1
619,47,1626.69,208.00,71.59,188.79,0.4458,-1,-1,-1
619,26,1115.23,910.35,73.56,169.66,0.6639,-1,-1,-1
619,16,326.85,965.85,82.72,114.20,0.6981,-1,-1,-1
619,49,1561.50,607.64,109.45,222.17,0.3766,-1,-1,-1
619,3,980.24,944.21,63.09,135.82,0.7036,-1,-1,-1
619,50,564.25,541.02,87.86,236.42,0.6149,-1,-1,-1
620,22,256.96,1028.54,55.81,51.02,0.3048,-1,-1,-1
620,31,1198.19,922.81,73.74,157.02,0.5654,-1,-1,-1
620,45,1714.39,453.10,81.47,212.59,0.6928,-1,-1,-1
620,46,352.60,294.78,67.70,196.90,0.5667,-1,-1,-1
620,47,1625.66,208.13,71.92,187.96,0.4151,-1,-1,-1
620,26,1115.86,913.68,72.63,166.33,0.6598,-1,-1,-1
620,16,328.14,968.63,81.95,110.97,0.6984,-1,-1,-1
620,49,1562.08,606.52,109.78,223.40,0.4069,-1,-1,-1
620,3,977.44,943.70,63.61,136.32,0.6942,-1,-1,-1
620,50,563.20,539.59,87.08,237.32,0.6439,-1,-1,-1
621,22,258.04,1030.21,54.08,49.51,0.3094,-1,-1,-1
621,31,1198.24,924.13,74.20,155.38,0.4724,-1,-1,-1
621,45,1714.46,452.39,81.43,213.04,0.7084,-1,-1,-1
621,46,351.53,294.53,67.85,197.61,0.6335,-1,-1,-1
621,47,1624.71,208.99,71.55,185.08,0.4494,-1,-1,-1
621,26,1115.63,916.00,71.96,163.99,0.6781,-1,-1,-1
621,16,328.91,971.68,81.35,107.69,0.6487,-1,-1,-1
621,49,1562.39,607.53,109.07,221.95,0.4362,-1,-1,-1
621,3,975.00,943.27,64.02,136.76,0.6659,-1,-1,-1
621,50,561.14,538.34,85.85,237.76,0.6566,-1,-1,-1
622,22,261.07,1035.72,48.97,44.19,0.3253,-1,-1,-1
622,31,1198.79,925.05,74.56,153.97,0.3598,-1,-1,-1
622,45,1715.17,452.25,80.91,212.59,0.6977,-1,-1,-1
622,46,350.68,294.71,67.78,197.66,0.5798,-1,-1,-1
622,47,1624.46,209.47,71.55,183.27,0.4798,-1,-1,-1
622,26,1115.57,917.70,71.31,162.07,0.6790,-1,-1,-1
622,16,329.39,974.89,80.89,104.73,0.6335,-1,-1,-1
622,49,1562.98,609.83,107.88,219.27,0.3877,-1,-1,-1
622,3,972.10,943.03,64.17,136.99,0.6660,-1,-1,-1
622,50,556.65,537.27,84.14,238.30,0.7016,-1,-1,-1
623,22,262.78,1039.69,44.98,40.07,0.3110,-1,-1,-1
623,31,1200.43,926.22,75.27,152.39,0.3888,-1,-1,-1
623,45,1715.94,452.37,80.54,212.59,0.6935,-1,-1,-1
623,46,348.38,294.10,67.79,197.74,0.5878,-1,-1,-1
623,47,1623.88,209.84,71.62,182.11,0.4723,-1,-1,-1
623,26,1116.90,919.05,71.13,160.43,0.6545,-1,-1,-1
623,16,329.89,978.70,79.85,101.18,0.6840,-1,-1,-1
623,49,1562.84,612.14,107.11,217.26,0.3152,-1,-1,-1
623,3,969.69,943.45,63.98,136.57,0.6761,-1,-1,-1
623,50,552.11,537.53,83.29,241.62,0.6762,-1,-1,-1
624,31,1201.65,927.56,75.74,150.54,0.4411,-1,-1,-1
624,45,1716.34,452.12,80.32,212.95,0.6891,-1,-1,-1
624,46,346.72,294.45,67.73,196.96,0.5785,-1,-1,-1
624,47,1623.78,208.69,72.05,182.25,0.4558,-1,-1,-1
624,26,1117.24,920.42,71.19,159.39,0.6740,-1,-1,-1
624,16,330.75,981.89,78.97,98.08,0.6977,-1,-1,-1
624,49,1562.51,610.67,108.03,218.80,0.4427,-1,-1,-1
624,3,965.65,942.57,64.50,137.45,0.6751,-1,-1,-1
624,50,549.81,537.16,81.74,242.32,0.6919,-1,-1,-1
625,31,1202.73,930.84,75.31,147.17,0.5396,-1,-1,-1
625,45,1716.75,452.19,80.46,214.11,0.6915,-1,-1,-1
625,46,345.89,294.37,67.71,196.75,0.5616,-1,-1,-1
625,47,1623.10,207.94,72.90,184.27,0.4251,-1,-1,-1
625,26,1118.06,922.12,71.05,157.82,0.6685,-1,-1,-1
625,16,331.13,984.86,78.20,95.15,0.6973,-1,-1,-1
625,49,1562.13,608.62,108.98,220.88,0.3744,-1,-1,-1
625,3,962.24,939.88,65.62,140.13,0.6794,-1,-1,-1
625,50,546.39,537.34,80.23,242.33,0.7065,-1,-1,-1
626,31,1202.56,932.30,76.01,146.07,0.4685,-1,-1,-1
626,45,1717.16,451.97,80.13,213.98,0.6842,-1,-1,-1
626,46,344.31,294.70,67.80,196.69,0.6188,-1,-1,-1
626,47,1623.69,206.06,72.14,181.88,0.4388,-1,-1,-1
626,26,1118.33,922.20,71.75,157.78,0.6546,-1,-1,-1
626,16,331.68,987.86,77.49,92.16,0.6837,-1,-1,-1
626,49,1561.73,606.73,109.76,222.84,0.4676,-1,-1,-1
626,3,958.78,938.64,66.16,141.37,0.6710,-1,-1,-1
626,50,541.95,537.99,78.96,241.16,0.6980,-1,-1,-1
627,31,1201.57,933.78,76.97,144.70,0.6068,-1,-1,-1
627,45,1717.51,452.81,79.80,213.56,0.6828,-1,-1,-1
627,46,343.67,295.46,67.72,195.98,0.6238,-1,-1,-1
627,47,1624.57,205.79,71.86,181.93,0.4339,-1,-1,-1
627,26,1118.82,923.35,71.84,156.65,0.6883,-1,-1,-1
627,16,333.12,990.85,76.76,89.17,0.6585,-1,-1,-1
627,49,1561.05,605.25,110.17,224.22,0.3559,-1,-1,-1
627,3,956.87,937.56,66.33,142.45,0.6849,-1,-1,-1
627,50,532.94,538.69,80.38,241.74,0.6546,-1,-1,-1
628,31,1202.04,934.90,77.95,144.06,0.5781,-1,-1,-1
628,45,1716.84,452.07,80.05,215.24,0.6621,-1,-1,-1
628,46,343.05,295.64,67.81,195.91,0.6479,-1,-1,-1
628,47,1624.05,202.34,73.30,186.93,0.3919,-1,-1,-1
628,26,1119.22,924.40,72.28,155.61,0.6672,-1,-1,-1
628,16,333.47,992.39,77.22,87.63,0.6304,-1,-1,-1
628,49,1561.54,604.11,110.19,225.13,0.3661,-1,-1,-1
628,3,954.25,936.31,66.40,143.70,0.6828,-1,-1,-1
628,50,524.11,538.58,82.62,241.31,0.7207,-1,-1,-1
629,31,1202.29,936.35,79.23,143.19,0.6305,-1,-1,-1
629,45,1717.17,451.70,79.93,215.75,0.6913,-1,-1,-1
629,46,342.77,296.46,67.74,195.54,0.6597,-1,-1,-1
629,47,1624.46,202.26,73.11,187.13,0.4385,-1,-1,-1
629,26,1119.53,924.93,73.00,155.08,0.7073,-1,-1,-1
629,16,333.56,994.83,76.98,85.18,0.6706,-1,-1,-1
629,49,1561.72,601.72,110.88,227.61,0.4912,-1,-1,-1
629,3,951.80,934.97,66.50,145.04,0.6796,-1,-1,-1
629,50,517.75,538.08,85.28,240.59,0.7400,-1,-1,-1
630,31,1203.32,939.80,79.03,139.53,0.5785,-1,-1,-1
630,45,1717.21,450.96,79.85,215.72,0.6904,-1,-1,-1
630,46,341.57,296.79,68.28,196.89,0.6676,-1,-1,-1
630,47,1624.51,201.06,72.58,186.71,0.5137,-1,-1,-1
630,26,1120.22,926.28,73.54,153.73,0.7034,-1,-1,-1
630,16,333.95,997.73,76.49,82.28,0.6843,-1,-1,-1
630,49,1562.49,603.80,109.37,225.06,0.4069,-1,-1,-1
630,3,949.58,933.60,66.38,146.41,0.6849,-1,-1,-1
630,50,513.05,537.84,87.70,239.24,0.7698,-1,-1,-1
631,31,1204.37,942.55,78.38,135.73,0.5439,-1,-1,-1
631,45,1716.86,450.92,80.05,216.64,0.6824,-1,-1,-1
631,46,340.49,297.78,69.29,199.81,0.6773,-1,-1,-1
631,47,1625.29,199.74,71.32,184.05,0.5342,-1,-1,-1
631,26,1121.30,927.74,74.22,152.27,0.6888,-1,-1,-1
631,16,333.86,998.97,77.29,81.05,0.6658,-1,-1,-1
631,49,1562.42,603.43,109.15,224.92,0.4547,-1,-1,-1
631,3,947.33,932.20,66.19,147.55,0.6879,-1,-1,-1
631,50,510.92,539.00,89.74,237.32,0.7585,-1,-1,-1
632,31,1204.52,944.46,78.08,133.00,0.5040,-1,-1,-1
632,45,1717.07,451.37,79.99,216.34,0.7065,-1,-1,-1
632,46,339.25,298.17,70.25,202.96,0.6922,-1,-1,-1
632,47,1625.85,197.07,70.35,182.16,0.5563,-1,-1,-1
632,26,1123.50,930.31,74.88,149.37,0.7012,-1,-1,-1
632,16,333.87,1001.32,77.23,78.69,0.6477,-1,-1,-1
632,49,1562.96,606.41,107.74,222.11,0.3836,-1,-1,-1
632,3,945.33,930.79,66.19,149.12,0.7065,-1,-1,-1
632,50,507.44,539.77,92.76,237.25,0.7760,-1,-1,-1
633,31,1206.21,947.80,76.54,128.79,0.3319,-1,-1,-1
633,45,1717.41,451.15,79.90,216.14,0.7134,-1,-1,-1
633,46,338.55,299.03,70.48,204.29,0.6827,-1,-1,-1
633,47,1625.81,194.67,69.92,182.26,0.5706,-1,-1,-1
633,26,1125.63,933.51,75.49,145.77,0.6815,-1,-1,-1
633,16,334.08,1002.25,77.80,77.40,0.6305,-1,-1,-1
633,49,1564.07,603.62,108.37,223.67,0.4567,-1,-1,-1
633,3,943.66,929.65,66.02,150.32,0.6643,-1,-1,-1
633,50,504.70,540.01,95.21,236.94,0.7857,-1,-1,-1
634,31,1207.36,950.88,75.37,125.94,0.3175,-1,-1,-1
634,45,1717.24,450.38,79.91,215.96,0.7251,-1,-1,-1
634,46,338.07,299.93,70.56,205.16,0.7077,-1,-1,-1
634,47,1625.79,192.69,69.67,182.85,0.5690,-1,-1,-1
634,26,1126.20,937.49,75.97,141.71,0.7034,-1,-1,-1
634,16,334.52,1004.46,77.20,74.75,0.6331,-1,-1,-1
634,49,1562.44,601.72,109.67,226.84,0.4650,-1,-1,-1
634,3,942.14,928.60,65.72,151.30,0.6844,-1,-1,-1
634,50,503.39,540.04,97.57,236.83,0.7749,-1,-1,-1
635,31,1206.74,954.32,74.56,123.30,0.3275,-1,-1,-1
635,45,1717.09,450.52,79.82,215.40,0.7383,-1,-1,-1
635,46,337.77,301.99,70.29,205.37,0.7039,-1,-1,-1
635,47,1625.05,191.86,69.22,182.66,0.5665,-1,-1,-1
635,26,1126.04,940.11,77.35,139.44,0.6974,-1,-1,-1
635,16,335.06,1007.26,76.15,71.70,0.6349,-1,-1,-1
635,49,1562.24,603.73,108.89,225.50,0.3776,-1,-1,-1
635,3,939.53,928.26,65.57,151.71,0.6760,-1,-1,-1
635,50,501.78,538.83,100.28,238.28,0.7706,-1,-1,-1
636,31,1205.49,956.81,74.28,121.55,0.4316,-1,-1,-1
636,45,1716.95,450.85,80.04,215.60,0.7288,-1,-1,-1
636,46,337.66,305.17,69.92,204.69,0.7111,-1,-1,-1
636,47,1624.29,190.59,69.05,183.31,0.5488,-1,-1,-1
636,26,1125.82,943.02,78.47,136.83,0.6897,-1,-1,-1
636,16,335.64,1010.37,74.92,68.78,0.6310,-1,-1,-1
636,49,1562.24,604.93,108.47,224.56,0.3686,-1,-1,-1
636,3,938.01,928.44,64.83,151.22,0.6554,-1,-1,-1
636,50,500.62,538.80,101.46,237.81,0.7661,-1,-1,-1
637,31,1205.03,957.73,74.17,120.57,0.4507,-1,-1,-1
637,45,1716.85,450.68,80.36,216.29,0.7386,-1,-1,-1
637,46,337.99,307.27,69.62,204.29,0.7040,-1,-1,-1
637,47,1623.38,189.51,68.94,184.22,0.5964,-1,-1,-1
637,26,1126.53,946.48,79.38,133.47,0.6872,-1,-1,-1
637,16,336.57,1014.07,73.34,65.65,0.6051,-1,-1,-1
637,3,936.21,928.56,64.21,150.37,0.6502,-1,-1,-1
637,50,500.66,538.79,102.20,236.96,0.7360,-1,-1,-1
637,51,1493.48,959.49,99.66,119.38,0.5610,-1,-1,-1
638,31,1203.48,959.92,73.51,119.15,0.3872,-1,-1,-1
638,45,1716.82,450.90,80.11,215.68,0.7214,-1,-1,-1
638,46,337.81,308.70,69.82,205.43,0.7074,-1,-1,-1
638,47,1623.03,190.18,68.02,182.99,0.5917,-1,-1,-1
638,26,1127.70,949.39,80.63,130.60,0.6372,-1,-1,-1
638,16,337.85,1018.96,70.06,60.96,0.5722,-1,-1,-1
638,3,934.87,928.77,63.85,150.42,0.6523,-1,-1,-1
638,50,497.92,539.15,101.98,236.44,0.7293,-1,-1,-1
638,51,1492.04,957.13,101.13,121.34,0.5613,-1,-1,-1
639,31,1202.11,961.65,72.93,118.08,0.3352,-1,-1,-1
639,45,1716.86,451.58,80.14,215.92,0.7479,-1,-1,-1
639,46,337.64,309.83,69.76,205.88,0.7234,-1,-1,-1
639,47,1622.78,190.48,67.37,182.40,0.6118,-1,-1,-1
639,26,1130.32,951.56,82.66,128.44,0.5282,-1,-1,-1
639,16,339.17,1023.72,66.43,56.27,0.5290,-1,-1,-1
639,3,932.64,928.39,63.78,151.09,0.6439,-1,-1,-1
639,50,496.26,539.72,101.01,235.83,0.7100,-1,-1,-1
639,51,1488.59,953.13,104.37,125.57,0.4894,-1,-1,-1
639,52,1419.22,978.87,75.69,101.13,0.5720,-1,-1,-1
640,31,1200.35,963.10,72.52,116.87,0.3441,-1,-1,-1
640,45,1716.73,451.87,79.96,215.25,0.7387,-1,-1,-1
640,46,337.72,310.47,69.88,206.58,0.7183,-1,-1,-1
640,47,1622.70,190.78,66.67,182.13,0.6058,-1,-1,-1
640,26,1129.64,954.09,83.49,125.92,0.5273,-1,-1,-1
640,16,339.09,1027.73,62.67,52.28,0.4231,-1,-1,-1
640,3,930.62,928.11,63.81,151.70,0.6263,-1,-1,-1
640,50,493.98,539.78,99.70,236.05,0.7166,-1,-1,-1
640,51,1486.05,950.76,106.11,128.14,0.4893,-1,-1,-1
640,52,1415.92,977.74,76.56,102.26,0.5615,-1,-1,-1
641,31,1198.91,962.96,72.78,116.74,0.4449,-1,-1,-1
641,45,1716.83,452.12,79.81,214.43,0.7378,-1,-1,-1
641,46,337.60,311.42,69.42,205.36,0.7134,-1,-1,-1
641,47,1622.33,189.28,66.19,182.20,0.5626,-1,-1,-1
641,26,1127.61,956.31,83.40,123.70,0.6075,-1,-1,-1
641,3,929.10,927.77,63.78,152.07,0.6147,-1,-1,-1
641,50,491.81,539.53,97.99,236.13,0.7124,-1,-1,-1
641,51,1482.21,948.62,107.26,129.97,0.5458,-1,-1,-1
641,52,1412.49,975.55,78.17,104.45,0.5778,-1,-1,-1
642,31,1197.19,964.34,72.78,115.60,0.5282,-1,-1,-1
642,45,1716.60,452.51,79.85,214.41,0.7294,-1,-1,-1
642,46,337.80,311.67,69.28,204.95,0.7162,-1,-1,-1
642,47,1622.45,189.84,64.92,180.39,0.5612,-1,-1,-1
642,26,1126.18,957.87,82.81,122.14,0.6291,-1,-1,-1
642,3,926.48,927.56,63.78,152.39,0.6153,-1,-1,-1
642,50,487.19,539.04,96.35,237.34,0.7326,-1,-1,-1
642,51,1478.99,946.47,108.30,132.13,0.5385,-1,-1,-1
642,52,1408.86,972.86,80.01,107.14,0.6042,-1,-1,-1
643,31,1196.94,966.35,72.05,113.41,0.3805,-1,-1,-1
643,45,1716.28,453.64,79.67,213.48,0.7248,-1,-1,-1
643,46,337.97,312.55,68.97,203.88,0.6934,-1,-1,-1
643,47,1621.41,189.62,64.94,182.31,0.5622,-1,-1,-1
643,26,1125.52,959.03,82.16,120.98,0.5928,-1,-1,-1
643,3,924.78,927.38,63.42,151.89,0.6340,-1,-1,-1
643,50,481.48,539.03,93.55,236.53,0.7055,-1,-1,-1
643,51,1475.62,944.47,108.64,133.65,0.6202,-1,-1,-1
643,52,1405.44,970.10,81.91,109.90,0.6171,-1,-1,-1
644,31,1198.15,966.83,72.02,113.12,0.3692,-1,-1,-1
644,45,1716.01,452.84,79.93,213.82,0.7200,-1,-1,-1
644,46,337.83,313.39,68.77,202.68,0.7101,-1,-1,-1
644,47,1621.08,188.80,63.71,180.60,0.6121,-1,-1,-1
644,26,1125.32,960.18,81.80,119.82,0.5938,-1,-1,-1
644,3,922.84,927.93,63.09,151.51,0.6790,-1,-1,-1
644,50,474.34,539.27,91.20,237.24,0.7517,-1,-1,-1
644,51,1472.98,943.67,108.44,134.57,0.5813,-1,-1,-1
644,52,1401.31,966.54,84.31,113.46,0.6073,-1,-1,-1
645,45,1716.23,452.89,80.04,213.85,0.7229,-1,-1,-1
645,46,338.05,314.69,68.33,200.73,0.6924,-1,-1,-1
645,47,1620.69,188.16,62.67,179.23,0.6223,-1,-1,-1
645,26,1126.04,961.14,82.11,118.87,0.4906,-1,-1,-1
645,3,921.20,928.44,62.79,150.85,0.6906,-1,-1,-1
645,50,467.98,539.72,89.49,238.12,0.7676,-1,-1,-1
645,51,1469.25,943.12,108.36,135.51,0.5267,-1,-1,-1
645,52,1397.28,963.56,86.09,116.44,0.6027,-1,-1,-1
646,45,1716.22,453.81,80.05,213.34,0.7332,-1,-1,-1
646,46,337.85,316.92,67.93,198.66,0.7010,-1,-1,-1
646,47,1620.47,186.55,62.03,178.52,0.6405,-1,-1,-1
646,26,1124.69,962.52,80.93,117.49,0.5773,-1,-1,-1
646,3,919.32,928.33,62.77,150.82,0.6762,-1,-1,-1
646,50,463.29,539.04,88.49,239.05,0.7732,-1,-1,-1
646,51,1464.66,941.77,108.75,137.04,0.4550,-1,-1,-1
646,52,1392.30,959.67,88.59,120.33,0.6705,-1,-1,-1
647,45,1716.24,453.33,80.42,213.88,0.7302,-1,-1,-1
647,46,337.13,319.61,67.67,197.29,0.7115,-1,-1,-1
647,47,1620.09,184.45,62.36,180.62,0.6471,-1,-1,-1
647,26,1123.84,963.73,79.50,116.27,0.5147,-1,-1,-1
647,3,916.10,928.49,62.88,150.23,0.6718,-1,-1,-1
647,50,460.48,538.54,87.46,239.43,0.7619,-1,-1,-1
647,51,1460.79,939.92,109.47,139.68,0.5775,-1,-1,-1
647,52,1387.77,955.49,91.25,124.27,0.7061,-1,-1,-1
648,45,1716.56,453.17,80.18,213.05,0.7300,-1,-1,-1
648,46,336.52,320.52,67.88,197.78,0.7189,-1,-1,-1
648,47,1619.83,182.75,61.24,177.68,0.6567,-1,-1,-1
648,26,1124.50,965.70,78.06,114.30,0.5521,-1,-1,-1
648,3,913.69,929.11,63.23,149.51,0.6892,-1,-1,-1
648,50,457.57,537.98,86.73,239.60,0.7499,-1,-1,-1
648,51,1458.29,937.83,109.13,141.22,0.6301,-1,-1,-1
648,52,1384.42,952.07,93.16,127.33,0.7037,-1,-1,-1
649,45,1717.44,453.57,80.48,213.21,0.7300,-1,-1,-1
649,46,335.24,321.41,68.43,199.55,0.7241,-1,-1,-1
649,47,1618.97,181.43,61.36,178.15,0.6595,-1,-1,-1
649,26,1125.76,967.96,76.92,112.04,0.5285,-1,-1,-1
649,3,910.33,929.46,63.81,149.17,0.7042,-1,-1,-1
649,50,455.73,538.49,85.66,238.31,0.7665,-1,-1,-1
649,51,1454.42,934.04,109.93,144.02,0.6274,-1,-1,-1
649,52,1380.96,950.31,93.66,128.53,0.6953,-1,-1,-1
650,45,1717.39,453.44,80.32,212.91,0.7358,-1,-1,-1
650,46,333.97,322.53,69.28,202.97,0.7115,-1,-1,-1
650,47,1618.40,180.10,61.67,178.96,0.6244,-1,-1,-1
650,26,1125.70,970.78,74.65,108.85,0.4842,-1,-1,-1
650,3,907.82,931.03,63.89,147.54,0.7192,-1,-1,-1
650,50,453.12,537.35,85.50,238.80,0.7775,-1,-1,-1
650,51,1449.12,930.18,111.44,147.88,0.6492,-1,-1,-1
650,52,1375.73,947.47,94.88,131.09,0.7016,-1,-1,-1
651,45,1717.50,453.70,80.19,212.53,0.7262,-1,-1,-1
651,46,332.96,323.30,69.59,204.61,0.7222,-1,-1,-1
651,47,1617.92,177.91,61.71,178.31,0.6217,-1,-1,-1
651,26,1126.84,972.68,74.05,107.19,0.5221,-1,-1,-1
651,3,905.50,931.24,64.62,147.64,0.7264,-1,-1,-1
651,50,451.83,537.17,85.17,238.66,0.7802,-1,-1,-1
651,51,1446.62,927.46,112.35,151.53,0.6642,-1,-1,-1
651,52,1369.77,945.59,95.83,133.07,0.6956,-1,-1,-1
652,45,1717.16,453.79,80.03,212.41,0.7171,-1,-1,-1
652,46,332.17,325.23,69.50,205.26,0.7090,-1,-1,-1
652,47,1617.35,175.39,62.02,178.58,0.6510,-1,-1,-1
652,26,1124.75,975.57,71.58,104.39,0.4874,-1,-1,-1
652,3,903.22,931.01,65.06,147.23,0.6997,-1,-1,-1
652,50,450.78,536.76,85.03,238.61,0.7725,-1,-1,-1
652,51,1444.34,924.08,112.57,154.61,0.6132,-1,-1,-1
652,52,1365.79,943.60,96.83,135.07,0.6665,-1,-1,-1
653,45,1717.64,453.24,80.10,212.94,0.7314,-1,-1,-1
653,46,331.77,326.96,69.17,205.52,0.7245,-1,-1,-1
653,47,1617.46,174.61,61.64,176.21,0.6819,-1,-1,-1
653,26,1125.70,979.53,69.22,100.26,0.5599,-1,-1,-1
653,3,900.89,931.55,65.00,146.24,0.6970,-1,-1,-1
653,50,450.01,536.57,85.03,238.33,0.7784,-1,-1,-1
653,51,1439.95,918.64,114.58,160.50,0.6484,-1,-1,-1
653,52,1362.38,941.59,97.57,136.75,0.7052,-1,-1,-1
653,31,1198.73,988.61,60.77,90.64,0.5711,-1,-1,-1
654,45,1718.19,452.88,79.95,212.83,0.7316,-1,-1,-1
654,46,331.49,328.62,68.81,206.11,0.7105,-1,-1,-1
654,47,1617.02,173.67,62.34,176.88,0.6421,-1,-1,-1
654,26,1125.00,982.78,67.01,96.73,0.5158,-1,-1,-1
654,3,898.91,932.23,64.66,145.49,0.6881,-1,-1,-1
654,50,450.67,536.32,85.01,238.48,0.7813,-1,-1,-1
654,51,1437.30,915.12,114.90,164.27,0.6315,-1,-1,-1
654,52,1358.58,939.88,97.56,137.45,0.6924,-1,-1,-1
654,53,806.68,145.33,57.85,173.70,0.5031,-1,-1,-1
654,31,1201.01,991.26,60.31,87.22,0.5471,-1,-1,-1
655,45,1718.04,452.65,79.99,213.21,0.7276,-1,-1,-1
655,46,331.07,330.31,68.09,205.27,0.6950,-1,-1,-1
655,47,1616.24,169.43,64.10,180.82,0.5920,-1,-1,-1
655,26,1127.38,985.91,66.08,93.50,0.5832,-1,-1,-1
655,3,895.98,932.28,64.68,145.28,0.6859,-1,-1,-1
655,50,450.76,536.17,84.79,238.59,0.7840,-1,-1,-1
655,51,1434.82,914.37,113.59,165.44,0.6456,-1,-1,-1
655,52,1356.08,938.14,98.18,139.21,0.6731,-1,-1,-1
655,53,806.44,144.64,58.31,175.07,0.4859,-1,-1,-1
655,31,1203.80,993.60,59.90,84.58,0.5788,-1,-1,-1
656,45,1718.01,452.27,80.05,213.89,0.7408,-1,-1,-1
656,46,330.29,331.62,68.02,206.02,0.6912,-1,-1,-1
656,47,1615.84,167.11,64.76,181.32,0.5936,-1,-1,-1
656,26,1126.81,988.34,64.67,90.35,0.5592,-1,-1,-1
656,3,892.92,932.45,64.75,144.93,0.7028,-1,-1,-1
656,50,451.40,535.15,84.58,239.40,0.7881,-1,-1,-1
656,51,1431.18,911.37,113.78,168.48,0.6134,-1,-1,-1
656,52,1354.25,935.91,98.97,141.45,0.6797,-1,-1,-1
656,53,806.80,144.73,58.33,175.26,0.4742,-1,-1,-1
656,31,1204.98,995.24,60.34,83.16,0.5795,-1,-1,-1
657,45,1718.17,452.15,80.00,213.91,0.7387,-1,-1,-1
657,46,329.08,332.96,67.76,205.99,0.6783,-1,-1,-1
657,47,1615.72,167.77,64.63,178.78,0.6008,-1,-1,-1
657,26,1124.63,990.11,63.50,88.22,0.5343,-1,-1,-1
657,3,889.53,932.11,65.35,145.60,0.6986,-1,-1,-1
657,50,451.74,535.04,84.09,239.62,0.7761,-1,-1,-1
657,51,1426.86,908.07,114.00,171.26,0.6414,-1,-1,-1
657,52,1353.13,933.15,100.07,144.54,0.6722,-1,-1,-1
657,53,805.85,145.26,58.56,175.77,0.4420,-1,-1,-1
657,31,1204.06,996.66,61.27,81.93,0.5637,-1,-1,-1
658,45,1718.10,451.98,80.04,214.69,0.7164,-1,-1,-1
658,46,327.71,333.78,67.49,205.78,0.6805,-1,-1,-1
658,47,1615.29,167.48,64.91,177.02,0.5999,-1,-1,-1
658,26,1122.87,990.73,63.75,87.46,0.5450,-1,-1,-1
658,3,886.94,932.42,65.75,145.71,0.7055,-1,-1,-1
658,50,450.75,534.07,83.87,240.54,0.7578,-1,-1,-1
658,51,1423.67,905.86,113.45,173.07,0.6657,-1,-1,-1
658,52,1349.95,929.69,101.14,147.64,0.6750,-1,-1,-1
658,53,806.27,144.35,58.48,175.42,0.4296,-1,-1,-1
658,31,1203.32,998.15,62.46,80.70,0.5983,-1,-1,-1
659,45,1718.09,452.15,80.03,214.67,0.7405,-1,-1,-1
659,46,325.66,333.20,67.81,206.40,0.7248,-1,-1,-1
659,47,1615.34,167.10,65.65,176.50,0.6066,-1,-1,-1
659,26,1123.45,991.89,64.49,86.55,0.6017,-1,-1,-1
659,3,884.15,932.66,65.78,145.23,0.7052,-1,-1,-1
659,50,449.71,531.81,83.80,241.72,0.7662,-1,-1,-1
659,51,1421.38,904.76,112.13,173.53,0.6155,-1,-1,-1
659,52,1347.01,926.84,102.02,150.57,0.6723,-1,-1,-1
659,53,806.19,143.85,58.93,176.84,0.4360,-1,-1,-1
659,31,1203.31,999.52,64.15,80.17,0.6217,-1,-1,-1
660,45,1717.79,451.88,79.90,214.59,0.7281,-1,-1,-1
660,46,323.87,333.45,67.82,205.87,0.7227,-1,-1,-1
660,47,1615.74,166.51,66.84,177.89,0.6504,-1,-1,-1
660,26,1122.27,993.60,64.71,84.94,0.6365,-1,-1,-1
660,3,881.49,932.29,65.94,145.30,0.6978,-1,-1,-1
660,50,447.35,530.63,82.81,240.56,0.7579,-1,-1,-1
660,51,1419.89,902.72,111.97,175.31,0.6228,-1,-1,-1
660,52,1344.66,923.62,102.54,152.99,0.6752,-1,-1,-1
660,53,805.91,144.46,58.76,176.20,0.4491,-1,-1,-1
660,31,1203.31,1001.82,64.90,78.15,0.6206,-1,-1,-1
661,45,1718.19,451.89,79.58,213.61,0.7519,-1,-1,-1
661,46,322.59,333.83,67.67,204.81,0.6933,-1,-1,-1
661,47,1617.13,166.43,66.88,175.88,0.6517,-1,-1,-1
661,26,1118.30,994.24,65.27,84.48,0.5997,-1,-1,-1
661,3,878.61,931.45,66.54,146.97,0.6722,-1,-1,-1
661,50,443.36,530.51,81.24,239.67,0.7663,-1,-1,-1
661,51,1418.70,900.90,111.63,176.77,0.6329,-1,-1,-1
661,52,1342.08,920.81,102.78,155.38,0.6756,-1,-1,-1
661,53,806.42,144.34,58.55,175.57,0.4406,-1,-1,-1
661,31,1203.03,1004.75,65.21,75.32,0.5822,-1,-1,-1
662,45,1718.09,451.76,79.64,213.67,0.7496,-1,-1,-1
662,46,321.51,333.95,67.76,204.61,0.7002,-1,-1,-1
662,47,1617.32,165.83,67.62,175.72,0.6382,-1,-1,-1
662,26,1116.73,996.13,64.87,82.61,0.6012,-1,-1,-1
662,3,875.39,930.28,67.05,148.71,0.6624,-1,-1,-1
662,50,439.07,530.16,80.30,240.02,0.7829,-1,-1,-1
662,51,1417.17,898.53,112.12,179.45,0.4911,-1,-1,-1
662,52,1337.86,916.33,103.93,159.93,0.6168,-1,-1,-1
662,53,806.26,143.31,58.57,175.63,0.4638,-1,-1,-1
662,31,1202.95,1005.74,66.39,74.00,0.5335,-1,-1,-1
663,45,1718.68,452.29,79.64,212.97,0.7377,-1,-1,-1
663,46,321.02,334.26,67.68,204.14,0.7130,-1,-1,-1
663,47,1618.38,164.89,67.97,175.16,0.6153,-1,-1,-1
663,26,1113.62,997.78,63.95,80.91,0.5350,-1,-1,-1
663,3,872.98,929.65,66.86,149.21,0.6632,-1,-1,-1
663,50,434.68,529.30,79.07,239.59,0.8057,-1,-1,-1
663,51,1414.70,896.03,112.84,183.23,0.6283,-1,-1,-1
663,52,1333.37,911.64,105.64,165.69,0.6731,-1,-1,-1
663,53,806.63,143.25,58.38,175.21,0.4405,-1,-1,-1
663,31,1202.69,1007.76,66.34,71.54,0.5120,-1,-1,-1
664,45,1718.81,452.57,80.03,213.36,0.7252,-1,-1,-1
664,46,320.53,335.09,67.42,203.17,0.7015,-1,-1,-1
664,47,1618.58,163.90,69.46,178.05,0.6268,-1,-1,-1
664,26,1111.11,1000.27,62.42,78.60,0.5255,-1,-1,-1
664,3,870.89,929.54,66.41,148.67,0.6802,-1,-1,-1
664,50,430.01,528.19,78.29,240.71,0.7957,-1,-1,-1
664,51,1412.27,892.98,113.03,186.78,0.6074,-1,-1,-1
664,52,1330.27,907.80,106.42,170.41,0.6328,-1,-1,-1
664,53,805.91,143.06,58.46,175.37,0.4364,-1,-1,-1
664,31,1202.35,1009.66,66.69,69.90,0.4593,-1,-1,-1
665,45,1718.99,452.44,80.17,213.24,0.7288,-1,-1,-1
665,46,318.82,335.04,67.65,203.14,0.6931,-1,-1,-1
665,47,1618.66,162.50,71.11,182.14,0.5983,-1,-1,-1
665,26,1111.69,1001.96,63.03,77.50,0.5655,-1,-1,-1
665,3,868.48,930.27,66.25,148.47,0.6747,-1,-1,-1
665,50,425.19,526.78,77.50,243.11,0.7424,-1,-1,-1
665,51,1408.82,886.98,114.93,192.98,0.6325,-1,-1,-1
665,52,1327.02,904.36,106.13,173.94,0.6500,-1,-1,-1
665,53,806.46,143.15,58.31,175.21,0.4678,-1,-1,-1
665,31,1200.41,1012.35,65.25,67.54,0.4696,-1,-1,-1
666,45,1718.59,452.17,80.54,213.97,0.7037,-1,-1,-1
666,46,316.17,335.64,68.38,203.66,0.6713,-1,-1,-1
666,47,1619.22,161.11,71.51,182.99,0.6059,-1,-1,-1
666,26,1111.81,1004.54,62.55,74.73,0.5717,-1,-1,-1
666,3,866.69,930.17,66.15,148.28,0.6917,-1,-1,-1
666,50,421.72,526.49,76.97,246.16,0.7489,-1,-1,-1
666,51,1406.16,883.02,115.85,197.01,0.6420,-1,-1,-1
666,52,1323.47,902.42,104.91,175.78,0.6548,-1,-1,-1
666,53,806.93,143.06,57.77,173.89,0.4453,-1,-1,-1
666,31,1199.02,1014.65,63.89,65.35,0.4931,-1,-1,-1
667,45,1718.13,452.61,80.81,214.11,0.6936,-1,-1,-1
667,46,313.37,337.76,69.41,203.50,0.7022,-1,-1,-1
667,47,1619.97,159.65,71.87,183.96,0.6140,-1,-1,-1
667,26,1109.21,1007.02,60.97,71.59,0.5468,-1,-1,-1
667,3,864.38,929.95,66.21,148.41,0.6827,-1,-1,-1
667,50,419.26,526.18,76.08,247.69,0.7494,-1,-1,-1
667,51,1401.37,880.22,115.76,199.82,0.6887,-1,-1,-1
667,52,1320.45,899.72,104.47,179.07,0.6582,-1,-1,-1
667,53,806.85,144.10,57.61,173.51,0.4432,-1,-1,-1
667,31,1198.71,1017.16,62.01,62.88,0.5358,-1,-1,-1
668,45,1718.28,452.66,81.09,214.09,0.7211,-1,-1,-1
668,46,312.75,340.61,70.23,204.02,0.6965,-1,-1,-1
668,47,1621.72,157.26,71.68,183.30,0.5986,-1,-1,-1
668,26,1109.00,1009.69,59.24,68.16,0.5577,-1,-1,-1
668,3,862.29,929.66,66.30,148.56,0.6842,-1,-1,-1
668,50,417.36,526.54,74.58,246.26,0.7642,-1,-1,-1
668,51,1398.19,876.82,115.93,203.24,0.6790,-1,-1,-1
668,52,1319.43,898.36,103.13,180.45,0.6540,-1,-1,-1
668,53,807.25,143.20,57.50,173.69,0.4508,-1,-1,-1
668,31,1198.07,1019.93,59.45,59.86,0.5497,-1,-1,-1
669,45,1718.35,452.02,81.67,215.38,0.6930,-1,-1,-1
669,46,312.98,344.30,70.69,203.99,0.7222,-1,-1,-1
669,47,1622.57,154.22,72.09,184.28,0.6092,-1,-1,-1
669,26,1107.41,1012.76,56.25,64.23,0.4825,-1,-1,-1
669,3,859.91,930.02,66.35,148.43,0.6618,-1,-1,-1
669,50,414.58,526.89,74.19,246.49,0.7522,-1,-1,-1
669,51,1395.95,874.42,115.53,205.63,0.7231,-1,-1,-1
669,52,1318.49,897.36,101.50,181.35,0.6975,-1,-1,-1
669,53,807.20,144.26,57.33,173.26,0.4310,-1,-1,-1
669,31,1198.64,1024.42,55.60,55.35,0.4728,-1,-1,-1
670,45,1718.20,452.13,81.81,214.99,0.7121,-1,-1,-1
670,46,312.54,346.27,71.31,205.19,0.7317,-1,-1,-1
670,47,1623.77,153.10,72.02,184.15,0.6214,-1,-1,-1
670,26,1108.59,1016.01,54.20,60.75,0.4967,-1,-1,-1
670,3,857.88,929.65,66.74,149.03,0.6724,-1,-1,-1
670,50,410.73,527.41,74.17,245.72,0.7736,-1,-1,-1
670,51,1394.18,871.08,115.99,208.97,0.6869,-1,-1,-1
670,52,1316.69,895.99,100.27,182.86,0.7181,-1,-1,-1
670,53,806.47,144.65,57.64,173.99,0.4429,-1,-1,-1
670,31,1199.46,1028.10,52.00,51.10,0.4299,-1,-1,-1
671,45,1718.21,452.54,82.00,214.55,0.7191,-1,-1,-1
671,46,311.79,347.69,72.23,207.60,0.7608,-1,-1,-1
671,47,1624.91,152.04,71.38,182.71,0.6195,-1,-1,-1
671,26,1105.80,1019.79,51.41,57.42,0.5073,-1,-1,-1
671,3,856.11,929.95,66.74,148.68,0.6828,-1,-1,-1
671,50,407.36,527.39,74.59,245.68,0.7843,-1,-1,-1
671,51,1392.44,866.83,116.61,213.05,0.6959,-1,-1,-1
671,52,1314.76,894.95,98.77,184.00,0.7093,-1,-1,-1
671,53,806.54,144.56,57.62,174.05,0.4940,-1,-1,-1
671,31,1199.28,1031.74,48.94,47.76,0.3961,-1,-1,-1
672,45,1717.95,451.97,82.32,214.76,0.7041,-1,-1,-1
672,46,311.57,348.84,72.25,207.70,0.7650,-1,-1,-1
672,47,1626.72,154.73,69.21,177.15,0.5869,-1,-1,-1
672,26,1105.99,1024.29,48.34,54.03,0.4839,-1,-1,-1
672,3,854.49,929.31,66.95,149.11,0.6779,-1,-1,-1
672,50,405.16,528.29,74.86,244.48,0.7850,-1,-1,-1
672,51,1391.56,862.39,117.25,217.59,0.7246,-1,-1,-1
672,52,1311.59,894.04,97.94,185.44,0.7340,-1,-1,-1
672,53,806.09,143.86,58.04,175.49,0.4744,-1,-1,-1
672,31,1198.76,1034.41,46.67,45.31,0.3781,-1,-1,-1
673,45,1717.99,452.49,82.70,214.80,0.7261,-1,-1,-1
673,46,311.38,350.76,72.25,207.92,0.7739,-1,-1,-1
673,47,1627.27,155.58,68.66,175.90,0.5827,-1,-1,-1
673,26,1107.49,1028.92,45.09,50.36,0.4311,-1,-1,-1
673,3,853.14,929.56,66.99,149.41,0.6823,-1,-1,-1
673,50,403.50,529.87,75.33,243.50,0.7856,-1,-1,-1
673,51,1391.28,860.66,115.98,219.34,0.6946,-1,-1,-1
673,52,1308.83,891.97,97.61,187.89,0.7126,-1,-1,-1
673,53,806.58,144.01,57.92,175.64,0.4711,-1,-1,-1
673,31,1197.22,1036.12,44.85,43.67,0.3754,-1,-1,-1
674,45,1717.91,452.52,83.28,215.02,0.7271,-1,-1,-1
674,46,310.96,351.81,72.53,208.79,0.7630,-1,-1,-1
674,47,1627.84,156.02,67.88,173.99,0.5283,-1,-1,-1
674,26,1108.42,1031.56,43.16,48.28,0.4071,-1,-1,-1
674,3,850.68,929.20,67.19,150.31,0.6870,-1,-1,-1
674,50,401.39,530.33,76.23,243.57,0.7802,-1,-1,-1
674,51,1389.38,858.83,114.65,221.19,0.5804,-1,-1,-1
674,52,1305.46,889.13,97.55,190.82,0.7251,-1,-1,-1
674,53,806.72,144.39,57.67,175.10,0.4518,-1,-1,-1
674,31,1196.40,1037.33,43.66,42.62,0.3225,-1,-1,-1
675,45,1717.88,452.50,83.37,214.03,0.7088,-1,-1,-1
675,46,311.16,353.04,72.79,209.88,0.7547,-1,-1,-1
675,47,1627.61,155.99,67.83,174.08,0.5498,-1,-1,-1
675,26,1109.69,1035.51,40.03,44.52,0.3530,-1,-1,-1
675,3,849.35,930.05,66.58,149.82,0.6792,-1,-1,-1
675,50,398.81,529.27,77.76,244.92,0.7812,-1,-1,-1
675,51,1389.35,860.55,113.28,219.48,0.5470,-1,-1,-1
675,52,1300.51,886.34,97.56,193.32,0.7486,-1,-1,-1
675,53,806.46,144.40,57.78,175.39,0.4834,-1,-1,-1
675,31,1197.36,1040.96,40.39,39.05,0.3339,-1,-1,-1
676,45,1718.11,453.02,83.35,213.10,0.7210,-1,-1,-1
676,46,311.15,355.00,72.45,209.38,0.7454,-1,-1,-1
676,47,1626.64,155.11,69.17,178.53,0.5772,-1,-1,-1
676,3,847.52,930.49,65.99,149.51,0.6678,-1,-1,-1
676,50,396.25,530.31,78.98,244.41,0.7890,-1,-1,-1
676,51,1381.34,860.82,112.62,219.21,0.6201,-1,-1,-1
676,52,1296.13,883.36,97.76,196.55,0.7680,-1,-1,-1
676,53,806.88,144.71,57.53,174.89,0.4157,-1,-1,-1
676,31,1198.41,1043.20,38.73,36.82,0.3280,-1,-1,-1
677,45,1717.86,453.14,83.76,213.21,0.7146,-1,-1,-1
677,46,311.20,355.59,72.45,209.41,0.7470,-1,-1,-1
677,47,1626.29,155.93,67.95,175.82,0.5569,-1,-1,-1
677,3,846.20,930.44,65.63,149.49,0.6736,-1,-1,-1
677,50,392.20,530.73,80.73,244.39,0.7918,-1,-1,-1
677,51,1373.00,859.29,112.74,220.73,0.6728,-1,-1,-1
677,52,1293.15,879.71,97.81,199.41,0.7790,-1,-1,-1
677,53,806.56,145.28,57.11,173.48,0.4295,-1,-1,-1
677,31,1199.92,1045.28,37.58,34.75,0.3254,-1,-1,-1
678,45,1717.75,453.28,84.15,213.42,0.6945,-1,-1,-1
678,46,311.23,356.68,72.33,209.23,0.7369,-1,-1,-1
678,47,1625.56,156.32,67.28,174.05,0.5405,-1,-1,-1
678,3,844.97,929.58,65.63,150.15,0.6766,-1,-1,-1
678,50,388.38,531.32,82.71,243.83,0.7888,-1,-1,-1
678,51,1368.48,858.99,112.42,221.03,0.6415,-1,-1,-1
678,52,1287.66,876.72,98.36,202.98,0.7790,-1,-1,-1
678,53,806.62,144.92,57.06,173.33,0.4275,-1,-1,-1
678,31,1200.95,1047.73,36.39,32.29,0.3037,-1,-1,-1
679,45,1717.15,452.69,84.18,212.96,0.6947,-1,-1,-1
679,46,310.95,356.43,72.19,209.73,0.7147,-1,-1,-1
679,47,1625.05,156.54,67.07,173.58,0.5725,-1,-1,-1
679,3,843.71,927.80,66.39,152.14,0.6984,-1,-1,-1
679,50,383.83,531.38,85.13,243.90,0.7829,-1,-1,-1
679,51,1366.36,857.82,112.15,222.20,0.6364,-1,-1,-1
679,52,1283.31,873.95,98.85,205.97,0.7926,-1,-1,-1
679,53,806.31,145.15,57.05,173.23,0.4359,-1,-1,-1
680,45,1717.33,453.03,84.65,213.36,0.7332,-1,-1,-1
680,46,310.77,356.91,71.81,208.56,0.7214,-1,-1,-1
680,47,1624.69,155.51,66.78,172.88,0.5885,-1,-1,-1
680,3,842.65,927.45,66.31,152.56,0.7235,-1,-1,-1
680,50,379.32,530.76,87.78,244.61,0.7842,-1,-1,-1
680,51,1363.05,856.90,111.51,223.12,0.6466,-1,-1,-1
680,52,1279.86,871.08,99.16,208.92,0.7654,-1,-1,-1
680,53,805.81,145.27,57.04,173.47,0.4524,-1,-1,-1
681,45,1717.69,453.26,84.79,213.28,0.7224,-1,-1,-1
681,46,311.19,357.13,71.42,207.56,0.7005,-1,-1,-1
681,47,1623.83,156.36,66.40,171.97,0.6201,-1,-1,-1
681,3,841.80,926.17,66.84,153.46,0.7214,-1,-1,-1
681,50,373.74,530.64,90.75,244.79,0.8075,-1,-1,-1
681,51,1361.16,854.43,111.06,225.58,0.6771,-1,-1,-1
681,52,1275.43,868.35,99.28,211.23,0.7400,-1,-1,-1
681,53,806.86,145.20,56.42,172.42,0.4537,-1,-1,-1
682,45,1717.29,453.33,85.04,213.53,0.7354,-1,-1,-1
682,46,310.74,357.94,71.40,207.15,0.7168,-1,-1,-1
682,47,1623.29,155.56,66.86,173.38,0.5939,-1,-1,-1
682,3,840.12,924.67,67.77,154.85,0.7307,-1,-1,-1
682,50,370.58,530.59,93.37,244.33,0.8010,-1,-1,-1
682,51,1360.26,851.08,110.56,228.93,0.7170,-1,-1,-1
682,52,1272.30,865.49,99.66,214.10,0.7595,-1,-1,-1
682,53,806.35,144.84,56.44,173.11,0.4277,-1,-1,-1
683,45,1717.49,453.79,85.05,213.18,0.7296,-1,-1,-1
683,46,310.33,357.61,71.38,207.27,0.7243,-1,-1,-1
683,47,1621.43,155.31,67.52,175.71,0.5770,-1,-1,-1
683,3,838.50,924.14,68.49,155.35,0.7290,-1,-1,-1
683,50,366.64,530.40,96.31,244.81,0.7991,-1,-1,-1
683,51,1357.25,846.15,110.83,233.86,0.7204,-1,-1,-1
683,52,1268.69,863.53,99.93,215.99,0.7655,-1,-1,-1
683,53,807.26,145.08,55.79,171.99,0.4263,-1,-1,-1
684,45,1716.66,453.45,85.34,213.82,0.7205,-1,-1,-1
684,46,309.77,357.87,71.18,207.00,0.7256,-1,-1,-1
684,47,1619.65,155.28,67.78,177.33,0.5948,-1,-1,-1
684,3,836.73,923.45,69.41,156.08,0.7274,-1,-1,-1
684,50,363.33,528.55,99.24,246.66,0.7919,-1,-1,-1
684,51,1352.30,841.32,111.27,238.69,0.7312,-1,-1,-1
684,52,1265.04,861.53,99.90,216.80,0.7917,-1,-1,-1
684,53,806.38,145.10,55.96,173.00,0.4360,-1,-1,-1
685,45,1715.90,452.87,85.46,214.22,0.7321,-1,-1,-1
685,46,309.48,359.26,70.95,206.69,0.7166,-1,-1,-1
685,47,1618.21,154.24,68.49,180.66,0.5787,-1,-1,-1
685,3,834.28,923.39,70.37,156.09,0.7385,-1,-1,-1
685,50,360.63,527.83,101.67,248.10,0.7988,-1,-1,-1
685,51,1349.34,838.25,110.71,241.76,0.7493,-1,-1,-1
685,52,1262.61,859.73,99.62,217.77,0.7938,-1,-1,-1
685,53,806.58,145.20,55.51,172.37,0.3861,-1,-1,-1
686,45,1715.72,452.02,85.73,214.79,0.7436,-1,-1,-1
686,46,308.55,362.15,70.67,206.65,0.7138,-1,-1,-1
686,47,1617.28,152.39,68.46,181.60,0.5285,-1,-1,-1
686,3,832.80,922.51,71.48,156.42,0.7459,-1,-1,-1
686,50,358.41,528.41,103.01,248.00,0.8008,-1,-1,-1
686,51,1346.95,834.45,110.36,245.32,0.7473,-1,-1,-1
686,52,1260.52,857.61,100.12,220.30,0.7990,-1,-1,-1
686,53,806.36,145.17,55.12,171.90,0.3854,-1,-1,-1
687,45,1716.01,451.94,85.64,214.32,0.7522,-1,-1,-1
687,46,308.30,365.40,70.33,206.81,0.7049,-1,-1,-1
687,47,1615.94,150.55,68.22,182.18,0.5445,-1,-1,-1
687,3,831.49,922.59,72.37,156.36,0.7347,-1,-1,-1
687,50,355.72,528.95,103.69,248.32,0.7980,-1,-1,-1
687,51,1343.75,830.72,110.00,248.87,0.7660,-1,-1,-1
687,52,1257.49,855.92,100.47,223.32,0.7733,-1,-1,-1
687,53,806.68,144.88,54.57,171.22,0.3754,-1,-1,-1
688,45,1716.29,452.62,85.86,214.28,0.7611,-1,-1,-1
688,46,308.18,368.15,69.92,206.96,0.7048,-1,-1,-1
688,47,1614.45,148.10,66.53,177.99,0.5620,-1,-1,-1
688,3,829.68,922.94,73.28,155.94,0.7342,-1,-1,-1
688,50,353.98,528.82,104.09,249.07,0.8145,-1,-1,-1
688,51,1340.19,829.66,108.80,250.19,0.7935,-1,-1,-1
688,52,1255.23,853.57,100.43,226.18,0.7828,-1,-1,-1
688,53,806.31,143.94,54.45,171.61,0.3822,-1,-1,-1
689,45,1715.52,452.07,86.07,214.86,0.7512,-1,-1,-1
689,46,308.09,369.56,69.19,206.46,0.7069,-1,-1,-1
689,47,1613.67,145.57,66.35,177.82,0.5713,-1,-1,-1
689,3,827.89,923.57,74.13,155.33,0.7300,-1,-1,-1
689,50,354.20,529.35,103.73,248.80,0.8144,-1,-1,-1
689,51,1337.65,827.32,108.39,252.62,0.7898,-1,-1,-1
689,52,1252.75,851.11,100.14,228.83,0.7728,-1,-1,-1
689,53,806.07,143.40,54.17,171.79,0.3374,-1,-1,-1
690,45,1715.76,451.32,86.71,216.38,0.7242,-1,-1,-1
690,46,307.54,372.04,68.81,207.23,0.6977,-1,-1,-1
690,47,1612.41,143.80,66.43,178.25,0.5981,-1,-1,-1
690,3,827.37,924.94,74.53,153.53,0.7442,-1,-1,-1
690,50,354.57,529.24,103.39,249.86,0.8186,-1,-1,-1
690,51,1333.60,824.40,108.05,255.58,0.7714,-1,-1,-1
690,52,1251.13,848.35,99.98,231.66,0.7244,-1,-1,-1
690,53,804.74,141.52,53.70,171.41,0.3101,-1,-1,-1
691,45,1716.02,451.75,86.88,216.66,0.7420,-1,-1,-1
691,46,307.20,374.65,68.43,207.61,0.7123,-1,-1,-1
691,47,1610.46,141.93,66.48,178.77,0.6323,-1,-1,-1
691,3,827.21,925.74,74.95,152.26,0.7384,-1,-1,-1
691,50,356.97,530.76,101.83,249.42,0.8249,-1,-1,-1
691,51,1330.15,823.11,107.57,256.89,0.7799,-1,-1,-1
691,52,1249.65,845.49,99.37,233.67,0.7877,-1,-1,-1
691,53,803.60,140.77,53.41,171.10,0.3557,-1,-1,-1
692,45,1716.49,452.41,86.53,215.54,0.7367,-1,-1,-1
692,46,306.32,375.05,68.77,210.28,0.7244,-1,-1,-1
692,47,1608.98,140.63,66.60,179.22,0.6501,-1,-1,-1
692,3,827.14,927.47,74.66,149.61,0.7439,-1,-1,-1
692,50,359.91,532.89,100.08,249.23,0.8117,-1,-1,-1
692,51,1326.98,822.33,106.80,257.67,0.7622,-1,-1,-1
692,52,1248.18,842.19,98.75,236.11,0.7949,-1,-1,-1
692,53,803.79,141.23,53.65,172.78,0.3667,-1,-1,-1
693,45,1716.15,451.62,86.75,216.21,0.7273,-1,-1,-1
693,46,305.02,374.86,69.21,213.39,0.7135,-1,-1,-1
693,47,1607.98,138.79,66.41,178.91,0.6570,-1,-1,-1
693,3,827.06,928.00,75.13,148.88,0.7416,-1,-1,-1
693,50,362.66,534.07,98.40,250.22,0.8112,-1,-1,-1
693,51,1323.81,820.60,106.22,259.41,0.7656,-1,-1,-1
693,52,1245.65,838.76,98.79,240.51,0.8201,-1,-1,-1
693,53,803.67,141.36,53.44,173.00,0.3685,-1,-1,-1
694,45,1715.94,451.58,87.05,216.92,0.7418,-1,-1,-1
694,46,303.94,375.12,69.32,215.12,0.7027,-1,-1,-1
694,47,1606.56,136.35,66.49,179.18,0.6390,-1,-1,-1
694,3,827.04,928.51,75.82,148.28,0.7642,-1,-1,-1
694,50,365.98,534.82,96.05,249.80,0.8163,-1,-1,-1
694,51,1321.56,818.99,105.67,261.02,0.7709,-1,-1,-1
694,52,1243.64,835.23,98.28,243.77,0.8163,-1,-1,-1
694,53,803.50,140.81,53.21,173.42,0.3449,-1,-1,-1
695,45,1716.63,452.13,86.62,215.91,0.7253,-1,-1,-1
695,46,303.54,375.08,69.03,215.42,0.6669,-1,-1,-1
695,47,1605.97,135.37,66.32,178.94,0.6304,-1,-1,-1
695,3,827.03,930.07,76.22,147.09,0.7505,-1,-1,-1
695,50,368.44,535.18,93.86,249.98,0.8111,-1,-1,-1
695,51,1320.65,817.58,104.92,262.34,0.7505,-1,-1,-1
695,52,1241.34,831.70,97.71,246.70,0.7898,-1,-1,-1
695,53,802.98,138.59,53.16,174.85,0.3660,-1,-1,-1
695,60,481.39,142.65,56.73,176.68,0.5267,-1,-1,-1
696,45,1717.06,452.13,86.33,215.14,0.7146,-1,-1,-1
696,46,302.62,375.31,68.84,215.03,0.6333,-1,-1,-1
696,47,1604.90,134.58,66.50,179.67,0.6069,-1,-1,-1
696,3,827.16,931.19,76.80,146.59,0.7368,-1,-1,-1
696,50,370.14,535.44,91.77,250.68,0.8032,-1,-1,-1
696,51,1319.14,815.48,104.51,264.49,0.7582,-1,-1,-1
696,52,1237.84,829.63,96.80,248.33,0.7861,-1,-1,-1
696,53,802.76,137.71,52.72,174.97,0.3305,-1,-1,-1
696,60,482.45,146.70,55.59,172.99,0.5444,-1,-1,-1
697,45,1716.94,452.42,86.35,214.90,0.7071,-1,-1,-1
697,46,300.98,375.83,69.04,214.96,0.6338,-1,-1,-1
697,47,1603.36,134.70,66.33,178.66,0.5440,-1,-1,-1
697,3,827.81,932.44,77.02,145.65,0.7474,-1,-1,-1
697,50,371.77,536.35,89.45,250.28,0.7921,-1,-1,-1
697,51,1316.64,812.65,104.61,267.34,0.7815,-1,-1,-1
697,52,1235.20,828.05,96.02,250.03,0.7670,-1,-1,-1
697,53,801.82,138.31,52.62,176.43,0.3468,-1,-1,-1
697,60,482.14,149.25,55.29,171.72,0.5389,-1,-1,-1
698,45,1717.22,452.49,86.20,214.66,0.7369,-1,-1,-1
698,46,300.26,376.32,69.17,214.52,0.6217,-1,-1,-1
698,47,1602.96,134.46,66.33,178.34,0.5203,-1,-1,-1
698,3,828.37,932.08,77.83,146.33,0.7641,-1,-1,-1
698,50,373.63,537.20,87.08,249.27,0.7955,-1,-1,-1
698,51,1313.80,809.84,104.78,270.16,0.7908,-1,-1,-1
698,52,1232.31,826.97,95.11,250.97,0.7712,-1,-1,-1
698,53,801.65,138.71,52.05,176.40,0.3735,-1,-1,-1
698,60,481.59,150.70,55.05,170.63,0.5220,-1,-1,-1
699,45,1717.21,452.36,86.19,215.08,0.7188,-1,-1,-1
699,46,299.70,376.47,69.21,213.56,0.6502,-1,-1,-1
699,47,1601.21,133.79,67.34,180.51,0.4055,-1,-1,-1
699,3,829.01,932.48,78.16,146.02,0.7653,-1,-1,-1
699,50,374.61,537.67,84.77,248.47,0.7807,-1,-1,-1
699,51,1310.84,805.89,104.51,273.08,0.8004,-1,-1,-1
699,52,1228.94,824.97,94.89,252.69,0.7672,-1,-1,-1
699,53,801.67,138.01,51.80,177.70,0.3273,-1,-1,-1
699,60,481.54,151.30,55.15,170.27,0.5514,-1,-1,-1
700,45,1717.38,452.57,85.73,214.18,0.7238,-1,-1,-1
700,46,298.54,376.42,69.42,213.17,0.6560,-1,-1,-1
700,47,1600.00,133.56,67.79,180.75,0.3628,-1,-1,-1
700,3,830.29,932.78,78.47,145.90,0.7654,-1,-1,-1
700,50,375.80,538.75,82.63,247.64,0.7897,-1,-1,-1
700,51,1308.30,802.55,103.73,274.58,0.7930,-1,-1,-1
700,52,1226.84,823.08,94.33,253.11,0.7665,-1,-1,-1
700,53,801.09,135.50,51.87,179.50,0.3099,-1,-1,-1
700,60,481.33,150.60,55.67,171.24,0.5273,-1,-1,-1
701,45,1717.22,452.44,86.17,215.26,0.7201,-1,-1,-1
701,46,298.10,377.29,69.38,211.39,0.6498,-1,-1,-1
701,47,1599.30,134.40,68.14,180.45,0.3538,-1,-1,-1
701,3,831.92,932.41,79.16,146.06,0.7711,-1,-1,-1
701,50,376.61,539.23,80.45,246.50,0.7570,-1,-1,-1
701,51,1307.46,798.85,102.69,274.43,0.7865,-1,-1,-1
701,52,1224.36,820.13,94.88,256.01,0.8024,-1,-1,-1
701,53,801.20,136.20,51.05,177.72,0.3478,-1,-1,-1
701,60,481.54,150.77,55.78,170.91,0.5429,-1,-1,-1
702,45,1717.25,451.73,86.35,215.66,0.7401,-1,-1,-1
702,46,297.63,376.78,69.97,211.96,0.6840,-1,-1,-1
702,47,1599.09,134.69,68.29,180.18,0.3889,-1,-1,-1
702,3,833.79,933.14,79.22,145.45,0.7707,-1,-1,-1
702,50,377.30,539.83,78.27,245.43,0.7414,-1,-1,-1
702,51,1307.19,794.05,99.40,266.86,0.7726,-1,-1,-1
702,52,1220.91,817.48,95.42,257.68,0.7633,-1,-1,-1
702,53,799.97,137.12,50.97,176.88,0.3631,-1,-1,-1
702,60,481.55,149.78,56.01,171.25,0.5421,-1,-1,-1
703,45,1717.12,451.67,86.63,216.47,0.7372,-1,-1,-1
703,46,297.01,377.14,70.73,213.10,0.6903,-1,-1,-1
703,47,1599.34,131.67,69.59,184.28,0.4385,-1,-1,-1
703,3,835.77,933.70,79.21,144.68,0.7770,-1,-1,-1
703,50,378.34,540.37,76.28,244.83,0.7364,-1,-1,-1
703,51,1306.53,789.68,97.62,263.07,0.7814,-1,-1,-1
703,52,1218.64,815.68,95.24,258.48,0.7740,-1,-1,-1
703,53,799.75,137.74,50.78,175.92,0.3602,-1,-1,-1
703,60,481.30,149.29,55.92,170.25,0.5236,-1,-1,-1
704,45,1717.37,451.48,86.29,215.23,0.7352,-1,-1,-1
704,46,296.14,378.52,71.49,214.29,0.6915,-1,-1,-1
704,47,1598.98,132.75,69.11,183.14,0.5396,-1,-1,-1
704,3,837.90,933.95,79.54,144.38,0.7790,-1,-1,-1
704,50,379.47,540.68,74.91,245.70,0.7335,-1,-1,-1
704,51,1305.91,786.32,97.18,263.65,0.7792,-1,-1,-1
704,52,1216.73,814.12,95.03,259.78,0.7759,-1,-1,-1
704,53,799.82,137.98,50.50,174.11,0.3669,-1,-1,-1
704,60,480.96,149.45,55.92,169.26,0.5279,-1,-1,-1
705,45,1717.84,452.13,85.72,213.61,0.7269,-1,-1,-1
705,46,296.34,379.13,72.95,218.20,0.7031,-1,-1,-1
705,47,1599.96,131.79,69.27,184.27,0.5506,-1,-1,-1
705,3,839.98,934.10,79.91,144.35,0.7726,-1,-1,-1
705,50,381.07,540.60,73.59,246.47,0.7420,-1,-1,-1
705,51,1305.77,784.28,96.73,265.15,0.7673,-1,-1,-1
705,52,1214.78,812.17,95.01,262.21,0.7859,-1,-1,-1
705,53,798.96,137.82,50.76,173.96,0.3708,-1,-1,-1
705,60,480.75,149.86,56.55,169.88,0.5469,-1,-1,-1
706,45,1717.61,452.27,85.87,213.88,0.7145,-1,-1,-1
706,46,295.64,382.40,73.76,219.28,0.7099,-1,-1,-1
706,47,1600.52,130.53,69.07,184.75,0.5993,-1,-1,-1
706,3,841.25,933.70,80.64,145.16,0.7781,-1,-1,-1
706,50,382.60,540.87,72.05,245.60,0.7464,-1,-1,-1
706,51,1304.09,782.70,95.97,266.09,0.7691,-1,-1,-1
706,52,1212.00,808.85,95.61,266.33,0.7791,-1,-1,-1
706,53,798.23,138.67,50.85,173.29,0.3663,-1,-1,-1
706,60,480.59,151.41,56.28,168.23,0.5288,-1,-1,-1
707,45,1717.89,452.77,85.67,213.41,0.7274,-1,-1,-1
707,46,295.63,386.94,73.20,216.74,0.7153,-1,-1,-1
707,47,1601.17,129.29,67.95,182.42,0.6222,-1,-1,-1
707,3,843.17,934.11,81.17,145.52,0.7790,-1,-1,-1
707,50,383.40,541.29,70.83,245.52,0.7635,-1,-1,-1
707,51,1301.94,781.73,95.16,266.49,0.7674,-1,-1,-1
707,52,1210.22,806.28,94.08,264.29,0.7616,-1,-1,-1
707,53,797.09,138.54,51.13,173.36,0.4003,-1,-1,-1
707,60,480.23,151.82,56.41,168.38,0.5194,-1,-1,-1
708,45,1717.63,452.71,85.80,213.72,0.7246,-1,-1,-1
708,46,295.53,389.85,72.87,215.35,0.7162,-1,-1,-1
708,47,1601.85,128.57,66.12,177.64,0.6095,-1,-1,-1
708,3,844.59,934.27,81.63,145.65,0.7764,-1,-1,-1
708,50,384.48,541.71,69.72,246.02,0.7498,-1,-1,-1
708,51,1299.63,780.43,94.30,265.96,0.7722,-1,-1,-1
708,52,1208.24,803.04,93.29,264.14,0.7514,-1,-1,-1
708,53,796.44,139.12,51.37,173.20,0.3947,-1,-1,-1
708,60,479.94,153.15,56.26,167.68,0.4918,-1,-1,-1
709,45,1717.71,451.89,85.94,214.08,0.7199,-1,-1,-1
709,46,295.20,392.21,72.61,214.53,0.7234,-1,-1,-1
709,47,1602.41,127.05,64.99,174.41,0.6340,-1,-1,-1
709,3,845.84,934.39,82.05,145.63,0.7834,-1,-1,-1
709,50,386.13,542.26,68.44,245.00,0.7567,-1,-1,-1
709,51,1296.64,780.48,93.57,263.94,0.7591,-1,-1,-1
709,52,1205.60,799.89,91.78,261.95,0.7683,-1,-1,-1
709,53,796.13,139.29,51.61,173.39,0.4194,-1,-1,-1
709,60,480.39,154.93,56.38,167.20,0.4909,-1,-1,-1
710,45,1718.22,452.02,85.86,213.93,0.7332,-1,-1,-1
710,46,295.15,393.91,72.69,215.10,0.7364,-1,-1,-1
710,47,1602.42,125.76,64.76,173.90,0.6536,-1,-1,-1
710,3,846.83,935.29,81.94,144.77,0.7713,-1,-1,-1
710,50,387.66,542.66,67.35,243.29,0.7451,-1,-1,-1
710,51,1291.15,780.26,94.16,264.12,0.7588,-1,-1,-1
710,52,1203.06,796.09,90.70,261.21,0.7846,-1,-1,-1
710,53,794.86,139.40,51.47,172.57,0.3810,-1,-1,-1
710,60,480.26,158.00,56.50,167.04,0.5061,-1,-1,-1
711,45,1718.36,452.38,85.81,213.73,0.7142,-1,-1,-1
711,46,294.44,394.51,73.47,218.36,0.7365,-1,-1,-1
711,47,1602.29,123.41,64.71,173.86,0.6322,-1,-1,-1
711,3,847.29,934.68,82.56,145.38,0.7832,-1,-1,-1
711,50,389.22,543.54,66.77,241.92,0.7452,-1,-1,-1
711,51,1283.56,780.05,95.70,265.33,0.7515,-1,-1,-1
711,52,1200.54,793.62,89.74,259.96,0.7883,-1,-1,-1
711,53,793.44,140.15,51.31,172.77,0.3782,-1,-1,-1
711,60,479.52,158.19,57.37,169.24,0.5222,-1,-1,-1
712,45,1717.87,451.71,86.67,215.79,0.7092,-1,-1,-1
712,46,295.24,395.69,73.51,219.28,0.7126,-1,-1,-1
712,47,1602.40,122.39,64.76,174.36,0.6190,-1,-1,-1
712,3,848.35,934.55,82.83,145.52,0.7795,-1,-1,-1
712,50,390.70,544.09,66.53,241.11,0.7232,-1,-1,-1
712,51,1279.41,779.34,96.54,265.92,0.7513,-1,-1,-1
712,52,1197.62,791.42,88.55,257.97,0.7992,-1,-1,-1
712,53,793.02,140.23,50.65,171.07,0.3156,-1,-1,-1
712,60,479.40,159.20,57.80,170.09,0.5244,-1,-1,-1
713,45,1717.99,451.73,86.26,214.84,0.6983,-1,-1,-1
713,46,295.31,398.84,73.80,221.43,0.6889,-1,-1,-1
713,47,1602.03,121.48,64.68,174.72,0.6737,-1,-1,-1
713,3,849.57,934.31,83.07,145.75,0.7793,-1,-1,-1
713,50,393.26,544.50,66.60,239.71,0.6744,-1,-1,-1
713,51,1277.25,778.43,96.00,263.76,0.7623,-1,-1,-1
713,52,1193.50,790.00,88.71,259.06,0.7920,-1,-1,-1
713,53,791.65,139.53,50.72,172.09,0.3766,-1,-1,-1
713,60,479.07,161.18,57.98,170.09,0.5193,-1,-1,-1
714,45,1718.16,451.65,86.23,214.69,0.6926,-1,-1,-1
714,46,295.81,400.89,73.66,221.62,0.6887,-1,-1,-1
714,47,1601.48,120.49,64.73,175.49,0.6533,-1,-1,-1
714,3,851.41,934.43,82.95,145.62,0.7793,-1,-1,-1
714,50,394.75,544.92,67.32,239.15,0.6888,-1,-1,-1
714,51,1275.13,776.55,94.81,259.88,0.7389,-1,-1,-1
714,52,1190.07,787.98,89.44,261.72,0.7901,-1,-1,-1
714,53,790.78,139.70,50.78,173.17,0.3280,-1,-1,-1
714,60,478.21,162.44,58.44,171.38,0.5314,-1,-1,-1
714,64,1569.87,597.24,107.70,226.87,0.6241,-1,-1,-1
715,45,1717.72,451.99,86.20,214.77,0.6745,-1,-1,-1
715,46,296.39,401.81,73.33,221.45,0.6818,-1,-1,-1
715,47,1600.66,119.87,65.18,177.25,0.6154,-1,-1,-1
715,3,852.23,934.80,82.63,145.25,0.7796,-1,-1,-1
715,50,396.65,544.73,68.55,239.54,0.6993,-1,-1,-1
715,51,1273.15,772.64,93.54,256.83,0.7946,-1,-1,-1
715,52,1187.00,786.54,89.03,262.91,0.7981,-1,-1,-1
715,53,790.03,139.58,50.67,173.74,0.3436,-1,-1,-1
715,60,478.02,163.93,58.66,172.11,0.5132,-1,-1,-1
715,64,1570.56,597.88,107.55,226.72,0.6117,-1,-1,-1
716,45,1717.43,452.30,86.00,214.05,0.6653,-1,-1,-1
716,46,296.89,402.24,73.03,221.10,0.6748,-1,-1,-1
716,47,1599.83,119.45,65.49,179.11,0.6098,-1,-1,-1
716,3,853.01,935.28,82.27,144.76,0.7728,-1,-1,-1
716,50,398.31,545.68,69.91,239.25,0.7121,-1,-1,-1
716,51,1271.20,769.21,92.85,255.76,0.8010,-1,-1,-1
716,52,1184.84,785.68,88.70,264.23,0.7998,-1,-1,-1
716,53,789.55,139.85,50.20,172.57,0.3872,-1,-1,-1
716,60,477.56,164.53,58.86,172.36,0.4758,-1,-1,-1
716,64,1570.25,598.52,107.10,226.00,0.5770,-1,-1,-1
717,45,1718.07,451.74,86.03,214.24,0.6949,-1,-1,-1
717,46,297.91,403.06,72.67,220.08,0.6754,-1,-1,-1
717,47,1599.03,119.11,65.25,179.49,0.5446,-1,-1,-1
717,3,853.67,935.50,81.93,144.53,0.7801,-1,-1,-1
717,50,398.88,546.01,71.48,239.14,0.7082,-1,-1,-1
717,51,1268.88,764.12,93.21,257.81,0.7825,-1,-1,-1
717,52,1183.13,784.56,88.29,264.59,0.8038,-1,-1,-1
717,53,789.10,140.03,49.82,171.55,0.4002,-1,-1,-1
717,60,475.99,161.91,60.58,176.92,0.4701,-1,-1,-1
717,64,1570.39,598.95,107.03,225.89,0.5809,-1,-1,-1
718,45,1718.25,450.84,86.21,214.87,0.6957,-1,-1,-1
718,46,298.38,403.57,72.50,219.44,0.6785,-1,-1,-1
718,47,1598.36,118.76,65.24,180.78,0.5508,-1,-1,-1
718,3,853.75,935.71,81.73,144.33,0.7747,-1,-1,-1
718,50,398.87,546.46,73.04,239.40,0.7149,-1,-1,-1
718,51,1265.70,759.97,92.05,255.88,0.7455,-1,-1,-1
718,52,1181.47,783.35,88.11,265.64,0.7978,-1,-1,-1
718,53,789.03,140.62,49.02,169.16,0.4083,-1,-1,-1
718,60,474.84,161.58,61.33,178.58,0.5019,-1,-1,-1
718,64,1570.58,599.78,106.42,224.65,0.5935,-1,-1,-1
719,45,1717.99,451.41,86.10,214.56,0.7019,-1,-1,-1
719,46,299.58,403.88,71.05,214.55,0.6651,-1,-1,-1
719,47,1597.97,117.98,64.67,180.89,0.4605,-1,-1,-1
719,3,853.54,936.11,81.46,143.92,0.7828,-1,-1,-1
719,50,398.96,547.00,74.91,240.65,0.6979,-1,-1,-1
719,51,1262.89,755.99,91.99,257.39,0.7407,-1,-1,-1
719,52,1180.22,782.62,87.38,264.96,0.7967,-1,-1,-1
719,53,789.22,140.80,48.68,168.90,0.3422,-1,-1,-1
719,60,475.05,162.55,61.22,178.40,0.4774,-1,-1,-1
719,64,1568.86,596.95,107.84,227.67,0.5237,-1,-1,-1
720,45,1718.08,451.59,85.98,214.44,0.7063,-1,-1,-1
720,46,300.48,405.66,70.07,210.69,0.7027,-1,-1,-1
720,47,1597.92,118.09,63.75,179.70,0.4613,-1,-1,-1
720,3,853.29,937.45,80.82,142.57,0.7854,-1,-1,-1
720,50,398.91,547.81,76.25,240.65,0.6963,-1,-1,-1
720,51,1260.22,751.42,92.28,260.55,0.7350,-1,-1,-1
720,52,1178.77,781.25,87.15,265.60,0.7844,-1,-1,-1
720,53,787.94,139.81,48.95,169.52,0.3395,-1,-1,-1
720,60,475.51,165.00,59.86,174.33,0.4782,-1,-1,-1
720,64,1572.07,600.25,106.31,226.20,0.5020,-1,-1,-1
721,45,1718.47,451.23,86.31,215.35,0.6963,-1,-1,-1
721,46,300.77,407.62,70.31,210.56,0.7199,-1,-1,-1
721,47,1598.08,118.87,62.49,177.27,0.5483,-1,-1,-1
721,3,853.01,938.00,80.66,142.02,0.7845,-1,-1,-1
721,50,400.49,548.75,78.05,241.45,0.6839,-1,-1,-1
721,51,1257.95,748.57,92.67,264.19,0.7339,-1,-1,-1
721,52,1176.86,779.35,86.66,265.87,0.7743,-1,-1,-1
721,53,788.21,140.18,48.71,169.32,0.3120,-1,-1,-1
721,60,475.99,165.98,59.37,172.47,0.5103,-1,-1,-1
721,64,1569.58,598.66,106.48,226.61,0.5818,-1,-1,-1
722,45,1718.61,451.95,85.98,214.24,0.7177,-1,-1,-1
722,46,300.25,409.14,71.10,212.52,0.7359,-1,-1,-1
722,47,1598.24,119.31,61.42,175.49,0.5212,-1,-1,-1
722,3,852.44,938.50,80.61,141.52,0.7859,-1,-1,-1
722,50,401.76,549.97,79.49,241.23,0.7127,-1,-1,-1
722,51,1254.86,747.19,91.68,262.30,0.7685,-1,-1,-1
722,52,1174.21,774.85,86.46,267.83,0.7862,-1,-1,-1
722,60,475.38,164.93,59.40,172.11,0.5146,-1,-1,-1
722,64,1568.52,596.19,107.53,228.96,0.5764,-1,-1,-1
723,45,1718.23,451.39,86.31,215.39,0.7177,-1,-1,-1
723,46,299.69,410.28,72.12,215.37,0.7556,-1,-1,-1
723,47,1597.91,118.23,61.18,176.27,0.3252,-1,-1,-1
723,3,851.85,938.60,80.62,141.41,0.7832,-1,-1,-1
723,50,402.32,551.02,81.15,242.01,0.7217,-1,-1,-1
723,51,1251.37,745.61,92.60,266.45,0.7719,-1,-1,-1
723,52,1172.85,771.31,84.33,262.88,0.7740,-1,-1,-1
723,60,475.53,165.79,59.24,170.91,0.5331,-1,-1,-1
723,64,1566.76,594.80,108.26,230.46,0.5543,-1,-1,-1
724,45,1718.64,451.69,86.25,215.40,0.6992,-1,-1,-1
724,46,299.12,411.85,72.78,217.44,0.7636,-1,-1,-1
724,47,1597.19,117.03,61.18,177.78,0.3472,-1,-1,-1
724,3,850.74,939.00,80.60,141.02,0.7879,-1,-1,-1
724,50,402.62,551.60,82.47,242.91,0.7247,-1,-1,-1
724,51,1246.91,744.31,92.29,267.31,0.7717,-1,-1,-1
724,52,1171.98,768.17,80.39,251.50,0.7736,-1,-1,-1
724,60,474.41,165.49,59.58,171.26,0.5628,-1,-1,-1
724,64,1566.03,593.21,108.89,231.82,0.5174,-1,-1,-1
725,45,1718.45,451.91,86.11,215.01,0.6960,-1,-1,-1
725,46,299.35,414.09,72.81,217.47,0.7556,-1,-1,-1
725,47,1596.88,116.31,60.56,177.08,0.3819,-1,-1,-1
725,3,849.90,940.68,79.97,139.33,0.7785,-1,-1,-1
725,50,405.06,551.57,83.25,242.58,0.7175,-1,-1,-1
725,51,1242.92,744.09,92.27,267.99,0.7701,-1,-1,-1
725,52,1170.17,764.56,79.32,249.07,0.7729,-1,-1,-1
725,60,473.85,167.21,59.92,171.09,0.5597,-1,-1,-1
725,64,1566.01,594.72,108.14,229.99,0.5284,-1,-1,-1
726,45,1717.96,452.17,85.88,214.34,0.6996,-1,-1,-1
726,46,299.19,415.83,72.80,217.58,0.7589,-1,-1,-1
726,47,1596.45,115.53,59.96,176.57,0.4359,-1,-1,-1
726,3,848.72,941.99,79.70,138.02,0.7846,-1,-1,-1
726,50,407.43,552.38,84.24,242.71,0.7400,-1,-1,-1
726,51,1239.93,743.34,92.38,269.43,0.7933,-1,-1,-1
726,52,1169.11,760.56,78.69,247.59,0.7817,-1,-1,-1
726,60,473.38,168.92,60.62,172.87,0.5720,-1,-1,-1
726,64,1565.50,593.76,108.65,230.72,0.5158,-1,-1,-1
727,45,1718.52,451.91,85.75,214.40,0.7039,-1,-1,-1
727,46,299.44,418.27,72.52,216.82,0.7686,-1,-1,-1
727,47,1596.04,113.68,59.70,177.26,0.4516,-1,-1,-1
727,3,847.43,942.87,79.65,137.14,0.7869,-1,-1,-1
727,50,407.85,552.73,85.67,244.17,0.7689,-1,-1,-1
727,51,1238.24,742.11,92.23,269.22,0.8175,-1,-1,-1
727,52,1167.57,756.70,77.77,244.40,0.7972,-1,-1,-1
727,60,473.22,170.90,60.91,174.00,0.5438,-1,-1,-1
727,64,1565.29,596.51,108.16,229.11,0.4516,-1,-1,-1
727,65,418.26,172.89,51.10,167.66,0.5382,-1,-1,-1
728,45,1718.69,452.22,85.40,213.53,0.7057,-1,-1,-1
728,46,298.70,419.30,73.42,219.69,0.7556,-1,-1,-1
728,47,1595.75,112.35,59.80,178.82,0.5469,-1,-1,-1
728,3,845.86,942.71,80.20,137.30,0.7851,-1,-1,-1
728,50,408.18,552.37,86.68,245.03,0.7877,-1,-1,-1
728,51,1236.77,741.73,91.98,268.82,0.8206,-1,-1,-1
728,52,1164.54,753.90,78.69,247.14,0.8115,-1,-1,-1
728,60,472.66,171.29,61.37,176.15,0.5213,-1,-1,-1
728,64,1571.54,600.25,105.37,225.55,0.4383,-1,-1,-1
728,65,419.88,174.22,51.91,170.17,0.4940,-1,-1,-1
729,45,1718.43,451.49,85.78,214.50,0.7095,-1,-1,-1
729,46,298.09,420.46,73.72,221.26,0.7511,-1,-1,-1
729,47,1595.64,110.34,59.34,178.55,0.5599,-1,-1,-1
729,3,844.68,943.88,80.16,136.13,0.7929,-1,-1,-1
729,50,407.84,552.70,87.00,244.06,0.7756,-1,-1,-1
729,51,1235.06,740.72,91.53,267.45,0.8278,-1,-1,-1
729,52,1161.69,750.92,79.66,250.99,0.8182,-1,-1,-1
729,60,472.20,171.60,62.00,178.96,0.5287,-1,-1,-1
729,64,1568.71,598.25,106.69,227.65,0.4953,-1,-1,-1
729,65,421.00,178.26,50.97,166.97,0.4526,-1,-1,-1
730,45,1718.73,451.77,85.84,214.46,0.7111,-1,-1,-1
730,46,297.55,421.37,73.88,222.48,0.7341,-1,-1,-1
730,47,1595.81,108.63,58.61,177.33,0.4597,-1,-1,-1
730,3,843.21,944.09,80.55,135.70,0.7834,-1,-1,-1
730,50,408.41,552.87,87.32,243.75,0.7974,-1,-1,-1
730,51,1232.49,739.36,91.97,268.67,0.8114,-1,-1,-1
730,52,1157.85,749.29,80.80,255.30,0.8185,-1,-1,-1
730,60,470.11,169.13,63.08,182.64,0.4243,-1,-1,-1
730,64,1572.99,598.06,105.52,228.06,0.4972,-1,-1,-1
730,65,420.40,181.17,50.55,165.09,0.4711,-1,-1,-1
731,45,1718.86,452.17,85.72,214.16,0.7040,-1,-1,-1
731,46,297.12,421.78,73.54,222.01,0.7149,-1,-1,-1
731,47,1596.33,107.02,58.16,176.98,0.4633,-1,-1,-1
731,3,841.52,944.10,81.16,135.74,0.7831,-1,-1,-1
731,50,409.29,553.23,87.39,243.13,0.8102,-1,-1,-1
731,51,1229.36,737.22,92.07,269.94,0.7996,-1,-1,-1
731,52,1154.62,747.74,81.21,257.50,0.8071,-1,-1,-1
731,60,469.40,168.84,63.42,184.12,0.4296,-1,-1,-1
731,64,1570.11,596.99,105.82,228.00,0.5672,-1,-1,-1
731,65,419.48,183.15,50.21,163.44,0.4705,-1,-1,-1
732,45,1718.32,452.02,86.04,214.61,0.6971,-1,-1,-1
732,46,296.97,422.16,73.39,221.76,0.6780,-1,-1,-1
732,47,1597.29,105.50,57.67,176.75,0.5165,-1,-1,-1
732,3,840.55,944.67,81.29,135.23,0.7824,-1,-1,-1
732,50,411.97,553.36,87.44,243.32,0.8056,-1,-1,-1
732,51,1227.82,734.84,91.57,269.18,0.8156,-1,-1,-1
732,52,1151.84,746.27,81.66,259.70,0.8076,-1,-1,-1
732,60,469.77,172.11,62.79,182.26,0.4672,-1,-1,-1
732,64,1568.28,595.70,106.67,229.35,0.5126,-1,-1,-1
732,65,418.56,182.45,50.72,164.72,0.4667,-1,-1,-1
733,45,1717.88,451.96,86.37,215.08,0.6983,-1,-1,-1
733,46,296.61,422.75,73.13,220.90,0.6548,-1,-1,-1
733,47,1598.46,104.69,56.89,175.48,0.4988,-1,-1,-1
733,3,839.22,944.84,81.55,134.86,0.7718,-1,-1,-1
733,50,413.87,552.97,87.34,243.75,0.7859,-1,-1,-1
733,51,1226.68,730.91,88.68,261.03,0.7856,-1,-1,-1
733,52,1149.00,745.37,82.18,262.27,0.7685,-1,-1,-1
733,60,470.38,172.84,62.75,182.83,0.4834,-1,-1,-1
733,64,1567.35,593.65,107.76,231.24,0.5153,-1,-1,-1
733,65,418.48,185.28,48.94,158.42,0.4663,-1,-1,-1
734,45,1717.41,452.04,87.10,216.93,0.7044,-1,-1,-1
734,46,296.36,423.36,72.84,219.76,0.6431,-1,-1,-1
734,47,1599.37,103.88,56.60,175.43,0.3562,-1,-1,-1
734,3,838.28,944.97,81.85,134.61,0.7784,-1,-1,-1
734,50,416.77,553.04,87.12,245.12,0.7893,-1,-1,-1
734,51,1226.32,727.92,85.60,252.26,0.7810,-1,-1,-1
734,52,1147.06,746.10,81.85,261.51,0.7759,-1,-1,-1
734,60,470.76,173.25,62.46,182.61,0.4485,-1,-1,-1
734,64,1571.97,597.40,105.40,228.95,0.4537,-1,-1,-1
734,65,419.18,184.02,49.03,158.91,0.4038,-1,-1,-1
735,45,1718.33,452.32,86.35,215.00,0.6874,-1,-1,-1
735,46,295.88,424.42,72.33,217.65,0.6148,-1,-1,-1
735,3,837.25,945.27,82.20,134.31,0.7784,-1,-1,-1
735,50,420.30,553.60,86.31,245.25,0.7805,-1,-1,-1
735,51,1223.77,722.52,84.46,248.43,0.7750,-1,-1,-1
735,52,1144.20,744.67,82.39,262.80,0.7571,-1,-1,-1
735,60,470.76,174.52,62.16,181.71,0.4441,-1,-1,-1
735,64,1576.36,597.82,103.65,229.18,0.5277,-1,-1,-1
735,65,419.32,185.14,48.34,156.69,0.4331,-1,-1,-1
736,45,1718.49,451.71,86.00,214.01,0.6988,-1,-1,-1
736,46,295.56,425.29,72.15,216.47,0.6418,-1,-1,-1
736,3,836.34,945.26,82.83,134.54,0.7756,-1,-1,-1
736,50,425.12,553.63,85.21,245.83,0.8009,-1,-1,-1
736,51,1221.02,717.49,84.14,247.26,0.7765,-1,-1,-1
736,52,1143.01,741.89,82.28,261.40,0.7663,-1,-1,-1
736,60,471.40,173.71,62.45,183.27,0.4605,-1,-1,-1
736,64,1572.56,596.66,103.79,228.69,0.5900,-1,-1,-1
736,65,419.27,185.92,48.16,156.00,0.4226,-1,-1,-1
737,45,1718.61,451.54,86.02,214.01,0.7115,-1,-1,-1
737,46,295.54,426.36,71.69,214.54,0.6173,-1,-1,-1
737,3,836.34,946.21,82.65,133.50,0.7825,-1,-1,-1
737,50,429.36,554.14,83.98,246.09,0.7951,-1,-1,-1
737,51,1219.32,712.50,84.95,250.57,0.7644,-1,-1,-1
737,52,1140.80,739.57,82.50,260.81,0.7509,-1,-1,-1
737,60,471.91,174.55,61.82,181.64,0.4152,-1,-1,-1
737,64,1576.36,596.16,103.06,230.19,0.5005,-1,-1,-1
737,65,419.00,186.46,48.15,155.70,0.4047,-1,-1,-1
738,45,1718.46,451.42,85.94,213.77,0.7164,-1,-1,-1
738,46,295.40,427.20,71.83,214.27,0.6738,-1,-1,-1
738,3,836.29,946.27,82.94,133.32,0.7774,-1,-1,-1
738,50,432.81,554.65,83.00,247.46,0.8005,-1,-1,-1
738,51,1217.61,709.60,85.62,254.58,0.7669,-1,-1,-1
738,52,1137.38,737.33,83.29,263.26,0.7494,-1,-1,-1
738,60,470.50,170.58,62.69,185.41,0.3632,-1,-1,-1
738,64,1572.78,595.36,103.26,229.92,0.5389,-1,-1,-1
738,65,417.53,186.55,48.61,156.77,0.3811,-1,-1,-1
739,45,1719.05,450.76,85.97,214.09,0.7204,-1,-1,-1
739,46,295.23,428.00,72.27,215.05,0.6556,-1,-1,-1
739,3,836.08,946.23,83.51,133.61,0.7797,-1,-1,-1
739,50,436.16,555.13,82.20,249.43,0.7881,-1,-1,-1
739,51,1216.04,707.46,86.12,258.25,0.7537,-1,-1,-1
739,52,1135.37,735.44,82.38,260.28,0.7796,-1,-1,-1
739,60,470.48,172.16,62.13,183.86,0.4530,-1,-1,-1
739,64,1571.54,590.90,104.88,233.83,0.5993,-1,-1,-1
739,65,415.65,186.05,49.06,157.70,0.4281,-1,-1,-1
740,45,1718.84,452.06,85.66,213.01,0.7351,-1,-1,-1
740,46,295.27,429.82,73.23,217.17,0.6924,-1,-1,-1
740,3,836.10,946.15,83.91,133.70,0.7759,-1,-1,-1
740,50,439.22,555.07,81.20,250.29,0.7673,-1,-1,-1
740,51,1214.23,706.02,86.40,261.61,0.7534,-1,-1,-1
740,52,1134.13,733.15,81.10,255.04,0.7807,-1,-1,-1
740,60,469.90,170.25,62.63,185.62,0.4470,-1,-1,-1
740,64,1571.29,593.40,103.72,230.94,0.6083,-1,-1,-1
740,65,414.42,186.87,49.81,159.29,0.4272,-1,-1,-1
741,45,1718.71,451.99,85.74,213.01,0.7291,-1,-1,-1
741,46,294.94,431.62,74.28,220.00,0.6889,-1,-1,-1
741,3,836.44,946.30,84.20,133.66,0.7820,-1,-1,-1
741,50,441.55,556.33,80.18,251.20,0.7568,-1,-1,-1
741,51,1212.88,705.32,85.68,261.51,0.7452,-1,-1,-1
741,52,1131.77,730.66,79.80,250.41,0.7656,-1,-1,-1
741,60,469.43,170.94,62.33,185.03,0.4810,-1,-1,-1
741,64,1571.62,593.54,103.50,230.87,0.6250,-1,-1,-1
741,65,412.92,189.44,50.55,160.87,0.4197,-1,-1,-1
742,45,1718.59,452.38,85.76,213.25,0.7059,-1,-1,-1
742,46,294.78,433.89,74.18,220.10,0.6950,-1,-1,-1
742,3,837.00,946.36,84.50,133.63,0.7761,-1,-1,-1
742,50,444.17,556.40,79.30,252.10,0.7697,-1,-1,-1
742,51,1209.21,704.90,85.77,261.68,0.7565,-1,-1,-1
742,52,1128.21,727.50,79.35,248.82,0.7711,-1,-1,-1
742,60,468.89,171.44,62.13,184.41,0.4603,-1,-1,-1
742,64,1572.08,593.45,103.51,231.22,0.6461,-1,-1,-1
742,65,412.18,194.23,50.42,158.52,0.5112,-1,-1,-1
743,45,1718.46,452.19,85.57,213.48,0.7183,-1,-1,-1
743,46,295.06,436.80,74.07,219.95,0.7118,-1,-1,-1
743,3,837.74,946.65,84.58,133.36,0.7722,-1,-1,-1
743,50,449.40,557.16,78.67,251.37,0.7574,-1,-1,-1
743,51,1205.11,704.87,85.80,261.13,0.7493,-1,-1,-1
743,52,1124.86,723.67,79.49,249.08,0.7671,-1,-1,-1
743,60,466.97,169.47,62.75,187.65,0.3448,-1,-1,-1
743,64,1571.52,591.99,104.04,232.49,0.5904,-1,-1,-1
743,65,412.12,198.70,50.11,156.06,0.5356,-1,-1,-1
744,45,1718.80,453.10,85.35,213.27,0.7285,-1,-1,-1
744,46,295.50,439.79,73.76,219.40,0.7045,-1,-1,-1
744,3,838.65,947.39,84.36,132.62,0.7752,-1,-1,-1
744,50,454.78,558.97,78.40,248.79,0.7515,-1,-1,-1
744,51,1201.29,704.44,85.71,260.65,0.7383,-1,-1,-1
744,52,1122.76,721.19,79.38,248.82,0.7697,-1,-1,-1
744,60,465.87,173.99,61.79,185.25,0.3913,-1,-1,-1
744,64,1571.33,592.96,103.50,231.48,0.6367,-1,-1,-1
744,65,411.78,200.80,50.45,156.00,0.5225,-1,-1,-1
745,45,1718.69,452.89,85.37,213.36,0.7261,-1,-1,-1
745,46,296.01,441.92,73.78,220.13,0.6978,-1,-1,-1
745,3,839.77,947.78,84.40,132.23,0.7741,-1,-1,-1
745,50,459.65,560.35,78.70,245.87,0.7883,-1,-1,-1
745,51,1199.07,704.69,85.13,258.45,0.7429,-1,-1,-1
745,52,1121.13,719.06,80.06,251.52,0.7687,-1,-1,-1
745,60,464.29,175.46,62.37,187.57,0.4127,-1,-1,-1
745,64,1571.82,592.91,103.46,231.66,0.6408,-1,-1,-1
745,65,411.10,202.66,51.06,157.39,0.5489,-1,-1,-1
746,45,1719.35,453.39,85.15,212.52,0.7104,-1,-1,-1
746,46,296.45,444.01,73.97,221.66,0.6974,-1,-1,-1
746,3,841.11,948.17,84.38,131.84,0.7822,-1,-1,-1
746,50,463.30,561.48,80.06,244.72,0.8045,-1,-1,-1
746,51,1196.14,702.96,85.47,259.01,0.7508,-1,-1,-1
746,52,1119.10,717.85,80.58,253.28,0.7647,-1,-1,-1
746,60,464.55,179.64,61.97,185.14,0.5114,-1,-1,-1
746,64,1573.07,595.16,102.38,229.50,0.6676,-1,-1,-1
746,65,409.36,202.32,51.71,159.89,0.5130,-1,-1,-1
747,45,1719.28,453.05,85.19,212.72,0.7109,-1,-1,-1
747,46,297.10,445.18,74.19,223.55,0.7232,-1,-1,-1
747,3,842.72,948.33,84.42,131.67,0.7861,-1,-1,-1
747,50,465.16,562.06,82.04,245.45,0.8200,-1,-1,-1
747,51,1191.26,700.93,86.72,262.41,0.7580,-1,-1,-1
747,52,1116.53,715.81,80.88,255.19,0.7762,-1,-1,-1
747,60,464.85,183.16,61.28,182.82,0.5620,-1,-1,-1
747,64,1571.77,592.37,103.74,232.33,0.5972,-1,-1,-1
747,65,409.54,203.70,51.16,157.89,0.5429,-1,-1,-1
748,45,1718.70,453.75,84.98,212.38,0.6996,-1,-1,-1
748,46,297.76,445.84,73.85,223.14,0.7085,-1,-1,-1
748,3,844.15,948.65,84.31,131.35,0.7901,-1,-1,-1
748,50,466.36,563.36,84.02,245.46,0.8213,-1,-1,-1
748,51,1188.05,698.71,85.97,259.99,0.8099,-1,-1,-1
748,52,1114.39,714.40,80.69,255.71,0.8039,-1,-1,-1
748,60,464.61,186.20,60.82,180.72,0.5506,-1,-1,-1
748,64,1568.66,595.17,103.56,231.17,0.5215,-1,-1,-1
748,65,408.82,203.54,51.39,159.01,0.5541,-1,-1,-1
749,45,1718.51,454.24,85.10,213.28,0.6838,-1,-1,-1
749,46,298.83,446.12,73.83,223.85,0.6980,-1,-1,-1
749,3,846.14,949.70,83.74,130.31,0.7890,-1,-1,-1
749,50,467.50,564.63,86.25,246.19,0.8096,-1,-1,-1
749,51,1186.02,696.64,83.75,252.09,0.8110,-1,-1,-1
749,52,1112.57,712.38,80.26,255.87,0.8258,-1,-1,-1
749,60,463.73,187.85,60.78,181.17,0.5753,-1,-1,-1
749,64,1569.93,590.55,104.93,234.50,0.5857,-1,-1,-1
749,65,408.24,204.48,50.84,157.97,0.5303,-1,-1,-1
750,45,1718.37,453.79,85.29,213.79,0.7083,-1,-1,-1
750,46,299.77,446.86,73.46,223.07,0.6979,-1,-1,-1
750,3,848.57,951.22,82.80,128.79,0.7690,-1,-1,-1
750,50,467.96,565.14,88.39,247.09,0.8153,-1,-1,-1
750,51,1183.12,693.70,84.91,255.47,0.7882,-1,-1,-1
750,52,1110.77,711.43,80.19,257.17,0.8172,-1,-1,-1
750,60,462.79,187.25,61.58,184.21,0.5019,-1,-1,-1
750,64,1571.13,591.51,104.15,233.12,0.6222,-1,-1,-1
750,65,408.17,203.76,51.41,159.65,0.5511,-1,-1,-1
751,45,1717.52,454.65,84.79,212.09,0.6830,-1,-1,-1
751,46,301.28,447.18,73.23,221.94,0.7015,-1,-1,-1
751,3,851.14,952.21,82.25,127.79,0.7662,-1,-1,-1
751,50,468.12,565.72,90.00,246.83,0.8109,-1,-1,-1
751,51,1181.39,689.38,82.59,248.06,0.7994,-1,-1,-1
751,52,1107.78,709.43,78.93,255.20,0.8050,-1,-1,-1
751,60,462.61,193.25,60.54,180.93,0.4754,-1,-1,-1
751,64,1571.63,592.05,103.83,232.33,0.6172,-1,-1,-1
751,65,408.37,203.92,50.79,158.22,0.5034,-1,-1,-1
752,45,1716.96,454.05,85.18,213.06,0.6898,-1,-1,-1
752,46,302.07,447.89,73.40,221.75,0.7224,-1,-1,-1
752,3,853.09,952.35,82.26,127.65,0.7692,-1,-1,-1
752,50,469.99,565.99,91.10,246.35,0.7858,-1,-1,-1
752,51,1179.60,685.40,81.31,244.05,0.7705,-1,-1,-1
752,52,1105.29,709.49,78.40,254.83,0.7866,-1,-1,-1
752,60,462.10,194.91,60.68,180.98,0.4693,-1,-1,-1
752,64,1569.42,594.30,103.52,231.47,0.5349,-1,-1,-1
752,65,408.03,204.62,50.55,158.03,0.4695,-1,-1,-1
753,45,1716.24,453.19,85.51,214.12,0.6771,-1,-1,-1
753,46,302.80,448.67,73.38,220.39,0.7255,-1,-1,-1
753,3,854.95,952.59,82.19,127.41,0.7730,-1,-1,-1
753,50,471.98,566.31,91.84,246.09,0.7557,-1,-1,-1
753,51,1175.34,680.68,82.68,248.28,0.7472,-1,-1,-1
753,52,1103.30,707.86,78.01,255.62,0.7785,-1,-1,-1
753,60,460.79,194.69,61.02,182.09,0.4561,-1,-1,-1
753,64,1570.76,592.42,103.91,232.17,0.5767,-1,-1,-1
753,65,407.81,205.75,49.60,155.40,0.5112,-1,-1,-1
754,45,1716.13,453.73,85.11,212.87,0.6706,-1,-1,-1
754,46,303.39,449.91,73.10,217.67,0.7189,-1,-1,-1
754,3,856.78,952.51,82.23,127.25,0.7783,-1,-1,-1
754,50,474.97,566.47,91.89,246.21,0.7266,-1,-1,-1
754,51,1172.54,676.89,83.50,250.95,0.7506,-1,-1,-1
754,52,1100.99,704.87,78.61,259.66,0.7822,-1,-1,-1
754,60,460.42,193.61,61.42,183.65,0.4169,-1,-1,-1
754,64,1570.28,591.70,104.26,232.90,0.5054,-1,-1,-1
754,65,406.67,205.09,49.77,156.50,0.4999,-1,-1,-1
755,45,1715.63,452.64,85.16,213.76,0.6755,-1,-1,-1
755,46,303.82,451.13,73.19,215.97,0.7352,-1,-1,-1
755,3,858.64,952.40,82.46,127.51,0.7789,-1,-1,-1
755,50,477.48,567.40,91.23,246.50,0.7216,-1,-1,-1
755,51,1169.36,673.24,84.72,255.40,0.7573,-1,-1,-1
755,52,1098.96,702.27,78.10,259.66,0.7652,-1,-1,-1
755,60,458.19,192.18,62.55,186.73,0.4008,-1,-1,-1
755,64,1570.97,590.96,104.52,233.91,0.5949,-1,-1,-1
755,65,406.46,207.16,49.29,154.32,0.4300,-1,-1,-1
756,45,1715.45,453.41,85.03,214.22,0.6730,-1,-1,-1
756,46,304.55,452.61,73.70,215.00,0.7341,-1,-1,-1
756,3,859.95,952.26,82.75,127.56,0.7797,-1,-1,-1
756,50,481.97,567.53,89.91,247.24,0.6988,-1,-1,-1
756,51,1167.25,671.61,85.29,257.93,0.7702,-1,-1,-1
756,52,1098.30,698.30,75.80,252.66,0.7612,-1,-1,-1
756,60,457.72,192.76,62.11,185.06,0.4601,-1,-1,-1
756,64,1570.52,589.88,104.84,234.97,0.5732,-1,-1,-1
756,65,405.22,207.24,49.51,154.46,0.4654,-1,-1,-1
757,45,1715.76,453.41,84.38,213.65,0.6811,-1,-1,-1
757,46,304.23,454.80,74.87,216.54,0.7444,-1,-1,-1
757,3,861.36,953.16,82.64,126.77,0.7813,-1,-1,-1
757,50,488.87,567.29,87.63,246.05,0.7099,-1,-1,-1
757,51,1166.20,670.59,85.29,258.81,0.7719,-1,-1,-1
757,52,1097.32,694.50,74.66,248.56,0.7604,-1,-1,-1
757,60,455.79,190.82,63.04,186.63,0.5039,-1,-1,-1
757,64,1570.61,593.30,103.72,232.35,0.4594,-1,-1,-1
757,65,404.13,205.39,50.56,157.83,0.4464,-1,-1,-1
758,45,1715.91,453.04,83.78,213.32,0.7091,-1,-1,-1
758,46,303.40,457.72,76.14,218.81,0.7483,-1,-1,-1
758,3,862.62,953.51,82.84,126.47,0.7724,-1,-1,-1
758,50,494.08,566.06,86.41,247.53,0.7178,-1,-1,-1
758,51,1165.18,670.40,85.33,258.94,0.7700,-1,-1,-1
758,52,1096.85,691.02,72.78,240.32,0.7667,-1,-1,-1
758,60,454.74,189.34,64.10,189.44,0.4780,-1,-1,-1
758,64,1570.50,591.32,104.43,233.33,0.4381,-1,-1,-1
758,65,403.34,205.09,51.37,161.18,0.4706,-1,-1,-1
759,45,1716.03,452.88,83.23,213.23,0.6912,-1,-1,-1
759,46,302.67,459.13,77.54,221.94,0.7500,-1,-1,-1
759,3,864.74,954.38,82.82,125.62,0.7556,-1,-1,-1
759,50,499.00,565.54,85.09,248.78,0.7153,-1,-1,-1
759,51,1163.49,670.17,85.96,259.78,0.7585,-1,-1,-1
759,52,1095.11,688.13,73.05,240.17,0.7500,-1,-1,-1
759,60,454.01,188.90,64.39,189.38,0.4775,-1,-1,-1
759,64,1570.79,593.11,103.75,231.10,0.5469,-1,-1,-1
759,65,403.22,205.71,51.54,162.53,0.5147,-1,-1,-1
760,45,1716.14,452.93,82.62,212.95,0.6993,-1,-1,-1
760,46,302.39,461.94,78.32,223.49,0.7340,-1,-1,-1
760,3,866.86,954.70,83.28,125.30,0.7562,-1,-1,-1
760,50,504.09,565.20,83.86,249.51,0.7246,-1,-1,-1
760,51,1161.91,669.13,86.23,259.60,0.7646,-1,-1,-1
760,52,1092.97,686.49,74.11,242.84,0.7463,-1,-1,-1
760,60,452.98,187.33,64.78,189.27,0.4787,-1,-1,-1
760,64,1571.47,593.83,103.46,230.25,0.6334,-1,-1,-1
760,65,403.54,206.93,52.38,165.71,0.4920,-1,-1,-1
761,45,1715.37,453.10,82.05,212.13,0.7148,-1,-1,-1
761,46,302.22,464.44,78.47,223.18,0.7136,-1,-1,-1
761,3,868.59,954.78,83.95,125.23,0.7727,-1,-1,-1
761,50,508.90,565.40,82.52,248.88,0.7487,-1,-1,-1
761,51,1159.47,667.87,86.96,260.94,0.7653,-1,-1,-1
761,52,1090.72,685.11,74.50,243.41,0.7419,-1,-1,-1
761,60,452.64,189.26,64.50,186.55,0.4992,-1,-1,-1
761,64,1571.17,594.48,103.35,229.55,0.6087,-1,-1,-1
761,65,403.65,207.91,52.86,167.56,0.4128,-1,-1,-1
762,45,1715.82,453.66,81.30,210.88,0.7040,-1,-1,-1
762,46,302.05,466.82,78.56,223.04,0.7273,-1,-1,-1
762,3,869.65,955.20,84.20,124.80,0.7772,-1,-1,-1
762,50,513.55,566.85,81.30,247.35,0.7712,-1,-1,-1
762,51,1157.17,666.82,87.45,261.87,0.7527,-1,-1,-1
762,52,1088.43,683.20,74.95,244.92,0.7445,-1,-1,-1
762,60,452.94,191.47,64.69,185.86,0.5033,-1,-1,-1
762,64,1571.29,594.28,103.71,230.23,0.6259,-1,-1,-1
762,65,404.29,208.91,53.41,169.39,0.5095,-1,-1,-1
763,45,1716.76,454.47,81.27,211.53,0.7112,-1,-1,-1
763,46,301.14,468.69,78.79,224.04,0.7418,-1,-1,-1
763,3,870.23,955.66,84.42,124.34,0.7777,-1,-1,-1
763,50,517.21,567.62,80.43,246.26,0.7638,-1,-1,-1
763,51,1154.65,664.69,87.05,261.04,0.7501,-1,-1,-1
763,52,1084.53,682.21,75.91,246.64,0.7471,-1,-1,-1
763,60,453.93,199.07,62.74,179.96,0.4843,-1,-1,-1
763,64,1570.86,594.37,103.75,230.17,0.6032,-1,-1,-1
763,65,404.53,209.44,53.54,170.27,0.5250,-1,-1,-1
764,45,1717.10,454.01,81.19,211.93,0.7213,-1,-1,-1
764,46,299.26,469.32,79.46,226.64,0.7412,-1,-1,-1
764,3,870.67,956.27,84.48,123.73,0.7730,-1,-1,-1
764,50,519.97,568.24,79.91,245.50,0.7563,-1,-1,-1
764,51,1152.11,661.01,87.21,261.66,0.7565,-1,-1,-1
764,52,1081.77,680.01,77.12,250.78,0.7459,-1,-1,-1
764,60,454.07,202.88,62.29,178.89,0.5304,-1,-1,-1
764,64,1570.68,593.43,104.12,231.05,0.5364,-1,-1,-1
764,65,403.82,208.95,54.12,172.56,0.5257,-1,-1,-1
765,45,1717.22,453.46,81.23,213.02,0.7132,-1,-1,-1
765,46,297.79,469.95,79.82,228.92,0.7123,-1,-1,-1
765,3,870.84,956.90,84.44,123.10,0.7693,-1,-1,-1
765,50,523.18,568.48,80.42,245.69,0.7480,-1,-1,-1
765,51,1149.98,659.82,86.61,259.85,0.7424,-1,-1,-1
765,52,1079.03,678.19,77.74,253.15,0.7335,-1,-1,-1
765,60,454.10,204.98,62.28,179.29,0.5461,-1,-1,-1
765,64,1570.92,593.02,104.19,231.20,0.5511,-1,-1,-1
765,65,402.34,209.25,54.54,173.63,0.5030,-1,-1,-1
766,45,1717.47,454.85,80.14,210.75,0.7407,-1,-1,-1
766,46,295.93,470.68,79.27,228.87,0.6357,-1,-1,-1
766,3,871.11,957.00,84.65,123.00,0.7581,-1,-1,-1
766,50,527.60,569.38,81.50,245.53,0.7485,-1,-1,-1
766,51,1147.92,657.13,86.20,257.56,0.7226,-1,-1,-1
766,52,1076.84,677.26,78.53,255.08,0.7214,-1,-1,-1
766,60,453.00,204.14,63.33,183.45,0.4860,-1,-1,-1
766,64,1570.43,591.69,104.82,232.77,0.6027,-1,-1,-1
766,65,401.36,210.57,54.32,172.40,0.4876,-1,-1,-1
767,45,1717.48,455.24,80.06,211.21,0.7278,-1,-1,-1
767,46,294.53,471.87,78.55,228.02,0.5967,-1,-1,-1
767,3,871.03,957.37,84.76,122.63,0.7592,-1,-1,-1
767,50,528.68,569.71,82.51,246.36,0.7563,-1,-1,-1
767,51,1145.82,653.92,85.15,253.96,0.7163,-1,-1,-1
767,52,1074.93,675.50,78.82,255.51,0.7359,-1,-1,-1
767,60,452.28,203.55,63.68,185.67,0.4779,-1,-1,-1
767,64,1574.86,596.02,102.17,229.79,0.5039,-1,-1,-1
767,65,401.00,211.01,54.46,172.52,0.4535,-1,-1,-1
768,45,1717.97,453.72,80.22,212.78,0.7125,-1,-1,-1
768,46,293.29,472.82,77.86,226.99,0.6006,-1,-1,-1
768,3,871.21,957.52,84.98,122.48,0.7704,-1,-1,-1
768,50,528.89,569.88,83.38,246.85,0.7619,-1,-1,-1
768,51,1143.53,650.83,83.73,249.06,0.7493,-1,-1,-1
768,52,1073.82,673.71,78.92,255.74,0.7416,-1,-1,-1
768,60,450.77,200.31,65.22,191.51,0.5080,-1,-1,-1
768,64,1572.33,592.32,103.49,232.65,0.5467,-1,-1,-1
768,65,401.26,209.77,54.77,174.05,0.3988,-1,-1,-1
769,45,1718.45,454.02,79.30,211.16,0.7260,-1,-1,-1
769,46,292.92,473.33,77.58,226.77,0.6544,-1,-1,-1
769,3,871.48,958.14,85.03,121.86,0.7755,-1,-1,-1
769,50,529.44,571.52,83.65,245.06,0.7593,-1,-1,-1
769,51,1141.31,648.06,82.32,244.98,0.7915,-1,-1,-1
769,52,1071.16,670.97,78.69,254.41,0.7823,-1,-1,-1
769,60,450.18,196.77,66.06,195.73,0.4047,-1,-1,-1
769,64,1570.94,593.93,102.31,232.25,0.3886,-1,-1,-1
769,65,401.52,206.49,55.66,177.51,0.3597,-1,-1,-1
770,45,1719.19,454.86,78.60,209.99,0.7265,-1,-1,-1
770,46,292.99,474.19,76.97,225.31,0.6360,-1,-1,-1
770,3,871.79,957.67,85.79,122.33,0.7877,-1,-1,-1
770,50,529.74,571.89,84.45,244.78,0.7694,-1,-1,-1
770,51,1139.45,646.08,81.03,241.55,0.8173,-1,-1,-1
770,52,1067.91,669.34,78.14,251.73,0.7978,-1,-1,-1
770,60,450.13,197.44,65.40,194.98,0.3878,-1,-1,-1
770,64,1573.71,594.90,101.14,231.36,0.4257,-1,-1,-1
770,65,402.04,207.56,55.36,177.71,0.3622,-1,-1,-1
771,45,1719.98,453.40,79.06,212.53,0.7257,-1,-1,-1
771,46,292.01,474.52,76.55,224.57,0.6694,-1,-1,-1
771,3,872.02,957.74,86.17,122.26,0.7910,-1,-1,-1
771,50,529.92,572.19,84.94,244.07,0.7605,-1,-1,-1
771,51,1137.28,644.30,80.93,241.91,0.8068,-1,-1,-1
771,52,1066.06,667.18,76.57,244.70,0.8046,-1,-1,-1
771,60,449.98,199.66,64.64,194.18,0.5155,-1,-1,-1
771,64,1569.30,598.43,100.83,228.53,0.4342,-1,-1,-1
771,65,402.04,207.56,55.11,178.04,0.3458,-1,-1,-1
772,45,1720.72,453.36,78.58,212.24,0.7253,-1,-1,-1
772,46,291.70,475.65,75.98,223.39,0.6665,-1,-1,-1
772,3,872.60,957.99,86.52,122.01,0.7936,-1,-1,-1
772,50,530.93,571.66,85.30,243.52,0.7489,-1,-1,-1
772,51,1135.22,642.06,81.56,244.60,0.7853,-1,-1,-1
772,52,1064.55,664.71,76.34,241.80,0.8000,-1,-1,-1
772,60,450.46,201.79,63.57,192.00,0.5194,-1,-1,-1
772,64,1569.47,590.56,103.72,234.68,0.5402,-1,-1,-1
772,65,402.34,211.25,53.78,174.49,0.4034,-1,-1,-1
773,45,1720.37,452.29,78.05,212.01,0.7319,-1,-1,-1
773,46,291.77,476.52,75.72,222.75,0.6810,-1,-1,-1
773,3,872.78,958.07,86.86,121.93,0.8031,-1,-1,-1
773,50,533.95,570.65,85.43,243.60,0.7279,-1,-1,-1
773,51,1133.45,640.66,81.54,245.60,0.7657,-1,-1,-1
773,52,1062.36,661.51,75.74,239.09,0.8113,-1,-1,-1
773,60,450.89,205.26,62.14,188.03,0.4466,-1,-1,-1
773,64,1571.11,597.36,101.02,228.63,0.4880,-1,-1,-1
773,65,402.62,213.03,52.43,170.57,0.4178,-1,-1,-1
774,45,1720.99,452.10,77.51,212.00,0.7186,-1,-1,-1
774,46,291.85,477.61,75.71,222.13,0.7174,-1,-1,-1
774,3,873.01,958.01,87.31,121.99,0.7985,-1,-1,-1
774,50,536.34,569.97,85.29,244.08,0.7209,-1,-1,-1
774,51,1131.83,639.56,81.57,245.94,0.7608,-1,-1,-1
774,52,1059.71,660.17,75.23,237.54,0.7758,-1,-1,-1
774,60,450.96,204.59,61.80,187.73,0.3814,-1,-1,-1
774,64,1571.91,599.20,100.31,227.21,0.5101,-1,-1,-1
774,65,401.65,213.22,52.47,171.46,0.3985,-1,-1,-1
775,45,1721.43,452.81,76.53,210.43,0.7300,-1,-1,-1
775,46,291.28,478.64,75.86,222.20,0.7412,-1,-1,-1
775,3,873.12,957.93,87.76,122.07,0.8050,-1,-1,-1
775,50,539.85,570.12,84.60,243.74,0.7002,-1,-1,-1
775,51,1128.28,638.65,82.81,249.01,0.7753,-1,-1,-1
775,52,1056.60,658.13,75.27,237.97,0.7550,-1,-1,-1
775,60,450.44,203.66,61.65,187.96,0.4347,-1,-1,-1
775,64,1569.21,597.46,101.47,229.20,0.4846,-1,-1,-1
775,65,401.60,217.46,51.73,168.81,0.4483,-1,-1,-1
776,45,1721.35,452.52,76.26,210.85,0.7378,-1,-1,-1
776,46,290.47,479.92,76.11,222.69,0.7495,-1,-1,-1
776,3,873.15,958.60,87.64,121.40,0.7918,-1,-1,-1
776,50,543.53,570.96,83.32,242.96,0.6930,-1,-1,-1
776,51,1126.68,636.96,83.42,251.68,0.7786,-1,-1,-1
776,52,1053.54,654.92,75.54,239.86,0.7632,-1,-1,-1
776,60,449.83,201.91,61.97,189.47,0.3954,-1,-1,-1
776,64,1569.80,597.89,101.29,228.65,0.5496,-1,-1,-1
776,65,400.63,216.43,52.08,170.77,0.4295,-1,-1,-1
777,45,1721.88,452.37,75.69,210.38,0.7362,-1,-1,-1
777,46,289.44,480.98,76.96,225.34,0.7678,-1,-1,-1
777,3,873.76,959.23,87.49,120.77,0.7871,-1,-1,-1
777,50,547.02,571.44,82.43,243.88,0.7096,-1,-1,-1
777,51,1124.50,635.46,83.73,253.56,0.7132,-1,-1,-1
777,52,1050.86,652.12,76.49,243.62,0.7512,-1,-1,-1
777,64,1569.87,595.97,101.98,229.92,0.4930,-1,-1,-1
777,65,401.10,218.13,51.54,169.59,0.3459,-1,-1,-1
778,45,1722.04,452.46,75.38,210.36,0.7488,-1,-1,-1
778,46,289.32,483.49,76.77,225.05,0.7582,-1,-1,-1
778,3,874.04,959.26,87.77,120.74,0.7885,-1,-1,-1
778,50,551.77,571.76,81.05,244.90,0.7167,-1,-1,-1
778,51,1123.69,633.84,83.29,253.45,0.7310,-1,-1,-1
778,52,1049.09,649.73,77.03,246.48,0.7582,-1,-1,-1
778,64,1570.15,592.65,103.15,232.20,0.5973,-1,-1,-1
779,45,1721.70,452.22,75.35,210.87,0.7450,-1,-1,-1
779,46,288.79,486.33,76.46,224.57,0.7575,-1,-1,-1
779,3,874.34,959.21,88.04,120.79,0.7902,-1,-1,-1
779,50,556.49,571.97,80.40,248.21,0.7199,-1,-1,-1
779,51,1119.76,632.01,83.65,254.21,0.7262,-1,-1,-1
779,52,1047.19,646.92,77.58,249.61,0.7556,-1,-1,-1
779,64,1570.74,589.41,104.24,234.95,0.6000,-1,-1,-1
780,45,1721.94,452.15,75.29,211.38,0.7450,-1,-1,-1
780,46,288.59,489.15,76.39,224.98,0.7532,-1,-1,-1
780,3,874.25,959.35,88.15,120.65,0.7825,-1,-1,-1
780,50,560.65,572.53,78.49,247.31,0.7030,-1,-1,-1
780,51,1117.26,629.65,84.01,255.50,0.7424,-1,-1,-1
780,52,1045.74,645.61,77.64,250.86,0.7531,-1,-1,-1
780,64,1570.43,588.19,104.60,235.76,0.6142,-1,-1,-1
781,45,1722.24,451.69,74.99,211.37,0.7390,-1,-1,-1
781,46,288.20,490.99,76.57,226.27,0.7640,-1,-1,-1
781,3,874.30,959.15,88.36,120.85,0.7804,-1,-1,-1
781,50,563.19,571.28,78.40,252.14,0.6855,-1,-1,-1
781,51,1113.78,627.31,84.03,255.52,0.7634,-1,-1,-1
781,52,1045.05,647.29,76.17,245.38,0.7498,-1,-1,-1
781,64,1571.41,589.95,103.62,233.68,0.6602,-1,-1,-1
782,45,1722.07,451.33,74.77,211.16,0.7387,-1,-1,-1
782,46,288.00,492.54,77.28,229.54,0.7719,-1,-1,-1
782,3,874.35,958.80,88.55,121.20,0.7724,-1,-1,-1
782,50,564.76,572.02,78.34,256.03,0.6345,-1,-1,-1
782,51,1111.42,624.97,82.01,249.08,0.7756,-1,-1,-1
782,52,1043.14,645.49,76.54,247.51,0.7432,-1,-1,-1
782,64,1570.99,591.37,103.17,232.40,0.5852,-1,-1,-1
783,45,1722.59,451.93,74.70,210.97,0.7192,-1,-1,-1
783,46,287.82,493.79,77.89,232.83,0.7752,-1,-1,-1
783,3,874.58,958.37,88.65,121.63,0.7677,-1,-1,-1
783,50,567.27,572.57,77.96,258.43,0.6387,-1,-1,-1
783,51,1109.91,622.38,80.33,243.99,0.7566,-1,-1,-1
783,52,1042.05,644.55,76.43,248.19,0.7380,-1,-1,-1
783,64,1571.82,592.56,102.77,231.29,0.6506,-1,-1,-1
784,45,1722.39,451.92,74.96,211.96,0.7112,-1,-1,-1
784,46,287.92,494.82,77.93,234.13,0.7647,-1,-1,-1
784,3,874.80,958.22,88.44,121.78,0.7523,-1,-1,-1
784,50,571.41,573.00,74.58,249.35,0.5582,-1,-1,-1
784,51,1107.51,619.24,79.01,239.60,0.7694,-1,-1,-1
784,52,1040.90,643.38,75.30,246.10,0.7439,-1,-1,-1
784,64,1572.73,595.85,101.38,228.12,0.6964,-1,-1,-1
785,45,1722.51,452.01,74.86,211.66,0.7247,-1,-1,-1
785,46,288.38,495.79,77.54,234.09,0.7665,-1,-1,-1
785,3,875.08,957.07,88.65,122.93,0.7630,-1,-1,-1
785,50,575.70,573.42,72.53,245.32,0.5794,-1,-1,-1
785,51,1105.13,616.19,78.98,239.31,0.7503,-1,-1,-1
785,52,1039.87,642.03,74.90,246.05,0.7484,-1,-1,-1
785,64,1572.10,594.35,102.09,229.75,0.6273,-1,-1,-1
786,45,1722.22,451.45,74.71,211.79,0.7273,-1,-1,-1
786,46,288.72,496.90,77.04,233.30,0.7664,-1,-1,-1
786,3,875.19,956.47,88.35,123.53,0.7567,-1,-1,-1
786,50,579.91,575.10,70.87,241.39,0.5835,-1,-1,-1
786,51,1102.18,614.89,78.41,238.26,0.7509,-1,-1,-1
786,52,1038.63,639.96,74.25,245.07,0.7315,-1,-1,-1
786,64,1571.36,594.09,102.26,230.21,0.6485,-1,-1,-1
787,45,1722.79,452.25,74.55,211.31,0.7241,-1,-1,-1
787,46,289.50,497.97,76.55,231.84,0.7491,-1,-1,-1
787,3,875.48,955.82,87.93,124.19,0.7692,-1,-1,-1
787,50,585.70,577.07,70.66,238.62,0.5935,-1,-1,-1
787,51,1099.98,612.09,79.06,241.87,0.7829,-1,-1,-1
787,52,1036.73,636.97,73.75,244.36,0.7424,-1,-1,-1
787,64,1571.75,594.88,102.02,229.42,0.6592,-1,-1,-1
788,45,1722.71,452.53,74.56,211.60,0.7080,-1,-1,-1
788,46,289.73,499.14,76.22,230.26,0.7403,-1,-1,-1
788,3,875.31,955.39,87.44,124.61,0.7729,-1,-1,-1
788,50,589.15,578.78,70.89,238.02,0.5398,-1,-1,-1
788,51,1097.76,610.50,79.46,244.61,0.7646,-1,-1,-1
788,52,1035.06,634.19,72.35,239.86,0.7377,-1,-1,-1
788,64,1572.93,594.52,102.06,229.64,0.6772,-1,-1,-1
789,45,1722.98,452.81,74.81,212.74,0.7222,-1,-1,-1
789,46,289.73,500.59,75.97,228.36,0.7457,-1,-1,-1
789,3,875.39,955.49,86.65,124.51,0.7685,-1,-1,-1
789,50,592.03,580.60,70.99,236.40,0.5916,-1,-1,-1
789,51,1094.90,608.78,80.43,248.65,0.7914,-1,-1,-1
789,52,1033.11,631.24,71.48,235.85,0.7267,-1,-1,-1
789,64,1571.80,594.45,102.35,229.95,0.6652,-1,-1,-1
790,45,1722.57,452.33,74.45,212.52,0.7279,-1,-1,-1
790,46,290.18,501.73,75.45,225.61,0.7442,-1,-1,-1
790,3,875.24,954.18,86.82,125.82,0.7736,-1,-1,-1
790,50,594.17,582.09,71.14,235.48,0.5954,-1,-1,-1
790,51,1093.44,607.30,80.83,250.70,0.7809,-1,-1,-1
790,52,1032.74,629.24,68.90,225.08,0.7179,-1,-1,-1
790,64,1571.60,594.14,102.41,229.93,0.6712,-1,-1,-1
791,45,1722.50,452.78,74.56,212.91,0.7326,-1,-1,-1
791,46,289.99,502.54,75.63,225.06,0.7398,-1,-1,-1
791,3,875.77,953.86,86.09,126.14,0.7571,-1,-1,-1
791,50,596.95,583.20,71.20,234.05,0.6070,-1,-1,-1
791,51,1092.22,606.48,81.49,252.74,0.7685,-1,-1,-1
791,52,1031.16,626.85,69.38,224.92,0.7301,-1,-1,-1
791,64,1570.76,593.60,102.73,230.66,0.7025,-1,-1,-1
792,45,1722.26,452.59,74.39,212.59,0.7484,-1,-1,-1
792,46,289.70,503.60,75.80,224.54,0.7439,-1,-1,-1
792,3,876.11,953.34,85.25,126.66,0.7580,-1,-1,-1
792,50,598.69,584.11,71.42,233.08,0.5912,-1,-1,-1
792,51,1091.54,606.08,82.26,254.87,0.7663,-1,-1,-1
792,52,1028.46,624.12,71.57,231.44,0.7440,-1,-1,-1
792,64,1569.60,591.08,103.85,233.22,0.6773,-1,-1,-1
793,45,1722.34,452.48,74.11,212.21,0.7369,-1,-1,-1
793,46,289.57,506.13,76.32,225.33,0.7209,-1,-1,-1
793,3,876.22,952.59,84.55,127.41,0.7587,-1,-1,-1
793,50,601.04,585.32,70.83,229.90,0.5969,-1,-1,-1
793,51,1090.75,605.43,82.62,255.71,0.7804,-1,-1,-1
793,52,1025.68,620.84,73.57,237.78,0.7594,-1,-1,-1
793,64,1569.72,591.71,103.49,232.32,0.7006,-1,-1,-1
794,45,1722.55,452.60,74.31,212.58,0.7553,-1,-1,-1
794,46,289.26,508.87,77.28,227.74,0.7037,-1,-1,-1
794,3,875.49,951.23,83.92,128.77,0.7508,-1,-1,-1
794,50,602.15,585.11,72.54,235.68,0.5290,-1,-1,-1
794,51,1090.11,605.54,82.93,255.59,0.7447,-1,-1,-1
794,52,1023.90,618.70,74.83,241.71,0.7601,-1,-1,-1
794,64,1569.48,590.28,104.03,233.68,0.6838,-1,-1,-1
795,45,1722.22,452.69,73.93,211.48,0.7574,-1,-1,-1
795,46,288.35,510.95,78.17,230.74,0.7140,-1,-1,-1
795,3,875.02,949.97,83.01,130.03,0.7325,-1,-1,-1
795,50,601.86,584.35,77.03,252.73,0.4698,-1,-1,-1
795,51,1088.65,604.21,83.52,256.25,0.7677,-1,-1,-1
795,52,1021.55,616.23,75.69,244.26,0.7831,-1,-1,-1
795,64,1569.28,589.75,104.43,234.55,0.6853,-1,-1,-1
796,45,1722.64,452.23,73.93,211.74,0.7578,-1,-1,-1
796,46,287.74,513.18,78.86,233.24,0.7402,-1,-1,-1
796,3,874.69,949.29,81.72,130.71,0.7514,-1,-1,-1
796,50,602.28,584.85,81.58,271.90,0.4861,-1,-1,-1
796,51,1086.86,602.83,83.24,254.95,0.7898,-1,-1,-1
796,52,1019.08,615.51,75.85,245.05,0.8021,-1,-1,-1
796,64,1569.45,588.55,104.95,236.17,0.6230,-1,-1,-1
797,45,1722.81,451.62,74.28,213.25,0.7450,-1,-1,-1
797,46,287.10,515.42,78.63,233.32,0.7352,-1,-1,-1
797,3,874.41,948.26,80.72,131.74,0.7461,-1,-1,-1
797,50,604.03,584.80,82.24,278.57,0.4508,-1,-1,-1
797,51,1085.12,600.72,83.29,255.43,0.8018,-1,-1,-1
797,52,1016.71,614.53,76.21,246.83,0.8128,-1,-1,-1
797,64,1568.59,590.26,104.61,236.03,0.5980,-1,-1,-1
797,60,442.40,235.47,57.44,179.79,0.5165,-1,-1,-1
798,45,1722.82,451.76,74.02,212.79,0.7493,-1,-1,-1
798,46,286.26,516.56,79.10,235.50,0.7570,-1,-1,-1
798,3,874.07,946.88,79.82,133.12,0.7295,-1,-1,-1
798,50,606.12,585.55,80.14,275.68,0.4425,-1,-1,-1
798,51,1083.53,598.72,83.14,254.96,0.8042,-1,-1,-1
798,52,1015.40,613.62,76.15,247.13,0.8079,-1,-1,-1
798,64,1570.28,590.56,103.94,234.81,0.6813,-1,-1,-1
798,60,442.43,235.75,57.40,182.44,0.5096,-1,-1,-1
799,45,1723.06,451.88,73.64,212.37,0.7431,-1,-1,-1
799,46,285.77,519.14,78.56,234.42,0.7684,-1,-1,-1
799,3,873.91,945.58,78.81,134.42,0.7112,-1,-1,-1
799,51,1082.15,595.32,82.53,253.19,0.7762,-1,-1,-1
799,52,1013.36,615.05,75.50,245.84,0.7762,-1,-1,-1
799,64,1569.69,586.90,105.10,237.98,0.6099,-1,-1,-1
799,60,442.80,237.32,57.43,183.62,0.5635,-1,-1,-1
799,65,395.54,239.81,53.03,173.47,0.5211,-1,-1,-1
800,45,1722.96,452.07,73.31,211.57,0.7390,-1,-1,-1
800,46,284.40,521.94,78.94,236.22,0.7765,-1,-1,-1
800,3,874.15,944.42,77.73,135.58,0.6971,-1,-1,-1
800,51,1082.52,591.68,80.27,245.15,0.7349,-1,-1,-1
800,52,1011.60,614.93,75.18,245.08,0.7837,-1,-1,-1
800,64,1570.10,587.45,104.77,237.61,0.6165,-1,-1,-1
800,60,441.47,236.30,58.22,186.90,0.5498,-1,-1,-1
800,65,395.50,239.26,53.44,174.30,0.5141,-1,-1,-1
801,45,1722.52,452.39,73.45,212.13,0.7339,-1,-1,-1
801,46,282.99,523.20,78.92,236.71,0.8035,-1,-1,-1
801,3,874.00,943.06,76.89,136.94,0.6649,-1,-1,-1
801,51,1080.88,588.49,78.52,238.27,0.7592,-1,-1,-1
801,52,1009.03,613.28,74.97,244.34,0.7724,-1,-1,-1
801,64,1569.96,592.63,103.40,234.66,0.5835,-1,-1,-1
801,60,441.29,236.80,58.50,188.41,0.5207,-1,-1,-1
801,65,396.38,240.71,52.58,171.70,0.5210,-1,-1,-1
802,45,1722.53,452.01,73.29,211.76,0.7443,-1,-1,-1
802,46,281.77,524.46,78.37,235.63,0.8037,-1,-1,-1
802,3,874.09,941.88,75.85,138.12,0.6456,-1,-1,-1
802,51,1078.91,585.27,77.14,233.09,0.7485,-1,-1,-1
802,52,1007.74,611.73,74.97,245.23,0.7646,-1,-1,-1
802,64,1568.87,594.25,103.20,233.99,0.5782,-1,-1,-1
802,60,441.30,236.93,58.66,189.82,0.5692,-1,-1,-1
802,65,396.23,239.92,53.26,173.09,0.4900,-1,-1,-1
803,45,1722.40,452.55,73.30,211.96,0.7406,-1,-1,-1
803,46,281.04,525.47,78.05,234.98,0.7999,-1,-1,-1
803,3,873.96,942.14,74.17,137.86,0.6701,-1,-1,-1
803,51,1076.81,582.72,77.39,234.27,0.7597,-1,-1,-1
803,52,1005.98,609.26,75.27,246.64,0.7585,-1,-1,-1
803,64,1568.79,596.33,102.35,231.47,0.5040,-1,-1,-1
803,60,441.30,238.25,58.29,189.53,0.5478,-1,-1,-1
803,65,395.89,239.17,53.54,174.03,0.4962,-1,-1,-1
804,45,1722.26,452.55,73.35,212.20,0.7466,-1,-1,-1
804,46,280.04,526.79,77.35,233.44,0.7956,-1,-1,-1
804,3,873.96,941.33,73.25,138.67,0.6738,-1,-1,-1
804,51,1074.97,579.76,77.83,236.80,0.7574,-1,-1,-1
804,52,1003.90,606.26,74.97,245.85,0.7367,-1,-1,-1
804,64,1568.33,596.25,102.60,231.43,0.5803,-1,-1,-1
804,60,441.47,239.25,58.02,189.43,0.5598,-1,-1,-1
804,65,395.79,239.73,53.28,173.23,0.5354,-1,-1,-1
805,45,1721.92,452.99,73.49,212.34,0.7360,-1,-1,-1
805,46,278.91,527.58,77.08,232.70,0.8018,-1,-1,-1
805,3,874.18,939.72,72.79,140.28,0.6636,-1,-1,-1
805,51,1073.28,577.43,78.55,240.76,0.7711,-1,-1,-1
805,52,1001.88,602.87,73.61,241.70,0.7569,-1,-1,-1
805,64,1568.17,595.27,103.14,232.18,0.6026,-1,-1,-1
805,60,442.22,240.25,57.67,188.38,0.6113,-1,-1,-1
805,65,395.31,241.68,52.66,171.48,0.5300,-1,-1,-1
806,45,1721.93,452.73,73.56,212.35,0.7467,-1,-1,-1
806,46,277.99,528.43,76.86,231.81,0.8027,-1,-1,-1
806,3,874.43,938.55,72.19,141.45,0.6660,-1,-1,-1
806,51,1072.40,575.14,78.83,244.03,0.7756,-1,-1,-1
806,52,999.84,599.97,72.71,238.94,0.7663,-1,-1,-1
806,64,1569.04,595.71,103.04,232.16,0.6058,-1,-1,-1
806,60,442.89,239.64,57.50,188.59,0.4956,-1,-1,-1
806,65,394.50,238.33,53.90,175.81,0.4840,-1,-1,-1
807,45,1722.31,453.74,73.87,212.78,0.7261,-1,-1,-1
807,46,277.63,529.28,76.56,230.52,0.7918,-1,-1,-1
807,3,874.46,937.52,71.49,142.48,0.6362,-1,-1,-1
807,51,1071.60,573.82,78.48,244.98,0.7758,-1,-1,-1
807,52,998.01,597.43,71.83,235.96,0.7667,-1,-1,-1
807,64,1569.55,597.50,102.26,230.33,0.6048,-1,-1,-1
807,60,443.15,239.24,57.17,188.13,0.4908,-1,-1,-1
807,65,393.90,238.42,54.59,178.01,0.4864,-1,-1,-1
808,45,1722.55,453.91,73.92,212.53,0.7252,-1,-1,-1
808,46,277.25,530.31,76.24,229.37,0.7946,-1,-1,-1
808,3,874.55,936.61,70.77,143.39,0.6371,-1,-1,-1
808,51,1070.18,572.95,78.13,245.05,0.7735,-1,-1,-1
808,52,997.03,595.29,70.73,232.52,0.7692,-1,-1,-1
808,64,1570.65,594.25,102.99,231.69,0.6522,-1,-1,-1
808,60,443.11,240.92,56.96,186.65,0.5661,-1,-1,-1
808,65,393.79,244.02,53.52,173.84,0.4969,-1,-1,-1
809,45,1722.57,455.11,73.46,210.72,0.7297,-1,-1,-1
809,46,276.69,531.61,76.15,228.63,0.8008,-1,-1,-1
809,3,875.15,936.61,69.60,143.20,0.6370,-1,-1,-1
809,51,1068.50,572.58,78.15,245.75,0.7827,-1,-1,-1
809,52,995.19,593.52,70.73,233.52,0.7697,-1,-1,-1
809,64,1570.76,594.92,102.47,230.14,0.6825,-1,-1,-1
809,60,441.97,240.77,57.48,186.61,0.5266,-1,-1,-1
809,65,392.62,247.10,53.74,174.16,0.4410,-1,-1,-1
810,45,1722.20,453.28,74.06,212.71,0.7340,-1,-1,-1
810,46,276.09,533.13,76.29,228.76,0.7915,-1,-1,-1
810,3,875.50,936.07,68.66,143.05,0.6510,-1,-1,-1
810,51,1066.62,572.54,77.81,244.73,0.7690,-1,-1,-1
810,52,993.73,592.19,71.14,235.62,0.7627,-1,-1,-1
810,64,1570.95,595.76,102.27,229.22,0.6893,-1,-1,-1
810,60,441.76,243.69,57.23,183.92,0.5847,-1,-1,-1
810,65,390.29,250.22,54.17,174.04,0.4381,-1,-1,-1
811,45,1722.18,452.63,73.80,212.19,0.7313,-1,-1,-1
811,46,275.54,535.04,76.97,230.56,0.7991,-1,-1,-1
811,3,875.95,935.53,68.30,143.38,0.6637,-1,-1,-1
811,51,1065.24,571.42,77.98,245.53,0.7718,-1,-1,-1
811,52,991.40,591.45,71.11,236.36,0.7654,-1,-1,-1
811,64,1571.77,597.98,101.28,226.50,0.6999,-1,-1,-1
811,60,441.74,244.38,57.68,183.85,0.5261,-1,-1,-1
811,65,390.88,252.08,54.54,174.97,0.4032,-1,-1,-1
812,45,1722.62,452.12,73.95,213.03,0.7280,-1,-1,-1
812,46,274.89,536.70,77.63,232.60,0.7987,-1,-1,-1
812,3,875.97,935.32,67.88,143.59,0.6738,-1,-1,-1
812,51,1063.10,570.60,77.70,245.33,0.7598,-1,-1,-1
812,52,989.66,590.51,71.15,238.03,0.7566,-1,-1,-1
812,64,1571.36,595.42,102.22,228.79,0.6660,-1,-1,-1
812,60,442.19,244.47,57.61,182.78,0.5487,-1,-1,-1
812,65,390.39,254.42,53.87,172.87,0.4489,-1,-1,-1
813,45,1722.72,452.03,73.85,213.11,0.7347,-1,-1,-1
813,46,273.66,538.18,78.70,236.12,0.7923,-1,-1,-1
813,3,875.93,935.36,67.50,143.55,0.6733,-1,-1,-1
813,51,1061.48,569.25,77.74,246.87,0.7508,-1,-1,-1
813,52,987.45,590.12,71.08,238.93,0.7701,-1,-1,-1
813,64,1571.63,596.81,101.89,227.50,0.6661,-1,-1,-1
813,60,441.54,242.75,58.34,184.33,0.4710,-1,-1,-1
813,65,389.43,256.02,54.00,173.51,0.4937,-1,-1,-1
814,45,1723.14,452.43,73.54,212.48,0.7231,-1,-1,-1
814,46,273.04,539.93,78.58,235.58,0.7850,-1,-1,-1
814,3,875.67,935.18,67.16,143.56,0.6511,-1,-1,-1
814,51,1060.57,567.34,76.49,243.67,0.7253,-1,-1,-1
814,52,985.47,589.37,70.20,236.89,0.7690,-1,-1,-1
814,64,1571.73,597.21,101.98,227.45,0.6815,-1,-1,-1
814,60,441.10,244.68,58.30,182.91,0.5469,-1,-1,-1
814,65,388.11,257.53,54.49,175.96,0.4727,-1,-1,-1
815,45,1723.35,452.75,73.18,211.66,0.7360,-1,-1,-1
815,46,272.46,542.02,78.55,235.45,0.7996,-1,-1,-1
815,3,875.63,934.88,67.08,144.13,0.6604,-1,-1,-1
815,51,1060.05,565.51,73.80,235.71,0.7497,-1,-1,-1
815,52,984.59,589.22,68.95,233.15,0.7668,-1,-1,-1
815,64,1572.08,596.45,102.37,227.95,0.6789,-1,-1,-1
815,60,440.08,244.50,59.47,185.48,0.4968,-1,-1,-1
815,65,387.46,259.88,53.97,174.86,0.4831,-1,-1,-1
816,45,1723.40,452.30,73.31,212.65,0.7306,-1,-1,-1
816,46,271.56,544.87,79.28,237.55,0.8064,-1,-1,-1
816,3,875.09,934.28,67.09,144.82,0.6881,-1,-1,-1
816,51,1059.03,564.12,72.04,230.85,0.7784,-1,-1,-1
816,52,983.64,588.42,67.60,227.98,0.7578,-1,-1,-1
816,64,1572.19,596.58,102.39,227.92,0.6860,-1,-1,-1
816,60,438.80,247.78,60.04,186.05,0.5220,-1,-1,-1
816,65,386.95,261.63,53.86,174.14,0.4869,-1,-1,-1
817,45,1723.72,454.18,72.56,210.22,0.7355,-1,-1,-1
817,46,271.39,547.79,79.07,236.45,0.8117,-1,-1,-1
817,3,874.41,934.01,66.76,144.90,0.6947,-1,-1,-1
817,51,1056.75,561.39,71.22,229.62,0.8024,-1,-1,-1
817,52,982.27,586.84,66.46,223.43,0.7637,-1,-1,-1
817,64,1571.85,597.21,102.28,227.24,0.6832,-1,-1,-1
817,60,438.63,250.81,59.87,184.91,0.5880,-1,-1,-1
817,65,387.04,264.16,53.04,170.56,0.5317,-1,-1,-1
818,45,1722.79,452.76,73.36,212.75,0.7291,-1,-1,-1
818,46,271.40,550.17,79.71,238.45,0.8095,-1,-1,-1
818,3,873.56,933.63,66.83,145.54,0.7191,-1,-1,-1
818,51,1054.41,558.80,70.97,229.84,0.7992,-1,-1,-1
818,52,981.62,585.61,65.17,218.30,0.7787,-1,-1,-1
818,64,1570.34,594.57,103.70,230.31,0.6823,-1,-1,-1
818,60,438.55,254.72,59.75,184.14,0.5598,-1,-1,-1
818,65,386.31,266.42,52.22,167.62,0.5093,-1,-1,-1
819,45,1723.31,453.43,73.30,212.48,0.7254,-1,-1,-1
819,46,271.56,551.73,79.77,238.92,0.7907,-1,-1,-1
819,3,873.22,934.15,66.66,145.19,0.7204,-1,-1,-1
819,51,1051.38,555.04,72.01,233.34,0.8177,-1,-1,-1
819,52,979.77,584.00,64.64,216.56,0.8196,-1,-1,-1
819,64,1570.69,596.34,102.91,228.52,0.7097,-1,-1,-1
819,60,437.31,255.98,60.38,185.95,0.6077,-1,-1,-1
819,65,385.47,265.61,52.37,167.53,0.5216,-1,-1,-1
820,45,1723.39,455.13,72.71,210.33,0.7247,-1,-1,-1
820,46,271.96,552.60,79.78,239.57,0.8012,-1,-1,-1
820,3,872.42,934.64,66.46,145.13,0.7121,-1,-1,-1
820,51,1048.06,553.23,72.81,235.00,0.8185,-1,-1,-1
820,52,977.57,580.59,65.07,217.90,0.8336,-1,-1,-1
820,64,1570.97,596.20,102.94,228.37,0.7059,-1,-1,-1
820,60,437.35,259.59,60.13,184.51,0.6611,-1,-1,-1
820,65,384.55,265.74,52.84,168.37,0.5371,-1,-1,-1
821,45,1723.18,453.38,73.20,212.09,0.7162,-1,-1,-1
821,46,272.30,553.14,79.44,238.81,0.7831,-1,-1,-1
821,3,872.28,934.63,66.40,145.31,0.7218,-1,-1,-1
821,51,1046.03,551.61,73.57,235.83,0.8371,-1,-1,-1
821,52,975.58,577.33,65.61,219.48,0.8350,-1,-1,-1
821,64,1570.94,596.85,102.75,227.81,0.6981,-1,-1,-1
821,60,436.34,260.62,61.17,187.12,0.6443,-1,-1,-1
821,65,383.08,265.33,53.52,169.94,0.5338,-1,-1,-1
822,45,1722.97,453.29,73.31,212.30,0.7219,-1,-1,-1
822,46,272.74,554.30,79.24,238.13,0.7676,-1,-1,-1
822,3,872.13,935.23,66.12,144.77,0.7199,-1,-1,-1
822,51,1044.36,550.31,74.57,236.90,0.8328,-1,-1,-1
822,52,974.41,574.19,64.96,216.16,0.8115,-1,-1,-1
822,64,1571.59,596.38,102.80,228.07,0.7121,-1,-1,-1
822,60,436.45,261.58,61.33,187.24,0.6091,-1,-1,-1
822,65,383.11,264.80,53.68,170.65,0.4873,-1,-1,-1
823,45,1722.65,453.29,73.36,212.45,0.7328,-1,-1,-1
823,46,273.18,555.12,78.98,237.16,0.7801,-1,-1,-1
823,3,871.74,936.04,65.70,143.97,0.7138,-1,-1,-1
823,51,1043.53,549.20,76.07,239.57,0.8220,-1,-1,-1
823,52,972.26,570.28,66.99,222.81,0.8126,-1,-1,-1
823,64,1571.22,595.68,103.04,228.58,0.6896,-1,-1,-1
823,60,437.00,262.16,61.27,187.21,0.6339,-1,-1,-1
823,65,382.64,267.42,53.35,168.58,0.5639,-1,-1,-1
824,45,1722.96,455.30,72.93,210.70,0.7123,-1,-1,-1
824,46,273.35,555.81,78.97,236.56,0.7698,-1,-1,-1
824,3,871.53,936.50,65.26,142.69,0.7265,-1,-1,-1
824,51,1041.54,547.86,77.97,242.38,0.7980,-1,-1,-1
824,52,968.28,568.29,68.71,228.59,0.7732,-1,-1,-1
824,64,1571.22,596.18,103.06,228.32,0.6776,-1,-1,-1
824,60,436.86,262.57,61.28,187.38,0.6669,-1,-1,-1
824,65,382.88,270.01,53.08,167.28,0.5496,-1,-1,-1
825,45,1722.60,454.65,73.43,211.57,0.7154,-1,-1,-1
825,46,273.43,557.24,78.65,234.77,0.7742,-1,-1,-1
825,3,870.79,937.18,65.13,142.24,0.6985,-1,-1,-1
825,51,1041.24,547.68,79.74,244.06,0.7935,-1,-1,-1
825,52,965.80,566.58,69.39,231.50,0.7745,-1,-1,-1
825,64,1571.75,598.41,102.01,225.95,0.6944,-1,-1,-1
825,60,436.57,263.03,61.31,187.45,0.6560,-1,-1,-1
825,65,382.40,271.35,53.39,168.07,0.5607,-1,-1,-1
826,45,1722.14,455.48,73.25,209.88,0.7347,-1,-1,-1
826,46,273.57,558.95,78.36,232.82,0.7890,-1,-1,-1
826,3,869.79,937.65,65.30,142.15,0.7043,-1,-1,-1
826,51,1040.79,547.16,80.56,242.77,0.7725,-1,-1,-1
826,52,963.32,565.02,69.84,233.61,0.7712,-1,-1,-1
826,64,1572.06,597.28,102.33,226.74,0.6841,-1,-1,-1
826,60,435.91,263.90,61.26,186.87,0.6904,-1,-1,-1
826,65,382.15,272.10,53.26,167.60,0.5283,-1,-1,-1
827,45,1722.11,454.78,73.80,210.82,0.7303,-1,-1,-1
827,46,273.50,560.11,78.31,231.55,0.7894,-1,-1,-1
827,3,869.79,938.71,65.13,141.23,0.7118,-1,-1,-1
827,51,1039.49,546.41,81.55,242.14,0.7690,-1,-1,-1
827,52,962.03,563.56,69.31,232.42,0.7662,-1,-1,-1
827,64,1571.86,596.97,102.62,227.16,0.6698,-1,-1,-1
827,60,436.07,264.61,60.93,185.76,0.6709,-1,-1,-1
827,65,381.02,272.21,53.72,168.67,0.5154,-1,-1,-1
828,45,1721.54,453.77,74.11,211.68,0.7416,-1,-1,-1
828,46,273.39,561.62,78.45,231.05,0.7897,-1,-1,-1
828,3,869.43,939.22,65.14,140.77,0.7060,-1,-1,-1
828,51,1038.61,544.83,83.05,243.31,0.7913,-1,-1,-1
828,52,960.12,562.82,69.05,231.40,0.7608,-1,-1,-1
828,64,1572.29,596.21,102.93,228.03,0.6726,-1,-1,-1
828,60,436.24,264.58,60.77,185.30,0.6805,-1,-1,-1
828,65,378.34,272.18,55.07,171.95,0.5264,-1,-1,-1
829,45,1721.65,453.13,74.28,212.29,0.7356,-1,-1,-1
829,46,272.91,562.60,79.32,233.03,0.7947,-1,-1,-1
829,3,869.88,939.47,65.05,140.55,0.7155,-1,-1,-1
829,51,1036.62,543.22,84.07,243.91,0.7742,-1,-1,-1
829,52,958.72,561.51,69.33,232.43,0.7777,-1,-1,-1
829,64,1572.15,596.24,102.84,227.67,0.6824,-1,-1,-1
829,60,436.38,264.70,60.72,185.20,0.6978,-1,-1,-1
829,65,378.03,272.68,55.97,174.59,0.5468,-1,-1,-1
830,45,1721.48,452.76,74.39,212.65,0.7458,-1,-1,-1
830,46,272.44,563.72,80.50,236.82,0.7990,-1,-1,-1
830,3,869.47,940.63,64.85,139.39,0.7040,-1,-1,-1
830,51,1035.85,541.12,85.25,245.26,0.7964,-1,-1,-1
830,52,957.59,561.44,69.21,232.52,0.7996,-1,-1,-1
830,64,1571.74,594.53,103.43,229.36,0.6841,-1,-1,-1
830,60,436.14,265.91,60.44,183.95,0.6679,-1,-1,-1
830,65,374.97,272.77,57.03,176.60,0.5586,-1,-1,-1
831,45,1722.11,454.88,73.94,210.87,0.7314,-1,-1,-1
831,46,271.70,565.74,81.67,240.94,0.8093,-1,-1,-1
831,3,869.66,941.26,64.70,138.76,0.7115,-1,-1,-1
831,51,1034.45,538.70,86.24,246.60,0.7988,-1,-1,-1
831,52,956.37,561.78,69.17,232.80,0.8019,-1,-1,-1
831,64,1571.86,593.96,103.51,230.16,0.7001,-1,-1,-1
831,60,435.88,266.64,60.51,183.89,0.6207,-1,-1,-1
831,65,372.96,273.61,58.14,179.49,0.5296,-1,-1,-1
832,45,1721.42,453.55,74.43,212.22,0.7499,-1,-1,-1
832,46,271.32,568.52,81.99,242.29,0.8219,-1,-1,-1
832,3,870.10,942.14,64.55,137.87,0.6851,-1,-1,-1
832,51,1032.18,535.93,86.07,245.86,0.7805,-1,-1,-1
832,52,954.95,561.86,68.85,231.85,0.7728,-1,-1,-1
832,64,1572.11,592.79,103.76,231.26,0.6929,-1,-1,-1
832,60,436.41,267.63,60.75,183.90,0.6227,-1,-1,-1
832,65,372.05,273.84,58.88,181.16,0.5159,-1,-1,-1
833,45,1720.96,453.09,74.75,212.96,0.7513,-1,-1,-1
833,46,270.45,571.18,82.34,243.66,0.8197,-1,-1,-1
833,3,870.47,943.19,64.38,136.83,0.7041,-1,-1,-1
833,51,1031.95,533.39,83.19,236.55,0.7928,-1,-1,-1
833,52,953.22,560.36,68.92,232.22,0.7714,-1,-1,-1
833,64,1571.60,591.35,104.17,232.72,0.6643,-1,-1,-1
833,60,435.98,267.69,61.66,186.36,0.6191,-1,-1,-1
833,65,370.76,272.62,59.91,183.67,0.4356,-1,-1,-1
834,45,1721.00,454.57,74.48,211.04,0.7542,-1,-1,-1
834,46,269.70,573.67,82.29,243.89,0.8161,-1,-1,-1
834,3,870.92,943.87,64.59,136.15,0.7142,-1,-1,-1
834,51,1031.47,529.43,82.01,232.98,0.8008,-1,-1,-1
834,52,950.94,555.65,70.21,237.25,0.7566,-1,-1,-1
834,64,1571.42,590.45,104.51,233.72,0.6828,-1,-1,-1
834,60,435.62,268.02,62.45,189.02,0.5849,-1,-1,-1
834,65,369.34,272.70,60.13,183.57,0.3894,-1,-1,-1
835,45,1720.74,453.57,75.47,213.24,0.7453,-1,-1,-1
835,46,268.82,576.07,82.33,245.00,0.8264,-1,-1,-1
835,3,870.75,943.60,65.40,136.42,0.6990,-1,-1,-1
835,51,1030.44,526.35,81.41,231.73,0.7954,-1,-1,-1
835,52,948.82,552.96,70.40,238.29,0.7588,-1,-1,-1
835,64,1570.64,589.14,104.99,234.95,0.6455,-1,-1,-1
835,60,436.61,270.41,62.33,189.28,0.6504,-1,-1,-1
835,65,371.51,277.91,57.80,176.31,0.4340,-1,-1,-1
836,45,1720.39,455.43,75.11,211.06,0.7407,-1,-1,-1
836,46,268.27,578.65,82.13,245.09,0.8160,-1,-1,-1
836,3,869.95,943.33,66.69,136.68,0.7306,-1,-1,-1
836,51,1029.69,523.42,81.13,232.68,0.7916,-1,-1,-1
836,52,948.54,550.41,68.27,230.85,0.7773,-1,-1,-1
836,64,1570.52,590.32,104.56,233.98,0.6672,-1,-1,-1
836,60,437.11,272.99,61.99,189.50,0.6299,-1,-1,-1
836,65,372.19,279.51,57.17,174.29,0.4681,-1,-1,-1
837,45,1720.58,454.43,75.83,212.84,0.7496,-1,-1,-1
837,46,267.57,580.31,81.79,244.70,0.8028,-1,-1,-1
837,3,869.73,943.40,67.61,136.61,0.7275,-1,-1,-1
837,51,1028.97,520.66,80.53,233.52,0.7735,-1,-1,-1
837,52,947.20,547.98,67.48,227.87,0.7744,-1,-1,-1
837,64,1570.02,589.73,105.14,234.81,0.6250,-1,-1,-1
837,60,437.96,276.61,61.03,188.00,0.6277,-1,-1,-1
837,65,371.93,280.14,57.00,173.29,0.4106,-1,-1,-1
838,45,1720.45,455.56,75.10,209.43,0.7585,-1,-1,-1
838,46,267.08,581.83,81.10,243.16,0.7859,-1,-1,-1
838,3,869.44,943.48,68.44,136.48,0.7208,-1,-1,-1
838,51,1028.84,519.14,79.79,234.25,0.7756,-1,-1,-1
838,52,945.04,545.92,67.34,227.52,0.7841,-1,-1,-1
838,64,1570.98,591.22,104.37,232.98,0.6791,-1,-1,-1
838,60,436.02,274.52,62.28,191.89,0.6384,-1,-1,-1
838,65,364.74,278.05,59.28,176.19,0.4528,-1,-1,-1
839,45,1719.98,453.55,75.80,211.48,0.7573,-1,-1,-1
839,46,266.36,583.09,80.48,241.28,0.7657,-1,-1,-1
839,3,869.17,942.79,69.51,136.95,0.7165,-1,-1,-1
839,51,1029.32,518.63,78.94,234.62,0.7686,-1,-1,-1
839,52,943.85,543.51,67.50,228.53,0.7773,-1,-1,-1
839,64,1571.09,591.36,104.36,232.59,0.6137,-1,-1,-1
839,60,435.80,276.32,62.06,191.43,0.6192,-1,-1,-1
839,65,368.08,280.22,58.20,173.42,0.4415,-1,-1,-1
840,45,1720.14,453.04,75.92,211.86,0.7559,-1,-1,-1
840,46,264.73,584.24,80.13,239.88,0.7395,-1,-1,-1
840,3,869.20,943.46,69.91,136.13,0.7148,-1,-1,-1
840,51,1029.46,518.27,77.82,233.88,0.7631,-1,-1,-1
840,52,942.41,541.53,67.52,228.97,0.7689,-1,-1,-1
840,64,1571.22,593.26,103.97,231.00,0.6460,-1,-1,-1
840,60,434.93,275.21,62.55,192.78,0.6562,-1,-1,-1
840,65,362.00,277.20,60.44,176.53,0.5059,-1,-1,-1
841,45,1720.00,452.45,76.16,212.43,0.7449,-1,-1,-1
841,46,264.06,585.47,79.74,237.89,0.7609,-1,-1,-1
841,3,870.36,943.61,70.62,135.94,0.7294,-1,-1,-1
841,51,1028.68,517.91,76.87,233.35,0.7483,-1,-1,-1
841,52,940.86,539.95,67.77,230.35,0.7721,-1,-1,-1
841,64,1571.68,593.76,104.02,230.82,0.6776,-1,-1,-1
841,60,435.38,278.16,61.67,191.31,0.6530,-1,-1,-1
841,65,359.95,276.28,61.93,178.65,0.5058,-1,-1,-1
842,45,1720.38,454.86,75.64,210.25,0.7272,-1,-1,-1
842,46,263.64,586.09,79.79,237.12,0.7748,-1,-1,-1
842,3,870.26,943.59,71.50,136.08,0.7153,-1,-1,-1
842,51,1026.51,516.94,76.37,232.92,0.7373,-1,-1,-1
842,52,938.84,538.98,67.97,231.84,0.7716,-1,-1,-1
842,64,1572.60,594.40,103.73,230.03,0.6518,-1,-1,-1
842,60,436.21,278.83,61.03,190.27,0.6421,-1,-1,-1
842,65,364.82,281.03,60.05,174.55,0.5131,-1,-1,-1
843,45,1720.35,455.62,75.60,209.05,0.7326,-1,-1,-1
843,46,262.91,586.87,79.90,236.08,0.7887,-1,-1,-1
843,3,870.67,943.74,72.19,135.79,0.7209,-1,-1,-1
843,51,1024.17,516.46,76.41,233.20,0.7527,-1,-1,-1
843,52,937.48,538.29,67.84,232.11,0.7837,-1,-1,-1
843,64,1571.67,593.50,104.42,231.36,0.6284,-1,-1,-1
843,60,437.06,280.51,60.30,188.46,0.6733,-1,-1,-1
843,65,365.77,282.73,60.13,175.20,0.5540,-1,-1,-1
844,45,1720.10,454.19,76.52,211.23,0.7412,-1,-1,-1
844,46,262.78,587.82,80.02,235.41,0.7974,-1,-1,-1
844,3,870.60,943.44,73.05,136.13,0.7208,-1,-1,-1
844,51,1021.90,516.17,76.01,232.10,0.7795,-1,-1,-1
844,52,936.48,536.68,67.90,233.26,0.7891,-1,-1,-1
844,64,1571.14,592.72,104.57,232.03,0.6321,-1,-1,-1
844,60,437.48,281.68,59.85,187.41,0.6716,-1,-1,-1
844,65,362.57,281.32,62.12,180.08,0.5285,-1,-1,-1
845,45,1719.71,455.81,76.02,208.86,0.7514,-1,-1,-1
845,46,262.57,588.61,80.35,235.40,0.7995,-1,-1,-1
845,3,870.20,943.57,73.72,136.01,0.7120,-1,-1,-1
845,51,1020.73,516.20,75.06,229.80,0.7743,-1,-1,-1
845,52,935.52,535.90,67.94,233.84,0.7750,-1,-1,-1
845,64,1570.62,592.77,104.34,231.62,0.6418,-1,-1,-1
845,60,437.45,281.45,59.81,188.04,0.6712,-1,-1,-1
845,65,361.57,282.62,62.69,181.43,0.5546,-1,-1,-1
846,45,1719.60,455.90,76.17,208.43,0.7434,-1,-1,-1
846,46,262.29,589.60,81.02,236.41,0.7939,-1,-1,-1
846,3,870.06,944.29,74.01,135.13,0.7197,-1,-1,-1
846,51,1019.74,515.43,74.77,229.17,0.7743,-1,-1,-1
846,52,934.31,535.09,67.61,232.85,0.7835,-1,-1,-1
846,64,1570.60,594.51,103.68,229.87,0.6630,-1,-1,-1
846,60,437.62,282.24,59.28,187.07,0.6581,-1,-1,-1
846,65,360.42,283.96,63.15,181.91,0.5688,-1,-1,-1
847,45,1719.18,454.64,77.08,210.13,0.7454,-1,-1,-1
847,46,262.21,592.56,81.36,236.39,0.7786,-1,-1,-1
847,3,870.31,944.57,74.68,134.94,0.6938,-1,-1,-1
847,51,1017.76,513.27,75.50,232.39,0.7548,-1,-1,-1
847,52,933.44,534.17,67.14,231.17,0.7623,-1,-1,-1
847,64,1570.26,594.06,103.83,230.05,0.6545,-1,-1,-1
847,60,437.84,281.94,58.82,186.50,0.6359,-1,-1,-1
847,65,360.24,287.23,62.93,180.45,0.5599,-1,-1,-1
848,45,1718.49,453.42,77.57,211.20,0.7519,-1,-1,-1
848,46,262.37,595.10,81.87,237.41,0.7984,-1,-1,-1
848,3,869.98,944.63,75.29,134.74,0.7062,-1,-1,-1
848,51,1016.53,511.19,74.13,228.83,0.7525,-1,-1,-1
848,52,932.51,532.70,66.90,230.54,0.7651,-1,-1,-1
848,64,1570.52,593.80,103.89,230.01,0.6401,-1,-1,-1
848,60,436.83,281.08,59.04,187.76,0.6348,-1,-1,-1
848,65,359.16,288.33,63.19,180.47,0.5680,-1,-1,-1
849,45,1718.63,453.47,77.73,211.13,0.7520,-1,-1,-1
849,46,261.99,597.31,83.11,240.93,0.7930,-1,-1,-1
849,3,870.01,945.18,75.75,134.16,0.6869,-1,-1,-1
849,51,1014.34,509.39,72.25,224.13,0.7447,-1,-1,-1
849,52,931.28,530.54,66.88,231.02,0.7692,-1,-1,-1
849,64,1571.63,594.42,103.66,229.85,0.6753,-1,-1,-1
849,60,436.03,280.20,59.14,188.86,0.6427,-1,-1,-1
849,65,358.17,292.61,62.97,178.24,0.6082,-1,-1,-1
850,45,1718.59,453.31,78.29,212.63,0.7482,-1,-1,-1
850,46,262.17,599.34,83.38,241.40,0.7985,-1,-1,-1
850,3,870.25,945.15,76.23,133.80,0.6974,-1,-1,-1
850,51,1011.91,506.70,71.78,224.09,0.8031,-1,-1,-1
850,52,930.15,527.99,66.80,231.95,0.7859,-1,-1,-1
850,64,1572.26,594.86,103.44,229.43,0.6768,-1,-1,-1
850,60,436.89,277.80,60.69,194.10,0.6309,-1,-1,-1
850,65,356.92,295.99,63.20,176.63,0.5993,-1,-1,-1
851,45,1718.11,452.92,77.96,211.51,0.7407,-1,-1,-1
851,46,262.21,600.91,83.87,242.64,0.8083,-1,-1,-1
851,3,870.90,945.14,76.90,133.74,0.7021,-1,-1,-1
851,51,1008.49,504.03,71.77,224.65,0.8157,-1,-1,-1
851,52,928.36,525.80,67.18,234.25,0.7966,-1,-1,-1
851,64,1572.13,593.96,103.77,230.34,0.6590,-1,-1,-1
851,60,437.02,282.98,59.76,191.86,0.6276,-1,-1,-1
851,65,355.55,298.30,63.42,174.83,0.5639,-1,-1,-1
852,45,1718.47,455.30,77.47,209.40,0.7367,-1,-1,-1
852,46,263.24,603.33,84.05,243.51,0.8042,-1,-1,-1
852,3,871.45,945.19,77.54,133.80,0.7008,-1,-1,-1
852,51,1006.11,502.04,71.82,225.66,0.8067,-1,-1,-1
852,52,928.54,523.29,63.95,222.47,0.7426,-1,-1,-1
852,64,1571.66,593.81,103.93,230.39,0.6423,-1,-1,-1
852,60,436.47,287.26,58.70,189.47,0.5885,-1,-1,-1
852,65,353.85,298.98,64.45,175.24,0.5338,-1,-1,-1
853,45,1719.05,454.02,77.97,210.70,0.7236,-1,-1,-1
853,46,264.30,605.91,84.18,243.93,0.8003,-1,-1,-1
853,3,871.29,945.22,78.16,133.98,0.6998,-1,-1,-1
853,51,1003.09,500.43,72.15,226.73,0.8231,-1,-1,-1
853,52,928.54,520.82,62.00,213.85,0.7779,-1,-1,-1
853,64,1570.92,593.36,104.16,230.95,0.6007,-1,-1,-1
853,60,436.63,290.44,58.53,188.95,0.5942,-1,-1,-1
853,65,351.75,298.48,65.77,176.55,0.4830,-1,-1,-1
854,45,1718.77,456.03,77.49,208.47,0.7261,-1,-1,-1
854,46,264.59,607.11,84.68,245.38,0.8175,-1,-1,-1
854,3,871.30,945.00,78.70,134.00,0.7023,-1,-1,-1
854,51,999.67,498.76,73.16,228.67,0.8228,-1,-1,-1
854,52,927.66,518.23,63.23,217.46,0.7967,-1,-1,-1
854,64,1570.12,593.98,104.17,230.28,0.5999,-1,-1,-1
854,60,436.26,289.72,59.46,192.77,0.6084,-1,-1,-1
854,65,350.40,297.49,66.80,177.70,0.4767,-1,-1,-1
855,45,1718.64,456.51,77.53,207.83,0.7336,-1,-1,-1
855,46,265.70,608.74,84.79,246.03,0.8214,-1,-1,-1
855,3,871.60,944.68,79.20,134.25,0.7195,-1,-1,-1
855,51,998.08,496.89,74.10,230.80,0.7963,-1,-1,-1
855,52,926.55,515.58,63.99,219.97,0.7904,-1,-1,-1
855,64,1570.33,593.15,104.57,231.14,0.6227,-1,-1,-1
855,60,435.60,290.74,59.77,194.11,0.6364,-1,-1,-1
855,65,348.38,300.01,66.93,175.59,0.4915,-1,-1,-1
856,45,1718.51,457.00,78.11,208.76,0.7428,-1,-1,-1
856,46,266.86,610.35,84.22,244.32,0.8048,-1,-1,-1
856,3,872.77,944.61,79.37,134.17,0.7284,-1,-1,-1
856,51,997.12,495.36,75.21,232.78,0.8202,-1,-1,-1
856,52,925.39,512.70,64.69,222.27,0.8040,-1,-1,-1
856,64,1570.95,592.39,104.98,232.13,0.6383,-1,-1,-1
856,60,434.94,292.33,59.93,195.19,0.6013,-1,-1,-1
856,65,347.11,299.94,67.92,176.72,0.4824,-1,-1,-1
857,45,1718.20,455.61,79.04,211.56,0.7293,-1,-1,-1
857,46,268.31,611.12,83.56,242.56,0.7872,-1,-1,-1
857,3,873.15,943.98,79.69,134.68,0.7172,-1,-1,-1
857,51,996.80,494.60,76.14,234.27,0.8034,-1,-1,-1
857,52,922.70,510.94,65.50,224.67,0.7819,-1,-1,-1
857,64,1571.58,592.46,104.93,232.13,0.6289,-1,-1,-1
857,60,434.71,293.88,59.89,195.21,0.6069,-1,-1,-1
857,65,349.11,303.38,66.07,171.60,0.5089,-1,-1,-1
858,45,1717.98,457.02,78.52,209.47,0.7340,-1,-1,-1
858,46,269.49,611.88,83.43,242.41,0.7962,-1,-1,-1
858,3,873.64,943.62,79.99,135.17,0.7255,-1,-1,-1
858,51,994.85,493.91,77.24,235.13,0.7997,-1,-1,-1
858,52,921.14,509.77,65.52,224.28,0.7668,-1,-1,-1
858,64,1572.40,594.07,104.07,230.46,0.6804,-1,-1,-1
858,60,434.77,294.22,60.34,194.77,0.5712,-1,-1,-1
858,65,348.41,304.21,67.05,172.60,0.5352,-1,-1,-1
859,45,1717.07,457.43,78.91,209.63,0.7308,-1,-1,-1
859,46,269.86,611.71,83.85,243.36,0.8008,-1,-1,-1
859,3,874.50,943.81,79.97,135.23,0.7379,-1,-1,-1
859,51,994.65,493.98,77.76,234.69,0.7927,-1,-1,-1
859,52,918.85,507.31,66.27,226.86,0.7696,-1,-1,-1
859,64,1572.70,593.90,104.12,230.70,0.6460,-1,-1,-1
859,60,435.46,298.28,59.07,190.27,0.5971,-1,-1,-1
859,65,348.12,303.96,67.97,173.59,0.5205,-1,-1,-1
860,45,1716.73,456.68,79.22,209.90,0.7424,-1,-1,-1
860,46,270.57,612.11,83.65,242.33,0.8106,-1,-1,-1
860,3,874.88,942.77,80.63,136.59,0.7249,-1,-1,-1
860,51,993.08,493.47,78.76,234.95,0.7726,-1,-1,-1
860,52,916.86,505.48,66.74,228.52,0.7682,-1,-1,-1
860,64,1572.75,593.54,104.15,230.65,0.6052,-1,-1,-1
860,60,434.81,300.15,58.80,189.11,0.6099,-1,-1,-1
860,65,347.39,302.06,69.62,176.98,0.5333,-1,-1,-1
861,45,1716.49,456.50,79.48,209.72,0.7502,-1,-1,-1
861,46,271.22,613.09,83.54,241.17,0.8141,-1,-1,-1
861,3,876.05,942.89,80.75,136.90,0.7457,-1,-1,-1
861,51,992.33,492.70,79.58,234.76,0.7825,-1,-1,-1
861,52,914.89,503.26,67.39,231.27,0.7792,-1,-1,-1
861,64,1572.66,597.01,102.70,227.22,0.6541,-1,-1,-1
861,60,434.00,300.38,59.18,188.52,0.5885,-1,-1,-1
861,65,346.95,302.44,69.70,178.04,0.5316,-1,-1,-1
861,69,1401.77,1015.41,71.51,64.59,0.5852,-1,-1,-1
862,45,1716.72,456.61,79.89,210.25,0.7354,-1,-1,-1
862,46,271.17,613.19,83.51,240.49,0.8133,-1,-1,-1
862,3,877.01,943.49,80.32,136.46,0.7283,-1,-1,-1
862,51,991.14,491.31,79.97,234.48,0.7788,-1,-1,-1
862,52,913.68,501.88,67.74,233.24,0.7651,-1,-1,-1
862,64,1572.66,596.99,102.80,226.96,0.6380,-1,-1,-1
862,60,433.92,300.07,58.93,187.53,0.5818,-1,-1,-1
862,65,346.58,303.15,70.25,180.37,0.4917,-1,-1,-1
862,69,1397.35,1013.08,74.21,66.92,0.6171,-1,-1,-1
863,45,1716.89,456.57,80.04,210.32,0.7412,-1,-1,-1
863,46,271.32,613.71,83.76,240.62,0.8160,-1,-1,-1
863,3,878.29,942.78,80.37,136.97,0.7321,-1,-1,-1
863,51,990.93,489.37,80.58,234.99,0.7992,-1,-1,-1
863,52,912.41,500.83,67.53,233.00,0.7730,-1,-1,-1
863,64,1572.24,595.28,103.61,228.53,0.6396,-1,-1,-1
863,60,433.51,301.12,59.02,187.33,0.5948,-1,-1,-1
863,65,345.97,306.74,70.08,180.40,0.5692,-1,-1,-1
863,69,1392.88,1009.92,77.83,70.08,0.6324,-1,-1,-1
864,45,1717.16,457.11,80.14,209.97,0.7389,-1,-1,-1
864,46,271.87,614.87,83.76,240.05,0.8133,-1,-1,-1
864,3,879.64,942.52,80.24,137.07,0.7422,-1,-1,-1
864,51,988.51,486.72,81.26,235.95,0.8030,-1,-1,-1
864,52,911.77,500.12,67.25,232.63,0.7635,-1,-1,-1
864,64,1572.64,594.56,103.91,229.14,0.6338,-1,-1,-1
864,60,433.67,302.38,59.21,187.03,0.5664,-1,-1,-1
864,65,345.71,309.21,69.42,179.27,0.5451,-1,-1,-1
864,69,1388.47,1005.77,82.51,74.23,0.6629,-1,-1,-1
865,45,1717.70,456.84,79.79,208.70,0.7301,-1,-1,-1
865,46,272.32,617.27,84.70,243.12,0.8342,-1,-1,-1
865,3,881.14,942.61,80.20,137.25,0.7300,-1,-1,-1
865,51,987.25,484.42,81.47,235.92,0.7994,-1,-1,-1
865,52,910.79,498.85,66.35,229.70,0.7620,-1,-1,-1
865,64,1572.40,594.28,104.20,229.59,0.6471,-1,-1,-1
865,60,433.66,303.05,59.50,186.92,0.5807,-1,-1,-1
865,65,346.44,311.77,69.42,179.07,0.5938,-1,-1,-1
865,69,1385.21,1001.78,87.00,78.22,0.6825,-1,-1,-1
866,45,1718.13,456.95,79.85,208.87,0.7195,-1,-1,-1
866,46,272.51,619.48,85.68,246.74,0.8294,-1,-1,-1
866,3,882.86,942.60,80.25,137.37,0.7354,-1,-1,-1
866,51,986.19,481.83,81.28,234.55,0.7924,-1,-1,-1
866,52,909.81,497.36,65.79,227.42,0.7879,-1,-1,-1
866,64,1572.58,594.33,104.16,229.30,0.6126,-1,-1,-1
866,60,433.75,303.95,59.64,186.34,0.5394,-1,-1,-1
866,65,346.10,313.65,69.36,178.17,0.5720,-1,-1,-1
866,69,1381.99,998.16,91.02,81.84,0.6804,-1,-1,-1
867,45,1718.15,456.95,80.17,209.75,0.7130,-1,-1,-1
867,46,272.72,620.81,86.47,249.86,0.8261,-1,-1,-1
867,3,884.95,941.99,80.44,138.02,0.7371,-1,-1,-1
867,51,985.67,478.76,80.19,230.52,0.7732,-1,-1,-1
867,52,908.61,496.17,64.98,223.06,0.7791,-1,-1,-1
867,64,1572.44,593.34,104.57,230.30,0.6158,-1,-1,-1
867,60,432.46,301.79,60.50,189.55,0.5465,-1,-1,-1
867,65,345.91,317.52,68.57,175.69,0.5582,-1,-1,-1
867,69,1379.24,994.19,95.23,85.81,0.6755,-1,-1,-1
868,45,1718.04,456.91,79.85,209.16,0.7020,-1,-1,-1
868,46,272.35,622.11,87.19,252.43,0.8356,-1,-1,-1
868,3,887.14,941.57,80.50,138.45,0.7426,-1,-1,-1
868,51,986.35,475.98,78.09,224.41,0.7793,-1,-1,-1
868,52,907.08,494.72,64.57,219.72,0.7652,-1,-1,-1
868,64,1572.58,592.69,104.49,230.66,0.6526,-1,-1,-1
868,60,431.31,300.97,61.73,194.93,0.5583,-1,-1,-1
868,65,345.48,318.33,68.46,175.13,0.5313,-1,-1,-1
868,69,1375.95,988.84,100.60,91.16,0.6574,-1,-1,-1
869,45,1718.34,457.23,79.77,208.84,0.7088,-1,-1,-1
869,46,273.12,624.64,86.44,250.29,0.8312,-1,-1,-1
869,3,890.25,941.02,80.50,139.00,0.7291,-1,-1,-1
869,51,986.20,473.38,77.59,223.98,0.7588,-1,-1,-1
869,52,906.37,492.75,63.94,214.86,0.7704,-1,-1,-1
869,64,1572.91,593.79,104.02,229.67,0.6356,-1,-1,-1
869,60,431.14,301.81,62.52,198.01,0.4980,-1,-1,-1
869,65,345.94,316.10,69.03,176.95,0.4887,-1,-1,-1
869,69,1373.76,984.71,104.24,95.29,0.6839,-1,-1,-1
870,45,1718.55,457.81,79.14,206.73,0.7184,-1,-1,-1
870,46,273.52,627.33,86.67,251.24,0.8334,-1,-1,-1
870,3,892.40,940.77,80.26,139.26,0.7350,-1,-1,-1
870,51,986.16,472.05,76.62,223.29,0.7479,-1,-1,-1
870,52,904.39,490.98,64.52,214.86,0.7288,-1,-1,-1
870,64,1573.39,594.46,103.70,229.30,0.6507,-1,-1,-1
870,60,432.35,311.31,60.67,193.33,0.5620,-1,-1,-1
870,65,352.08,318.33,66.71,173.19,0.5095,-1,-1,-1
870,69,1372.58,982.29,105.88,97.71,0.7184,-1,-1,-1
871,45,1718.11,457.59,79.66,207.87,0.7024,-1,-1,-1
871,46,274.26,630.04,87.30,253.68,0.8329,-1,-1,-1
871,3,894.62,941.38,79.46,138.64,0.7383,-1,-1,-1
871,51,985.54,469.85,76.18,224.64,0.7531,-1,-1,-1
871,52,902.54,488.69,65.15,215.18,0.7345,-1,-1,-1
871,64,1573.08,594.61,103.72,229.73,0.6152,-1,-1,-1
871,60,432.81,314.80,59.63,191.40,0.5787,-1,-1,-1
871,65,352.08,316.79,66.72,175.45,0.4938,-1,-1,-1
871,69,1370.75,979.61,107.64,100.39,0.7134,-1,-1,-1
872,45,1717.79,457.95,79.86,208.13,0.7101,-1,-1,-1
872,46,275.08,632.61,87.24,254.93,0.8345,-1,-1,-1
872,3,896.58,941.49,79.12,138.53,0.7319,-1,-1,-1
872,51,984.76,468.34,75.68,225.82,0.7477,-1,-1,-1
872,52,900.76,487.34,66.00,216.43,0.7402,-1,-1,-1
872,64,1572.36,595.54,103.45,228.82,0.6097,-1,-1,-1
872,60,432.40,317.31,59.25,191.68,0.5833,-1,-1,-1
872,65,351.74,314.57,66.87,178.35,0.4973,-1,-1,-1
872,69,1368.56,976.52,109.77,103.48,0.7117,-1,-1,-1
873,45,1717.56,458.14,79.86,207.90,0.7080,-1,-1,-1
873,46,275.51,634.10,87.08,255.42,0.8348,-1,-1,-1
873,3,898.83,941.52,78.86,138.50,0.7335,-1,-1,-1
873,51,985.03,467.63,74.59,225.20,0.7412,-1,-1,-1
873,52,899.62,486.36,67.10,219.09,0.7343,-1,-1,-1
873,64,1572.06,596.08,103.34,228.10,0.5866,-1,-1,-1
873,60,432.49,317.29,59.59,193.39,0.6029,-1,-1,-1
873,65,352.13,314.86,65.83,177.66,0.5168,-1,-1,-1
873,69,1366.47,974.46,110.74,105.54,0.7210,-1,-1,-1
874,45,1718.06,458.33,79.85,208.03,0.6924,-1,-1,-1
874,46,276.38,635.26,86.86,255.10,0.8304,-1,-1,-1
874,3,899.71,941.05,78.95,138.97,0.7366,-1,-1,-1
874,51,985.58,467.20,73.71,224.96,0.7300,-1,-1,-1
874,52,898.77,484.17,67.83,221.01,0.7175,-1,-1,-1
874,64,1572.82,596.96,103.10,227.25,0.6298,-1,-1,-1
874,60,431.51,315.11,60.25,195.82,0.6155,-1,-1,-1
874,65,351.54,315.35,64.99,177.68,0.5340,-1,-1,-1
874,69,1364.86,973.43,110.67,106.57,0.7276,-1,-1,-1
875,45,1717.97,458.47,79.56,207.26,0.6881,-1,-1,-1
875,46,277.95,635.87,86.17,253.93,0.8215,-1,-1,-1
875,3,901.00,940.32,79.06,139.69,0.7270,-1,-1,-1
875,51,985.98,466.85,72.98,225.14,0.7283,-1,-1,-1
875,52,897.12,482.96,67.96,220.99,0.7285,-1,-1,-1
875,64,1573.14,597.27,102.90,226.56,0.6244,-1,-1,-1
875,60,431.29,313.44,60.81,197.89,0.5709,-1,-1,-1
875,65,352.20,317.88,63.74,175.67,0.5192,-1,-1,-1
875,69,1363.21,971.88,110.97,108.12,0.7072,-1,-1,-1
876,45,1718.37,458.07,79.61,207.56,0.6895,-1,-1,-1
876,46,279.17,636.39,86.03,253.77,0.8137,-1,-1,-1
876,3,901.90,940.06,79.19,139.95,0.7458,-1,-1,-1
876,51,985.70,466.93,72.50,225.99,0.7277,-1,-1,-1
876,52,895.94,482.30,68.36,222.39,0.7299,-1,-1,-1
876,64,1573.12,598.21,102.43,225.59,0.6197,-1,-1,-1
876,60,431.55,313.97,60.43,196.78,0.5743,-1,-1,-1
876,65,352.27,319.15,63.70,175.93,0.4857,-1,-1,-1
876,69,1361.14,970.60,111.02,109.40,0.7048,-1,-1,-1
877,45,1718.49,458.05,79.61,207.59,0.6722,-1,-1,-1
877,46,279.89,637.54,85.48,253.10,0.7987,-1,-1,-1
877,3,902.46,939.46,79.41,140.56,0.7298,-1,-1,-1
877,51,984.71,466.14,72.25,226.90,0.7179,-1,-1,-1
877,52,895.43,482.16,68.58,223.13,0.7212,-1,-1,-1
877,64,1573.33,597.77,102.73,226.18,0.6011,-1,-1,-1
877,60,431.55,314.36,60.29,195.76,0.5503,-1,-1,-1
877,65,351.95,321.06,63.86,177.47,0.5164,-1,-1,-1
877,69,1358.90,968.41,111.92,111.59,0.6993,-1,-1,-1
878,45,1718.69,457.66,79.43,207.53,0.6348,-1,-1,-1
878,46,281.85,638.90,85.09,251.98,0.7850,-1,-1,-1
878,3,903.82,939.22,79.60,140.79,0.7349,-1,-1,-1
878,51,984.31,465.15,71.61,226.76,0.7103,-1,-1,-1
878,52,894.61,480.77,68.71,224.07,0.7169,-1,-1,-1
878,64,1573.49,597.31,102.99,226.98,0.5762,-1,-1,-1
878,60,430.66,316.29,60.03,194.33,0.5511,-1,-1,-1
878,65,352.05,321.57,64.46,181.13,0.4853,-1,-1,-1
878,69,1356.27,966.16,113.09,113.84,0.7178,-1,-1,-1
879,45,1718.76,457.23,79.47,207.96,0.6268,-1,-1,-1
879,46,283.37,640.36,84.76,250.57,0.7807,-1,-1,-1
879,3,904.14,938.99,79.84,141.02,0.7361,-1,-1,-1
879,51,982.93,464.43,71.11,226.49,0.6852,-1,-1,-1
879,52,893.79,480.38,68.36,223.54,0.7189,-1,-1,-1
879,64,1573.40,599.03,102.25,225.61,0.5909,-1,-1,-1
879,60,429.62,314.40,60.79,196.59,0.5044,-1,-1,-1
879,65,351.09,323.02,64.72,182.89,0.4128,-1,-1,-1
879,69,1354.74,963.65,114.23,116.35,0.7321,-1,-1,-1
880,45,1719.09,457.30,79.22,207.88,0.6361,-1,-1,-1
880,46,284.17,641.45,84.34,249.58,0.7549,-1,-1,-1
880,3,904.80,938.17,80.24,141.83,0.7403,-1,-1,-1
880,51,982.15,462.74,70.48,225.62,0.6941,-1,-1,-1
880,52,893.47,478.62,68.18,223.41,0.6963,-1,-1,-1
880,64,1573.53,597.61,102.45,226.47,0.6107,-1,-1,-1
880,60,429.62,317.81,59.75,191.97,0.5745,-1,-1,-1
880,65,345.22,323.45,66.48,184.69,0.4249,-1,-1,-1
880,69,1353.70,960.43,115.79,119.57,0.7308,-1,-1,-1
881,45,1719.28,457.47,79.20,208.00,0.6278,-1,-1,-1
881,46,285.45,642.49,84.16,248.54,0.7754,-1,-1,-1
881,3,905.16,937.78,80.51,142.23,0.7478,-1,-1,-1
881,51,980.78,460.33,69.62,224.17,0.7034,-1,-1,-1
881,52,893.40,477.11,67.48,221.63,0.6613,-1,-1,-1
881,64,1573.55,598.52,102.21,225.78,0.5643,-1,-1,-1
881,60,429.40,319.94,59.20,189.50,0.5264,-1,-1,-1
881,65,342.27,324.67,68.02,187.12,0.4006,-1,-1,-1
881,69,1351.79,957.23,117.05,122.77,0.7436,-1,-1,-1
882,45,1719.43,457.75,78.97,208.12,0.6414,-1,-1,-1
882,46,286.45,643.69,84.01,247.38,0.7641,-1,-1,-1
882,3,905.63,937.29,80.88,142.72,0.7535,-1,-1,-1
882,51,979.29,457.17,68.75,222.46,0.6953,-1,-1,-1
882,52,892.46,474.74,68.07,224.79,0.6657,-1,-1,-1
882,64,1573.83,597.77,102.35,226.55,0.6030,-1,-1,-1
882,60,429.52,321.13,58.86,187.86,0.5302,-1,-1,-1
882,65,341.09,328.04,67.98,185.20,0.3440,-1,-1,-1
882,69,1349.32,952.87,119.07,127.13,0.7454,-1,-1,-1
883,45,1720.16,457.84,78.61,207.83,0.6435,-1,-1,-1
883,46,287.51,645.14,83.96,246.16,0.7838,-1,-1,-1
883,3,905.40,937.03,81.10,142.98,0.7434,-1,-1,-1
883,51,978.41,454.68,67.78,219.64,0.7288,-1,-1,-1
883,52,893.14,471.53,64.54,212.74,0.6735,-1,-1,-1
883,64,1573.69,597.13,102.24,227.14,0.5788,-1,-1,-1
883,60,428.63,320.48,59.20,187.99,0.5487,-1,-1,-1
883,65,340.04,330.95,68.09,183.20,0.4039,-1,-1,-1
883,69,1347.57,949.12,119.82,130.38,0.7890,-1,-1,-1
884,45,1720.61,457.76,78.24,207.81,0.6224,-1,-1,-1
884,46,288.31,647.81,83.60,244.31,0.7818,-1,-1,-1
884,3,906.30,937.71,80.83,142.29,0.7342,-1,-1,-1
884,51,976.42,452.09,67.66,219.36,0.6875,-1,-1,-1
884,52,891.06,467.76,65.50,217.19,0.6513,-1,-1,-1
884,64,1574.40,597.89,101.62,226.50,0.5566,-1,-1,-1
884,60,427.95,320.07,59.88,190.28,0.5487,-1,-1,-1
884,65,338.22,334.15,68.14,180.46,0.3963,-1,-1,-1
884,69,1344.83,944.38,121.09,134.65,0.7979,-1,-1,-1
885,45,1720.95,457.83,77.80,207.26,0.6053,-1,-1,-1
885,46,288.38,649.72,83.79,244.33,0.7681,-1,-1,-1
885,3,907.08,937.42,80.96,142.58,0.7217,-1,-1,-1
885,51,974.81,449.55,67.80,219.46,0.7027,-1,-1,-1
885,52,890.12,465.01,65.81,219.60,0.6925,-1,-1,-1
885,64,1574.32,599.10,100.97,225.31,0.5470,-1,-1,-1
885,60,427.24,319.63,61.16,194.75,0.5350,-1,-1,-1
885,65,338.66,333.25,69.12,181.57,0.3670,-1,-1,-1
885,69,1342.86,939.90,122.61,139.72,0.8062,-1,-1,-1
885,70,1761.89,684.46,71.23,221.49,0.5178,-1,-1,-1
886,45,1720.68,457.60,77.63,207.50,0.6142,-1,-1,-1
886,46,288.61,651.86,84.24,245.67,0.7482,-1,-1,-1
886,3,907.14,936.89,81.29,143.12,0.7281,-1,-1,-1
886,51,972.32,446.63,68.74,221.54,0.7011,-1,-1,-1
886,52,889.74,461.55,65.57,219.88,0.6868,-1,-1,-1
886,64,1574.80,598.52,101.26,226.08,0.5651,-1,-1,-1
886,60,426.42,320.42,61.65,197.28,0.4821,-1,-1,-1
886,65,337.53,335.48,69.21,179.11,0.3752,-1,-1,-1
886,69,1341.09,935.70,123.09,143.92,0.8075,-1,-1,-1
886,70,1761.32,684.57,72.29,224.38,0.4771,-1,-1,-1
887,45,1720.69,457.20,77.50,207.79,0.6175,-1,-1,-1
887,46,288.58,653.98,84.40,246.44,0.7588,-1,-1,-1
887,3,908.11,937.11,81.16,142.89,0.7179,-1,-1,-1
887,51,971.23,444.74,69.50,223.24,0.7183,-1,-1,-1
887,52,889.87,461.34,64.32,216.00,0.7270,-1,-1,-1
887,64,1574.93,599.43,100.75,225.01,0.5510,-1,-1,-1
887,60,426.07,322.67,62.13,199.00,0.4812,-1,-1,-1
887,65,335.42,337.21,69.53,176.99,0.3580,-1,-1,-1
887,69,1340.16,931.63,122.68,146.74,0.7671,-1,-1,-1
887,70,1760.35,684.64,72.11,223.52,0.5121,-1,-1,-1
888,45,1720.56,457.94,77.12,206.94,0.6288,-1,-1,-1
888,46,288.98,655.74,84.58,247.79,0.7446,-1,-1,-1
888,3,908.46,937.00,81.13,143.00,0.7097,-1,-1,-1
888,51,970.65,443.84,69.88,223.07,0.7354,-1,-1,-1
888,52,889.43,458.32,65.12,219.60,0.7330,-1,-1,-1
888,64,1575.29,599.32,100.97,225.55,0.5524,-1,-1,-1
888,60,426.25,325.31,62.23,199.71,0.5072,-1,-1,-1
888,65,334.18,338.56,69.91,175.54,0.4270,-1,-1,-1
888,69,1339.48,929.54,122.26,149.83,0.7714,-1,-1,-1
888,70,1759.13,685.26,72.46,223.99,0.5527,-1,-1,-1
889,45,1720.42,457.19,77.46,207.90,0.6432,-1,-1,-1
889,46,289.92,658.43,84.04,247.43,0.7296,-1,-1,-1
889,3,909.40,937.32,80.91,142.68,0.7265,-1,-1,-1
889,51,970.16,443.24,70.70,224.03,0.7417,-1,-1,-1
889,52,889.12,456.44,65.35,221.34,0.7350,-1,-1,-1
889,64,1574.97,599.66,100.48,224.89,0.5393,-1,-1,-1
889,60,426.38,325.00,62.14,199.97,0.5059,-1,-1,-1
889,65,334.10,340.06,69.86,173.54,0.4198,-1,-1,-1
889,69,1337.74,926.12,122.54,153.35,0.7714,-1,-1,-1
889,70,1758.47,683.94,74.09,228.71,0.5112,-1,-1,-1
890,45,1720.20,456.64,77.98,209.26,0.6655,-1,-1,-1
890,46,289.94,659.83,84.47,249.95,0.7117,-1,-1,-1
890,3,910.30,937.27,80.67,142.74,0.7379,-1,-1,-1
890,51,968.68,442.84,71.46,224.58,0.7268,-1,-1,-1
890,52,888.92,456.37,64.62,219.62,0.7161,-1,-1,-1
890,64,1574.71,599.84,100.40,224.94,0.5304,-1,-1,-1
890,60,424.40,328.07,62.50,201.03,0.5099,-1,-1,-1
890,65,334.60,341.62,69.37,171.54,0.4888,-1,-1,-1
890,69,1335.80,924.55,121.75,155.25,0.7561,-1,-1,-1
890,70,1756.57,683.00,76.25,235.16,0.4963,-1,-1,-1
891,45,1720.42,456.86,77.71,209.09,0.6456,-1,-1,-1
891,46,290.92,661.95,84.49,251.78,0.7007,-1,-1,-1
891,3,910.47,937.59,80.36,142.41,0.7346,-1,-1,-1
891,51,967.50,442.80,72.71,225.55,0.7229,-1,-1,-1
891,52,888.39,455.07,64.29,219.18,0.7333,-1,-1,-1
891,64,1574.94,598.08,100.94,226.66,0.5408,-1,-1,-1
891,60,423.34,329.46,62.67,201.36,0.5167,-1,-1,-1
891,65,335.86,341.12,69.56,172.87,0.4813,-1,-1,-1
891,69,1335.34,924.55,119.83,155.39,0.7916,-1,-1,-1
891,70,1755.31,682.96,76.99,236.96,0.5379,-1,-1,-1
892,45,1720.48,456.60,77.67,209.19,0.6454,-1,-1,-1
892,46,292.03,664.06,84.31,253.08,0.7617,-1,-1,-1
892,3,910.56,937.65,80.11,142.35,0.7292,-1,-1,-1
892,51,966.46,442.95,73.99,226.40,0.7299,-1,-1,-1
892,52,887.38,455.43,64.25,219.64,0.6965,-1,-1,-1
892,64,1573.88,596.79,101.43,227.96,0.5353,-1,-1,-1
892,60,422.41,331.32,62.64,200.47,0.5441,-1,-1,-1
892,65,336.40,342.16,68.90,172.19,0.5024,-1,-1,-1
892,69,1334.08,923.44,119.19,156.54,0.7788,-1,-1,-1
892,70,1754.86,682.47,76.95,236.22,0.5392,-1,-1,-1
893,45,1720.93,456.92,77.41,208.81,0.6377,-1,-1,-1
893,46,293.80,664.81,84.21,254.85,0.7769,-1,-1,-1
893,3,911.45,937.83,79.77,142.17,0.7336,-1,-1,-1
893,51,965.68,441.95,75.03,226.77,0.7440,-1,-1,-1
893,52,885.69,455.09,64.09,219.38,0.7197,-1,-1,-1
893,64,1573.97,595.76,101.60,228.75,0.5345,-1,-1,-1
893,60,422.84,333.33,62.17,198.08,0.5463,-1,-1,-1
893,65,337.59,344.59,68.33,171.30,0.5255,-1,-1,-1
893,69,1331.71,920.93,119.74,159.07,0.7805,-1,-1,-1
893,70,1754.22,681.93,77.79,237.95,0.5605,-1,-1,-1
894,45,1720.60,457.17,77.30,208.42,0.6375,-1,-1,-1
894,46,294.97,666.61,83.76,254.94,0.7547,-1,-1,-1
894,3,911.73,937.90,79.37,142.10,0.7382,-1,-1,-1
894,51,965.34,441.10,75.95,226.86,0.7480,-1,-1,-1
894,52,885.05,455.06,63.78,218.83,0.6967,-1,-1,-1
894,64,1573.21,593.79,102.50,231.12,0.5018,-1,-1,-1
894,60,422.13,333.61,62.56,198.30,0.5132,-1,-1,-1
894,65,338.62,345.47,68.44,172.51,0.4431,-1,-1,-1
894,69,1328.32,917.68,120.67,162.33,0.7874,-1,-1,-1
894,70,1753.28,680.69,79.35,241.93,0.5685,-1,-1,-1
895,45,1720.26,456.88,77.38,208.66,0.6305,-1,-1,-1
895,46,296.30,668.15,83.05,253.75,0.7253,-1,-1,-1
895,3,912.25,938.18,78.98,141.82,0.7412,-1,-1,-1
895,51,965.50,440.67,76.56,226.24,0.7438,-1,-1,-1
895,52,883.37,454.88,63.61,218.77,0.7144,-1,-1,-1
895,64,1573.13,595.35,101.76,229.43,0.5244,-1,-1,-1
895,60,421.36,333.82,62.73,198.06,0.5181,-1,-1,-1
895,65,337.63,346.03,69.62,177.16,0.4960,-1,-1,-1
895,69,1325.61,916.44,120.18,163.57,0.7864,-1,-1,-1
895,70,1753.02,681.31,79.07,239.98,0.5805,-1,-1,-1
896,45,1719.91,457.14,77.38,208.60,0.6306,-1,-1,-1
896,46,297.93,668.64,82.64,252.69,0.7383,-1,-1,-1
896,3,912.17,938.51,78.48,141.49,0.7136,-1,-1,-1
896,51,965.16,439.00,77.36,226.44,0.7393,-1,-1,-1
896,52,883.33,455.04,62.79,216.78,0.6944,-1,-1,-1
896,64,1573.19,596.96,101.11,227.80,0.5775,-1,-1,-1
896,60,421.12,334.04,62.83,197.73,0.5071,-1,-1,-1
896,65,337.36,346.87,69.52,178.36,0.5129,-1,-1,-1
896,69,1323.49,913.58,120.34,166.43,0.7729,-1,-1,-1
896,70,1752.37,681.73,79.43,239.71,0.5837,-1,-1,-1
897,45,1719.99,457.13,77.18,207.91,0.6416,-1,-1,-1
897,46,299.00,669.16,83.12,253.23,0.7479,-1,-1,-1
897,3,912.33,938.90,78.07,141.11,0.7347,-1,-1,-1
897,51,964.96,436.57,77.99,227.08,0.7405,-1,-1,-1
897,52,882.20,452.64,63.22,218.63,0.7087,-1,-1,-1
897,64,1573.43,598.10,100.63,226.62,0.5726,-1,-1,-1
897,60,421.10,335.17,62.53,195.65,0.4863,-1,-1,-1
897,65,337.55,348.75,69.68,179.92,0.4858,-1,-1,-1
897,69,1320.92,909.21,121.26,170.80,0.7778,-1,-1,-1
897,70,1751.71,680.83,79.59,239.46,0.5729,-1,-1,-1
898,45,1719.94,457.07,77.30,208.38,0.6436,-1,-1,-1
898,46,300.36,670.18,83.50,252.10,0.7628,-1,-1,-1
898,3,911.45,939.66,77.44,140.28,0.7345,-1,-1,-1
898,51,964.35,434.26,78.03,226.23,0.7273,-1,-1,-1
898,52,881.02,450.80,63.12,218.59,0.6759,-1,-1,-1
898,64,1574.27,597.41,100.88,226.99,0.5845,-1,-1,-1
898,60,420.21,335.05,62.61,194.91,0.5058,-1,-1,-1
898,65,337.06,353.13,68.96,179.70,0.4901,-1,-1,-1
898,69,1317.91,904.65,122.02,175.36,0.7874,-1,-1,-1
898,70,1751.52,680.65,79.79,239.78,0.5421,-1,-1,-1
899,45,1719.70,457.05,77.27,208.82,0.6370,-1,-1,-1
899,46,301.38,670.53,84.32,252.29,0.7682,-1,-1,-1
899,3,911.26,940.62,76.64,139.33,0.7417,-1,-1,-1
899,51,963.90,431.94,77.47,223.65,0.7276,-1,-1,-1
899,52,880.14,447.79,61.97,214.16,0.6645,-1,-1,-1
899,64,1575.17,599.47,100.06,224.73,0.5773,-1,-1,-1
899,60,419.75,336.13,62.55,193.59,0.5084,-1,-1,-1
899,65,337.13,356.09,68.26,178.52,0.5336,-1,-1,-1
899,69,1315.49,900.26,122.32,179.75,0.7947,-1,-1,-1
899,70,1751.01,680.22,80.03,240.59,0.5102,-1,-1,-1
900,45,1719.81,456.21,77.35,209.47,0.6200,-1,-1,-1
900,46,302.58,671.26,85.38,252.31,0.7702,-1,-1,-1
900,3,911.52,942.13,75.38,137.52,0.7254,-1,-1,-1
900,51,963.30,428.93,77.34,222.82,0.7234,-1,-1,-1
900,52,878.36,445.57,61.83,213.72,0.6726,-1,-1,-1
900,64,1575.14,600.44,99.68,223.76,0.5744,-1,-1,-1
900,60,418.90,336.18,63.52,195.85,0.5176,-1,-1,-1
900,65,335.92,356.34,68.56,180.27,0.5390,-1,-1,-1
900,69,1314.10,895.92,122.59,184.09,0.7993,-1,-1,-1
900,70,1751.10,680.73,79.50,239.42,0.5391,-1,-1,-1
901,45,1720.82,456.96,76.69,207.88,0.6041,-1,-1,-1
901,46,303.54,672.62,85.98,250.27,0.7861,-1,-1,-1
901,3,911.80,943.10,74.43,136.24,0.7376,-1,-1,-1
901,51,963.39,425.38,77.06,222.58,0.7155,-1,-1,-1
901,52,877.40,442.79,61.44,211.63,0.6630,-1,-1,-1
901,64,1575.89,599.40,100.35,225.02,0.5797,-1,-1,-1
901,60,417.55,337.64,64.23,196.94,0.5251,-1,-1,-1
901,65,335.31,354.14,69.00,181.26,0.4905,-1,-1,-1
901,69,1312.51,892.36,122.32,187.64,0.8133,-1,-1,-1
901,70,1749.80,682.18,78.98,237.99,0.5596,-1,-1,-1
902,45,1720.87,456.81,76.60,208.00,0.6083,-1,-1,-1
902,46,303.78,674.65,87.13,249.86,0.8122,-1,-1,-1
902,3,911.90,944.10,73.38,135.10,0.7258,-1,-1,-1
902,51,964.12,422.85,75.59,219.16,0.7300,-1,-1,-1
902,52,876.08,440.57,61.41,210.80,0.6949,-1,-1,-1
902,64,1576.60,599.18,100.18,224.93,0.5811,-1,-1,-1
902,60,417.67,338.20,65.35,200.38,0.5158,-1,-1,-1
902,65,335.00,353.20,69.32,181.40,0.4251,-1,-1,-1
902,69,1310.48,889.03,121.76,190.98,0.8059,-1,-1,-1
902,70,1749.35,682.13,79.15,238.77,0.5493,-1,-1,-1
903,45,1720.53,457.22,76.60,208.26,0.5954,-1,-1,-1
903,46,303.18,676.46,89.11,252.87,0.8223,-1,-1,-1
903,3,911.71,945.16,72.75,134.55,0.7349,-1,-1,-1
903,51,964.34,420.94,74.68,217.90,0.7163,-1,-1,-1
903,52,875.26,438.43,61.50,210.59,0.6910,-1,-1,-1
903,64,1577.14,598.97,100.11,225.33,0.5928,-1,-1,-1
903,60,416.74,340.26,65.99,201.79,0.5506,-1,-1,-1
903,65,334.05,352.39,69.90,181.90,0.3668,-1,-1,-1
903,69,1308.41,885.16,121.55,194.84,0.7814,-1,-1,-1
903,70,1749.99,680.94,79.83,241.25,0.5651,-1,-1,-1
904,45,1721.25,457.19,76.23,207.72,0.6274,-1,-1,-1
904,46,303.06,678.57,90.16,253.70,0.8373,-1,-1,-1
904,3,912.03,946.18,71.94,133.72,0.7201,-1,-1,-1
904,51,964.62,420.07,73.91,217.16,0.7098,-1,-1,-1
904,52,874.22,436.94,62.31,213.12,0.7102,-1,-1,-1
904,64,1576.99,599.32,99.81,224.74,0.5474,-1,-1,-1
904,60,417.94,343.06,66.00,202.45,0.4943,-1,-1,-1
904,65,331.23,353.38,70.24,180.39,0.3802,-1,-1,-1
904,69,1305.68,881.23,121.21,198.77,0.7713,-1,-1,-1
904,70,1751.12,681.86,79.74,240.80,0.5868,-1,-1,-1
905,45,1721.39,456.90,76.19,208.05,0.6410,-1,-1,-1
905,46,303.14,680.33,91.89,257.46,0.8371,-1,-1,-1
905,3,912.13,947.36,71.13,132.61,0.7267,-1,-1,-1
905,51,964.41,418.59,73.88,218.33,0.7308,-1,-1,-1
905,52,873.74,435.19,62.26,213.28,0.7178,-1,-1,-1
905,64,1576.63,598.80,100.11,225.62,0.5767,-1,-1,-1
905,60,417.77,347.40,65.22,200.27,0.4790,-1,-1,-1
905,65,338.13,354.60,68.45,179.46,0.4183,-1,-1,-1
905,69,1303.99,877.99,120.00,201.12,0.7484,-1,-1,-1
905,70,1751.58,682.34,80.37,243.30,0.5758,-1,-1,-1
906,45,1720.72,456.69,76.30,208.75,0.6351,-1,-1,-1
906,46,303.74,682.38,92.96,260.27,0.8409,-1,-1,-1
906,3,912.31,948.97,70.18,131.03,0.7252,-1,-1,-1
906,51,964.23,417.67,73.25,217.80,0.7331,-1,-1,-1
906,52,872.57,434.44,62.39,214.22,0.7389,-1,-1,-1
906,64,1577.30,598.99,99.84,225.35,0.5942,-1,-1,-1
906,60,415.66,348.89,65.57,201.34,0.5884,-1,-1,-1
906,65,341.33,354.36,67.33,180.60,0.4336,-1,-1,-1
906,69,1302.43,875.88,118.50,203.20,0.7586,-1,-1,-1
906,70,1752.44,682.82,79.50,240.47,0.6094,-1,-1,-1
907,45,1720.77,457.14,75.93,207.97,0.6204,-1,-1,-1
907,46,305.17,684.76,91.94,257.33,0.8388,-1,-1,-1
907,3,910.85,949.32,70.35,130.69,0.7460,-1,-1,-1
907,51,964.40,417.27,73.32,219.39,0.6830,-1,-1,-1
907,52,871.76,432.80,62.56,214.73,0.7305,-1,-1,-1
907,64,1578.24,599.27,99.25,224.86,0.5615,-1,-1,-1
907,60,414.62,346.44,67.17,205.48,0.5853,-1,-1,-1
907,65,342.50,357.94,64.93,177.36,0.4179,-1,-1,-1
907,69,1301.60,875.51,116.75,204.14,0.7327,-1,-1,-1
907,70,1753.10,682.98,79.60,240.75,0.6236,-1,-1,-1
908,45,1721.10,457.39,75.51,207.11,0.6245,-1,-1,-1
908,46,306.33,687.28,91.81,257.53,0.8393,-1,-1,-1
908,3,911.34,950.67,69.82,129.34,0.7262,-1,-1,-1
908,51,964.20,417.11,72.80,219.56,0.7232,-1,-1,-1
908,52,870.55,431.87,63.24,217.51,0.7239,-1,-1,-1
908,64,1576.96,598.53,99.56,225.99,0.6038,-1,-1,-1
908,60,413.95,346.66,67.75,206.54,0.5882,-1,-1,-1
908,65,332.76,356.71,66.64,178.18,0.4345,-1,-1,-1
908,69,1300.09,875.13,115.11,204.75,0.7338,-1,-1,-1
908,70,1754.15,683.82,79.55,240.89,0.6295,-1,-1,-1
909,45,1721.00,457.16,75.32,207.23,0.6057,-1,-1,-1
909,46,306.76,689.61,92.18,259.42,0.8418,-1,-1,-1
909,3,910.21,950.58,70.18,129.43,0.7385,-1,-1,-1
909,51,963.61,416.75,72.97,222.02,0.7148,-1,-1,-1
909,52,869.78,431.46,63.42,218.77,0.7266,-1,-1,-1
909,64,1577.30,597.70,99.40,226.50,0.5931,-1,-1,-1
909,60,414.39,352.71,65.71,200.73,0.5978,-1,-1,-1
909,65,328.53,358.33,67.89,179.05,0.5397,-1,-1,-1
909,69,1298.32,873.74,113.83,206.22,0.7358,-1,-1,-1
909,70,1755.04,684.27,79.10,239.51,0.6273,-1,-1,-1
910,45,1721.13,456.74,75.57,208.32,0.6291,-1,-1,-1
910,46,306.66,691.81,92.68,261.78,0.8391,-1,-1,-1
910,3,909.80,951.16,70.33,128.85,0.7346,-1,-1,-1
910,51,962.78,416.67,72.69,222.42,0.7153,-1,-1,-1
910,52,869.65,431.00,63.47,219.26,0.7137,-1,-1,-1
910,64,1576.05,598.15,99.44,226.13,0.5753,-1,-1,-1
910,60,413.78,351.78,65.89,201.24,0.6175,-1,-1,-1
910,65,326.43,358.60,69.96,182.35,0.5745,-1,-1,-1
910,69,1297.01,871.98,112.69,208.01,0.7561,-1,-1,-1
910,70,1755.62,683.74,79.04,239.98,0.6105,-1,-1,-1
911,45,1721.65,457.35,75.33,207.24,0.6297,-1,-1,-1
911,46,306.53,693.70,92.46,262.15,0.8373,-1,-1,-1
911,3,909.72,951.74,70.41,128.27,0.7430,-1,-1,-1
911,51,962.67,415.74,72.42,223.35,0.7068,-1,-1,-1
911,52,869.18,430.25,63.62,220.26,0.7107,-1,-1,-1
911,64,1575.65,598.90,99.27,225.42,0.5510,-1,-1,-1
911,60,413.84,355.34,64.57,197.89,0.6222,-1,-1,-1
911,65,326.62,362.65,70.53,182.04,0.5644,-1,-1,-1
911,69,1294.72,869.41,111.86,210.60,0.7713,-1,-1,-1
911,70,1756.14,683.64,78.86,240.08,0.6088,-1,-1,-1
912,45,1721.76,456.78,75.44,207.55,0.6291,-1,-1,-1
912,46,306.36,695.34,92.39,263.17,0.8344,-1,-1,-1
912,3,910.53,952.86,70.13,127.14,0.7403,-1,-1,-1
912,51,962.27,414.91,71.27,221.18,0.7012,-1,-1,-1
912,52,869.15,429.14,63.24,219.11,0.6911,-1,-1,-1
912,64,1574.88,598.09,99.79,226.17,0.5373,-1,-1,-1
912,60,412.58,353.67,65.22,200.39,0.6220,-1,-1,-1
912,65,326.67,365.91,70.74,181.54,0.5700,-1,-1,-1
912,69,1292.89,866.60,111.17,213.38,0.7658,-1,-1,-1
912,70,1756.65,683.63,78.80,240.59,0.6182,-1,-1,-1
913,45,1721.61,456.18,75.65,208.15,0.5950,-1,-1,-1
913,46,306.26,696.56,91.77,262.50,0.8276,-1,-1,-1
913,3,910.59,953.04,70.30,126.97,0.7401,-1,-1,-1
913,51,961.67,412.97,70.19,218.77,0.6852,-1,-1,-1
913,52,868.36,426.93,63.77,221.24,0.7048,-1,-1,-1
913,64,1575.27,598.39,99.59,225.89,0.5475,-1,-1,-1
913,60,411.98,352.82,65.56,201.46,0.6024,-1,-1,-1
913,65,327.74,367.51,71.50,182.69,0.5164,-1,-1,-1
913,69,1291.09,862.10,111.21,217.90,0.7719,-1,-1,-1
913,70,1756.84,682.40,78.98,241.73,0.6180,-1,-1,-1
914,45,1721.92,456.08,75.54,208.27,0.6204,-1,-1,-1
914,46,306.36,697.24,91.20,261.74,0.8218,-1,-1,-1
914,3,910.24,953.35,70.55,126.66,0.7459,-1,-1,-1
914,51,961.10,410.71,68.62,214.27,0.6973,-1,-1,-1
914,52,867.80,425.86,62.94,218.58,0.6764,-1,-1,-1
914,64,1574.99,597.86,99.98,226.26,0.4642,-1,-1,-1
914,60,412.03,355.09,64.65,198.56,0.5553,-1,-1,-1
914,65,328.00,367.48,72.45,184.65,0.5371,-1,-1,-1
914,69,1288.87,857.95,111.17,222.05,0.7723,-1,-1,-1
914,70,1757.30,681.07,79.25,243.62,0.5932,-1,-1,-1
915,45,1721.65,456.44,75.13,207.64,0.6135,-1,-1,-1
915,46,306.35,698.15,90.57,260.76,0.8161,-1,-1,-1
915,3,909.59,953.76,70.78,126.24,0.7469,-1,-1,-1
915,51,960.27,408.79,67.38,210.82,0.7017,-1,-1,-1
915,52,868.22,422.74,60.37,209.00,0.6626,-1,-1,-1
915,64,1574.79,598.44,99.90,225.85,0.5304,-1,-1,-1
915,60,411.70,355.69,64.38,197.45,0.5396,-1,-1,-1
915,65,328.62,368.72,72.61,185.22,0.5383,-1,-1,-1
915,69,1288.23,854.02,111.13,225.99,0.7732,-1,-1,-1
915,70,1756.85,678.68,79.51,245.57,0.5833,-1,-1,-1
916,45,1721.55,456.20,75.17,207.99,0.6019,-1,-1,-1
916,46,306.19,699.55,89.77,259.15,0.7992,-1,-1,-1
916,3,909.18,953.96,71.13,126.04,0.7433,-1,-1,-1
916,51,959.06,406.81,66.31,207.83,0.7077,-1,-1,-1
916,52,868.02,420.38,59.90,207.18,0.6696,-1,-1,-1
916,64,1574.33,599.59,99.35,224.35,0.5460,-1,-1,-1
916,60,409.12,350.29,66.58,203.13,0.4994,-1,-1,-1
916,65,328.15,370.91,72.12,184.19,0.5289,-1,-1,-1
916,69,1286.75,850.16,111.12,229.85,0.7697,-1,-1,-1
916,70,1755.76,677.04,80.54,250.30,0.5579,-1,-1,-1
917,45,1721.05,456.37,75.05,207.93,0.6346,-1,-1,-1
917,46,305.98,701.69,88.83,256.98,0.8084,-1,-1,-1
917,3,908.71,953.96,71.55,126.05,0.7443,-1,-1,-1
917,51,957.31,404.32,66.20,208.14,0.7379,-1,-1,-1
917,52,866.99,416.78,60.68,210.47,0.6912,-1,-1,-1
917,64,1574.35,599.70,99.48,224.30,0.4534,-1,-1,-1
917,60,409.58,353.79,65.18,199.10,0.5344,-1,-1,-1
917,65,328.06,371.61,72.06,183.95,0.5519,-1,-1,-1
917,69,1285.69,845.83,111.41,234.18,0.7740,-1,-1,-1
917,70,1756.22,675.96,80.46,251.38,0.5489,-1,-1,-1
918,45,1720.88,455.87,75.20,208.89,0.6125,-1,-1,-1
918,46,306.06,702.77,87.98,254.98,0.7995,-1,-1,-1
918,3,908.70,954.51,71.64,125.49,0.7493,-1,-1,-1
918,51,954.65,401.47,66.60,209.61,0.7143,-1,-1,-1
918,52,866.24,414.75,60.87,211.60,0.7007,-1,-1,-1
918,64,1574.51,600.49,99.21,223.60,0.5702,-1,-1,-1
918,60,409.18,351.74,66.43,201.88,0.5581,-1,-1,-1
918,65,328.06,371.89,72.05,183.81,0.5271,-1,-1,-1
918,69,1283.08,841.99,111.45,238.02,0.7655,-1,-1,-1
918,70,1755.38,674.61,80.56,252.74,0.5492,-1,-1,-1
919,45,1720.96,455.57,75.44,210.01,0.6043,-1,-1,-1
919,46,306.51,703.69,87.25,253.06,0.7887,-1,-1,-1
919,3,908.75,954.81,71.92,125.19,0.7415,-1,-1,-1
919,51,953.13,399.02,67.23,211.63,0.7156,-1,-1,-1
919,52,865.78,413.09,61.31,213.17,0.7216,-1,-1,-1
919,64,1574.37,599.35,99.57,224.51,0.5445,-1,-1,-1
919,60,408.15,351.76,67.81,205.24,0.5695,-1,-1,-1
919,65,327.62,373.29,71.82,182.54,0.4922,-1,-1,-1
919,69,1282.22,838.98,111.18,241.03,0.7653,-1,-1,-1
919,70,1756.49,676.04,79.79,251.79,0.5595,-1,-1,-1
920,45,1720.77,455.80,75.24,209.37,0.6082,-1,-1,-1
920,46,306.62,705.36,87.41,253.37,0.7922,-1,-1,-1
920,3,908.60,955.50,72.01,124.51,0.7419,-1,-1,-1
920,51,951.40,396.59,68.06,214.17,0.7448,-1,-1,-1
920,52,865.62,409.27,61.45,213.90,0.7460,-1,-1,-1
920,64,1574.73,599.70,99.32,224.15,0.5432,-1,-1,-1
920,60,408.03,353.56,67.94,205.63,0.5468,-1,-1,-1
920,65,328.36,373.95,71.94,182.35,0.4559,-1,-1,-1
920,69,1280.12,835.66,111.09,244.34,0.7746,-1,-1,-1
920,70,1757.42,677.61,79.28,251.26,0.5527,-1,-1,-1
921,45,1720.67,455.45,75.50,210.28,0.6012,-1,-1,-1
921,46,306.47,706.81,87.57,253.92,0.7886,-1,-1,-1
921,3,907.88,955.30,72.37,124.61,0.7195,-1,-1,-1
921,51,949.67,394.85,69.00,216.04,0.7418,-1,-1,-1
921,52,865.18,407.63,61.98,216.17,0.7616,-1,-1,-1
921,64,1574.98,600.76,99.04,223.26,0.5395,-1,-1,-1
921,60,407.22,355.34,68.46,207.10,0.5529,-1,-1,-1
921,65,328.28,374.22,71.89,181.64,0.4747,-1,-1,-1
921,69,1279.19,833.40,110.34,246.61,0.7704,-1,-1,-1
921,70,1757.88,678.35,78.81,250.65,0.5598,-1,-1,-1
922,45,1720.47,455.38,75.32,209.91,0.6094,-1,-1,-1
922,46,306.12,708.35,88.30,256.48,0.7726,-1,-1,-1
922,3,907.45,955.32,72.76,124.65,0.7304,-1,-1,-1
922,51,948.48,393.38,69.83,217.50,0.7355,-1,-1,-1
922,52,865.07,406.72,61.87,216.39,0.7642,-1,-1,-1
922,64,1575.21,600.06,99.17,223.78,0.4984,-1,-1,-1
922,60,406.40,358.15,68.07,205.65,0.5427,-1,-1,-1
922,65,327.94,374.63,72.27,181.38,0.4927,-1,-1,-1
922,69,1277.63,831.44,109.44,248.34,0.7847,-1,-1,-1
922,70,1758.12,677.73,78.64,251.04,0.5386,-1,-1,-1
923,45,1720.00,455.73,75.40,210.03,0.6225,-1,-1,-1
923,46,305.98,710.07,88.57,257.78,0.7699,-1,-1,-1
923,3,907.75,955.66,72.99,124.33,0.7330,-1,-1,-1
923,51,947.71,392.54,70.92,219.22,0.7378,-1,-1,-1
923,52,864.72,406.16,61.88,217.30,0.7652,-1,-1,-1
923,64,1574.50,598.99,99.88,225.02,0.5140,-1,-1,-1
923,60,405.60,360.27,68.07,205.35,0.5231,-1,-1,-1
923,65,327.82,374.91,72.35,181.21,0.4715,-1,-1,-1
923,69,1277.02,829.68,108.61,250.07,0.7879,-1,-1,-1
923,70,1757.61,677.67,78.06,250.45,0.5799,-1,-1,-1
924,45,1719.88,455.57,75.53,209.92,0.6284,-1,-1,-1
924,46,305.64,711.63,89.27,260.97,0.7529,-1,-1,-1
924,3,907.77,955.85,73.24,124.15,0.7353,-1,-1,-1
924,51,946.74,391.76,72.25,221.20,0.7562,-1,-1,-1
924,52,864.81,405.80,61.38,215.99,0.7512,-1,-1,-1
924,64,1574.34,598.72,100.03,225.41,0.4692,-1,-1,-1
924,60,404.56,361.80,69.20,208.18,0.5484,-1,-1,-1
924,65,328.08,376.16,71.93,180.36,0.5056,-1,-1,-1
924,69,1276.34,828.72,107.29,249.77,0.7901,-1,-1,-1
924,70,1755.83,676.08,77.57,249.32,0.5560,-1,-1,-1
925,45,1719.30,455.37,75.82,210.41,0.6063,-1,-1,-1
925,46,306.09,714.17,89.03,261.42,0.7442,-1,-1,-1
925,3,907.40,955.25,73.76,124.75,0.7232,-1,-1,-1
925,51,945.33,391.56,73.09,221.86,0.7579,-1,-1,-1
925,52,864.42,405.61,61.23,215.61,0.7586,-1,-1,-1
925,64,1574.63,598.14,100.51,227.73,0.3539,-1,-1,-1
925,60,402.85,363.21,70.18,210.77,0.5779,-1,-1,-1
925,65,327.67,377.22,71.75,180.24,0.5638,-1,-1,-1
925,69,1275.35,828.31,106.11,248.98,0.7774,-1,-1,-1
925,70,1755.69,676.32,77.30,248.60,0.5357,-1,-1,-1
926,45,1719.48,455.82,75.69,209.74,0.5818,-1,-1,-1
926,46,306.85,717.07,88.79,261.36,0.7453,-1,-1,-1
926,3,908.07,955.42,73.97,124.58,0.7306,-1,-1,-1
926,51,944.02,391.44,73.92,222.09,0.7609,-1,-1,-1
926,52,863.99,405.28,61.13,215.47,0.7059,-1,-1,-1
926,64,1574.94,598.23,100.22,228.44,0.3214,-1,-1,-1
926,60,401.59,363.81,70.89,212.21,0.5012,-1,-1,-1
926,65,327.83,378.90,71.45,180.17,0.5356,-1,-1,-1
926,69,1273.66,826.94,105.63,250.90,0.7913,-1,-1,-1
926,70,1756.09,676.82,77.61,249.79,0.5894,-1,-1,-1
927,45,1719.44,456.02,75.67,209.44,0.6102,-1,-1,-1
927,46,307.10,720.00,89.12,263.40,0.7486,-1,-1,-1
927,3,907.84,955.12,74.21,124.88,0.7388,-1,-1,-1
927,51,943.56,390.92,74.31,221.07,0.7727,-1,-1,-1
927,52,863.52,404.71,60.78,214.19,0.7403,-1,-1,-1
927,64,1574.52,597.91,99.75,227.06,0.4290,-1,-1,-1
927,60,401.52,364.93,70.89,212.07,0.4950,-1,-1,-1
927,65,327.76,381.93,71.27,180.77,0.5715,-1,-1,-1
927,69,1271.36,825.19,105.17,252.55,0.8028,-1,-1,-1
927,70,1756.27,676.70,78.25,252.27,0.5862,-1,-1,-1
928,45,1719.23,456.24,75.61,209.02,0.6034,-1,-1,-1
928,46,308.55,724.39,88.78,264.09,0.7731,-1,-1,-1
928,3,907.64,954.90,74.50,125.10,0.7213,-1,-1,-1
928,51,943.37,389.88,74.86,221.06,0.7677,-1,-1,-1
928,52,862.81,403.96,60.88,214.50,0.7359,-1,-1,-1
928,64,1575.63,598.00,99.66,228.22,0.4129,-1,-1,-1
928,60,400.47,364.42,71.27,212.53,0.5128,-1,-1,-1
928,65,327.50,383.89,71.96,183.82,0.5215,-1,-1,-1
928,69,1268.59,822.59,105.14,255.74,0.7778,-1,-1,-1
928,70,1756.05,676.03,78.43,252.93,0.5873,-1,-1,-1
929,45,1718.92,456.19,75.77,209.26,0.6077,-1,-1,-1
929,46,310.07,726.81,88.59,265.02,0.7941,-1,-1,-1
929,3,907.93,955.00,74.60,125.00,0.7308,-1,-1,-1
929,51,942.64,388.44,75.34,221.39,0.7689,-1,-1,-1
929,52,861.67,401.99,61.41,215.94,0.7441,-1,-1,-1
929,64,1576.93,598.47,98.81,227.95,0.3661,-1,-1,-1
929,60,399.73,364.65,71.49,212.32,0.5722,-1,-1,-1
929,65,327.91,385.44,72.66,186.37,0.5337,-1,-1,-1
929,69,1266.51,818.12,105.29,259.78,0.7775,-1,-1,-1
929,70,1755.96,676.49,78.32,252.14,0.5928,-1,-1,-1
930,45,1719.25,456.32,75.73,209.18,0.5972,-1,-1,-1
930,46,311.78,728.91,87.41,262.59,0.7748,-1,-1,-1
930,3,907.00,954.61,74.94,125.29,0.7199,-1,-1,-1
930,51,942.00,386.25,75.96,222.42,0.7702,-1,-1,-1
930,52,861.46,399.75,61.27,214.82,0.7166,-1,-1,-1
930,64,1577.49,598.33,98.10,227.96,0.3744,-1,-1,-1
930,60,399.11,364.98,70.94,209.87,0.5125,-1,-1,-1
930,65,328.58,387.12,73.01,187.56,0.4991,-1,-1,-1
930,69,1264.72,814.32,105.88,264.91,0.7959,-1,-1,-1
930,70,1754.92,676.95,78.73,251.64,0.5852,-1,-1,-1
931,45,1719.33,456.32,75.70,208.93,0.5655,-1,-1,-1
931,46,313.85,730.73,86.28,259.79,0.7860,-1,-1,-1
931,3,907.63,954.94,75.03,125.02,0.7312,-1,-1,-1
931,51,941.79,384.12,75.61,220.93,0.7591,-1,-1,-1
931,52,861.87,399.08,59.13,205.79,0.6985,-1,-1,-1
931,64,1576.60,597.83,97.69,226.99,0.5214,-1,-1,-1
931,60,398.54,367.00,70.17,206.11,0.4992,-1,-1,-1
931,65,328.28,388.34,73.41,189.02,0.5052,-1,-1,-1
931,69,1263.09,810.18,106.08,269.57,0.7848,-1,-1,-1
931,70,1753.36,675.99,79.46,252.49,0.6228,-1,-1,-1
932,45,1719.57,456.09,75.81,209.46,0.5773,-1,-1,-1
932,46,315.86,731.92,85.27,257.29,0.7789,-1,-1,-1
932,3,907.94,954.61,75.36,125.37,0.7311,-1,-1,-1
932,51,942.55,381.58,74.98,218.63,0.7427,-1,-1,-1
932,52,861.49,396.83,58.60,202.50,0.6496,-1,-1,-1
932,64,1576.54,598.02,97.39,226.36,0.5558,-1,-1,-1
932,60,397.88,365.87,71.10,208.34,0.4776,-1,-1,-1
932,65,328.20,388.96,72.90,188.11,0.4633,-1,-1,-1
932,69,1261.73,805.67,106.26,274.27,0.7908,-1,-1,-1
932,70,1752.51,675.64,79.99,252.20,0.6170,-1,-1,-1
933,45,1719.54,455.95,75.81,209.77,0.5541,-1,-1,-1
933,46,317.22,733.33,85.15,257.01,0.7948,-1,-1,-1
933,3,908.19,954.54,75.58,125.45,0.7420,-1,-1,-1
933,51,942.83,379.19,74.05,214.93,0.7366,-1,-1,-1
933,52,861.07,395.09,58.17,199.32,0.6489,-1,-1,-1
933,64,1575.69,596.18,98.23,228.18,0.5280,-1,-1,-1
933,60,396.54,366.31,71.32,207.73,0.5203,-1,-1,-1
933,65,328.13,389.99,72.44,187.56,0.4267,-1,-1,-1
933,69,1261.34,802.21,105.18,275.63,0.7758,-1,-1,-1
933,70,1751.21,674.95,80.79,253.62,0.6317,-1,-1,-1
934,45,1719.55,455.90,75.77,210.04,0.5782,-1,-1,-1
934,46,318.44,734.57,85.03,256.29,0.8049,-1,-1,-1
934,3,908.25,954.05,76.03,125.95,0.7528,-1,-1,-1
934,51,943.11,376.70,73.79,213.93,0.7234,-1,-1,-1
934,52,860.20,393.18,58.99,200.76,0.6633,-1,-1,-1
934,64,1575.95,596.02,98.30,228.48,0.5555,-1,-1,-1
934,60,395.44,367.78,71.37,206.70,0.5506,-1,-1,-1
934,65,329.02,391.36,71.95,186.83,0.3420,-1,-1,-1
934,69,1261.06,799.15,103.31,274.52,0.7781,-1,-1,-1
934,70,1751.00,675.26,80.95,252.53,0.6110,-1,-1,-1
935,45,1719.97,456.23,75.54,209.57,0.5750,-1,-1,-1
935,46,319.91,736.07,85.39,256.16,0.8270,-1,-1,-1
935,3,907.99,953.69,76.36,126.31,0.7409,-1,-1,-1
935,51,943.42,374.38,72.75,211.53,0.7351,-1,-1,-1
935,52,859.88,391.06,59.44,201.08,0.6729,-1,-1,-1
935,64,1575.89,595.97,98.48,228.87,0.5815,-1,-1,-1
935,60,394.34,369.00,71.75,205.95,0.5367,-1,-1,-1
935,65,335.52,394.30,69.41,183.26,0.3328,-1,-1,-1
935,69,1261.26,796.18,101.82,273.87,0.7687,-1,-1,-1
935,70,1750.97,674.54,82.07,254.51,0.6210,-1,-1,-1
936,45,1720.14,455.99,75.12,209.03,0.5626,-1,-1,-1
936,46,321.13,737.00,85.52,254.87,0.8217,-1,-1,-1
936,3,907.85,952.40,76.85,127.20,0.7263,-1,-1,-1
936,51,943.11,373.48,72.04,210.46,0.7074,-1,-1,-1
936,52,859.38,389.07,60.90,205.82,0.6694,-1,-1,-1
936,64,1576.59,596.36,98.09,227.93,0.5664,-1,-1,-1
936,60,392.41,368.96,74.07,211.46,0.6004,-1,-1,-1
936,65,337.51,395.10,67.87,181.57,0.3713,-1,-1,-1
936,69,1260.69,793.04,101.94,277.52,0.7683,-1,-1,-1
936,70,1751.06,674.34,82.39,254.15,0.6006,-1,-1,-1
937,45,1720.44,456.34,74.90,208.97,0.5534,-1,-1,-1
937,46,322.49,738.09,85.96,253.76,0.8362,-1,-1,-1
937,3,908.06,952.42,77.02,127.42,0.7434,-1,-1,-1
937,51,942.77,372.76,71.62,210.69,0.6928,-1,-1,-1
937,52,858.83,388.18,61.64,208.25,0.6903,-1,-1,-1
937,64,1576.27,595.98,98.40,228.25,0.5386,-1,-1,-1
937,60,390.68,369.08,76.07,216.42,0.6123,-1,-1,-1
937,65,338.57,395.16,66.89,181.58,0.3771,-1,-1,-1
937,69,1259.87,790.62,101.72,279.71,0.7771,-1,-1,-1
937,70,1750.62,674.09,83.01,255.04,0.6187,-1,-1,-1
938,45,1720.18,456.62,74.84,208.91,0.5749,-1,-1,-1
938,46,323.17,738.76,87.05,254.51,0.8321,-1,-1,-1
938,3,908.52,951.67,77.36,128.28,0.7529,-1,-1,-1
938,51,941.77,370.85,71.74,213.14,0.7000,-1,-1,-1
938,52,858.27,386.47,61.92,209.16,0.6811,-1,-1,-1
938,64,1576.34,596.71,98.17,227.64,0.5618,-1,-1,-1
938,60,390.58,370.69,76.74,217.84,0.5653,-1,-1,-1
938,65,339.61,394.50,66.20,181.99,0.3945,-1,-1,-1
938,69,1258.22,788.07,101.87,283.23,0.7855,-1,-1,-1
938,70,1749.95,673.74,83.41,254.98,0.6238,-1,-1,-1
939,45,1720.10,456.51,74.92,209.72,0.5561,-1,-1,-1
939,46,322.96,739.86,88.51,257.08,0.8307,-1,-1,-1
939,3,909.93,950.79,77.59,129.19,0.7237,-1,-1,-1
939,51,941.70,369.81,71.42,214.12,0.6714,-1,-1,-1
939,52,858.00,386.22,62.17,210.22,0.6648,-1,-1,-1
939,64,1575.33,595.20,98.82,229.15,0.5186,-1,-1,-1
939,60,391.56,376.97,75.94,214.69,0.5984,-1,-1,-1
939,65,339.97,393.92,65.72,182.93,0.3961,-1,-1,-1
939,69,1257.29,785.89,101.43,285.05,0.7899,-1,-1,-1
939,70,1748.78,674.57,83.50,254.41,0.6270,-1,-1,-1
940,45,1720.12,456.25,74.84,209.90,0.5598,-1,-1,-1
940,46,322.65,740.90,90.10,260.95,0.8254,-1,-1,-1
940,3,910.41,949.70,77.89,130.30,0.7619,-1,-1,-1
940,51,941.23,369.36,71.03,214.53,0.6936,-1,-1,-1
940,52,858.23,386.09,62.21,210.77,0.6759,-1,-1,-1
940,64,1575.05,595.37,98.72,228.88,0.5332,-1,-1,-1
940,60,391.81,381.68,75.01,211.60,0.5956,-1,-1,-1
940,65,339.52,393.69,65.14,183.44,0.4060,-1,-1,-1
940,69,1255.69,784.30,100.55,285.78,0.7855,-1,-1,-1
940,70,1747.89,674.01,83.63,253.90,0.6361,-1,-1,-1
941,45,1719.73,456.44,74.58,209.10,0.5794,-1,-1,-1
941,46,322.56,742.95,92.12,266.65,0.8184,-1,-1,-1
941,3,910.80,948.66,78.21,131.34,0.7510,-1,-1,-1
941,51,940.08,368.53,70.89,215.88,0.7170,-1,-1,-1
941,52,858.12,385.71,62.38,211.59,0.7097,-1,-1,-1
941,64,1574.72,595.33,98.90,229.35,0.5657,-1,-1,-1
941,60,390.84,383.25,75.42,212.40,0.6215,-1,-1,-1
941,65,338.90,394.12,64.26,183.54,0.3773,-1,-1,-1
941,69,1253.97,783.00,100.14,287.82,0.7844,-1,-1,-1
941,70,1748.27,674.04,84.09,254.22,0.6634,-1,-1,-1
942,45,1719.66,456.23,74.75,209.87,0.5558,-1,-1,-1
942,46,322.83,746.42,92.78,268.59,0.8173,-1,-1,-1
942,3,911.25,947.49,78.44,132.51,0.7628,-1,-1,-1
942,51,939.59,368.16,70.39,215.81,0.7131,-1,-1,-1
942,52,858.11,384.93,62.54,212.40,0.7000,-1,-1,-1
942,64,1574.51,594.90,99.10,229.87,0.5416,-1,-1,-1
942,60,391.26,385.49,75.37,212.09,0.5921,-1,-1,-1
942,65,338.68,393.83,64.17,185.12,0.3791,-1,-1,-1
942,69,1252.53,782.60,99.09,287.39,0.7773,-1,-1,-1
942,70,1748.27,672.82,84.40,253.88,0.6571,-1,-1,-1
943,45,1719.64,456.30,74.54,209.49,0.5679,-1,-1,-1
943,46,323.52,750.02,92.46,267.43,0.8184,-1,-1,-1
943,3,911.77,946.00,78.78,134.01,0.7552,-1,-1,-1
943,51,938.77,366.93,70.36,216.81,0.7132,-1,-1,-1
943,52,858.09,383.74,62.52,212.32,0.6829,-1,-1,-1
943,64,1574.80,595.39,98.74,229.02,0.5493,-1,-1,-1
943,60,392.21,387.28,75.03,211.08,0.5718,-1,-1,-1
943,65,336.96,395.74,63.81,185.80,0.3421,-1,-1,-1
943,69,1251.37,781.75,98.07,287.11,0.7748,-1,-1,-1
943,70,1747.40,671.71,84.99,254.78,0.6662,-1,-1,-1
944,45,1719.49,456.41,74.57,210.13,0.5650,-1,-1,-1
944,46,324.19,753.61,91.55,264.42,0.8223,-1,-1,-1
944,3,912.88,944.64,79.02,135.36,0.7344,-1,-1,-1
944,51,937.49,366.02,70.03,216.82,0.6967,-1,-1,-1
944,52,857.74,382.05,62.81,213.58,0.6917,-1,-1,-1
944,64,1574.55,594.71,98.90,229.67,0.5490,-1,-1,-1
944,60,392.47,388.20,74.70,209.89,0.5440,-1,-1,-1
944,65,336.17,400.47,63.49,186.44,0.3285,-1,-1,-1
944,69,1249.90,779.76,97.41,287.22,0.7731,-1,-1,-1
944,70,1746.83,672.82,85.03,254.24,0.6759,-1,-1,-1
945,45,1719.19,456.06,74.77,211.03,0.5424,-1,-1,-1
945,46,324.21,756.31,91.39,264.03,0.8237,-1,-1,-1
945,3,913.58,943.79,79.01,136.22,0.7561,-1,-1,-1
945,51,937.51,364.44,69.37,216.71,0.6919,-1,-1,-1
945,52,857.54,379.65,62.66,212.88,0.6940,-1,-1,-1
945,64,1575.14,595.63,98.51,228.84,0.5612,-1,-1,-1
945,60,392.88,388.81,74.64,209.46,0.5449,-1,-1,-1
945,65,337.05,408.52,62.77,184.67,0.3736,-1,-1,-1
945,69,1248.78,777.39,97.07,288.68,0.7645,-1,-1,-1
945,70,1746.28,673.42,85.02,253.48,0.6790,-1,-1,-1
946,45,1719.50,456.94,74.16,209.20,0.5699,-1,-1,-1
946,46,324.36,759.40,91.48,264.51,0.8211,-1,-1,-1
946,3,915.09,943.43,78.55,136.58,0.7576,-1,-1,-1
946,51,936.57,362.68,68.62,216.18,0.6461,-1,-1,-1
946,52,857.39,377.21,63.14,214.05,0.6500,-1,-1,-1
946,64,1576.01,596.90,97.58,226.80,0.5642,-1,-1,-1
946,60,391.69,388.88,74.80,209.68,0.5928,-1,-1,-1
946,65,331.78,409.43,64.20,187.32,0.4692,-1,-1,-1
946,69,1247.83,774.87,95.25,284.70,0.7755,-1,-1,-1
946,70,1745.13,673.17,85.37,253.09,0.6623,-1,-1,-1
947,45,1719.49,457.53,73.98,208.92,0.5719,-1,-1,-1
947,46,323.82,760.81,92.21,266.96,0.8233,-1,-1,-1
947,3,915.62,941.88,78.71,138.13,0.7545,-1,-1,-1
947,51,935.82,360.97,66.92,212.11,0.6498,-1,-1,-1
947,52,857.24,374.66,62.77,212.02,0.6626,-1,-1,-1
947,64,1576.52,597.14,97.66,226.93,0.5836,-1,-1,-1
947,60,391.79,388.74,74.84,210.02,0.5913,-1,-1,-1
947,65,330.64,411.55,64.59,187.60,0.4783,-1,-1,-1
947,69,1246.95,771.81,93.89,281.95,0.7636,-1,-1,-1
947,70,1744.96,670.02,86.07,254.35,0.6922,-1,-1,-1
948,45,1719.42,457.33,73.90,208.99,0.5736,-1,-1,-1
948,46,322.80,762.72,92.56,268.74,0.8271,-1,-1,-1
948,3,916.36,940.40,78.87,139.60,0.7534,-1,-1,-1
948,51,935.06,358.15,65.52,209.02,0.6509,-1,-1,-1
948,52,856.83,371.46,62.85,211.77,0.6633,-1,-1,-1
948,64,1576.19,595.88,98.19,228.17,0.5923,-1,-1,-1
948,60,391.61,388.73,74.77,209.93,0.5565,-1,-1,-1
948,65,329.76,412.98,64.81,188.09,0.4738,-1,-1,-1
948,69,1245.54,768.91,92.29,278.88,0.7740,-1,-1,-1
948,70,1743.65,669.59,87.10,255.07,0.6816,-1,-1,-1
949,45,1719.31,456.93,73.77,208.94,0.5777,-1,-1,-1
949,46,322.92,764.14,92.35,268.55,0.8215,-1,-1,-1
949,3,917.39,939.28,78.79,140.72,0.7384,-1,-1,-1
949,51,933.62,355.85,65.36,209.36,0.6396,-1,-1,-1
949,52,856.33,368.91,62.98,211.64,0.6659,-1,-1,-1
949,64,1576.41,594.95,98.62,229.46,0.5765,-1,-1,-1
949,60,391.76,390.05,74.25,208.58,0.5626,-1,-1,-1
949,65,326.44,413.47,65.81,190.18,0.5549,-1,-1,-1
949,69,1245.17,764.60,90.62,275.35,0.7646,-1,-1,-1
949,70,1744.05,670.05,86.25,251.77,0.6772,-1,-1,-1
950,45,1719.35,456.36,74.00,209.89,0.5724,-1,-1,-1
950,46,322.29,765.27,91.90,267.68,0.8230,-1,-1,-1
950,3,918.30,937.66,78.77,142.34,0.7546,-1,-1,-1
950,51,931.27,352.70,65.33,209.27,0.6464,-1,-1,-1
950,52,857.14,366.79,61.87,206.73,0.6532,-1,-1,-1
950,64,1576.05,594.97,98.48,229.01,0.5690,-1,-1,-1
950,60,390.88,390.10,74.41,209.01,0.5825,-1,-1,-1
950,65,326.29,414.29,65.94,190.12,0.5082,-1,-1,-1
950,69,1244.92,759.83,88.24,268.78,0.7694,-1,-1,-1
950,70,1743.50,667.88,87.65,255.49,0.6781,-1,-1,-1
951,45,1719.27,456.14,74.21,210.77,0.5724,-1,-1,-1
951,46,322.08,766.78,91.33,266.11,0.8161,-1,-1,-1
951,3,918.74,936.75,78.51,143.25,0.7622,-1,-1,-1
951,51,930.08,349.82,65.58,210.09,0.6525,-1,-1,-1
951,52,856.78,365.09,62.00,205.89,0.6683,-1,-1,-1
951,64,1576.08,594.78,98.67,229.30,0.5811,-1,-1,-1
951,60,391.00,390.62,73.96,207.50,0.5044,-1,-1,-1
951,65,325.05,414.76,66.49,189.91,0.4985,-1,-1,-1
951,69,1243.88,754.91,87.35,266.76,0.7678,-1,-1,-1
951,70,1743.53,667.53,87.68,255.18,0.6549,-1,-1,-1
952,45,1719.07,456.28,74.18,210.97,0.5726,-1,-1,-1
952,46,321.98,768.28,90.86,264.97,0.8045,-1,-1,-1
952,3,919.82,935.91,78.20,144.09,0.7728,-1,-1,-1
952,51,929.24,347.31,66.03,211.78,0.6930,-1,-1,-1
952,52,856.27,363.65,62.37,205.78,0.6919,-1,-1,-1
952,64,1576.11,595.65,98.50,228.37,0.5729,-1,-1,-1
952,60,391.74,390.79,73.69,206.88,0.5189,-1,-1,-1
952,65,325.37,415.02,66.70,189.53,0.4294,-1,-1,-1
952,69,1242.07,751.49,87.32,266.88,0.7631,-1,-1,-1
952,70,1743.29,667.78,88.29,256.19,0.6676,-1,-1,-1
953,45,1719.24,456.79,73.88,210.00,0.5683,-1,-1,-1
953,46,321.42,769.84,90.31,263.53,0.8138,-1,-1,-1
953,3,921.04,935.22,77.83,144.78,0.7791,-1,-1,-1
953,51,927.88,345.95,66.11,211.69,0.7090,-1,-1,-1
953,52,855.39,362.26,63.18,206.63,0.6847,-1,-1,-1
953,64,1576.33,594.88,98.84,229.00,0.6081,-1,-1,-1
953,60,391.54,393.37,74.07,207.66,0.5562,-1,-1,-1
953,65,324.19,414.41,67.54,190.50,0.4314,-1,-1,-1
953,69,1240.95,749.87,86.96,265.99,0.7807,-1,-1,-1
953,70,1743.14,668.20,88.42,255.77,0.6717,-1,-1,-1
954,45,1719.66,456.64,73.79,209.77,0.5800,-1,-1,-1
954,46,321.89,771.38,89.73,262.13,0.8180,-1,-1,-1
954,3,921.87,934.52,77.45,145.48,0.7647,-1,-1,-1
954,51,926.65,344.96,66.36,211.74,0.7074,-1,-1,-1
954,52,854.37,360.79,63.87,207.65,0.6716,-1,-1,-1
954,64,1576.49,596.08,98.52,228.25,0.5787,-1,-1,-1
954,60,390.04,394.15,75.10,210.12,0.6113,-1,-1,-1
954,65,322.99,414.74,67.45,189.73,0.4585,-1,-1,-1
954,69,1238.74,748.28,87.23,266.28,0.7781,-1,-1,-1
954,70,1743.16,669.12,88.47,255.14,0.6836,-1,-1,-1
955,45,1719.41,456.16,74.05,210.27,0.5747,-1,-1,-1
955,46,322.07,773.01,89.09,260.37,0.8190,-1,-1,-1
955,3,922.58,934.17,76.81,145.83,0.7775,-1,-1,-1
955,51,926.45,343.79,66.66,211.86,0.6881,-1,-1,-1
955,52,853.83,360.17,64.39,208.49,0.6666,-1,-1,-1
955,64,1576.29,594.40,99.11,229.65,0.5886,-1,-1,-1
955,60,389.89,396.36,75.99,212.11,0.5808,-1,-1,-1
955,65,322.87,417.13,65.48,182.27,0.4147,-1,-1,-1
955,69,1237.18,746.10,87.69,267.79,0.7886,-1,-1,-1
955,70,1743.12,668.68,88.43,254.31,0.6737,-1,-1,-1
956,45,1719.66,456.42,74.00,210.22,0.5833,-1,-1,-1
956,46,321.88,773.47,88.81,259.49,0.8289,-1,-1,-1
956,3,923.02,933.50,76.48,146.50,0.7815,-1,-1,-1
956,51,925.59,343.53,67.76,214.21,0.6929,-1,-1,-1
956,52,852.85,360.06,65.05,209.82,0.6588,-1,-1,-1
956,64,1577.59,594.63,98.74,229.34,0.5545,-1,-1,-1
956,60,389.82,399.70,76.24,212.55,0.6056,-1,-1,-1
956,65,322.72,418.36,65.39,180.95,0.4541,-1,-1,-1
956,69,1235.08,744.01,88.00,268.96,0.7904,-1,-1,-1
956,70,1742.87,668.01,88.63,254.18,0.6592,-1,-1,-1
957,45,1719.37,456.24,74.02,210.18,0.5699,-1,-1,-1
957,46,321.72,774.15,88.69,259.41,0.8345,-1,-1,-1
957,3,923.56,933.08,76.17,146.92,0.7782,-1,-1,-1
957,51,923.98,343.43,68.53,214.82,0.6919,-1,-1,-1
957,52,852.18,360.41,64.82,208.19,0.6745,-1,-1,-1
957,64,1579.08,593.70,98.57,230.23,0.5680,-1,-1,-1
957,60,388.94,403.32,76.58,213.17,0.6145,-1,-1,-1
957,65,322.92,419.00,65.58,181.31,0.4293,-1,-1,-1
957,69,1234.72,742.77,85.91,260.29,0.7515,-1,-1,-1
957,70,1742.20,669.12,88.49,251.87,0.6707,-1,-1,-1
958,45,1719.29,455.97,74.17,210.50,0.5800,-1,-1,-1
958,46,321.33,775.11,89.35,261.98,0.8283,-1,-1,-1
958,3,924.31,932.67,75.86,147.33,0.7847,-1,-1,-1
958,51,924.41,343.21,69.09,215.38,0.6937,-1,-1,-1
958,52,851.58,359.95,65.04,207.87,0.6789,-1,-1,-1
958,64,1579.28,594.93,97.76,228.75,0.5441,-1,-1,-1
958,60,387.78,405.03,77.27,215.06,0.5994,-1,-1,-1
958,65,323.40,419.52,66.16,183.05,0.4483,-1,-1,-1
958,69,1233.36,741.51,86.21,259.70,0.7563,-1,-1,-1
958,70,1741.59,668.12,89.56,253.51,0.6617,-1,-1,-1
959,45,1719.35,456.34,73.90,209.50,0.5786,-1,-1,-1
959,46,320.93,777.09,89.41,262.87,0.7966,-1,-1,-1
959,3,924.92,932.62,75.40,147.38,0.7850,-1,-1,-1
959,51,924.73,342.86,69.47,216.01,0.6845,-1,-1,-1
959,52,851.72,359.15,64.81,206.01,0.6789,-1,-1,-1
959,64,1579.63,596.11,97.14,228.03,0.5639,-1,-1,-1
959,60,386.84,408.21,76.99,214.14,0.6066,-1,-1,-1
959,65,322.13,420.81,67.16,185.71,0.5237,-1,-1,-1
959,69,1232.13,740.40,85.02,253.14,0.7574,-1,-1,-1
959,70,1741.70,668.46,89.13,252.31,0.6471,-1,-1,-1
960,45,1719.26,455.74,74.24,210.35,0.5896,-1,-1,-1
960,46,320.72,779.39,89.21,262.98,0.8038,-1,-1,-1
960,3,925.42,932.21,75.20,147.79,0.7891,-1,-1,-1
960,51,924.80,341.51,69.70,216.24,0.6971,-1,-1,-1
960,52,851.03,356.25,65.26,206.88,0.6894,-1,-1,-1
960,64,1579.13,593.42,98.09,230.53,0.5780,-1,-1,-1
960,60,389.49,411.84,76.05,211.98,0.5336,-1,-1,-1
960,65,321.95,420.43,67.48,187.75,0.4973,-1,-1,-1
960,69,1228.83,738.81,86.66,255.95,0.7923,-1,-1,-1
960,70,1742.18,668.71,89.27,252.21,0.6832,-1,-1,-1
961,45,1719.50,455.58,74.36,210.54,0.5976,-1,-1,-1
961,46,321.27,783.48,88.51,261.59,0.8184,-1,-1,-1
961,3,925.93,931.83,74.95,148.17,0.7791,-1,-1,-1
961,51,924.94,340.33,70.09,217.01,0.6919,-1,-1,-1
961,52,849.90,353.03,65.05,205.84,0.6868,-1,-1,-1
961,64,1578.04,593.47,98.16,230.36,0.5437,-1,-1,-1
961,60,390.23,413.02,75.73,211.40,0.5707,-1,-1,-1
961,65,320.13,421.78,68.13,190.48,0.5794,-1,-1,-1
961,69,1225.89,736.60,87.48,256.02,0.7770,-1,-1,-1
961,70,1742.21,669.58,89.48,252.33,0.6776,-1,-1,-1
962,45,1719.41,455.45,74.12,209.89,0.5948,-1,-1,-1
962,46,321.51,786.34,87.94,260.56,0.8295,-1,-1,-1
962,3,926.42,931.80,74.61,148.20,0.7877,-1,-1,-1
962,51,925.66,338.60,70.12,216.72,0.6872,-1,-1,-1
962,52,849.39,350.05,64.65,203.85,0.6832,-1,-1,-1
962,64,1577.37,591.18,99.25,232.61,0.5474,-1,-1,-1
962,60,391.48,415.09,74.98,209.58,0.5330,-1,-1,-1
962,65,318.37,421.20,69.42,195.22,0.5732,-1,-1,-1
962,69,1223.51,733.25,88.02,255.99,0.7650,-1,-1,-1
962,70,1741.75,666.97,91.39,257.70,0.6720,-1,-1,-1
963,45,1719.47,455.34,74.10,209.82,0.5758,-1,-1,-1
963,46,322.06,789.26,88.45,262.82,0.8183,-1,-1,-1
963,3,926.92,931.65,74.34,148.35,0.7773,-1,-1,-1
963,51,924.83,336.35,70.51,217.99,0.6826,-1,-1,-1
963,52,848.87,348.08,64.40,203.10,0.6767,-1,-1,-1
963,64,1576.60,591.47,99.68,232.48,0.5526,-1,-1,-1
963,60,391.82,415.70,74.76,209.13,0.5554,-1,-1,-1
963,65,317.59,420.42,70.44,199.57,0.5817,-1,-1,-1
963,69,1220.75,730.36,89.29,259.27,0.7674,-1,-1,-1
963,70,1742.00,667.81,90.74,255.39,0.6636,-1,-1,-1
964,45,1719.14,455.61,74.18,210.10,0.5691,-1,-1,-1
964,46,322.45,792.18,89.21,266.65,0.8268,-1,-1,-1
964,3,927.07,931.83,73.99,148.17,0.7843,-1,-1,-1
964,51,923.94,334.00,70.46,217.52,0.6622,-1,-1,-1
964,52,847.86,346.59,64.10,202.48,0.6549,-1,-1,-1
964,64,1575.67,589.58,100.68,234.79,0.5430,-1,-1,-1
964,60,391.92,416.77,74.33,208.01,0.5666,-1,-1,-1
964,65,317.98,423.27,69.47,198.53,0.6053,-1,-1,-1
964,69,1217.88,727.46,91.12,265.75,0.7785,-1,-1,-1
964,70,1741.67,665.80,91.53,257.53,0.6716,-1,-1,-1
965,45,1719.48,455.74,73.99,209.45,0.5920,-1,-1,-1
965,46,322.94,795.07,90.12,271.37,0.8258,-1,-1,-1
965,3,927.33,931.77,73.74,148.15,0.7782,-1,-1,-1
965,51,924.50,331.58,69.83,214.91,0.6826,-1,-1,-1
965,52,847.85,344.27,63.40,201.17,0.6580,-1,-1,-1
965,64,1575.49,589.43,100.74,234.95,0.5984,-1,-1,-1
965,60,392.02,417.48,73.86,206.83,0.5657,-1,-1,-1
965,65,317.82,427.29,68.45,195.74,0.6129,-1,-1,-1
965,69,1216.16,723.43,91.11,266.28,0.7902,-1,-1,-1
965,70,1742.37,668.22,90.99,255.41,0.6871,-1,-1,-1
966,45,1719.19,455.85,74.09,209.76,0.5744,-1,-1,-1
966,46,323.59,797.84,90.54,275.21,0.8304,-1,-1,-1
966,3,927.42,932.00,73.52,147.97,0.7738,-1,-1,-1
966,51,925.45,330.10,68.39,209.57,0.7017,-1,-1,-1
966,52,847.98,342.71,62.91,200.39,0.6739,-1,-1,-1
966,64,1575.67,590.34,100.49,233.84,0.6056,-1,-1,-1
966,60,389.79,415.64,74.65,208.71,0.5524,-1,-1,-1
966,65,318.63,432.34,66.75,190.95,0.6082,-1,-1,-1
966,69,1215.85,719.77,89.79,262.23,0.7831,-1,-1,-1
966,70,1742.85,669.04,91.05,255.16,0.6888,-1,-1,-1
967,45,1719.09,455.81,74.19,210.08,0.5819,-1,-1,-1
967,46,324.93,799.41,89.63,274.71,0.7979,-1,-1,-1
967,3,927.45,932.00,73.46,147.99,0.7771,-1,-1,-1
967,51,926.44,328.35,67.91,207.84,0.7081,-1,-1,-1
967,52,848.43,340.86,63.03,201.64,0.6837,-1,-1,-1
967,64,1575.22,590.30,100.87,233.79,0.5917,-1,-1,-1
967,60,391.49,417.90,73.49,205.69,0.5480,-1,-1,-1
967,65,316.79,433.17,67.29,191.49,0.5865,-1,-1,-1
967,69,1215.65,715.96,89.16,260.95,0.7860,-1,-1,-1
967,70,1742.45,669.79,90.86,254.36,0.7121,-1,-1,-1
968,45,1718.83,455.94,74.25,210.44,0.5836,-1,-1,-1
968,46,326.54,800.53,89.27,275.25,0.7966,-1,-1,-1
968,3,927.16,931.65,73.53,148.35,0.7810,-1,-1,-1
968,51,926.90,325.76,68.01,207.92,0.7234,-1,-1,-1
968,52,847.58,339.55,63.42,203.52,0.6941,-1,-1,-1
968,64,1575.20,589.58,101.38,234.60,0.6147,-1,-1,-1
968,60,392.68,418.83,72.79,203.99,0.5532,-1,-1,-1
968,65,315.04,433.57,67.80,191.69,0.5846,-1,-1,-1
968,69,1214.41,712.64,89.29,261.73,0.7839,-1,-1,-1
968,70,1741.95,669.03,91.51,255.50,0.6957,-1,-1,-1
969,45,1718.74,456.28,74.19,210.46,0.5891,-1,-1,-1
969,46,328.40,802.10,88.58,274.10,0.7833,-1,-1,-1
969,3,927.00,931.92,73.23,148.08,0.7818,-1,-1,-1
969,51,927.23,324.02,67.92,207.52,0.7281,-1,-1,-1
969,52,847.32,338.61,63.61,205.19,0.6958,-1,-1,-1
969,64,1575.72,590.28,101.48,233.83,0.6184,-1,-1,-1
969,60,393.18,420.57,72.33,202.91,0.5213,-1,-1,-1
969,65,312.25,433.53,69.09,192.13,0.5694,-1,-1,-1
969,69,1213.17,709.54,89.93,263.63,0.7817,-1,-1,-1
969,70,1741.32,668.50,91.40,254.63,0.6977,-1,-1,-1
970,45,1718.84,455.94,74.06,210.20,0.5880,-1,-1,-1
970,46,330.10,803.61,88.01,272.84,0.7936,-1,-1,-1
970,3,926.62,931.93,73.09,148.07,0.7810,-1,-1,-1
970,51,927.05,323.02,67.81,207.84,0.7032,-1,-1,-1
970,52,847.18,338.14,63.57,206.06,0.6995,-1,-1,-1
970,64,1576.20,591.23,101.40,233.11,0.6187,-1,-1,-1
970,60,390.80,418.30,74.49,208.81,0.5194,-1,-1,-1
970,65,309.59,435.70,69.87,189.85,0.4561,-1,-1,-1
970,69,1211.79,707.46,90.69,265.91,0.7811,-1,-1,-1
970,70,1741.11,668.37,91.29,253.56,0.6942,-1,-1,-1
971,45,1719.12,456.08,74.20,210.49,0.5860,-1,-1,-1
971,46,330.90,804.13,87.97,271.99,0.7871,-1,-1,-1
971,3,926.37,932.22,72.80,147.78,0.7793,-1,-1,-1
971,51,927.09,322.45,67.56,207.66,0.7117,-1,-1,-1
971,52,846.96,337.69,63.64,207.43,0.7053,-1,-1,-1
971,64,1576.14,590.66,101.84,233.65,0.5853,-1,-1,-1
971,60,391.18,421.63,75.59,212.44,0.5196,-1,-1,-1
971,65,308.07,435.50,71.41,190.24,0.3813,-1,-1,-1
971,69,1210.11,706.40,91.28,267.90,0.7932,-1,-1,-1
971,70,1740.86,669.82,90.98,252.37,0.6852,-1,-1,-1
972,45,1719.39,455.93,73.97,210.00,0.5870,-1,-1,-1
972,46,331.84,804.91,88.06,270.53,0.7704,-1,-1,-1
972,3,925.93,932.46,72.40,147.54,0.7637,-1,-1,-1
972,51,926.95,321.84,67.26,207.22,0.6948,-1,-1,-1
972,52,846.80,337.57,63.53,208.21,0.6763,-1,-1,-1
972,64,1575.95,590.38,102.05,233.74,0.5742,-1,-1,-1
972,60,388.68,419.82,76.95,215.89,0.5281,-1,-1,-1
972,65,316.95,437.39,69.73,188.34,0.3572,-1,-1,-1
972,69,1208.30,705.96,91.62,268.65,0.7898,-1,-1,-1
972,70,1740.66,669.19,91.76,254.48,0.6968,-1,-1,-1
973,45,1719.04,455.84,74.13,210.47,0.5752,-1,-1,-1
973,46,332.88,806.35,88.16,268.16,0.7738,-1,-1,-1
973,3,925.74,933.22,71.91,146.78,0.7776,-1,-1,-1
973,51,926.87,321.31,67.04,207.27,0.6986,-1,-1,-1
973,52,846.52,336.38,63.38,208.23,0.6858,-1,-1,-1
973,64,1575.75,590.84,102.09,233.42,0.6067,-1,-1,-1
973,60,387.78,419.70,77.79,218.47,0.5476,-1,-1,-1
973,65,320.36,436.07,69.44,190.80,0.4687,-1,-1,-1
973,69,1206.30,704.76,91.48,268.83,0.7941,-1,-1,-1
973,70,1740.78,668.62,91.93,254.54,0.6941,-1,-1,-1
974,45,1718.94,455.50,73.89,210.10,0.5481,-1,-1,-1
974,46,333.18,807.42,88.76,266.93,0.7683,-1,-1,-1
974,3,925.10,932.94,71.77,147.06,0.7694,-1,-1,-1
974,51,926.40,321.20,66.79,207.04,0.7105,-1,-1,-1
974,52,846.49,335.37,63.27,208.56,0.6666,-1,-1,-1
974,64,1576.35,589.61,102.48,234.46,0.6294,-1,-1,-1
974,60,387.10,421.41,77.83,219.04,0.5676,-1,-1,-1
974,65,321.99,436.35,68.43,190.81,0.4757,-1,-1,-1
974,69,1204.93,703.05,91.80,270.04,0.7965,-1,-1,-1
974,70,1740.66,670.04,91.64,253.54,0.6885,-1,-1,-1
975,45,1718.70,455.24,74.06,210.65,0.5843,-1,-1,-1
975,46,333.38,808.90,89.29,265.18,0.7802,-1,-1,-1
975,3,924.24,933.47,71.37,146.53,0.7595,-1,-1,-1
975,51,925.80,320.68,66.95,208.47,0.6908,-1,-1,-1
975,52,846.23,333.62,63.13,208.61,0.6640,-1,-1,-1
975,64,1577.16,589.70,102.38,234.44,0.6047,-1,-1,-1
975,60,387.07,423.44,77.63,218.67,0.5703,-1,-1,-1
975,65,322.53,437.34,67.57,191.05,0.4973,-1,-1,-1
975,69,1202.91,702.09,91.62,270.38,0.7914,-1,-1,-1
975,70,1739.78,669.44,92.37,254.35,0.6918,-1,-1,-1
976,45,1719.17,456.69,73.55,209.18,0.5698,-1,-1,-1
976,46,333.58,811.02,90.15,264.53,0.7742,-1,-1,-1
976,3,923.43,933.86,70.94,146.14,0.7337,-1,-1,-1
976,51,924.48,320.12,67.37,210.59,0.6926,-1,-1,-1
976,52,846.19,332.32,62.31,205.92,0.6726,-1,-1,-1
976,64,1577.81,588.96,102.49,235.07,0.6039,-1,-1,-1
976,60,387.17,425.76,77.46,218.76,0.5746,-1,-1,-1
976,65,322.15,437.19,66.91,191.27,0.5091,-1,-1,-1
976,69,1200.74,700.57,91.48,270.51,0.8038,-1,-1,-1
976,70,1739.70,670.73,92.26,252.71,0.7112,-1,-1,-1
977,45,1719.10,456.63,73.74,209.87,0.5578,-1,-1,-1
977,46,333.62,813.21,91.48,265.29,0.7843,-1,-1,-1
977,3,922.10,933.77,70.90,146.23,0.7405,-1,-1,-1
977,51,922.20,317.89,67.83,213.06,0.6804,-1,-1,-1
977,52,846.23,330.53,61.66,203.71,0.6665,-1,-1,-1
977,64,1577.53,588.41,102.87,235.90,0.6107,-1,-1,-1
977,60,386.75,428.09,76.91,217.49,0.5711,-1,-1,-1
977,65,321.62,436.87,67.43,193.95,0.4865,-1,-1,-1
977,69,1198.96,698.55,91.65,272.74,0.7905,-1,-1,-1
977,70,1739.09,669.84,92.63,252.64,0.7134,-1,-1,-1
978,45,1719.29,457.24,73.52,209.17,0.5440,-1,-1,-1
978,46,333.59,815.90,91.93,264.08,0.7920,-1,-1,-1
978,3,921.50,934.19,70.48,145.81,0.7364,-1,-1,-1
978,51,921.81,316.90,67.28,212.03,0.6793,-1,-1,-1
978,52,846.15,328.38,60.97,200.70,0.6665,-1,-1,-1
978,64,1577.53,589.07,102.59,235.23,0.6092,-1,-1,-1
978,60,386.66,429.64,76.39,216.74,0.5471,-1,-1,-1
978,65,321.00,438.44,67.90,195.64,0.4360,-1,-1,-1
978,69,1197.13,696.02,91.45,273.92,0.7882,-1,-1,-1
978,70,1738.51,669.85,92.91,252.71,0.7100,-1,-1,-1
979,45,1718.88,456.86,73.67,209.69,0.5309,-1,-1,-1
979,46,334.05,818.44,92.01,262.04,0.8076,-1,-1,-1
979,3,920.99,934.80,69.95,145.20,0.7400,-1,-1,-1
979,51,921.42,316.00,66.36,209.87,0.6810,-1,-1,-1
979,52,846.01,325.62,60.67,199.01,0.6504,-1,-1,-1
979,64,1576.87,590.00,102.27,233.98,0.6143,-1,-1,-1
979,60,387.30,431.71,75.88,215.51,0.5978,-1,-1,-1
979,65,315.52,439.13,70.38,199.64,0.5161,-1,-1,-1
979,69,1196.36,692.51,91.40,275.62,0.7898,-1,-1,-1
979,70,1738.34,669.37,93.25,252.80,0.7057,-1,-1,-1
980,45,1719.36,456.80,73.44,209.29,0.5465,-1,-1,-1
980,46,333.86,821.62,91.69,258.99,0.8206,-1,-1,-1
980,3,920.20,935.60,69.27,144.40,0.7514,-1,-1,-1
980,51,920.89,314.83,65.74,208.68,0.6861,-1,-1,-1
980,52,845.43,324.44,60.48,198.38,0.6299,-1,-1,-1
980,64,1576.41,590.53,102.50,233.69,0.6258,-1,-1,-1
980,60,387.57,432.09,76.02,216.21,0.6374,-1,-1,-1
980,65,312.46,438.62,73.14,205.70,0.6045,-1,-1,-1
980,69,1196.70,688.66,90.23,273.19,0.7734,-1,-1,-1
980,70,1738.62,668.18,94.07,254.22,0.6966,-1,-1,-1
981,45,1719.33,456.74,73.63,209.61,0.5475,-1,-1,-1
981,46,333.96,825.38,91.16,255.23,0.8242,-1,-1,-1
981,3,919.64,936.33,68.71,143.67,0.7438,-1,-1,-1
981,51,919.76,313.24,65.25,207.62,0.6630,-1,-1,-1
981,52,844.50,322.60,60.66,199.31,0.6143,-1,-1,-1
981,64,1576.20,590.34,102.85,234.04,0.6279,-1,-1,-1
981,60,387.12,433.10,75.70,215.87,0.5301,-1,-1,-1
981,65,311.90,440.07,74.01,206.66,0.5142,-1,-1,-1
981,69,1196.57,684.90,88.40,268.24,0.7786,-1,-1,-1
981,70,1738.86,669.16,93.44,253.04,0.6989,-1,-1,-1
982,45,1719.54,457.05,73.53,209.26,0.5407,-1,-1,-1
982,46,333.93,828.78,90.63,251.78,0.8211,-1,-1,-1
982,3,918.70,937.05,68.30,142.95,0.7421,-1,-1,-1
982,51,920.38,311.14,64.14,204.84,0.6536,-1,-1,-1
982,52,843.19,319.93,60.85,198.48,0.6024,-1,-1,-1
982,64,1576.48,590.05,103.10,233.91,0.6244,-1,-1,-1
982,60,389.38,439.36,73.41,209.74,0.5090,-1,-1,-1
982,65,312.25,442.42,74.64,207.39,0.4837,-1,-1,-1
982,69,1196.03,681.13,87.23,264.99,0.7703,-1,-1,-1
982,70,1738.59,668.50,94.17,254.14,0.7030,-1,-1,-1
983,45,1719.77,456.88,73.77,210.00,0.5340,-1,-1,-1
983,46,333.31,832.23,89.91,248.27,0.8259,-1,-1,-1
983,3,917.40,937.66,68.01,142.34,0.7389,-1,-1,-1
983,51,920.92,309.14,63.75,204.56,0.6712,-1,-1,-1
983,52,841.52,317.85,62.35,202.76,0.6487,-1,-1,-1
983,64,1576.25,589.21,103.68,234.82,0.6065,-1,-1,-1
983,60,388.08,437.11,74.07,212.55,0.5044,-1,-1,-1
983,65,310.84,445.32,74.49,206.63,0.5068,-1,-1,-1
983,69,1195.43,677.85,85.61,259.23,0.7636,-1,-1,-1
983,70,1738.55,670.14,93.02,251.81,0.6793,-1,-1,-1
984,45,1719.67,457.35,73.93,210.17,0.5409,-1,-1,-1
984,46,332.78,834.67,89.63,245.77,0.8257,-1,-1,-1
984,3,917.23,938.53,67.55,141.47,0.7370,-1,-1,-1
984,51,920.80,308.08,63.36,203.77,0.6785,-1,-1,-1
984,52,841.34,316.89,62.65,201.96,0.6542,-1,-1,-1
984,64,1575.93,586.99,104.70,236.82,0.6219,-1,-1,-1
984,60,390.50,441.93,72.05,207.34,0.5214,-1,-1,-1
984,65,310.82,449.46,73.70,204.33,0.4620,-1,-1,-1
984,69,1194.98,674.18,85.08,256.47,0.7552,-1,-1,-1
984,70,1739.16,669.47,93.13,252.34,0.6940,-1,-1,-1
985,45,1719.97,457.97,73.75,209.22,0.5180,-1,-1,-1
985,46,332.21,836.52,89.54,243.87,0.8158,-1,-1,-1
985,3,915.92,939.69,67.07,140.31,0.7294,-1,-1,-1
985,51,920.22,306.02,63.41,204.40,0.6609,-1,-1,-1
985,52,840.48,316.06,63.36,201.93,0.6291,-1,-1,-1
985,64,1576.09,587.25,104.88,236.64,0.6100,-1,-1,-1
985,60,390.74,443.86,71.44,205.72,0.5316,-1,-1,-1
985,65,308.40,454.72,71.59,196.92,0.4344,-1,-1,-1
985,69,1193.34,670.93,86.11,258.59,0.7661,-1,-1,-1
985,70,1738.95,670.43,92.48,251.30,0.6748,-1,-1,-1
985,74,494.06,250.94,66.33,185.38,0.5403,-1,-1,-1
986,45,1720.33,457.72,73.67,208.98,0.4966,-1,-1,-1
986,46,331.89,837.68,89.60,242.65,0.7984,-1,-1,-1
986,3,915.35,940.43,66.78,139.57,0.7138,-1,-1,-1
986,51,919.85,304.03,63.73,205.58,0.6641,-1,-1,-1
986,52,839.58,316.23,64.41,204.70,0.6420,-1,-1,-1
986,64,1575.64,585.14,105.99,238.91,0.6145,-1,-1,-1
986,60,391.01,444.97,71.17,205.26,0.5417,-1,-1,-1
986,65,306.23,457.87,71.23,193.86,0.4422,-1,-1,-1
986,69,1191.81,667.97,86.09,257.81,0.7544,-1,-1,-1
986,70,1739.07,670.29,92.55,251.99,0.6857,-1,-1,-1
986,74,494.10,252.71,66.26,185.09,0.5201,-1,-1,-1
987,45,1720.06,457.54,73.87,209.27,0.5071,-1,-1,-1
987,46,331.66,839.01,89.47,241.28,0.7834,-1,-1,-1
987,3,913.77,940.80,66.81,139.20,0.7142,-1,-1,-1
987,51,919.78,302.37,63.88,205.53,0.6760,-1,-1,-1
987,52,838.50,315.44,64.83,203.76,0.6327,-1,-1,-1
987,64,1575.19,585.35,106.12,239.01,0.6250,-1,-1,-1
987,60,390.91,445.45,71.19,205.56,0.5457,-1,-1,-1
987,65,304.79,458.18,72.10,194.39,0.4658,-1,-1,-1
987,69,1191.48,666.02,86.20,257.73,0.7517,-1,-1,-1
987,70,1739.43,670.42,92.35,251.83,0.6776,-1,-1,-1
987,74,493.95,253.84,67.09,187.44,0.5079,-1,-1,-1
988,45,1720.45,457.73,74.07,209.74,0.5130,-1,-1,-1
988,46,331.18,840.29,89.40,239.97,0.7764,-1,-1,-1
988,3,913.22,941.27,66.60,138.73,0.7181,-1,-1,-1
988,51,919.87,301.03,64.60,207.34,0.6507,-1,-1,-1
988,52,837.83,314.67,65.56,204.34,0.6249,-1,-1,-1
988,64,1575.14,585.83,105.88,238.52,0.6241,-1,-1,-1
988,60,388.34,442.52,73.23,211.68,0.5696,-1,-1,-1
988,65,303.27,459.32,72.68,194.18,0.4696,-1,-1,-1
988,69,1190.44,664.49,86.50,258.12,0.7255,-1,-1,-1
988,70,1739.43,669.46,92.44,252.43,0.6800,-1,-1,-1
988,74,494.34,255.30,67.28,187.90,0.4959,-1,-1,-1
989,45,1721.10,458.53,73.95,208.89,0.4899,-1,-1,-1
989,46,330.85,841.94,89.31,238.28,0.7704,-1,-1,-1
989,3,912.09,941.64,66.42,138.36,0.7060,-1,-1,-1
989,51,920.00,300.34,65.03,207.87,0.6215,-1,-1,-1
989,52,837.29,313.59,65.98,204.10,0.6209,-1,-1,-1
989,64,1575.12,585.01,106.11,239.42,0.6464,-1,-1,-1
989,60,387.12,442.91,74.47,216.05,0.6146,-1,-1,-1
989,65,302.11,460.21,73.13,193.89,0.4845,-1,-1,-1
989,69,1190.26,663.87,84.05,248.76,0.7231,-1,-1,-1
989,70,1739.77,669.55,92.38,252.57,0.6841,-1,-1,-1
989,74,494.47,256.86,67.04,187.27,0.4879,-1,-1,-1
990,45,1721.82,457.92,73.98,208.51,0.5166,-1,-1,-1
990,46,330.47,843.63,89.24,236.57,0.7772,-1,-1,-1
990,3,910.59,941.83,66.37,138.17,0.7077,-1,-1,-1
990,51,920.68,300.07,64.97,207.10,0.6090,-1,-1,-1
990,52,837.04,312.60,66.58,204.61,0.6357,-1,-1,-1
990,64,1574.43,585.01,106.08,239.41,0.6412,-1,-1,-1
990,60,387.00,444.34,74.78,217.56,0.6316,-1,-1,-1
990,65,300.99,460.36,73.76,194.43,0.4836,-1,-1,-1
990,69,1189.42,663.11,82.34,242.06,0.7089,-1,-1,-1
990,70,1739.55,668.87,92.30,252.96,0.6723,-1,-1,-1
990,74,495.93,259.07,66.56,186.36,0.4602,-1,-1,-1
991,45,1721.68,458.01,74.46,208.66,0.5164,-1,-1,-1
991,46,330.08,845.18,89.16,234.99,0.7794,-1,-1,-1
991,3,910.15,942.67,66.04,137.33,0.7295,-1,-1,-1
991,51,920.36,299.39,65.91,210.31,0.5669,-1,-1,-1
991,52,836.93,311.81,66.56,203.53,0.6162,-1,-1,-1
991,64,1574.96,585.40,106.14,239.12,0.6625,-1,-1,-1
991,60,386.04,445.12,75.31,219.74,0.5909,-1,-1,-1
991,65,300.39,459.49,74.29,194.93,0.4324,-1,-1,-1
991,69,1187.39,661.21,85.21,250.38,0.7374,-1,-1,-1
991,70,1738.63,668.14,92.48,254.07,0.6911,-1,-1,-1
991,74,496.45,260.60,66.43,186.79,0.5418,-1,-1,-1
992,45,1721.45,458.03,74.90,208.52,0.5465,-1,-1,-1
992,46,329.72,846.67,89.01,233.48,0.7838,-1,-1,-1
992,3,909.30,943.13,65.89,136.87,0.7291,-1,-1,-1
992,51,920.06,299.54,66.18,210.98,0.6108,-1,-1,-1
992,52,837.03,311.00,65.51,199.05,0.6173,-1,-1,-1
992,64,1575.35,585.10,106.31,239.33,0.6794,-1,-1,-1
992,60,385.13,447.75,74.98,219.04,0.6126,-1,-1,-1
992,65,300.52,457.95,75.08,196.29,0.4760,-1,-1,-1
992,69,1184.64,659.70,86.99,255.77,0.7232,-1,-1,-1
992,70,1738.49,668.49,92.23,254.26,0.6791,-1,-1,-1
992,74,495.71,261.89,66.55,187.54,0.5677,-1,-1,-1
993,45,1721.01,457.42,75.61,209.81,0.5240,-1,-1,-1
993,46,329.46,847.95,88.91,232.19,0.7816,-1,-1,-1
993,3,909.09,943.85,65.73,136.15,0.7397,-1,-1,-1
993,51,920.51,298.93,66.01,211.15,0.5868,-1,-1,-1
993,52,837.38,310.34,65.30,197.97,0.6127,-1,-1,-1
993,64,1575.23,585.28,106.21,238.92,0.6825,-1,-1,-1
993,60,383.89,451.30,75.00,218.97,0.6136,-1,-1,-1
993,65,302.32,460.63,74.57,194.52,0.5120,-1,-1,-1
993,69,1183.40,658.27,86.72,254.41,0.7072,-1,-1,-1
993,70,1739.18,667.81,92.48,255.28,0.6827,-1,-1,-1
993,74,496.17,263.21,66.11,186.71,0.5456,-1,-1,-1
993,75,402.06,265.71,66.62,200.83,0.5001,-1,-1,-1
994,45,1720.73,457.87,75.92,209.53,0.5426,-1,-1,-1
994,46,329.56,849.84,88.36,230.27,0.7850,-1,-1,-1
994,3,908.32,944.05,66.04,135.95,0.7345,-1,-1,-1
994,51,921.89,297.64,65.84,210.52,0.5905,-1,-1,-1
994,52,837.62,308.00,65.54,199.64,0.6286,-1,-1,-1
994,64,1575.42,585.29,106.16,238.94,0.6773,-1,-1,-1
994,60,382.47,453.92,74.77,217.81,0.6197,-1,-1,-1
994,65,303.82,462.56,74.32,194.31,0.5319,-1,-1,-1
994,69,1181.34,656.13,87.94,258.20,0.7173,-1,-1,-1
994,70,1739.73,669.86,92.62,253.99,0.6769,-1,-1,-1
994,74,497.66,264.66,65.31,184.99,0.5244,-1,-1,-1
994,75,401.06,265.81,67.29,202.95,0.5159,-1,-1,-1
995,45,1720.88,458.17,76.07,208.99,0.5495,-1,-1,-1
995,46,330.37,852.25,87.74,227.85,0.7778,-1,-1,-1
995,3,907.95,944.63,66.08,135.37,0.7331,-1,-1,-1
995,51,922.12,295.76,65.91,210.52,0.5856,-1,-1,-1
995,52,838.53,306.18,64.59,197.33,0.5836,-1,-1,-1
995,64,1575.85,586.13,105.61,238.09,0.6632,-1,-1,-1
995,60,381.82,455.41,74.82,217.90,0.6158,-1,-1,-1
995,65,304.14,463.42,74.80,196.46,0.5613,-1,-1,-1
995,69,1178.55,654.28,86.68,254.35,0.7372,-1,-1,-1
995,70,1739.60,670.23,93.15,254.39,0.6797,-1,-1,-1
995,74,498.53,265.88,64.89,184.34,0.4951,-1,-1,-1
995,75,400.20,265.51,68.41,206.77,0.5076,-1,-1,-1
996,45,1721.09,458.36,76.03,208.32,0.5566,-1,-1,-1
996,46,330.74,853.74,87.47,226.34,0.7834,-1,-1,-1
996,3,907.67,945.20,66.00,134.80,0.7313,-1,-1,-1
996,51,923.01,293.98,66.04,209.99,0.5693,-1,-1,-1
996,52,839.24,304.40,63.93,195.87,0.6331,-1,-1,-1
996,64,1575.57,586.03,105.46,238.03,0.6556,-1,-1,-1
996,60,381.00,456.40,74.79,217.37,0.6263,-1,-1,-1
996,65,304.00,463.55,76.14,202.13,0.5757,-1,-1,-1
996,69,1176.55,651.70,87.39,257.13,0.7636,-1,-1,-1
996,70,1739.51,670.08,92.50,253.24,0.6779,-1,-1,-1
996,74,498.93,266.02,64.96,184.95,0.4852,-1,-1,-1
996,75,399.90,267.66,68.70,208.32,0.5283,-1,-1,-1
997,45,1721.23,458.14,76.37,208.62,0.5354,-1,-1,-1
997,46,331.26,856.86,86.82,223.21,0.7794,-1,-1,-1
997,3,907.27,945.58,66.08,134.42,0.7348,-1,-1,-1
997,51,922.75,291.43,66.26,210.99,0.5848,-1,-1,-1
997,52,839.95,302.43,63.31,194.96,0.6105,-1,-1,-1
997,64,1575.52,586.42,105.03,237.47,0.6555,-1,-1,-1
997,60,381.21,457.12,74.78,216.95,0.6295,-1,-1,-1
997,65,304.31,464.82,76.27,204.19,0.5936,-1,-1,-1
997,69,1174.92,648.45,87.00,256.83,0.7588,-1,-1,-1
997,70,1739.65,670.29,91.77,252.22,0.6758,-1,-1,-1
997,74,500.69,264.91,64.83,185.61,0.5050,-1,-1,-1
997,75,398.72,267.32,68.86,209.47,0.4740,-1,-1,-1
998,45,1721.63,458.28,76.47,208.92,0.5764,-1,-1,-1
998,46,331.80,860.09,86.13,219.98,0.7687,-1,-1,-1
998,3,906.66,945.69,66.32,134.31,0.7315,-1,-1,-1
998,51,923.31,288.98,66.25,210.66,0.5794,-1,-1,-1
998,52,840.84,299.32,63.35,195.96,0.5720,-1,-1,-1
998,64,1575.90,586.58,105.05,237.77,0.6735,-1,-1,-1
998,60,381.21,457.80,74.99,216.55,0.5851,-1,-1,-1
998,65,305.10,467.83,75.50,203.22,0.5810,-1,-1,-1
998,69,1174.28,643.43,86.62,256.69,0.7625,-1,-1,-1
998,70,1739.38,670.08,91.96,254.02,0.6839,-1,-1,-1
998,74,501.84,264.64,64.64,186.08,0.5315,-1,-1,-1
998,75,398.16,268.63,68.06,207.70,0.3999,-1,-1,-1
999,45,1721.32,458.23,76.61,209.30,0.5487,-1,-1,-1
999,46,332.67,863.77,85.39,216.29,0.7800,-1,-1,-1
999,3,906.43,945.99,66.42,134.01,0.7227,-1,-1,-1
999,51,924.85,286.59,66.55,210.70,0.5774,-1,-1,-1
999,52,841.43,296.91,63.39,197.06,0.5633,-1,-1,-1
999,64,1576.81,586.78,104.62,237.30,0.6477,-1,-1,-1
999,60,380.86,457.77,75.52,216.75,0.5324,-1,-1,-1
999,65,305.17,467.86,75.68,205.28,0.5901,-1,-1,-1
999,69,1173.92,639.34,85.78,255.19,0.7533,-1,-1,-1
999,70,1739.75,669.55,91.72,254.23,0.6788,-1,-1,-1
999,74,501.74,265.53,64.40,185.99,0.5095,-1,-1,-1
999,75,398.60,269.65,67.15,205.89,0.4258,-1,-1,-1
1000,45,1721.05,457.79,76.61,209.64,0.5490,-1,-1,-1
1000,46,333.62,867.25,84.75,212.80,0.7948,-1,-1,-1
1000,3,906.35,946.23,66.48,133.77,0.7306,-1,-1,-1
1000,51,925.79,284.68,65.55,207.41,0.5484,-1,-1,-1
1000,52,841.43,295.18,63.82,199.50,0.5312,-1,-1,-1
1000,64,1576.19,586.35,104.56,237.70,0.6524,-1,-1,-1
1000,60,380.58,458.09,76.31,216.79,0.5374,-1,-1,-1
1000,65,305.36,470.25,74.99,204.21,0.6243,-1,-1,-1
1000,69,1173.55,636.82,85.17,253.45,0.7513,-1,-1,-1
1000,70,1740.71,671.27,90.97,252.68,0.6617,-1,-1,-1
1000,74,502.38,265.21,64.16,185.90,0.4706,-1,-1,-1
1000,75,399.15,269.64,67.49,207.21,0.3394,-1,-1,-1
1001,45,1720.46,458.34,76.37,209.23,0.5610,-1,-1,-1
1001,46,335.41,870.15,84.29,209.89,0.7963,-1,-1,-1
1001,3,906.29,946.62,66.56,133.38,0.7319,-1,-1,-1
1001,51,926.83,283.05,64.53,203.73,0.5573,-1,-1,-1
1001,52,841.68,294.28,63.79,200.59,0.5509,-1,-1,-1
1001,64,1575.19,586.24,104.68,237.76,0.6562,-1,-1,-1
1001,60,379.43,458.21,76.70,216.64,0.5254,-1,-1,-1
1001,65,305.67,471.87,74.31,202.73,0.5708,-1,-1,-1
1001,69,1173.90,634.63,85.21,253.87,0.7634,-1,-1,-1
1001,70,1739.72,669.11,91.19,254.88,0.6402,-1,-1,-1
1001,74,502.30,266.83,64.08,186.26,0.4799,-1,-1,-1
1001,75,399.37,269.76,67.32,206.36,0.3867,-1,-1,-1
1002,45,1720.02,458.25,76.39,210.04,0.5526,-1,-1,-1
1002,46,337.40,873.37,83.76,206.67,0.7895,-1,-1,-1
1002,3,905.59,946.80,66.77,133.20,0.7411,-1,-1,-1
1002,51,926.87,281.87,64.25,203.46,0.5636,-1,-1,-1
1002,52,841.46,293.88,63.94,202.38,0.5453,-1,-1,-1
1002,64,1574.50,586.63,104.85,237.55,0.6611,-1,-1,-1
1002,60,380.24,458.51,76.93,216.27,0.5520,-1,-1,-1
1002,65,305.58,475.47,73.33,199.54,0.5338,-1,-1,-1
1002,69,1174.12,632.72,85.60,255.64,0.7692,-1,-1,-1
1002,70,1739.87,670.71,90.03,253.60,0.6520,-1,-1,-1
1002,74,501.86,268.07,64.41,187.65,0.5036,-1,-1,-1
1003,45,1719.65,459.30,75.91,209.46,0.5564,-1,-1,-1
1003,46,339.06,875.90,83.35,204.14,0.7922,-1,-1,-1
1003,3,905.92,947.44,66.64,132.56,0.7487,-1,-1,-1
1003,51,927.28,279.97,64.14,202.88,0.5799,-1,-1,-1
1003,52,841.56,293.43,63.78,202.89,0.5556,-1,-1,-1
1003,64,1574.91,587.71,104.60,236.41,0.6746,-1,-1,-1
1003,60,380.06,459.34,76.98,215.83,0.5888,-1,-1,-1
1003,65,304.51,474.53,73.92,200.34,0.5403,-1,-1,-1
1003,69,1173.15,629.88,86.35,258.66,0.7760,-1,-1,-1
1003,70,1741.40,672.68,89.22,252.51,0.6624,-1,-1,-1
1003,74,501.02,269.73,65.24,190.21,0.5757,-1,-1,-1
1004,45,1719.00,458.67,76.07,210.35,0.5258,-1,-1,-1
1004,46,341.12,878.06,83.11,201.97,0.7991,-1,-1,-1
1004,3,905.57,947.68,66.74,132.32,0.7350,-1,-1,-1
1004,51,926.84,279.93,63.90,202.34,0.6020,-1,-1,-1
1004,52,841.63,293.46,63.67,204.71,0.5930,-1,-1,-1
1004,64,1574.98,587.84,104.79,236.41,0.6677,-1,-1,-1
1004,60,380.03,458.74,78.00,218.38,0.6273,-1,-1,-1
1004,65,303.11,474.19,73.91,199.67,0.4456,-1,-1,-1
1004,69,1172.18,629.28,86.19,258.37,0.7750,-1,-1,-1
1004,70,1742.46,673.06,89.26,253.46,0.6366,-1,-1,-1
1004,74,500.99,271.80,65.25,190.60,0.5788,-1,-1,-1
1005,45,1718.73,458.18,76.22,211.64,0.5428,-1,-1,-1
1005,46,343.25,879.31,83.17,200.71,0.8005,-1,-1,-1
1005,3,905.31,947.84,66.90,132.16,0.7349,-1,-1,-1
1005,51,927.34,279.14,63.85,202.47,0.6230,-1,-1,-1
1005,52,841.80,293.31,63.17,205.04,0.6137,-1,-1,-1
1005,64,1575.23,587.78,105.06,236.78,0.6471,-1,-1,-1
1005,60,379.83,459.50,78.98,221.21,0.5909,-1,-1,-1
1005,65,311.25,480.67,70.03,191.80,0.4013,-1,-1,-1
1005,69,1170.70,628.00,86.50,259.63,0.7777,-1,-1,-1
1005,70,1743.45,673.70,89.17,253.60,0.6360,-1,-1,-1
1005,74,500.62,274.34,64.61,188.56,0.6125,-1,-1,-1
1006,45,1718.58,457.98,75.86,211.17,0.5259,-1,-1,-1
1006,46,345.21,881.11,83.13,198.91,0.8022,-1,-1,-1
1006,3,905.50,948.75,66.64,131.25,0.7277,-1,-1,-1
1006,51,928.04,278.73,63.55,202.14,0.5945,-1,-1,-1
1006,52,842.31,292.24,62.52,203.96,0.6554,-1,-1,-1
1006,64,1575.28,588.48,104.93,236.10,0.6676,-1,-1,-1
1006,60,380.60,460.44,79.21,222.12,0.5390,-1,-1,-1
1006,65,315.25,483.02,67.76,188.15,0.4028,-1,-1,-1
1006,69,1169.33,627.30,86.97,260.92,0.7661,-1,-1,-1
1006,70,1744.55,671.97,89.28,254.28,0.5949,-1,-1,-1
1006,74,501.23,276.71,64.00,187.31,0.5683,-1,-1,-1
1007,45,1718.87,458.26,75.80,210.96,0.5485,-1,-1,-1
1007,46,347.28,882.84,83.24,197.18,0.8143,-1,-1,-1
1007,3,905.48,948.87,66.69,131.13,0.7239,-1,-1,-1
1007,51,928.45,275.84,63.82,204.98,0.6564,-1,-1,-1
1007,52,842.91,291.13,61.82,202.39,0.6928,-1,-1,-1
1007,64,1575.63,589.57,104.42,234.81,0.6643,-1,-1,-1
1007,60,383.18,464.79,80.04,224.73,0.5605,-1,-1,-1
1007,65,316.58,482.98,66.97,187.97,0.4475,-1,-1,-1
1007,69,1168.14,627.41,86.73,259.60,0.7632,-1,-1,-1
1007,70,1745.48,670.97,89.96,256.64,0.6233,-1,-1,-1
1007,74,501.48,279.29,63.96,187.66,0.5994,-1,-1,-1
1008,45,1718.70,458.35,75.86,211.23,0.5497,-1,-1,-1
1008,46,348.93,883.96,83.67,196.06,0.8084,-1,-1,-1
1008,3,905.41,949.23,66.65,130.77,0.7353,-1,-1,-1
1008,51,928.61,274.07,63.82,207.19,0.6626,-1,-1,-1
1008,52,843.45,289.01,61.50,202.09,0.6845,-1,-1,-1
1008,64,1575.61,589.04,104.87,235.72,0.6717,-1,-1,-1
1008,60,382.51,464.50,79.81,224.15,0.5741,-1,-1,-1
1008,65,316.79,483.80,66.77,188.77,0.4973,-1,-1,-1
1008,69,1165.99,626.41,86.80,259.62,0.7600,-1,-1,-1
1008,70,1745.73,672.23,89.60,255.91,0.5953,-1,-1,-1
1008,74,500.56,280.79,64.30,188.91,0.5668,-1,-1,-1
1009,45,1719.56,458.17,76.21,212.00,0.5566,-1,-1,-1
1009,46,350.99,886.16,84.05,193.86,0.8106,-1,-1,-1
1009,3,905.46,949.73,66.54,130.27,0.7388,-1,-1,-1
1009,51,928.41,276.08,63.02,205.26,0.6106,-1,-1,-1
1009,52,844.39,287.80,60.30,198.05,0.6418,-1,-1,-1
1009,64,1575.82,589.32,104.93,235.61,0.6870,-1,-1,-1
1009,60,382.32,465.66,80.19,224.61,0.5713,-1,-1,-1
1009,65,316.81,484.43,66.64,189.42,0.4912,-1,-1,-1
1009,69,1161.87,624.86,86.95,260.03,0.7598,-1,-1,-1
1009,70,1745.96,672.03,89.06,253.78,0.5841,-1,-1,-1
1009,74,500.18,280.57,64.53,190.51,0.5671,-1,-1,-1
1009,76,595.57,548.09,80.02,244.36,0.5675,-1,-1,-1
1010,45,1719.69,457.86,76.54,212.28,0.5378,-1,-1,-1
1010,46,352.21,888.02,84.50,191.99,0.8095,-1,-1,-1
1010,3,905.35,949.75,66.73,130.25,0.7316,-1,-1,-1
1010,51,928.55,276.14,63.05,206.07,0.6284,-1,-1,-1
1010,52,844.49,285.64,60.21,197.64,0.6318,-1,-1,-1
1010,64,1575.93,589.16,104.83,235.18,0.6752,-1,-1,-1
1010,60,381.75,466.99,80.90,226.26,0.5126,-1,-1,-1
1010,65,316.09,484.45,67.05,191.43,0.4846,-1,-1,-1
1010,69,1159.47,623.27,86.94,259.16,0.7590,-1,-1,-1
1010,70,1745.85,671.30,88.89,251.63,0.5448,-1,-1,-1
1010,74,500.02,282.45,63.97,189.90,0.5170,-1,-1,-1
1010,76,595.12,549.56,79.61,242.79,0.5751,-1,-1,-1
1011,45,1719.16,457.08,77.03,213.04,0.5520,-1,-1,-1
1011,46,354.04,890.35,84.76,189.66,0.8000,-1,-1,-1
1011,3,905.05,949.76,66.89,130.24,0.7364,-1,-1,-1
1011,51,928.50,276.06,62.85,205.50,0.6176,-1,-1,-1
1011,52,845.56,283.09,59.71,195.46,0.5813,-1,-1,-1
1011,64,1575.54,589.92,104.70,234.74,0.6662,-1,-1,-1
1011,60,380.88,467.88,81.62,227.92,0.4543,-1,-1,-1
1011,65,315.03,484.97,67.77,194.48,0.4341,-1,-1,-1
1011,69,1157.72,621.44,87.44,259.87,0.7501,-1,-1,-1
1011,70,1743.57,671.79,89.82,251.27,0.4296,-1,-1,-1
1011,74,499.59,282.89,63.77,190.60,0.4517,-1,-1,-1
1011,76,594.83,549.28,79.89,243.14,0.5547,-1,-1,-1
1012,45,1718.91,456.52,77.26,213.18,0.5417,-1,-1,-1
1012,46,355.65,892.96,85.20,187.05,0.8092,-1,-1,-1
1012,3,904.92,949.59,67.22,130.41,0.7304,-1,-1,-1
1012,51,929.44,274.23,62.73,205.74,0.5721,-1,-1,-1
1012,52,845.33,281.46,59.41,194.38,0.5904,-1,-1,-1
1012,64,1574.87,588.86,105.25,235.83,0.6592,-1,-1,-1
1012,60,380.33,469.44,81.45,227.57,0.4316,-1,-1,-1
1012,65,314.15,486.13,69.09,199.41,0.4081,-1,-1,-1
1012,69,1155.61,618.91,87.93,260.76,0.7542,-1,-1,-1
1012,70,1741.52,674.63,90.79,251.08,0.4108,-1,-1,-1
1012,74,498.95,283.92,63.12,189.04,0.4220,-1,-1,-1
1012,76,593.97,550.14,80.03,242.69,0.5625,-1,-1,-1
1013,45,1718.64,456.22,77.50,213.07,0.5711,-1,-1,-1
1013,46,357.22,895.64,85.61,184.37,0.8033,-1,-1,-1
1013,3,904.64,949.38,67.46,130.62,0.7071,-1,-1,-1
1013,51,929.48,272.31,62.74,206.23,0.5834,-1,-1,-1
1013,52,845.18,279.82,59.79,195.96,0.6106,-1,-1,-1
1013,64,1575.26,589.39,105.12,235.29,0.6641,-1,-1,-1
1013,60,380.29,471.11,81.26,227.07,0.4630,-1,-1,-1
1013,65,312.50,487.19,70.38,204.63,0.3972,-1,-1,-1
1013,69,1154.90,616.59,87.51,259.21,0.7498,-1,-1,-1
1013,70,1739.27,673.70,92.98,253.55,0.3506,-1,-1,-1
1013,74,497.50,284.34,62.90,188.40,0.4206,-1,-1,-1
1013,76,593.29,550.68,80.37,242.60,0.6108,-1,-1,-1
1014,45,1718.80,456.19,77.75,212.85,0.5493,-1,-1,-1
1014,46,358.02,897.68,86.31,182.33,0.8028,-1,-1,-1
1014,3,904.97,948.97,67.79,131.03,0.7121,-1,-1,-1
1014,51,929.75,270.87,61.27,201.33,0.5356,-1,-1,-1
1014,52,843.99,278.45,60.18,197.13,0.5994,-1,-1,-1
1014,64,1573.94,588.05,105.70,236.33,0.6495,-1,-1,-1
1014,60,379.75,473.01,80.72,226.69,0.4523,-1,-1,-1
1014,65,303.59,488.76,72.43,206.92,0.4489,-1,-1,-1
1014,69,1153.45,613.55,87.81,260.05,0.7436,-1,-1,-1
1014,70,1733.31,671.30,95.76,255.80,0.4741,-1,-1,-1
1014,74,496.38,285.25,62.99,188.03,0.4457,-1,-1,-1
1014,76,592.14,551.12,80.75,242.55,0.5935,-1,-1,-1
1015,45,1718.92,455.91,78.13,212.85,0.5461,-1,-1,-1
1015,46,358.90,900.54,86.52,179.47,0.7933,-1,-1,-1
1015,3,904.65,949.18,67.85,130.82,0.7080,-1,-1,-1
1015,51,929.10,270.08,60.87,200.80,0.5471,-1,-1,-1
1015,52,842.75,275.33,61.54,201.49,0.5934,-1,-1,-1
1015,64,1574.21,588.84,105.68,235.94,0.6603,-1,-1,-1
1015,60,380.15,474.08,80.64,226.49,0.5073,-1,-1,-1
1015,65,299.08,491.52,73.57,207.43,0.4842,-1,-1,-1
1015,69,1153.14,611.35,86.30,256.39,0.7574,-1,-1,-1
1015,70,1729.85,670.98,98.30,257.36,0.4072,-1,-1,-1
1015,74,496.43,286.24,62.94,188.04,0.4469,-1,-1,-1
1015,76,591.39,551.80,80.75,241.57,0.5562,-1,-1,-1
1016,45,1718.76,456.04,78.31,212.26,0.5174,-1,-1,-1
1016,46,359.90,903.43,86.75,176.44,0.8084,-1,-1,-1
1016,3,904.19,948.81,68.04,131.19,0.7218,-1,-1,-1
1016,51,929.01,268.83,59.99,198.45,0.5462,-1,-1,-1
1016,52,843.03,275.82,61.11,199.72,0.5850,-1,-1,-1
1016,64,1573.80,588.14,106.11,236.75,0.6536,-1,-1,-1
1016,60,379.14,476.89,80.04,225.21,0.5179,-1,-1,-1
1016,65,297.22,494.91,73.89,206.20,0.4955,-1,-1,-1
1016,69,1152.93,607.87,84.47,251.21,0.7732,-1,-1,-1
1016,70,1726.41,669.10,100.98,259.51,0.3893,-1,-1,-1
1016,74,495.87,286.52,62.95,188.14,0.4504,-1,-1,-1
1016,76,590.04,551.36,81.33,242.24,0.5567,-1,-1,-1
1017,45,1718.55,456.52,78.78,212.75,0.4720,-1,-1,-1
1017,46,361.09,907.11,86.36,172.20,0.8148,-1,-1,-1
1017,3,904.00,948.74,68.09,131.26,0.7080,-1,-1,-1
1017,51,929.11,266.31,59.61,197.32,0.5281,-1,-1,-1
1017,52,843.79,275.96,61.18,199.83,0.5929,-1,-1,-1
1017,64,1573.51,588.25,106.13,236.94,0.6683,-1,-1,-1
1017,60,378.68,478.92,79.38,223.65,0.4744,-1,-1,-1
1017,65,296.05,502.16,73.25,201.62,0.4684,-1,-1,-1
1017,69,1152.30,604.26,83.17,247.23,0.7648,-1,-1,-1
1017,70,1726.38,673.75,100.18,255.20,0.4348,-1,-1,-1
1017,74,494.84,287.22,63.26,188.60,0.4705,-1,-1,-1
1017,76,589.08,551.80,80.82,240.08,0.5827,-1,-1,-1
1018,45,1718.62,457.31,78.59,210.76,0.4674,-1,-1,-1
1018,46,362.33,910.93,86.09,167.98,0.8027,-1,-1,-1
1018,3,904.00,948.61,68.10,131.39,0.7165,-1,-1,-1
1018,51,929.74,262.97,60.18,199.17,0.5210,-1,-1,-1
1018,52,843.69,275.71,61.52,200.76,0.5860,-1,-1,-1
1018,64,1573.52,590.24,105.21,234.95,0.6461,-1,-1,-1
1018,60,378.94,480.08,78.23,220.84,0.5369,-1,-1,-1
1018,65,294.75,506.41,73.71,199.93,0.4968,-1,-1,-1
1018,69,1151.66,601.16,82.82,246.93,0.7484,-1,-1,-1
1018,70,1725.40,678.41,98.17,248.85,0.4467,-1,-1,-1
1018,74,493.99,288.37,63.82,190.19,0.4829,-1,-1,-1
1018,76,588.21,551.80,80.80,239.35,0.5338,-1,-1,-1
1019,45,1718.49,457.41,78.77,209.99,0.4861,-1,-1,-1
1019,46,362.80,914.31,85.97,164.22,0.8014,-1,-1,-1
1019,3,903.21,948.36,68.18,131.64,0.7164,-1,-1,-1
1019,51,928.97,260.73,60.94,200.12,0.5771,-1,-1,-1
1019,52,843.21,273.60,62.04,202.61,0.5804,-1,-1,-1
1019,64,1573.20,590.49,105.18,235.15,0.6631,-1,-1,-1
1019,60,379.47,481.94,77.04,217.43,0.5524,-1,-1,-1
1019,65,293.34,508.56,74.33,199.07,0.5360,-1,-1,-1
1019,69,1151.37,598.81,82.66,247.02,0.7363,-1,-1,-1
1019,70,1722.69,677.62,97.66,247.52,0.4614,-1,-1,-1
1019,74,493.24,289.01,64.97,193.68,0.4635,-1,-1,-1
1019,76,587.88,551.21,81.51,240.99,0.4853,-1,-1,-1
1020,45,1719.47,455.60,77.81,206.37,0.4870,-1,-1,-1
1020,46,363.23,917.15,86.31,161.59,0.8049,-1,-1,-1
1020,3,903.07,947.69,68.41,132.26,0.7094,-1,-1,-1
1020,51,927.71,259.78,61.25,199.13,0.5331,-1,-1,-1
1020,52,843.71,274.69,61.52,200.62,0.5932,-1,-1,-1
1020,64,1573.75,589.81,105.36,236.05,0.6436,-1,-1,-1
1020,60,379.89,483.07,76.47,215.46,0.5435,-1,-1,-1
1020,65,291.78,509.21,74.85,198.05,0.4303,-1,-1,-1
1020,69,1150.22,596.24,83.27,248.89,0.7270,-1,-1,-1
1020,70,1719.77,674.02,98.65,250.87,0.4644,-1,-1,-1
1020,74,493.72,291.39,64.80,193.07,0.4685,-1,-1,-1
1020,76,586.89,551.49,81.62,240.39,0.5320,-1,-1,-1
1021,45,1720.33,454.90,77.25,203.72,0.5034,-1,-1,-1
1021,46,363.57,918.76,86.90,159.97,0.8074,-1,-1,-1
1021,3,902.28,946.30,69.08,133.67,0.7015,-1,-1,-1
1021,51,928.36,258.26,61.10,196.98,0.5380,-1,-1,-1
1021,52,843.87,274.35,61.43,200.13,0.6060,-1,-1,-1
1021,64,1573.82,589.61,105.52,236.97,0.6523,-1,-1,-1
1021,60,379.67,484.61,76.69,215.43,0.5565,-1,-1,-1
1021,65,289.97,508.17,76.36,198.74,0.5316,-1,-1,-1
1021,69,1148.34,593.74,83.81,250.52,0.7213,-1,-1,-1
1021,70,1715.07,673.02,97.93,250.54,0.5399,-1,-1,-1
1021,74,493.38,293.97,64.37,190.95,0.4918,-1,-1,-1
1021,76,586.08,550.90,81.97,240.29,0.5163,-1,-1,-1
1022,45,1720.85,454.69,76.26,199.81,0.5124,-1,-1,-1
1022,46,364.31,920.54,87.22,158.30,0.8165,-1,-1,-1
1022,3,902.15,946.37,68.84,133.47,0.7122,-1,-1,-1
1022,51,928.01,257.93,61.64,196.98,0.5721,-1,-1,-1
1022,52,843.90,273.34,61.27,199.41,0.6093,-1,-1,-1
1022,64,1574.52,589.33,105.28,237.36,0.6493,-1,-1,-1
1022,60,378.62,485.60,79.23,222.52,0.5685,-1,-1,-1
1022,65,298.60,509.29,74.30,196.24,0.4167,-1,-1,-1
1022,69,1147.79,592.71,84.38,251.87,0.7301,-1,-1,-1
1022,70,1712.88,672.27,96.65,248.38,0.5986,-1,-1,-1
1022,74,493.42,296.05,64.02,189.16,0.4946,-1,-1,-1
1022,76,585.09,550.18,82.33,240.58,0.5285,-1,-1,-1
1023,45,1721.78,454.88,75.16,195.20,0.5301,-1,-1,-1
1023,46,364.66,922.68,87.23,156.08,0.8094,-1,-1,-1
1023,3,901.88,945.94,68.78,133.75,0.7106,-1,-1,-1
1023,51,928.00,257.17,62.37,198.60,0.5375,-1,-1,-1
1023,52,844.09,273.19,60.45,196.16,0.5968,-1,-1,-1
1023,64,1573.91,588.21,105.63,238.65,0.5947,-1,-1,-1
1023,60,378.03,486.12,80.87,227.40,0.5622,-1,-1,-1
1023,65,293.14,506.30,76.31,199.68,0.4443,-1,-1,-1
1023,69,1147.28,590.86,85.03,254.01,0.7125,-1,-1,-1
1023,70,1711.50,673.86,95.58,246.31,0.6402,-1,-1,-1
1023,74,492.64,297.76,64.84,191.03,0.5011,-1,-1,-1
1023,76,584.26,550.09,82.22,239.83,0.4689,-1,-1,-1
1024,45,1721.88,454.65,74.47,191.98,0.5641,-1,-1,-1
1024,46,365.11,924.87,87.36,154.12,0.8090,-1,-1,-1
1024,3,902.32,946.21,68.56,133.66,0.7226,-1,-1,-1
1024,51,927.98,256.84,63.18,201.14,0.5887,-1,-1,-1
1024,52,844.03,271.93,59.95,193.67,0.6218,-1,-1,-1
1024,64,1573.73,587.77,105.57,239.06,0.5995,-1,-1,-1
1024,60,377.92,487.43,81.27,228.79,0.5553,-1,-1,-1
1024,65,290.56,505.84,77.14,200.06,0.4657,-1,-1,-1
1024,69,1146.46,589.35,85.34,254.59,0.6897,-1,-1,-1
1024,70,1710.36,675.25,94.66,244.59,0.5928,-1,-1,-1
1024,74,492.04,298.78,65.75,193.67,0.5346,-1,-1,-1
1024,76,584.13,549.78,82.09,239.76,0.4874,-1,-1,-1
1025,45,1721.72,454.40,74.99,191.80,0.5434,-1,-1,-1
1025,46,365.59,926.49,87.75,152.92,0.8112,-1,-1,-1
1025,3,901.88,946.05,68.34,133.75,0.7138,-1,-1,-1
1025,51,928.79,256.92,63.51,203.31,0.5799,-1,-1,-1
1025,52,843.56,269.01,60.52,195.18,0.6656,-1,-1,-1
1025,64,1573.27,587.55,105.42,239.43,0.5712,-1,-1,-1
1025,60,376.68,488.45,81.84,231.46,0.5157,-1,-1,-1
1025,65,289.34,506.60,77.27,199.00,0.4786,-1,-1,-1
1025,69,1145.36,588.18,85.63,254.37,0.6880,-1,-1,-1
1025,70,1708.71,677.28,93.39,242.72,0.6031,-1,-1,-1
1025,74,492.25,300.20,66.08,194.69,0.5061,-1,-1,-1
1025,76,582.91,547.56,82.38,241.79,0.4618,-1,-1,-1
1026,45,1721.66,454.18,75.05,190.51,0.5661,-1,-1,-1
1026,46,366.61,928.26,87.61,150.96,0.8076,-1,-1,-1
1026,3,901.35,945.80,68.29,134.01,0.7177,-1,-1,-1
1026,51,930.12,256.51,63.24,203.82,0.5994,-1,-1,-1
1026,52,844.39,267.33,59.62,191.54,0.6342,-1,-1,-1
1026,64,1574.26,588.57,104.73,238.58,0.6184,-1,-1,-1
1026,60,375.81,491.03,81.60,232.17,0.5375,-1,-1,-1
1026,65,289.50,505.21,77.72,199.66,0.4842,-1,-1,-1
1026,69,1144.54,587.86,84.95,251.51,0.6912,-1,-1,-1
1026,70,1707.19,681.57,91.50,239.68,0.6231,-1,-1,-1
1026,74,492.66,300.70,66.41,195.54,0.5992,-1,-1,-1
1026,76,582.58,546.82,81.92,242.02,0.4323,-1,-1,-1
1027,45,1721.92,454.53,75.38,189.73,0.5369,-1,-1,-1
1027,46,368.47,930.09,87.37,148.81,0.8122,-1,-1,-1
1027,3,900.93,945.77,67.84,133.84,0.7179,-1,-1,-1
1027,51,931.18,256.21,63.04,205.03,0.5791,-1,-1,-1
1027,52,845.29,265.53,58.89,189.03,0.6329,-1,-1,-1
1027,64,1574.44,589.17,104.40,238.13,0.6723,-1,-1,-1
1027,60,373.99,493.55,81.00,232.58,0.5655,-1,-1,-1
1027,65,290.47,505.51,77.49,199.47,0.5615,-1,-1,-1
1027,69,1142.98,587.71,85.25,252.14,0.7251,-1,-1,-1
1027,70,1702.91,675.82,91.59,242.09,0.5731,-1,-1,-1
1027,74,493.18,302.16,66.09,194.55,0.6042,-1,-1,-1
1027,76,581.11,546.81,81.15,242.42,0.4391,-1,-1,-1
1027,75,373.08,302.13,64.94,193.48,0.5207,-1,-1,-1
1028,45,1719.82,456.63,78.65,197.39,0.5748,-1,-1,-1
1028,46,369.59,931.98,87.28,147.09,0.8205,-1,-1,-1
1028,3,900.70,945.66,67.65,134.19,0.7132,-1,-1,-1
1028,51,933.57,255.92,61.39,200.56,0.5854,-1,-1,-1
1028,52,846.18,263.13,58.70,188.27,0.6024,-1,-1,-1
1028,64,1574.13,589.27,104.22,238.15,0.6740,-1,-1,-1
1028,60,373.70,496.43,80.21,231.18,0.5981,-1,-1,-1
1028,65,292.65,508.62,76.16,197.45,0.5644,-1,-1,-1
1028,69,1141.79,586.70,84.54,249.89,0.7228,-1,-1,-1
1028,70,1699.78,664.21,93.65,251.12,0.5204,-1,-1,-1
1028,74,494.40,303.55,65.38,193.01,0.5131,-1,-1,-1
1028,76,580.90,546.26,80.44,243.32,0.4757,-1,-1,-1
1028,75,372.38,305.64,65.58,191.42,0.5329,-1,-1,-1
1029,45,1719.58,458.33,79.96,199.81,0.5821,-1,-1,-1
1029,46,371.25,933.17,87.19,145.57,0.8127,-1,-1,-1
1029,3,900.01,945.42,67.42,134.53,0.6991,-1,-1,-1
1029,51,934.75,255.37,61.37,201.50,0.6222,-1,-1,-1
1029,52,847.02,261.72,58.88,189.08,0.5971,-1,-1,-1
1029,64,1573.89,589.57,104.02,237.89,0.6888,-1,-1,-1
1029,60,373.79,499.25,79.34,229.12,0.6166,-1,-1,-1
1029,65,292.74,511.56,75.58,197.25,0.5981,-1,-1,-1
1029,69,1140.35,585.84,84.04,249.18,0.7394,-1,-1,-1
1029,70,1695.60,647.54,97.58,266.32,0.4038,-1,-1,-1
1029,74,494.07,304.59,64.99,191.85,0.5337,-1,-1,-1
1029,76,579.83,545.59,79.31,244.31,0.4998,-1,-1,-1
1029,75,371.34,307.32,66.25,192.41,0.5067,-1,-1,-1
1030,45,1718.98,458.16,80.70,201.21,0.5786,-1,-1,-1
1030,46,372.50,935.64,86.57,142.93,0.8001,-1,-1,-1
1030,3,899.21,945.09,67.06,134.89,0.7173,-1,-1,-1
1030,51,935.64,254.43,60.94,200.66,0.5627,-1,-1,-1
1030,52,847.12,260.76,59.30,191.35,0.5864,-1,-1,-1
1030,64,1573.06,588.76,104.26,239.10,0.6454,-1,-1,-1
1030,60,371.41,500.83,78.21,227.71,0.6114,-1,-1,-1
1030,65,292.31,512.24,76.32,200.73,0.6495,-1,-1,-1
1030,69,1138.78,584.14,83.59,249.26,0.7752,-1,-1,-1
1030,70,1694.15,641.14,98.00,271.71,0.4532,-1,-1,-1
1030,74,493.52,303.75,65.31,192.83,0.5338,-1,-1,-1
1030,76,579.73,544.77,78.35,245.33,0.4708,-1,-1,-1
1030,75,369.79,308.56,67.02,193.61,0.5652,-1,-1,-1
1031,45,1718.36,458.50,81.88,204.02,0.6012,-1,-1,-1
1031,46,374.33,937.42,86.07,140.94,0.7950,-1,-1,-1
1031,3,898.03,944.65,66.76,135.35,0.7212,-1,-1,-1
1031,51,937.07,251.70,59.99,198.26,0.5686,-1,-1,-1
1031,52,847.26,259.36,59.59,193.15,0.5696,-1,-1,-1
1031,64,1572.94,590.02,103.67,237.72,0.6565,-1,-1,-1
1031,60,372.49,501.13,78.62,228.78,0.6369,-1,-1,-1
1031,65,291.01,513.70,78.17,207.92,0.6803,-1,-1,-1
1031,69,1137.73,579.66,82.88,248.57,0.7785,-1,-1,-1
1031,70,1686.29,637.86,99.57,276.51,0.5302,-1,-1,-1
1031,74,493.39,303.10,64.74,190.87,0.5711,-1,-1,-1
1031,76,579.08,544.35,77.31,246.39,0.4729,-1,-1,-1
1031,75,368.68,309.85,67.40,193.58,0.5661,-1,-1,-1
1032,45,1717.93,458.61,82.88,206.63,0.5970,-1,-1,-1
1032,46,376.06,940.55,84.85,137.79,0.7708,-1,-1,-1
1032,3,897.11,944.17,66.41,135.83,0.7001,-1,-1,-1
1032,51,938.38,249.31,58.92,195.35,0.6191,-1,-1,-1
1032,52,847.63,256.81,59.68,194.00,0.5792,-1,-1,-1
1032,64,1572.73,590.26,103.42,237.59,0.6397,-1,-1,-1
1032,60,372.91,501.40,78.79,229.60,0.6621,-1,-1,-1
1032,65,290.82,515.73,78.72,211.63,0.6870,-1,-1,-1
1032,69,1137.13,575.86,81.72,246.44,0.7699,-1,-1,-1
1032,70,1681.04,638.88,99.69,277.07,0.4868,-1,-1,-1
1032,74,493.65,304.50,63.89,188.44,0.4874,-1,-1,-1
1032,76,578.96,543.76,76.07,247.05,0.4717,-1,-1,-1
1032,75,367.65,310.94,67.65,193.35,0.5058,-1,-1,-1
1033,45,1717.90,458.51,82.95,207.05,0.5883,-1,-1,-1
1033,46,377.50,943.55,83.61,134.27,0.7609,-1,-1,-1
1033,3,896.11,943.98,65.87,136.02,0.6958,-1,-1,-1
1033,51,939.73,247.47,58.68,194.63,0.6346,-1,-1,-1
1033,52,847.67,255.60,59.86,194.89,0.5525,-1,-1,-1
1033,64,1572.84,591.31,102.73,236.91,0.6248,-1,-1,-1
1033,60,372.57,502.03,78.54,229.12,0.6440,-1,-1,-1
1033,65,290.67,517.74,78.60,213.34,0.6678,-1,-1,-1
1033,69,1137.06,572.71,80.30,243.28,0.7705,-1,-1,-1
1033,70,1676.87,637.68,100.56,279.34,0.5392,-1,-1,-1
1033,74,492.83,305.96,64.27,189.52,0.4650,-1,-1,-1
1033,76,579.57,542.51,73.11,241.09,0.4308,-1,-1,-1
1033,75,366.72,311.82,67.81,192.76,0.5324,-1,-1,-1
1034,45,1717.44,458.04,82.81,206.73,0.5856,-1,-1,-1
1034,46,379.27,946.96,82.51,131.46,0.7544,-1,-1,-1
1034,3,895.14,943.73,65.50,136.27,0.7087,-1,-1,-1
1034,51,939.92,245.00,58.68,194.97,0.6023,-1,-1,-1
1034,52,847.98,255.50,59.75,194.47,0.5583,-1,-1,-1
1034,64,1573.50,594.01,101.31,233.56,0.5892,-1,-1,-1
1034,60,371.29,503.34,77.69,227.71,0.6246,-1,-1,-1
1034,65,291.20,520.38,78.11,213.37,0.6706,-1,-1,-1
1034,69,1137.19,569.45,79.54,242.57,0.7687,-1,-1,-1
1034,70,1674.50,636.87,100.89,280.42,0.5382,-1,-1,-1
1034,74,490.86,307.70,65.07,191.59,0.4864,-1,-1,-1
1034,76,578.28,541.64,73.15,246.20,0.4499,-1,-1,-1
1034,75,366.02,312.62,68.17,193.42,0.5748,-1,-1,-1
1035,45,1717.74,458.44,81.83,204.60,0.5955,-1,-1,-1
1035,46,381.18,950.38,81.63,128.80,0.7441,-1,-1,-1
1035,3,894.15,943.09,65.21,136.91,0.7048,-1,-1,-1
1035,51,939.87,243.04,59.12,196.63,0.6449,-1,-1,-1
1035,52,848.22,254.87,59.66,194.41,0.5653,-1,-1,-1
1035,64,1572.85,594.28,101.03,233.02,0.6063,-1,-1,-1
1035,60,371.55,504.34,76.98,225.41,0.6206,-1,-1,-1
1035,65,291.61,523.00,78.03,212.46,0.6425,-1,-1,-1
1035,69,1136.75,567.77,78.92,241.65,0.7607,-1,-1,-1
1035,70,1672.23,635.07,100.20,280.79,0.6020,-1,-1,-1
1035,74,489.82,310.72,65.61,192.62,0.4530,-1,-1,-1
1035,76,578.29,540.71,72.56,248.94,0.4078,-1,-1,-1
1035,75,365.64,312.90,68.61,194.66,0.5548,-1,-1,-1
1036,45,1718.23,459.95,81.17,203.08,0.5844,-1,-1,-1
1036,46,383.79,953.53,80.86,126.23,0.7314,-1,-1,-1
1036,3,892.98,941.90,65.18,138.11,0.7198,-1,-1,-1
1036,51,939.58,241.19,59.14,197.19,0.6589,-1,-1,-1
1036,52,848.66,254.12,59.67,195.15,0.5759,-1,-1,-1
1036,64,1572.87,595.12,100.60,232.32,0.6051,-1,-1,-1
1036,60,371.49,504.68,76.79,224.62,0.6307,-1,-1,-1
1036,65,292.14,525.42,77.43,210.48,0.5829,-1,-1,-1
1036,69,1135.59,565.86,79.47,244.91,0.7364,-1,-1,-1
1036,70,1670.59,633.38,99.47,281.86,0.6304,-1,-1,-1
1036,74,489.58,310.04,66.55,194.87,0.4476,-1,-1,-1
1036,76,578.82,541.20,71.46,249.31,0.4092,-1,-1,-1
1036,75,365.97,314.36,66.51,187.30,0.3817,-1,-1,-1
1037,45,1718.20,460.13,80.98,202.94,0.6304,-1,-1,-1
1037,46,386.94,956.30,80.06,123.66,0.7572,-1,-1,-1
1037,3,892.15,940.78,64.93,139.22,0.7297,-1,-1,-1
1037,51,939.71,240.45,59.16,197.73,0.6868,-1,-1,-1
1037,52,848.94,252.84,59.79,195.95,0.5732,-1,-1,-1
1037,64,1572.41,595.41,100.22,231.80,0.6299,-1,-1,-1
1037,60,372.03,505.44,76.59,223.06,0.6693,-1,-1,-1
1037,65,290.63,527.62,77.26,208.37,0.5516,-1,-1,-1
1037,69,1134.51,563.85,79.88,247.67,0.7501,-1,-1,-1
1037,70,1669.17,631.25,98.22,281.45,0.6189,-1,-1,-1
1037,74,490.03,310.92,67.19,195.63,0.4498,-1,-1,-1
1037,76,579.56,540.15,70.53,251.11,0.4469,-1,-1,-1
1037,75,368.49,318.19,61.01,166.42,0.3061,-1,-1,-1
1038,45,1718.38,460.45,80.52,202.05,0.6306,-1,-1,-1
1038,46,389.88,958.80,79.64,121.23,0.7812,-1,-1,-1
1038,3,890.53,939.22,64.88,140.79,0.7230,-1,-1,-1
1038,51,939.53,239.67,59.19,198.58,0.6838,-1,-1,-1
1038,52,849.32,251.85,59.92,196.46,0.5633,-1,-1,-1
1038,64,1572.36,595.36,99.97,231.76,0.6315,-1,-1,-1
1038,60,371.96,505.79,76.78,223.04,0.6653,-1,-1,-1
1038,65,293.41,530.67,75.35,205.20,0.4903,-1,-1,-1
1038,69,1133.36,562.75,80.91,251.58,0.7537,-1,-1,-1
1038,70,1667.31,630.56,97.60,280.81,0.6215,-1,-1,-1
1038,74,489.96,313.02,67.59,195.97,0.4427,-1,-1,-1
1038,76,580.41,539.57,69.47,251.75,0.4572,-1,-1,-1
1038,75,369.05,319.57,60.41,159.90,0.3110,-1,-1,-1
1039,45,1718.08,460.23,80.83,203.33,0.6351,-1,-1,-1
1039,46,392.55,959.90,79.71,120.15,0.7463,-1,-1,-1
1039,3,889.99,939.16,64.32,140.84,0.7282,-1,-1,-1
1039,51,939.29,238.69,59.13,199.18,0.6589,-1,-1,-1
1039,52,849.89,251.25,59.65,195.79,0.5373,-1,-1,-1
1039,64,1571.98,594.32,100.13,232.58,0.6041,-1,-1,-1
1039,60,371.31,506.42,76.82,223.05,0.6574,-1,-1,-1
1039,65,295.18,532.43,73.42,203.14,0.5360,-1,-1,-1
1039,69,1130.93,561.98,81.59,253.47,0.7656,-1,-1,-1
1039,70,1663.73,630.94,97.20,279.81,0.6260,-1,-1,-1
1039,74,488.51,314.50,67.92,197.02,0.4416,-1,-1,-1
1039,76,581.11,539.18,68.43,252.41,0.4542,-1,-1,-1
1039,75,368.50,319.48,61.12,156.91,0.3402,-1,-1,-1
1040,45,1717.97,459.94,80.98,204.43,0.6537,-1,-1,-1
1040,46,395.54,961.63,79.42,118.43,0.7245,-1,-1,-1
1040,3,889.03,938.62,64.07,141.38,0.7288,-1,-1,-1
1040,51,939.00,238.08,59.03,199.32,0.6254,-1,-1,-1
1040,52,851.05,249.33,59.14,193.83,0.5329,-1,-1,-1
1040,64,1572.21,595.36,99.49,231.21,0.6023,-1,-1,-1
1040,60,371.68,507.86,77.55,224.69,0.6860,-1,-1,-1
1040,65,295.98,535.25,71.33,200.62,0.4553,-1,-1,-1
1040,69,1127.89,561.74,81.96,254.42,0.7765,-1,-1,-1
1040,70,1660.65,632.17,97.20,280.07,0.6279,-1,-1,-1
1040,74,487.56,318.50,67.36,195.67,0.4483,-1,-1,-1
1040,76,581.96,538.68,67.24,252.37,0.4953,-1,-1,-1
1040,75,367.95,320.54,62.07,154.90,0.3176,-1,-1,-1
1041,45,1718.03,459.64,81.15,205.44,0.6579,-1,-1,-1
1041,46,399.54,963.80,79.07,116.25,0.7475,-1,-1,-1
1041,3,886.79,938.32,63.55,141.68,0.7129,-1,-1,-1
1041,51,939.05,237.35,59.12,200.08,0.6494,-1,-1,-1
1041,52,851.63,247.44,58.78,191.48,0.5401,-1,-1,-1
1041,64,1572.49,594.30,99.68,231.73,0.6037,-1,-1,-1
1041,60,371.66,509.95,78.15,226.39,0.6519,-1,-1,-1
1041,65,296.92,535.57,69.78,199.61,0.4483,-1,-1,-1
1041,69,1126.90,560.66,81.96,253.56,0.7934,-1,-1,-1
1041,70,1659.06,634.35,96.00,277.52,0.5460,-1,-1,-1
1041,74,486.68,322.42,66.37,192.86,0.4597,-1,-1,-1
1041,76,582.74,538.64,66.48,253.64,0.4989,-1,-1,-1
1042,45,1717.88,460.20,80.82,205.52,0.6193,-1,-1,-1
1042,46,402.96,965.00,79.63,114.98,0.7534,-1,-1,-1
1042,3,885.04,937.79,63.22,142.22,0.7265,-1,-1,-1
1042,51,939.54,237.27,58.96,200.02,0.6358,-1,-1,-1
1042,52,852.70,244.94,58.50,188.85,0.5132,-1,-1,-1
1042,64,1572.54,592.91,99.91,232.28,0.5835,-1,-1,-1
1042,60,371.55,510.53,79.19,229.39,0.6635,-1,-1,-1
1042,65,296.66,536.59,67.80,196.57,0.3848,-1,-1,-1
1042,69,1126.17,559.56,81.42,251.14,0.7839,-1,-1,-1
1042,70,1657.66,636.45,94.86,274.58,0.5478,-1,-1,-1
1042,74,486.43,325.00,65.47,190.67,0.4328,-1,-1,-1
1042,76,583.52,538.71,65.38,252.79,0.4912,-1,-1,-1
1043,45,1717.90,459.14,81.08,207.20,0.6047,-1,-1,-1
1043,46,404.80,966.33,80.33,113.68,0.7560,-1,-1,-1
1043,3,883.84,937.50,62.92,142.50,0.7181,-1,-1,-1
1043,51,939.99,237.01,58.60,199.60,0.6311,-1,-1,-1
1043,52,852.70,242.23,59.27,189.74,0.5035,-1,-1,-1
1043,64,1572.46,592.98,99.98,231.94,0.5410,-1,-1,-1
1043,60,371.61,511.47,79.91,231.44,0.6772,-1,-1,-1
1043,65,297.26,536.49,66.91,196.43,0.3839,-1,-1,-1
1043,69,1124.93,558.81,80.94,248.69,0.7816,-1,-1,-1
1043,70,1658.07,639.23,93.72,272.64,0.4604,-1,-1,-1
1043,74,484.71,325.33,65.32,190.18,0.4366,-1,-1,-1
1043,76,584.05,538.29,64.47,252.86,0.5031,-1,-1,-1
1044,45,1717.69,459.14,80.83,207.57,0.6035,-1,-1,-1
1044,46,406.75,968.21,80.77,111.82,0.7458,-1,-1,-1
1044,3,882.47,937.37,62.61,142.63,0.7015,-1,-1,-1
1044,51,940.25,236.35,58.24,199.28,0.6268,-1,-1,-1
1044,52,853.28,240.28,59.70,189.64,0.4883,-1,-1,-1
1044,64,1572.47,590.78,100.86,233.25,0.4589,-1,-1,-1
1044,60,371.60,514.00,80.28,233.22,0.6526,-1,-1,-1
1044,65,289.73,534.66,69.45,199.56,0.3488,-1,-1,-1
1044,69,1123.17,557.35,80.85,248.18,0.7760,-1,-1,-1
1044,70,1656.80,641.19,94.07,273.52,0.5197,-1,-1,-1
1044,74,484.64,325.05,65.61,191.14,0.4429,-1,-1,-1
1044,76,584.76,538.58,63.64,252.39,0.4965,-1,-1,-1
1045,45,1717.79,460.57,80.25,206.94,0.6023,-1,-1,-1
1045,46,408.70,969.31,82.04,110.72,0.7483,-1,-1,-1
1045,3,882.38,937.14,62.48,142.86,0.7091,-1,-1,-1
1045,51,940.23,235.17,58.07,199.59,0.6043,-1,-1,-1
1045,52,853.32,238.73,60.55,191.37,0.5560,-1,-1,-1
1045,64,1572.41,591.93,100.61,231.79,0.4723,-1,-1,-1
1045,60,372.36,516.85,80.18,233.17,0.6506,-1,-1,-1
1045,65,294.14,537.27,68.53,198.98,0.4011,-1,-1,-1
1045,69,1120.91,554.91,81.37,249.44,0.7756,-1,-1,-1
1045,70,1653.31,642.30,94.04,272.34,0.5482,-1,-1,-1
1045,74,483.68,325.35,65.61,191.15,0.4030,-1,-1,-1
1045,76,585.00,538.26,62.97,252.80,0.4984,-1,-1,-1
1045,75,354.57,323.46,81.19,202.94,0.5331,-1,-1,-1
1046,45,1717.49,460.96,79.90,206.64,0.6025,-1,-1,-1
1046,46,410.13,971.03,82.94,108.99,0.7449,-1,-1,-1
1046,3,880.74,936.24,62.51,143.76,0.6693,-1,-1,-1
1046,51,939.86,234.31,57.87,200.08,0.5944,-1,-1,-1
1046,52,852.95,238.09,61.08,191.88,0.5465,-1,-1,-1
1046,64,1574.35,592.71,100.49,231.55,0.4323,-1,-1,-1
1046,60,372.18,519.57,79.96,233.82,0.6333,-1,-1,-1
1046,65,289.25,537.59,71.00,204.20,0.4966,-1,-1,-1
1046,69,1120.11,553.37,80.81,247.61,0.7769,-1,-1,-1
1046,70,1652.11,643.35,93.61,270.68,0.5405,-1,-1,-1
1046,74,483.26,325.06,65.88,191.52,0.4161,-1,-1,-1
1046,76,585.45,538.71,62.09,252.15,0.4660,-1,-1,-1
1046,75,351.17,325.69,82.74,206.97,0.5148,-1,-1,-1
1047,45,1717.35,462.20,79.27,205.35,0.6156,-1,-1,-1
1047,46,411.71,973.81,83.27,106.21,0.7391,-1,-1,-1
1047,3,879.97,935.96,62.38,144.05,0.6671,-1,-1,-1
1047,51,938.81,233.29,57.68,199.97,0.5748,-1,-1,-1
1047,52,852.73,235.86,62.33,193.92,0.5410,-1,-1,-1
1047,64,1574.05,591.53,100.95,232.78,0.3957,-1,-1,-1
1047,60,372.41,522.01,79.51,233.10,0.6455,-1,-1,-1
1047,65,284.27,539.37,73.64,208.61,0.5348,-1,-1,-1
1047,69,1118.88,551.21,81.13,248.68,0.7555,-1,-1,-1
1047,70,1653.23,649.03,91.27,264.01,0.6150,-1,-1,-1
1047,74,483.01,326.40,65.42,189.78,0.4612,-1,-1,-1
1047,76,585.85,538.52,61.78,252.91,0.4657,-1,-1,-1
1047,75,349.17,328.14,83.14,208.40,0.5395,-1,-1,-1
1048,45,1717.71,462.10,78.99,205.32,0.5860,-1,-1,-1
1048,46,414.16,977.11,83.23,102.91,0.7362,-1,-1,-1
1048,3,879.55,935.27,62.35,144.73,0.6473,-1,-1,-1
1048,51,938.92,231.38,56.08,194.52,0.5806,-1,-1,-1
1048,52,853.10,234.84,63.05,194.46,0.5536,-1,-1,-1
1048,64,1574.47,590.76,101.06,233.39,0.3939,-1,-1,-1
1048,60,372.05,522.63,79.22,232.79,0.6370,-1,-1,-1
1048,65,280.95,541.32,75.78,211.72,0.5872,-1,-1,-1
1048,69,1118.06,548.11,80.59,246.65,0.7448,-1,-1,-1
1048,70,1651.80,651.69,90.12,260.08,0.6467,-1,-1,-1
1048,74,482.18,326.64,65.81,190.65,0.4606,-1,-1,-1
1048,76,586.10,538.66,61.50,253.29,0.4498,-1,-1,-1
1048,75,348.08,329.74,82.62,207.43,0.4533,-1,-1,-1
1049,45,1717.70,462.24,79.01,205.89,0.6217,-1,-1,-1
1049,46,415.65,979.56,83.78,100.45,0.7479,-1,-1,-1
1049,3,878.81,934.20,62.59,145.80,0.6695,-1,-1,-1
1049,51,938.58,229.60,55.55,192.41,0.6100,-1,-1,-1
1049,52,853.59,234.60,63.45,194.14,0.5660,-1,-1,-1
1049,64,1573.24,592.57,100.53,232.14,0.4397,-1,-1,-1
1049,60,371.63,523.88,78.64,231.51,0.6465,-1,-1,-1
1049,65,280.94,543.75,76.38,211.85,0.5535,-1,-1,-1
1049,69,1117.09,545.35,79.48,243.76,0.7428,-1,-1,-1
1049,70,1650.46,649.97,90.42,260.96,0.6957,-1,-1,-1
1049,74,480.91,326.55,66.61,192.22,0.5062,-1,-1,-1
1049,76,586.09,538.03,61.14,253.49,0.4950,-1,-1,-1
1049,75,346.44,330.43,82.89,207.68,0.4489,-1,-1,-1
1050,45,1717.63,461.56,79.15,206.64,0.6446,-1,-1,-1
1050,46,418.22,982.70,83.50,97.31,0.7518,-1,-1,-1
1050,3,878.16,933.23,62.83,146.77,0.6684,-1,-1,-1
1050,51,938.38,228.05,55.26,191.00,0.6085,-1,-1,-1
1050,52,854.15,234.34,63.65,193.91,0.5899,-1,-1,-1
1050,64,1572.17,592.66,100.72,232.01,0.4427,-1,-1,-1
1050,60,372.24,524.42,78.26,230.26,0.6629,-1,-1,-1
1050,65,280.70,546.93,76.75,212.03,0.6137,-1,-1,-1
1050,69,1115.66,542.67,77.87,238.66,0.7528,-1,-1,-1
1050,70,1648.99,649.55,89.95,260.00,0.6880,-1,-1,-1
1050,74,479.98,327.55,67.34,194.15,0.4489,-1,-1,-1
1050,76,586.67,537.93,60.95,253.71,0.5113,-1,-1,-1
1050,75,346.12,331.49,82.09,205.09,0.4340,-1,-1,-1
