1,1,0.00,8.85,351.22,1061.89,0.9275,-1,-1,-1
1,2,874.76,152.61,238.81,626.87,0.8143,-1,-1,-1
1,3,546.17,271.41,94.46,315.82,0.8119,-1,-1,-1
1,4,403.99,277.97,107.41,319.40,0.8106,-1,-1,-1
2,1,-2.73,6.48,351.85,1064.20,0.9307,-1,-1,-1
2,2,868.27,149.12,239.46,628.86,0.8053,-1,-1,-1
2,3,542.48,266.97,96.20,321.70,0.8085,-1,-1,-1
2,4,399.62,274.72,108.06,321.16,0.8139,-1,-1,-1
3,1,-5.05,5.26,351.04,1062.83,0.9292,-1,-1,-1
3,2,860.37,151.70,238.62,627.64,0.8283,-1,-1,-1
3,3,537.24,265.87,97.63,326.52,0.8042,-1,-1,-1
3,4,392.05,274.38,108.49,322.45,0.8446,-1,-1,-1
4,1,-10.65,3.65,349.69,1061.70,0.9252,-1,-1,-1
4,2,859.12,152.96,238.20,628.70,0.8344,-1,-1,-1
4,3,531.56,264.82,98.28,329.00,0.8075,-1,-1,-1
4,4,383.49,271.35,110.11,327.04,0.8421,-1,-1,-1
4,5,1043.18,292.77,94.07,342.32,0.5789,-1,-1,-1
5,1,-17.38,3.21,348.08,1062.46,0.9159,-1,-1,-1
5,2,860.96,152.08,239.28,635.95,0.8186,-1,-1,-1
5,3,525.72,262.54,99.67,334.02,0.8087,-1,-1,-1
5,4,376.80,265.64,111.59,331.53,0.8346,-1,-1,-1
5,5,1043.50,292.31,94.06,343.18,0.5786,-1,-1,-1
6,1,-24.39,16.17,342.95,1055.84,0.8776,-1,-1,-1
6,2,865.28,151.20,234.49,628.52,0.8032,-1,-1,-1
6,3,520.89,262.00,100.33,335.85,0.7972,-1,-1,-1
6,4,371.51,262.15,112.55,334.66,0.8305,-1,-1,-1
6,5,1040.93,293.24,94.02,344.37,0.5863,-1,-1,-1
7,1,-24.71,61.43,324.83,1009.52,0.9035,-1,-1,-1
7,2,870.38,152.71,229.62,622.08,0.8162,-1,-1,-1
7,3,515.23,259.53,102.56,343.59,0.7800,-1,-1,-1
7,4,364.09,260.36,113.75,338.14,0.8224,-1,-1,-1
7,5,1037.01,296.09,94.08,345.88,0.6034,-1,-1,-1
8,1,-26.68,84.20,313.76,986.74,0.8960,-1,-1,-1
8,2,870.83,152.62,228.60,626.39,0.7931,-1,-1,-1
8,3,510.55,261.64,103.15,345.94,0.8154,-1,-1,-1
8,4,355.70,259.39,115.33,341.99,0.8266,-1,-1,-1
8,5,1034.56,299.09,93.90,346.17,0.6753,-1,-1,-1
8,6,861.08,263.27,78.40,300.22,0.5858,-1,-1,-1
9,1,-37.13,99.02,303.30,973.04,0.8638,-1,-1,-1
9,2,869.42,153.90,225.69,625.97,0.7894,-1,-1,-1
9,3,506.64,261.91,102.91,344.88,0.8364,-1,-1,-1
9,4,349.80,259.79,116.25,343.84,0.8186,-1,-1,-1
9,5,1032.13,302.92,93.82,347.87,0.6621,-1,-1,-1
9,6,859.91,263.40,78.43,300.78,0.5881,-1,-1,-1
9,7,720.16,321.19,42.54,130.96,0.5789,-1,-1,-1
10,1,-42.20,107.20,292.70,961.57,0.7268,-1,-1,-1
10,2,865.93,156.52,222.42,623.77,0.8161,-1,-1,-1
10,3,501.51,263.70,103.94,347.40,0.8259,-1,-1,-1
10,4,345.09,258.89,117.24,346.96,0.8078,-1,-1,-1
10,5,1030.68,301.48,94.17,352.18,0.7003,-1,-1,-1
10,6,858.75,261.17,78.94,303.47,0.5662,-1,-1,-1
10,7,719.71,324.01,42.58,131.22,0.5862,-1,-1,-1
11,1,-50.32,111.90,281.75,955.12,0.7332,-1,-1,-1
11,2,863.07,156.60,221.46,628.93,0.8167,-1,-1,-1
11,3,495.20,262.32,105.88,352.83,0.8231,-1,-1,-1
11,4,338.87,260.73,118.26,349.14,0.7889,-1,-1,-1
11,5,1028.78,297.91,94.42,358.64,0.6633,-1,-1,-1
11,6,858.23,273.90,75.88,292.89,0.5329,-1,-1,-1
11,7,718.10,326.31,41.95,129.58,0.5182,-1,-1,-1
12,1,-29.81,117.72,221.42,762.52,0.7881,-1,-1,-1
12,2,856.66,158.11,219.93,631.91,0.8356,-1,-1,-1
12,3,491.14,259.16,107.64,358.00,0.7974,-1,-1,-1
12,4,330.25,263.40,119.98,351.78,0.8274,-1,-1,-1
12,5,1026.52,297.31,93.57,361.68,0.6770,-1,-1,-1
12,6,856.55,249.79,81.21,316.32,0.3897,-1,-1,-1
12,7,717.39,327.66,42.52,131.45,0.5499,-1,-1,-1
12,9,776.87,320.13,47.06,134.06,0.5494,-1,-1,-1
13,1,-19.10,138.36,179.16,626.93,0.8200,-1,-1,-1
13,2,851.41,156.41,219.97,637.68,0.8253,-1,-1,-1
13,3,485.33,256.24,109.26,361.87,0.8271,-1,-1,-1
13,4,323.68,264.13,122.44,355.78,0.8302,-1,-1,-1
13,5,1026.66,299.55,90.73,355.62,0.6952,-1,-1,-1
13,7,716.04,328.37,42.81,132.74,0.4863,-1,-1,-1
13,9,775.23,321.28,47.02,133.65,0.5424,-1,-1,-1
14,1,-21.49,174.23,161.55,579.92,0.8183,-1,-1,-1
14,2,845.59,154.24,220.23,642.99,0.7862,-1,-1,-1
14,3,480.95,255.02,110.53,364.64,0.8364,-1,-1,-1
14,4,318.39,265.70,124.56,358.92,0.8351,-1,-1,-1
14,5,1025.45,293.98,90.08,358.25,0.6842,-1,-1,-1
14,7,715.41,328.16,43.13,133.47,0.5337,-1,-1,-1
14,9,773.92,323.67,45.81,130.13,0.5625,-1,-1,-1
15,1,-29.11,230.52,145.37,543.28,0.5546,-1,-1,-1
15,2,838.25,153.62,218.48,639.66,0.7979,-1,-1,-1
15,3,478.36,256.15,111.03,363.25,0.8390,-1,-1,-1
15,4,316.61,268.32,125.57,360.32,0.8286,-1,-1,-1
15,5,1022.91,285.97,91.34,367.67,0.6672,-1,-1,-1
15,7,715.40,330.20,42.64,131.11,0.5302,-1,-1,-1
15,9,773.24,323.12,45.60,129.37,0.5425,-1,-1,-1
16,2,834.48,153.49,218.44,640.46,0.8020,-1,-1,-1
16,3,476.36,256.07,112.92,366.25,0.8447,-1,-1,-1
16,4,312.53,269.21,127.93,365.32,0.8396,-1,-1,-1
16,5,1021.11,278.15,92.68,376.67,0.6328,-1,-1,-1
16,7,715.07,330.86,42.69,130.68,0.5304,-1,-1,-1
16,9,772.85,323.54,45.64,128.92,0.5743,-1,-1,-1
17,2,833.14,154.53,219.12,642.82,0.8270,-1,-1,-1
17,3,474.76,257.74,114.31,367.88,0.8425,-1,-1,-1
17,4,309.74,273.29,129.18,367.86,0.8504,-1,-1,-1
17,5,1020.23,275.70,92.81,378.48,0.6611,-1,-1,-1
17,7,714.28,330.45,44.11,134.54,0.5726,-1,-1,-1
17,9,772.90,325.22,46.04,129.10,0.5934,-1,-1,-1
18,2,832.58,157.18,221.26,651.71,0.8572,-1,-1,-1
18,3,472.66,258.60,116.90,373.17,0.8380,-1,-1,-1
18,4,309.49,276.98,130.04,369.87,0.8304,-1,-1,-1
18,5,1017.75,260.92,95.44,391.90,0.6970,-1,-1,-1
18,7,714.67,332.53,44.66,135.81,0.4783,-1,-1,-1
18,9,771.98,319.20,49.79,139.88,0.4270,-1,-1,-1
19,2,833.00,159.03,220.86,657.08,0.8586,-1,-1,-1
19,3,471.33,262.56,119.61,378.33,0.8214,-1,-1,-1
19,4,302.03,279.96,133.86,377.07,0.8303,-1,-1,-1
19,5,1014.19,256.03,96.80,397.85,0.7187,-1,-1,-1
19,7,715.31,336.87,45.34,137.94,0.4879,-1,-1,-1
19,9,773.83,329.24,47.71,133.16,0.5105,-1,-1,-1
20,2,834.40,165.26,218.20,656.20,0.8635,-1,-1,-1
20,3,471.49,269.50,120.99,379.92,0.8268,-1,-1,-1
20,4,300.76,285.22,135.72,379.41,0.8284,-1,-1,-1
20,5,1011.15,250.70,99.18,407.74,0.7665,-1,-1,-1
20,7,716.02,341.38,45.69,139.87,0.5284,-1,-1,-1
20,9,774.71,333.42,47.65,132.05,0.5669,-1,-1,-1
21,2,842.94,168.81,215.39,657.30,0.8511,-1,-1,-1
21,3,473.91,272.58,124.19,387.01,0.8124,-1,-1,-1
21,4,304.04,287.13,137.97,383.84,0.8442,-1,-1,-1
21,5,1015.94,248.90,101.37,414.18,0.8079,-1,-1,-1
21,9,777.06,335.16,48.45,131.74,0.3777,-1,-1,-1
22,2,859.87,169.04,213.57,659.91,0.8537,-1,-1,-1
22,3,488.34,275.50,125.54,390.63,0.8248,-1,-1,-1
22,4,317.30,288.45,139.38,386.60,0.8275,-1,-1,-1
22,5,1027.52,249.55,102.92,418.47,0.7957,-1,-1,-1
22,9,791.88,339.57,49.81,135.08,0.5636,-1,-1,-1
23,2,868.28,170.74,212.46,663.48,0.8619,-1,-1,-1
23,3,501.68,280.13,126.63,393.37,0.8267,-1,-1,-1
23,4,328.05,291.00,140.24,387.52,0.8289,-1,-1,-1
23,5,1038.50,252.14,104.70,421.90,0.8010,-1,-1,-1
24,2,873.45,172.98,211.75,663.85,0.8683,-1,-1,-1
24,3,513.08,284.13,127.96,396.51,0.8445,-1,-1,-1
24,4,338.89,293.05,141.95,390.96,0.8330,-1,-1,-1
24,5,1049.26,255.46,105.62,418.83,0.8175,-1,-1,-1
24,7,716.81,366.05,41.84,127.84,0.5326,-1,-1,-1
25,2,874.67,173.69,210.89,660.85,0.8634,-1,-1,-1
25,3,521.75,285.19,130.53,403.33,0.8443,-1,-1,-1
25,4,350.90,294.77,141.92,389.90,0.8319,-1,-1,-1
25,5,1060.58,257.45,107.47,419.40,0.8358,-1,-1,-1
26,2,880.70,174.61,210.35,656.48,0.8694,-1,-1,-1
26,3,534.90,292.08,131.06,405.05,0.7980,-1,-1,-1
26,4,362.97,295.73,144.33,394.76,0.8537,-1,-1,-1
26,5,1072.62,260.43,110.73,422.34,0.8313,-1,-1,-1
27,2,885.92,176.78,212.12,656.91,0.8630,-1,-1,-1
27,3,548.78,293.71,132.90,410.92,0.8309,-1,-1,-1
27,4,376.43,299.09,145.09,397.21,0.8406,-1,-1,-1
27,5,1088.37,265.16,112.84,419.81,0.8297,-1,-1,-1
28,2,891.20,183.15,214.56,658.00,0.8748,-1,-1,-1
28,3,558.77,298.71,133.54,413.43,0.8469,-1,-1,-1
28,4,384.37,304.71,146.03,399.03,0.8611,-1,-1,-1
28,5,1097.13,271.80,114.97,418.13,0.8360,-1,-1,-1
29,2,889.78,189.87,215.86,659.36,0.8794,-1,-1,-1
29,3,564.13,300.29,134.67,417.17,0.8639,-1,-1,-1
29,4,389.32,308.91,147.24,404.15,0.8420,-1,-1,-1
29,5,1102.43,277.31,119.63,426.55,0.8128,-1,-1,-1
29,9,815.40,367.49,52.37,144.85,0.5042,-1,-1,-1
30,2,891.57,195.17,217.13,660.77,0.8922,-1,-1,-1
30,3,569.34,300.58,135.20,417.81,0.8519,-1,-1,-1
30,4,394.22,312.15,149.12,410.81,0.8394,-1,-1,-1
30,5,1109.72,280.73,123.83,431.57,0.8322,-1,-1,-1
30,9,823.36,370.92,51.34,142.59,0.4914,-1,-1,-1
31,2,892.75,200.67,219.06,664.06,0.8832,-1,-1,-1
31,3,573.71,302.06,135.99,420.04,0.8356,-1,-1,-1
31,4,397.82,317.26,150.75,417.08,0.8435,-1,-1,-1
31,5,1114.92,284.31,127.66,435.33,0.8545,-1,-1,-1
31,9,832.17,378.14,49.46,139.61,0.5141,-1,-1,-1
32,2,894.81,207.66,221.36,667.75,0.8843,-1,-1,-1
32,3,576.86,304.66,137.94,427.47,0.8523,-1,-1,-1
32,4,400.37,322.59,150.94,419.08,0.8573,-1,-1,-1
32,5,1117.62,289.04,129.84,433.30,0.8578,-1,-1,-1
32,9,836.83,380.74,50.26,144.81,0.5932,-1,-1,-1
33,2,898.23,212.61,223.01,669.62,0.8824,-1,-1,-1
33,3,581.03,307.24,139.13,431.09,0.8464,-1,-1,-1
33,4,403.57,328.18,150.95,419.52,0.8586,-1,-1,-1
33,5,1121.66,296.82,132.54,431.26,0.8557,-1,-1,-1
33,9,842.72,387.31,49.73,144.97,0.5306,-1,-1,-1
34,2,901.85,219.05,225.52,672.22,0.8748,-1,-1,-1
34,3,584.42,309.15,139.67,434.07,0.8412,-1,-1,-1
34,4,401.41,332.53,152.77,425.56,0.8418,-1,-1,-1
34,5,1124.13,301.71,134.08,425.79,0.8550,-1,-1,-1
34,9,846.63,392.13,50.15,146.84,0.5586,-1,-1,-1
35,2,905.36,226.29,227.53,675.94,0.8777,-1,-1,-1
35,3,587.49,313.06,140.69,439.03,0.8299,-1,-1,-1
35,4,398.57,336.36,155.12,433.32,0.8268,-1,-1,-1
35,5,1126.53,305.91,135.91,421.46,0.8461,-1,-1,-1
35,9,849.65,396.69,49.93,146.58,0.5384,-1,-1,-1
36,2,907.74,232.79,228.47,677.98,0.8840,-1,-1,-1
36,3,591.29,317.94,141.52,441.98,0.8214,-1,-1,-1
36,4,393.83,340.44,156.76,439.37,0.8543,-1,-1,-1
36,5,1127.58,310.63,137.90,419.69,0.8511,-1,-1,-1
37,2,908.48,240.96,228.72,677.59,0.8903,-1,-1,-1
37,3,591.69,322.19,142.08,446.35,0.8044,-1,-1,-1
37,4,388.03,343.32,158.07,445.90,0.8665,-1,-1,-1
37,5,1129.52,314.75,141.27,423.90,0.8438,-1,-1,-1
38,2,912.11,247.49,228.49,677.45,0.8889,-1,-1,-1
38,3,592.45,327.66,142.56,450.32,0.8259,-1,-1,-1
38,4,382.66,347.13,158.58,448.70,0.8690,-1,-1,-1
38,5,1130.45,320.26,142.82,422.03,0.8463,-1,-1,-1
38,9,862.54,415.75,46.35,138.34,0.6131,-1,-1,-1
39,2,917.62,254.05,228.07,679.06,0.8846,-1,-1,-1
39,3,590.81,332.34,144.69,459.18,0.8165,-1,-1,-1
39,4,377.67,350.60,159.86,453.07,0.8802,-1,-1,-1
39,5,1131.98,326.78,145.70,427.13,0.8541,-1,-1,-1
39,9,864.24,423.57,45.21,135.35,0.5074,-1,-1,-1
40,2,921.01,257.26,228.44,684.67,0.8765,-1,-1,-1
40,3,587.28,341.33,147.01,467.05,0.7965,-1,-1,-1
40,4,373.01,355.34,160.81,456.09,0.8740,-1,-1,-1
40,5,1133.63,333.85,147.97,431.14,0.8542,-1,-1,-1
40,9,864.21,427.49,47.92,143.76,0.5479,-1,-1,-1
41,2,921.62,259.89,226.60,683.75,0.8804,-1,-1,-1
41,3,583.27,343.47,148.76,473.80,0.8022,-1,-1,-1
41,4,363.81,356.60,162.52,458.84,0.8626,-1,-1,-1
41,5,1136.46,338.88,148.32,430.74,0.8500,-1,-1,-1
41,9,864.23,432.82,48.17,144.60,0.4787,-1,-1,-1
42,2,924.64,265.55,222.80,676.77,0.8822,-1,-1,-1
42,3,579.16,347.44,150.58,479.92,0.7102,-1,-1,-1
42,4,352.58,358.06,165.62,465.17,0.8716,-1,-1,-1
42,5,1137.23,346.49,147.93,429.04,0.8558,-1,-1,-1
42,9,863.79,436.47,48.41,146.27,0.4658,-1,-1,-1
43,2,926.50,272.30,217.56,665.72,0.8819,-1,-1,-1
43,3,572.76,352.02,150.56,482.47,0.8054,-1,-1,-1
43,4,340.58,362.78,168.34,470.04,0.8483,-1,-1,-1
43,5,1135.25,353.04,148.47,429.66,0.8571,-1,-1,-1
43,9,862.33,441.82,46.14,138.88,0.3506,-1,-1,-1
44,2,926.28,278.84,214.31,660.20,0.8857,-1,-1,-1
44,3,565.74,356.66,151.88,490.30,0.8117,-1,-1,-1
44,4,326.89,366.34,171.84,476.43,0.8581,-1,-1,-1
44,5,1133.13,361.33,147.73,425.93,0.8564,-1,-1,-1
44,9,857.48,443.80,47.83,145.01,0.3893,-1,-1,-1
45,2,924.67,284.41,212.74,660.07,0.8876,-1,-1,-1
45,3,558.22,361.35,153.24,499.77,0.8246,-1,-1,-1
45,4,313.30,371.14,176.72,486.63,0.8454,-1,-1,-1
45,5,1128.86,368.00,148.15,426.42,0.8408,-1,-1,-1
45,9,851.59,449.65,48.34,146.14,0.4301,-1,-1,-1
46,2,920.89,292.35,212.61,664.61,0.8866,-1,-1,-1
46,3,551.21,364.60,154.02,506.94,0.8213,-1,-1,-1
46,4,299.62,377.64,182.04,499.74,0.8413,-1,-1,-1
46,5,1124.45,375.71,149.89,431.61,0.8509,-1,-1,-1
46,9,848.25,456.27,48.86,147.24,0.4778,-1,-1,-1
47,2,916.02,301.45,211.93,668.29,0.8781,-1,-1,-1
47,3,544.10,369.55,154.93,513.35,0.8248,-1,-1,-1
47,4,281.72,382.78,189.28,516.45,0.8436,-1,-1,-1
47,5,1118.90,381.93,150.26,433.95,0.8357,-1,-1,-1
47,9,846.05,468.02,46.45,138.45,0.3350,-1,-1,-1
48,2,910.36,309.11,212.69,676.44,0.8774,-1,-1,-1
48,3,533.41,372.57,157.22,523.04,0.8578,-1,-1,-1
48,4,266.39,390.97,194.43,527.27,0.8569,-1,-1,-1
48,5,1112.04,389.26,149.58,435.41,0.8321,-1,-1,-1
48,9,839.58,469.14,49.48,148.70,0.6837,-1,-1,-1
49,2,903.13,318.32,212.60,682.44,0.8784,-1,-1,-1
49,3,524.76,376.55,159.12,531.19,0.8508,-1,-1,-1
49,4,250.45,398.10,198.51,534.47,0.8719,-1,-1,-1
49,5,1106.48,395.34,149.27,435.07,0.8530,-1,-1,-1
49,9,834.22,473.16,50.11,150.64,0.4995,-1,-1,-1
50,2,897.54,327.17,211.24,684.14,0.8773,-1,-1,-1
50,3,518.77,382.37,160.46,537.60,0.8387,-1,-1,-1
50,4,237.26,405.38,198.81,528.62,0.8353,-1,-1,-1
50,5,1099.35,400.14,149.74,438.73,0.8538,-1,-1,-1
50,9,825.76,477.09,51.11,153.61,0.5770,-1,-1,-1
51,2,891.54,335.12,209.67,685.67,0.8694,-1,-1,-1
51,3,510.12,385.96,162.01,544.54,0.8470,-1,-1,-1
51,4,222.65,412.21,199.49,523.10,0.8440,-1,-1,-1
51,5,1094.52,404.09,149.65,439.78,0.8680,-1,-1,-1
51,9,819.78,480.71,52.22,155.70,0.5905,-1,-1,-1
52,2,886.30,342.33,207.67,685.32,0.8759,-1,-1,-1
52,3,502.20,388.71,162.68,547.49,0.8376,-1,-1,-1
52,4,205.07,417.12,210.44,548.75,0.8293,-1,-1,-1
52,5,1090.86,406.06,150.10,442.34,0.8645,-1,-1,-1
52,9,815.58,489.70,50.14,147.42,0.3282,-1,-1,-1
53,2,881.90,348.49,205.44,683.05,0.8783,-1,-1,-1
53,3,494.99,394.98,163.57,550.67,0.8404,-1,-1,-1
53,4,190.10,420.57,216.24,563.15,0.8704,-1,-1,-1
53,5,1086.36,409.35,150.87,443.37,0.8652,-1,-1,-1
53,9,812.39,492.91,50.32,147.13,0.6582,-1,-1,-1
54,2,877.94,352.08,203.69,680.48,0.8833,-1,-1,-1
54,3,486.88,396.86,166.14,557.70,0.8509,-1,-1,-1
54,4,177.69,422.36,220.53,573.36,0.8822,-1,-1,-1
54,5,1081.90,410.94,152.44,445.62,0.8712,-1,-1,-1
54,9,811.82,494.72,48.65,141.29,0.5952,-1,-1,-1
55,2,871.57,352.23,203.07,680.09,0.8837,-1,-1,-1
55,3,480.39,398.11,169.33,565.06,0.8581,-1,-1,-1
55,4,166.69,421.63,224.07,582.82,0.8952,-1,-1,-1
55,5,1078.63,412.12,153.51,445.79,0.8756,-1,-1,-1
55,9,809.06,494.68,49.48,142.75,0.4668,-1,-1,-1
56,2,866.56,351.43,203.15,682.49,0.8792,-1,-1,-1
56,3,475.28,399.91,173.78,576.21,0.8728,-1,-1,-1
56,4,156.16,420.45,227.42,593.18,0.8826,-1,-1,-1
56,5,1079.16,413.55,153.28,442.13,0.8744,-1,-1,-1
56,9,806.03,494.91,52.06,150.27,0.4625,-1,-1,-1
57,2,860.72,350.70,203.84,686.09,0.8752,-1,-1,-1
57,3,469.39,402.87,179.01,589.45,0.8758,-1,-1,-1
57,4,144.79,420.42,229.97,600.95,0.8887,-1,-1,-1
57,5,1078.91,415.37,153.58,439.34,0.8674,-1,-1,-1
57,9,804.97,498.59,53.10,153.48,0.3711,-1,-1,-1
58,2,857.42,349.90,202.42,680.15,0.8683,-1,-1,-1
58,3,463.56,401.20,184.85,605.14,0.8814,-1,-1,-1
58,4,135.37,419.43,233.24,610.91,0.8760,-1,-1,-1
58,5,1075.91,414.16,156.23,443.55,0.8718,-1,-1,-1
59,2,849.64,347.24,201.00,671.83,0.8827,-1,-1,-1
59,3,456.11,396.94,189.82,620.60,0.8830,-1,-1,-1
59,4,125.69,418.58,235.73,617.70,0.8969,-1,-1,-1
59,5,1074.79,415.54,156.94,441.71,0.8702,-1,-1,-1
60,2,842.60,346.95,200.72,666.96,0.8873,-1,-1,-1
60,3,451.90,398.11,191.39,625.80,0.8773,-1,-1,-1
60,4,115.12,417.70,238.14,623.57,0.9068,-1,-1,-1
60,5,1072.96,416.19,158.81,442.53,0.8682,-1,-1,-1
61,2,833.51,347.31,202.93,667.44,0.8888,-1,-1,-1
61,3,445.38,399.74,194.46,636.28,0.8643,-1,-1,-1
61,4,105.09,417.01,241.50,632.24,0.9052,-1,-1,-1
61,5,1071.22,417.22,160.74,443.08,0.8656,-1,-1,-1
62,2,828.91,347.17,205.31,667.73,0.8800,-1,-1,-1
62,3,442.73,399.29,196.49,643.99,0.8512,-1,-1,-1
62,4,95.65,414.21,248.23,651.76,0.9003,-1,-1,-1
62,5,1072.02,416.84,162.47,442.84,0.8628,-1,-1,-1
63,2,825.57,344.37,208.40,672.37,0.8811,-1,-1,-1
63,3,440.70,395.85,198.79,651.57,0.8613,-1,-1,-1
63,4,88.50,409.42,252.54,667.99,0.8924,-1,-1,-1
63,5,1074.27,415.81,164.56,442.92,0.8705,-1,-1,-1
64,2,823.59,342.57,210.59,675.93,0.8784,-1,-1,-1
64,3,443.34,390.00,201.08,660.18,0.8709,-1,-1,-1
64,4,82.50,405.45,253.70,675.84,0.8872,-1,-1,-1
64,5,1076.14,415.48,166.67,443.09,0.8700,-1,-1,-1
64,14,1020.54,434.32,66.55,316.27,0.7914,-1,-1,-1
65,2,821.53,340.83,213.10,679.21,0.8890,-1,-1,-1
65,3,443.96,383.52,203.51,668.09,0.8722,-1,-1,-1
65,4,75.26,404.78,253.34,678.21,0.8834,-1,-1,-1
65,5,1078.75,413.47,168.95,444.29,0.8626,-1,-1,-1
65,14,1023.13,435.59,65.98,313.10,0.7868,-1,-1,-1
66,2,821.75,339.01,214.97,681.81,0.8875,-1,-1,-1
66,3,444.02,376.31,206.50,676.29,0.8764,-1,-1,-1
66,4,69.01,403.20,252.68,678.17,0.8885,-1,-1,-1
66,5,1085.17,408.38,172.66,450.18,0.8392,-1,-1,-1
66,14,1026.17,434.92,65.97,311.87,0.7797,-1,-1,-1
67,2,822.41,338.35,216.46,683.10,0.8931,-1,-1,-1
67,3,444.44,369.55,209.30,683.39,0.8733,-1,-1,-1
67,4,60.07,399.06,253.60,682.42,0.8880,-1,-1,-1
67,5,1089.91,404.41,176.16,455.52,0.8461,-1,-1,-1
67,14,1028.76,431.98,65.88,309.30,0.7461,-1,-1,-1
68,2,824.28,337.07,217.86,684.45,0.8934,-1,-1,-1
68,3,444.31,359.92,212.80,691.72,0.8708,-1,-1,-1
68,4,49.75,396.03,253.27,680.85,0.8889,-1,-1,-1
68,5,1093.00,401.17,176.46,455.11,0.8456,-1,-1,-1
68,14,1032.00,425.03,67.29,313.41,0.7259,-1,-1,-1
68,16,748.03,497.62,58.25,146.17,0.5304,-1,-1,-1
69,2,828.89,333.03,218.61,685.49,0.8878,-1,-1,-1
69,3,444.64,350.84,216.35,700.18,0.8775,-1,-1,-1
69,4,38.94,387.32,255.84,685.44,0.8998,-1,-1,-1
69,5,1095.91,397.10,177.36,456.32,0.8726,-1,-1,-1
69,14,1035.29,420.27,68.17,315.02,0.7208,-1,-1,-1
69,16,750.12,492.30,59.33,148.90,0.6034,-1,-1,-1
70,2,831.34,329.80,218.80,683.60,0.8967,-1,-1,-1
70,3,442.72,343.58,220.09,707.96,0.8913,-1,-1,-1
70,4,24.54,378.88,260.62,694.60,0.9135,-1,-1,-1
70,5,1098.78,392.78,178.04,456.86,0.8721,-1,-1,-1
70,14,1037.67,416.27,68.87,315.41,0.7091,-1,-1,-1
70,16,752.13,487.61,60.18,151.14,0.5373,-1,-1,-1
71,2,834.07,326.86,218.94,682.24,0.8904,-1,-1,-1
71,3,438.35,336.19,224.94,719.82,0.8901,-1,-1,-1
71,4,7.96,371.04,264.06,702.85,0.9096,-1,-1,-1
71,5,1101.38,388.21,177.63,455.10,0.8643,-1,-1,-1
71,14,1038.83,412.59,69.73,316.04,0.7217,-1,-1,-1
71,16,753.16,484.78,60.36,151.58,0.5789,-1,-1,-1
72,2,835.05,321.56,219.71,682.39,0.8906,-1,-1,-1
72,3,431.82,326.91,232.19,741.14,0.8916,-1,-1,-1
72,4,-3.76,363.20,266.18,711.05,0.9195,-1,-1,-1
72,5,1103.91,385.36,176.85,452.43,0.8592,-1,-1,-1
72,14,1039.61,410.45,70.20,315.30,0.7227,-1,-1,-1
72,16,754.51,483.89,60.09,150.85,0.5615,-1,-1,-1
73,2,836.21,315.58,219.52,680.03,0.8855,-1,-1,-1
73,3,424.98,317.24,238.02,758.28,0.8933,-1,-1,-1
73,4,-13.28,351.69,267.73,722.65,0.9111,-1,-1,-1
73,5,1105.98,382.18,175.12,447.19,0.8556,-1,-1,-1
73,14,1040.28,409.64,70.36,313.34,0.6758,-1,-1,-1
73,16,752.43,477.94,60.56,152.68,0.4691,-1,-1,-1
74,2,837.26,310.15,217.14,669.50,0.8805,-1,-1,-1
74,3,417.74,311.32,240.95,765.37,0.8907,-1,-1,-1
74,4,-21.54,344.47,266.73,732.19,0.9065,-1,-1,-1
74,5,1106.65,378.66,173.65,443.48,0.8565,-1,-1,-1
74,14,1040.42,409.18,70.70,311.60,0.6848,-1,-1,-1
74,16,750.74,475.02,60.59,152.86,0.5560,-1,-1,-1
75,2,838.53,305.58,215.82,664.09,0.8721,-1,-1,-1
75,3,408.14,304.00,244.01,772.91,0.8954,-1,-1,-1
75,4,-28.80,333.36,265.00,744.22,0.8958,-1,-1,-1
75,5,1106.68,375.79,172.90,441.32,0.8616,-1,-1,-1
75,14,1040.28,419.26,68.55,298.86,0.6642,-1,-1,-1
75,16,748.65,471.73,60.67,153.52,0.5618,-1,-1,-1
76,2,841.32,301.41,215.09,661.73,0.8691,-1,-1,-1
76,3,398.66,297.35,246.36,777.21,0.8894,-1,-1,-1
76,4,-34.17,324.68,260.17,750.71,0.8883,-1,-1,-1
76,5,1107.50,373.51,171.92,440.16,0.8559,-1,-1,-1
76,14,1041.59,431.32,65.99,283.07,0.7228,-1,-1,-1
76,16,749.01,471.21,59.35,149.29,0.5169,-1,-1,-1
77,2,843.01,298.53,214.71,663.13,0.8786,-1,-1,-1
77,3,389.66,293.63,247.57,777.16,0.8913,-1,-1,-1
77,4,-39.06,318.08,254.58,758.29,0.8802,-1,-1,-1
77,5,1107.54,371.76,172.00,441.81,0.8657,-1,-1,-1
77,14,1040.76,435.05,66.00,278.52,0.6324,-1,-1,-1
77,16,748.76,470.39,59.69,148.88,0.5040,-1,-1,-1
78,2,844.12,295.85,213.80,665.64,0.8637,-1,-1,-1
78,3,377.39,289.43,250.87,782.64,0.8972,-1,-1,-1
78,4,-43.89,312.03,246.61,762.24,0.8673,-1,-1,-1
78,5,1107.06,370.42,171.93,443.16,0.8640,-1,-1,-1
78,14,1035.84,423.23,69.81,292.01,0.7076,-1,-1,-1
78,16,746.07,465.53,62.24,154.74,0.5499,-1,-1,-1
79,2,844.90,292.48,213.58,670.43,0.8592,-1,-1,-1
79,3,361.95,284.73,254.00,788.01,0.9003,-1,-1,-1
79,4,-47.29,309.28,237.67,765.10,0.8291,-1,-1,-1
79,5,1106.31,367.99,171.82,444.64,0.8600,-1,-1,-1
79,14,1030.01,408.12,73.72,306.54,0.7189,-1,-1,-1
79,16,740.92,468.18,60.44,152.26,0.4962,-1,-1,-1
79,17,811.94,449.84,46.87,165.60,0.6450,-1,-1,-1
80,2,842.90,289.67,212.77,674.82,0.8566,-1,-1,-1
80,3,345.42,276.89,258.26,795.31,0.8965,-1,-1,-1
80,5,1103.18,364.63,171.77,447.26,0.8433,-1,-1,-1
80,14,1024.95,400.79,75.36,314.02,0.7097,-1,-1,-1
80,16,736.13,468.83,60.07,153.33,0.5411,-1,-1,-1
80,17,807.03,446.63,48.52,170.81,0.6151,-1,-1,-1
81,2,840.97,291.40,210.82,675.57,0.8514,-1,-1,-1
81,3,328.06,268.07,262.59,803.19,0.9018,-1,-1,-1
81,5,1099.68,363.68,170.05,446.37,0.8567,-1,-1,-1
81,14,1019.74,403.21,74.51,310.50,0.6937,-1,-1,-1
81,16,730.72,464.16,59.82,154.38,0.5612,-1,-1,-1
81,17,801.92,444.63,48.35,169.35,0.6196,-1,-1,-1
81,18,-19.62,436.58,137.40,420.81,0.6418,-1,-1,-1
82,2,837.62,292.73,208.34,675.10,0.8529,-1,-1,-1
82,3,309.40,255.64,269.91,817.05,0.8974,-1,-1,-1
82,5,1094.45,360.26,168.98,447.53,0.8627,-1,-1,-1
82,14,1015.71,394.30,75.37,314.59,0.6466,-1,-1,-1
82,16,724.21,457.71,60.62,158.14,0.6341,-1,-1,-1
82,17,797.60,441.44,48.63,169.31,0.6749,-1,-1,-1
82,18,-21.05,442.16,120.77,372.69,0.7815,-1,-1,-1
83,2,834.24,292.00,205.28,674.14,0.8514,-1,-1,-1
83,3,287.49,242.88,276.64,829.06,0.8896,-1,-1,-1
83,5,1089.67,358.29,168.50,451.01,0.8518,-1,-1,-1
83,14,1007.53,384.97,77.56,321.83,0.5449,-1,-1,-1
83,16,721.38,453.04,60.21,156.85,0.3876,-1,-1,-1
83,17,794.42,437.32,47.93,166.04,0.5785,-1,-1,-1
84,2,827.06,291.64,202.90,674.91,0.8476,-1,-1,-1
84,3,258.59,230.78,283.27,842.45,0.9033,-1,-1,-1
84,5,1082.65,354.96,168.69,455.54,0.8586,-1,-1,-1
84,14,999.69,377.90,77.92,321.96,0.7452,-1,-1,-1
84,16,713.36,450.16,59.36,155.62,0.5917,-1,-1,-1
84,17,787.19,434.91,48.12,166.00,0.5587,-1,-1,-1
85,2,817.97,290.29,199.93,672.51,0.8275,-1,-1,-1
85,3,232.28,218.50,292.06,855.99,0.9170,-1,-1,-1
85,5,1074.68,353.83,166.41,454.14,0.8485,-1,-1,-1
85,14,990.18,373.96,77.79,319.36,0.7616,-1,-1,-1
85,16,706.77,450.50,57.72,152.43,0.4575,-1,-1,-1
85,17,777.13,427.74,49.61,170.05,0.5998,-1,-1,-1
86,2,806.92,285.32,198.26,672.03,0.8417,-1,-1,-1
86,3,203.94,205.29,299.25,869.92,0.9056,-1,-1,-1
86,5,1067.43,349.79,165.07,454.40,0.8318,-1,-1,-1
86,14,979.87,369.60,79.17,320.16,0.8069,-1,-1,-1
86,16,697.81,445.46,58.49,154.59,0.5367,-1,-1,-1
86,17,769.20,421.21,50.75,175.12,0.5159,-1,-1,-1
87,2,795.98,279.69,198.34,675.20,0.8524,-1,-1,-1
87,3,172.87,190.77,306.99,884.96,0.9104,-1,-1,-1
87,5,1060.00,347.14,163.55,452.99,0.8509,-1,-1,-1
87,14,970.64,366.46,80.39,320.39,0.7796,-1,-1,-1
87,16,691.50,446.40,57.74,151.86,0.4641,-1,-1,-1
87,17,760.17,414.53,51.83,179.91,0.6884,-1,-1,-1
87,19,473.17,411.17,79.75,285.69,0.7296,-1,-1,-1
88,2,785.02,275.33,197.78,671.79,0.8571,-1,-1,-1
88,3,146.36,180.62,313.50,896.19,0.9155,-1,-1,-1
88,5,1050.38,341.35,162.86,454.20,0.8485,-1,-1,-1
88,14,959.04,359.75,82.66,323.93,0.7449,-1,-1,-1
88,16,681.92,441.10,58.41,154.28,0.6147,-1,-1,-1
88,17,749.72,410.11,51.22,177.82,0.4646,-1,-1,-1
88,19,457.62,408.82,80.27,286.51,0.7607,-1,-1,-1
89,2,772.06,269.47,197.83,669.72,0.8477,-1,-1,-1
89,3,120.39,169.03,320.68,906.96,0.9201,-1,-1,-1
89,5,1043.06,335.31,162.81,454.56,0.8534,-1,-1,-1
89,14,950.59,358.18,83.30,319.64,0.8162,-1,-1,-1
89,16,673.65,437.03,59.23,156.53,0.5573,-1,-1,-1
89,17,740.25,407.89,51.15,180.61,0.3303,-1,-1,-1
89,19,441.67,399.03,84.16,298.27,0.7739,-1,-1,-1
90,2,760.88,262.24,197.46,660.42,0.8689,-1,-1,-1
90,3,95.18,154.51,330.27,920.96,0.9241,-1,-1,-1
90,5,1035.87,329.49,163.78,458.73,0.8482,-1,-1,-1
90,14,944.20,354.77,83.84,316.69,0.7823,-1,-1,-1
90,16,668.15,433.51,59.46,156.20,0.4318,-1,-1,-1
90,19,430.55,390.37,86.31,303.35,0.7799,-1,-1,-1
91,2,750.24,257.63,197.75,651.48,0.8808,-1,-1,-1
91,3,72.96,142.61,338.70,931.02,0.9224,-1,-1,-1
91,5,1031.18,325.05,163.38,457.12,0.8681,-1,-1,-1
91,14,937.58,350.37,85.73,318.01,0.7997,-1,-1,-1
91,16,658.57,427.15,59.10,156.75,0.4526,-1,-1,-1
91,19,421.12,386.23,87.81,305.96,0.7615,-1,-1,-1
92,2,738.33,251.79,200.48,651.10,0.8787,-1,-1,-1
92,3,49.13,128.05,349.57,944.91,0.9221,-1,-1,-1
92,5,1026.68,318.83,163.20,455.13,0.8636,-1,-1,-1
92,14,929.81,348.53,86.57,317.22,0.7895,-1,-1,-1
92,16,653.64,423.35,59.60,158.00,0.5489,-1,-1,-1
92,19,412.13,383.79,89.40,308.08,0.8223,-1,-1,-1
93,2,729.85,245.73,204.56,653.98,0.8891,-1,-1,-1
93,3,27.29,116.74,359.39,956.22,0.9244,-1,-1,-1
93,5,1021.54,314.17,163.94,454.70,0.8705,-1,-1,-1
93,14,926.22,346.76,87.60,317.05,0.7763,-1,-1,-1
93,16,650.24,420.55,59.04,157.64,0.3373,-1,-1,-1
93,19,404.22,379.05,91.59,312.19,0.8071,-1,-1,-1
94,2,719.57,241.37,207.93,657.77,0.8729,-1,-1,-1
94,3,13.82,106.55,367.78,968.58,0.9323,-1,-1,-1
94,5,1017.56,311.98,164.89,454.15,0.8726,-1,-1,-1
94,14,922.75,345.38,89.14,318.61,0.8026,-1,-1,-1
94,19,397.45,377.33,92.49,310.74,0.8026,-1,-1,-1
95,2,711.00,239.11,211.71,663.72,0.8860,-1,-1,-1
95,3,6.96,96.40,374.70,979.24,0.9307,-1,-1,-1
95,5,1013.28,310.51,166.18,453.81,0.8644,-1,-1,-1
95,14,919.73,343.38,90.37,319.99,0.7805,-1,-1,-1
95,19,391.11,374.34,94.87,314.53,0.8174,-1,-1,-1
96,2,702.31,240.47,213.92,664.83,0.9045,-1,-1,-1
96,3,-2.98,85.29,379.03,990.36,0.9349,-1,-1,-1
96,5,1010.03,309.79,168.45,455.69,0.8598,-1,-1,-1
96,14,916.50,343.62,91.56,320.14,0.7540,-1,-1,-1
96,19,384.79,373.16,97.66,320.48,0.8098,-1,-1,-1
97,2,698.36,240.11,216.70,670.26,0.8996,-1,-1,-1
97,3,-10.30,75.06,381.54,1000.40,0.9338,-1,-1,-1
97,5,1008.39,309.69,170.47,456.35,0.8618,-1,-1,-1
97,14,911.38,342.11,93.07,319.65,0.7328,-1,-1,-1
97,19,381.05,370.01,100.33,326.06,0.8189,-1,-1,-1
97,16,632.34,417.01,60.73,162.03,0.5593,-1,-1,-1
98,2,695.31,241.61,218.84,674.65,0.8996,-1,-1,-1
98,3,-16.73,59.00,383.93,1013.81,0.9344,-1,-1,-1
98,5,1008.05,309.46,173.23,458.51,0.8591,-1,-1,-1
98,14,910.35,342.12,94.42,320.66,0.7306,-1,-1,-1
98,19,378.98,367.79,102.48,330.23,0.8255,-1,-1,-1
98,16,629.63,415.28,61.73,165.70,0.6311,-1,-1,-1
99,2,693.76,245.11,220.24,677.01,0.8985,-1,-1,-1
99,3,-21.84,47.03,384.43,1025.43,0.9272,-1,-1,-1
99,5,1009.78,309.94,176.18,460.44,0.8700,-1,-1,-1
99,14,910.66,342.29,95.45,321.00,0.7370,-1,-1,-1
99,19,377.24,365.80,104.48,334.04,0.8214,-1,-1,-1
99,16,628.38,415.28,60.87,165.54,0.6340,-1,-1,-1
100,2,693.50,248.39,220.24,676.14,0.8988,-1,-1,-1
100,3,-27.04,35.64,383.07,1035.63,0.9225,-1,-1,-1
100,5,1012.44,311.36,178.47,460.75,0.8763,-1,-1,-1
100,14,912.96,346.52,95.73,318.30,0.7435,-1,-1,-1
100,19,375.51,366.78,105.56,334.44,0.8323,-1,-1,-1
100,16,627.99,414.49,60.93,166.19,0.6493,-1,-1,-1
101,2,696.03,249.57,219.79,676.09,0.8890,-1,-1,-1
101,3,-34.62,19.14,383.01,1054.94,0.9144,-1,-1,-1
101,5,1014.41,311.28,181.38,462.95,0.8568,-1,-1,-1
101,14,915.20,347.26,96.43,317.63,0.7683,-1,-1,-1
101,19,375.59,365.21,107.29,337.69,0.8239,-1,-1,-1
101,16,629.94,413.53,60.55,165.51,0.7018,-1,-1,-1
102,2,700.44,250.47,218.52,671.30,0.8948,-1,-1,-1
102,3,-40.78,11.59,376.98,1061.70,0.9190,-1,-1,-1
102,5,1018.98,311.83,183.58,464.77,0.8308,-1,-1,-1
102,14,919.62,346.74,97.35,318.99,0.7923,-1,-1,-1
102,19,376.11,364.19,109.17,341.33,0.8319,-1,-1,-1
102,16,633.52,413.45,60.53,165.69,0.5224,-1,-1,-1
103,2,711.21,250.56,217.85,667.82,0.8881,-1,-1,-1
103,3,-45.25,6.58,368.99,1065.69,0.9092,-1,-1,-1
103,5,1026.54,314.14,185.68,465.76,0.8433,-1,-1,-1
103,14,927.56,342.36,98.37,321.77,0.7443,-1,-1,-1
103,19,382.90,365.15,108.96,338.99,0.8037,-1,-1,-1
103,16,639.14,409.85,60.79,166.31,0.5544,-1,-1,-1
104,2,721.54,247.71,218.42,668.37,0.8919,-1,-1,-1
104,3,-47.87,7.91,355.87,1056.19,0.8316,-1,-1,-1
104,5,1041.41,309.77,188.39,468.93,0.8582,-1,-1,-1
104,14,939.08,339.18,99.39,322.44,0.7345,-1,-1,-1
104,19,392.21,368.35,108.60,336.23,0.8112,-1,-1,-1
104,16,649.94,407.52,60.99,168.36,0.6639,-1,-1,-1
105,2,734.24,245.74,217.68,665.09,0.8861,-1,-1,-1
105,3,-30.75,165.16,299.80,902.09,0.7801,-1,-1,-1
105,5,1052.97,308.76,189.77,469.59,0.8547,-1,-1,-1
105,14,949.30,334.77,101.00,326.93,0.7371,-1,-1,-1
105,19,400.37,366.12,109.38,338.00,0.8087,-1,-1,-1
105,16,658.85,408.06,60.51,166.99,0.3739,-1,-1,-1
106,2,744.35,243.09,214.23,654.31,0.8781,-1,-1,-1
106,3,-37.22,225.37,233.74,730.45,0.6228,-1,-1,-1
106,5,1066.10,304.72,193.33,475.53,0.8421,-1,-1,-1
106,14,956.92,332.62,101.83,328.93,0.7895,-1,-1,-1
106,19,408.25,365.08,109.36,337.10,0.8015,-1,-1,-1
106,16,665.83,405.83,60.93,167.58,0.6820,-1,-1,-1
107,2,753.70,237.91,211.95,647.11,0.8783,-1,-1,-1
107,3,-60.69,245.05,232.49,770.09,0.7251,-1,-1,-1
107,5,1072.74,303.21,193.46,475.24,0.8424,-1,-1,-1
107,14,963.92,330.68,102.04,327.74,0.7449,-1,-1,-1
107,19,413.32,362.27,110.19,338.85,0.7888,-1,-1,-1
107,16,670.36,404.24,62.00,169.01,0.6755,-1,-1,-1
108,2,759.49,234.23,211.09,645.11,0.8828,-1,-1,-1
108,5,1074.66,301.61,190.86,473.09,0.8386,-1,-1,-1
108,14,968.73,328.50,102.82,329.04,0.7282,-1,-1,-1
108,19,415.95,360.57,111.92,344.03,0.7966,-1,-1,-1
108,16,673.99,403.29,62.88,169.95,0.7286,-1,-1,-1
109,2,766.01,232.29,210.09,644.88,0.8753,-1,-1,-1
109,5,1077.71,298.39,188.05,470.47,0.8704,-1,-1,-1
109,14,970.36,326.93,101.62,327.03,0.5493,-1,-1,-1
109,19,415.79,358.30,113.74,349.00,0.8082,-1,-1,-1
109,16,677.49,401.13,63.24,170.73,0.6812,-1,-1,-1
110,2,769.05,230.56,209.84,646.47,0.8753,-1,-1,-1
110,5,1082.58,295.24,185.26,466.95,0.8721,-1,-1,-1
110,14,976.01,324.33,101.91,327.40,0.6669,-1,-1,-1
110,19,413.60,354.47,116.05,355.57,0.7983,-1,-1,-1
110,16,680.61,398.22,63.75,171.10,0.6261,-1,-1,-1
111,2,771.58,229.46,209.50,649.21,0.8721,-1,-1,-1
111,5,1086.91,292.07,182.53,463.42,0.8667,-1,-1,-1
111,14,977.69,323.65,101.80,325.60,0.6149,-1,-1,-1
111,19,412.66,352.65,116.61,355.91,0.8059,-1,-1,-1
111,16,682.99,395.16,64.60,173.20,0.6588,-1,-1,-1
112,2,772.94,228.87,208.45,649.57,0.8674,-1,-1,-1
112,5,1092.47,289.11,180.48,461.05,0.8549,-1,-1,-1
112,14,978.72,323.28,102.77,326.23,0.6338,-1,-1,-1
112,19,412.79,349.58,117.59,359.11,0.7482,-1,-1,-1
112,16,685.79,394.62,65.20,174.20,0.6441,-1,-1,-1
113,2,774.43,228.43,207.32,650.23,0.8648,-1,-1,-1
113,5,1097.25,286.41,179.67,462.78,0.8511,-1,-1,-1
113,14,982.31,322.91,103.19,325.79,0.6026,-1,-1,-1
113,19,411.57,347.75,118.72,362.86,0.7392,-1,-1,-1
113,16,687.30,391.33,66.98,178.81,0.7009,-1,-1,-1
114,2,778.26,229.90,205.99,651.20,0.8545,-1,-1,-1
114,5,1101.81,284.80,179.11,465.88,0.8578,-1,-1,-1
114,14,987.07,321.15,102.06,321.90,0.5927,-1,-1,-1
114,19,411.50,345.16,119.45,365.91,0.7352,-1,-1,-1
114,16,690.63,392.42,66.31,176.71,0.6295,-1,-1,-1
115,2,784.01,231.51,204.69,651.51,0.8444,-1,-1,-1
115,5,1105.62,285.28,177.73,466.15,0.8679,-1,-1,-1
115,14,994.02,320.53,102.00,322.63,0.7349,-1,-1,-1
115,19,411.08,343.77,120.30,368.38,0.7379,-1,-1,-1
115,16,693.87,390.82,66.94,178.83,0.5955,-1,-1,-1
116,2,787.07,232.46,203.67,652.04,0.8509,-1,-1,-1
116,5,1109.10,285.33,176.11,464.86,0.8630,-1,-1,-1
116,14,996.83,321.72,102.11,320.53,0.7067,-1,-1,-1
116,19,408.06,342.33,121.57,370.36,0.7733,-1,-1,-1
116,16,694.92,391.88,67.35,179.40,0.5573,-1,-1,-1
117,2,786.82,233.15,202.43,652.30,0.8521,-1,-1,-1
117,5,1112.08,284.51,175.67,466.72,0.8591,-1,-1,-1
117,14,997.29,320.92,102.79,321.06,0.6699,-1,-1,-1
117,19,405.94,342.58,122.28,370.06,0.7213,-1,-1,-1
117,16,694.21,389.71,68.22,179.70,0.6245,-1,-1,-1
118,2,782.52,234.65,200.64,649.96,0.8566,-1,-1,-1
118,5,1114.47,284.87,175.73,469.64,0.8564,-1,-1,-1
118,14,992.92,321.71,104.57,321.58,0.7296,-1,-1,-1
118,19,400.99,339.40,124.55,374.66,0.7031,-1,-1,-1
118,16,692.90,390.96,68.89,179.62,0.6155,-1,-1,-1
119,2,779.45,234.65,199.48,649.64,0.8667,-1,-1,-1
119,5,1117.00,286.35,175.31,472.33,0.8511,-1,-1,-1
119,14,989.51,323.27,106.59,322.05,0.7557,-1,-1,-1
119,19,395.98,337.98,126.02,376.95,0.8252,-1,-1,-1
119,16,693.34,392.06,69.22,179.45,0.5529,-1,-1,-1
120,2,775.60,232.94,198.91,649.32,0.8782,-1,-1,-1
120,5,1117.64,287.32,174.63,474.07,0.8532,-1,-1,-1
120,14,984.81,324.10,108.81,323.08,0.7074,-1,-1,-1
120,19,390.50,334.41,128.37,382.82,0.8358,-1,-1,-1
120,16,691.43,391.92,69.83,179.02,0.5289,-1,-1,-1
121,2,771.32,229.33,197.80,645.77,0.8741,-1,-1,-1
121,5,1116.68,289.17,174.03,475.46,0.8470,-1,-1,-1
121,14,980.86,325.32,110.69,322.49,0.6075,-1,-1,-1
121,19,384.49,333.23,129.94,386.15,0.8384,-1,-1,-1
121,16,689.25,393.25,71.91,182.02,0.4325,-1,-1,-1
122,2,764.99,227.91,195.61,637.89,0.8656,-1,-1,-1
122,5,1114.70,290.47,173.54,477.08,0.8405,-1,-1,-1
122,14,978.91,325.25,112.65,322.63,0.6372,-1,-1,-1
122,19,375.58,332.65,132.87,393.06,0.8261,-1,-1,-1
123,2,756.23,226.40,195.79,635.92,0.8671,-1,-1,-1
123,5,1112.09,290.48,172.74,478.14,0.8582,-1,-1,-1
123,14,971.80,325.83,115.43,323.73,0.6224,-1,-1,-1
123,19,367.11,331.70,135.52,400.67,0.8542,-1,-1,-1
124,2,747.61,226.53,196.98,636.54,0.8720,-1,-1,-1
124,5,1107.43,289.45,172.92,482.85,0.8491,-1,-1,-1
124,14,963.38,326.93,116.43,324.91,0.6116,-1,-1,-1
124,19,359.10,331.73,137.16,404.64,0.8591,-1,-1,-1
125,2,739.43,227.33,199.03,639.61,0.8767,-1,-1,-1
125,5,1104.15,289.38,171.35,481.42,0.8453,-1,-1,-1
125,14,957.50,325.05,118.68,329.34,0.6953,-1,-1,-1
125,19,350.87,336.26,137.53,404.35,0.8451,-1,-1,-1
126,2,726.87,228.16,202.68,643.94,0.8684,-1,-1,-1
126,5,1099.58,289.89,169.40,478.14,0.8445,-1,-1,-1
126,14,955.48,321.92,120.47,332.78,0.5801,-1,-1,-1
126,19,339.22,336.34,139.21,407.87,0.8397,-1,-1,-1
127,2,719.71,230.33,205.34,645.99,0.8698,-1,-1,-1
127,5,1094.44,290.47,169.93,480.77,0.8566,-1,-1,-1
127,14,951.08,320.63,123.16,335.81,0.7700,-1,-1,-1
127,19,330.48,340.73,139.92,409.11,0.8475,-1,-1,-1
128,2,714.92,230.98,208.32,649.93,0.8799,-1,-1,-1
128,5,1089.74,289.37,170.44,482.17,0.8706,-1,-1,-1
128,14,944.40,322.38,125.07,335.20,0.6102,-1,-1,-1
128,19,321.92,341.00,141.26,411.86,0.8530,-1,-1,-1
129,2,713.85,234.19,209.05,648.84,0.8803,-1,-1,-1
129,5,1086.05,287.29,171.28,483.22,0.8741,-1,-1,-1
129,14,932.77,321.85,123.41,335.34,0.6498,-1,-1,-1
129,19,315.03,338.24,144.47,420.78,0.8338,-1,-1,-1
130,2,712.25,236.16,210.32,649.11,0.8819,-1,-1,-1
130,5,1083.61,286.80,171.62,483.18,0.8673,-1,-1,-1
130,14,927.75,320.66,121.66,335.26,0.7349,-1,-1,-1
130,19,310.36,334.69,147.53,429.66,0.8405,-1,-1,-1
130,23,658.62,389.17,65.35,192.89,0.5535,-1,-1,-1
131,2,712.17,238.13,211.57,649.35,0.8799,-1,-1,-1
131,5,1082.32,284.74,172.06,482.97,0.8665,-1,-1,-1
131,14,923.92,319.28,120.25,333.94,0.7373,-1,-1,-1
131,19,306.65,332.15,149.06,435.25,0.8388,-1,-1,-1
131,23,656.91,389.41,65.41,193.15,0.5875,-1,-1,-1
132,2,712.58,238.67,212.53,649.58,0.8754,-1,-1,-1
132,5,1081.42,283.03,172.10,482.17,0.8634,-1,-1,-1
132,14,921.09,317.83,119.43,333.94,0.7335,-1,-1,-1
132,19,304.80,332.14,149.00,437.13,0.8290,-1,-1,-1
132,23,656.21,389.00,65.86,194.63,0.5692,-1,-1,-1
132,24,1012.27,367.25,71.20,226.59,0.5586,-1,-1,-1
133,2,715.16,239.06,212.83,647.86,0.8755,-1,-1,-1
133,5,1079.86,282.32,172.83,482.18,0.8685,-1,-1,-1
133,14,919.70,316.50,118.88,335.81,0.7468,-1,-1,-1
133,19,297.61,330.33,150.99,441.32,0.8195,-1,-1,-1
133,23,655.75,389.33,65.89,195.08,0.4432,-1,-1,-1
133,24,1013.23,367.87,70.86,225.40,0.5763,-1,-1,-1
134,2,715.57,238.78,213.48,649.14,0.8765,-1,-1,-1
134,5,1078.65,283.29,174.74,484.94,0.8678,-1,-1,-1
134,14,919.31,317.59,117.66,337.37,0.7328,-1,-1,-1
134,19,290.21,326.15,154.66,451.93,0.8404,-1,-1,-1
134,23,656.61,391.45,65.98,194.95,0.5317,-1,-1,-1
134,24,1013.23,367.74,70.39,223.58,0.6110,-1,-1,-1
135,2,716.76,239.68,213.34,648.51,0.8799,-1,-1,-1
135,5,1076.98,284.32,176.59,487.91,0.8648,-1,-1,-1
135,14,917.73,317.73,116.84,340.54,0.7097,-1,-1,-1
135,19,286.10,328.44,155.29,454.15,0.8316,-1,-1,-1
135,23,655.09,393.22,66.50,195.44,0.5442,-1,-1,-1
135,24,1013.82,369.75,69.47,219.78,0.6537,-1,-1,-1
136,2,720.43,240.17,211.78,643.94,0.8737,-1,-1,-1
136,5,1076.13,286.59,178.26,489.71,0.8665,-1,-1,-1
136,14,917.61,319.46,115.08,340.02,0.7318,-1,-1,-1
136,19,281.71,327.43,157.12,459.26,0.8387,-1,-1,-1
136,23,652.08,394.70,67.75,196.64,0.6849,-1,-1,-1
136,24,1013.24,365.76,72.17,227.75,0.7067,-1,-1,-1
137,2,724.33,240.65,208.08,630.78,0.8833,-1,-1,-1
137,5,1076.04,289.51,180.41,491.85,0.8635,-1,-1,-1
137,14,918.33,319.41,113.78,341.37,0.7313,-1,-1,-1
137,19,280.22,324.60,158.62,465.10,0.8409,-1,-1,-1
137,23,652.06,395.25,69.50,200.33,0.6352,-1,-1,-1
137,24,1015.65,368.58,71.92,226.04,0.7447,-1,-1,-1
138,2,726.57,241.98,207.21,624.47,0.8864,-1,-1,-1
138,5,1080.45,293.32,181.45,491.48,0.8618,-1,-1,-1
138,14,919.25,320.66,112.42,342.16,0.7456,-1,-1,-1
138,19,277.34,323.15,159.85,469.37,0.8038,-1,-1,-1
138,23,652.07,396.86,69.77,200.76,0.5942,-1,-1,-1
138,24,1018.47,368.36,72.83,228.43,0.7447,-1,-1,-1
139,2,730.34,242.46,207.08,622.39,0.8851,-1,-1,-1
139,5,1085.01,295.11,182.58,491.45,0.8479,-1,-1,-1
139,14,921.37,320.83,111.37,343.53,0.7266,-1,-1,-1
139,19,271.47,320.79,161.97,474.91,0.8146,-1,-1,-1
139,23,651.68,396.25,70.83,203.84,0.5823,-1,-1,-1
139,24,1021.34,365.57,73.48,230.07,0.7169,-1,-1,-1
140,2,736.87,241.90,207.46,626.14,0.8780,-1,-1,-1
140,5,1090.10,296.51,182.78,490.21,0.8453,-1,-1,-1
140,14,926.28,320.30,110.03,345.13,0.7149,-1,-1,-1
140,19,268.03,318.89,165.18,484.27,0.8302,-1,-1,-1
140,23,650.93,396.97,71.61,205.00,0.6319,-1,-1,-1
140,24,1024.10,367.79,73.07,227.87,0.7775,-1,-1,-1
141,2,741.57,244.83,207.10,628.99,0.8735,-1,-1,-1
141,5,1093.71,296.28,184.78,494.69,0.8582,-1,-1,-1
141,14,927.93,321.64,108.74,344.74,0.7389,-1,-1,-1
141,19,267.61,319.12,168.29,494.94,0.8246,-1,-1,-1
141,23,650.46,396.00,72.81,206.66,0.7632,-1,-1,-1
141,24,1026.96,367.16,73.67,228.10,0.6852,-1,-1,-1
142,2,746.62,249.86,205.54,628.51,0.8694,-1,-1,-1
142,5,1098.79,296.74,186.14,498.46,0.8516,-1,-1,-1
142,14,929.67,324.36,106.96,342.09,0.7639,-1,-1,-1
142,19,267.79,321.40,169.93,500.56,0.8492,-1,-1,-1
142,23,653.25,399.07,73.14,203.97,0.6909,-1,-1,-1
142,24,1031.19,370.84,73.68,226.71,0.7247,-1,-1,-1
143,2,755.76,252.93,204.66,632.09,0.8787,-1,-1,-1
143,5,1105.06,296.98,187.27,501.75,0.8675,-1,-1,-1
143,14,939.21,325.42,104.76,341.32,0.7232,-1,-1,-1
143,19,267.58,324.35,171.11,503.83,0.8474,-1,-1,-1
143,23,657.27,400.22,74.17,204.47,0.6631,-1,-1,-1
143,24,1036.41,372.01,73.45,226.17,0.7463,-1,-1,-1
144,2,761.92,255.50,203.17,632.98,0.8729,-1,-1,-1
144,5,1110.53,297.05,187.25,501.77,0.8615,-1,-1,-1
144,14,947.24,329.66,101.12,335.40,0.8004,-1,-1,-1
144,19,266.54,324.94,173.54,510.51,0.8580,-1,-1,-1
144,23,661.20,398.32,75.13,207.11,0.7032,-1,-1,-1
144,24,1041.13,372.54,74.10,227.03,0.7546,-1,-1,-1
145,2,768.98,257.94,201.75,634.09,0.8604,-1,-1,-1
145,5,1118.81,296.95,187.12,501.37,0.8608,-1,-1,-1
145,14,952.07,329.53,99.92,337.19,0.7497,-1,-1,-1
145,19,265.53,324.67,175.21,514.20,0.8532,-1,-1,-1
145,23,664.67,397.27,76.40,209.67,0.7018,-1,-1,-1
145,24,1044.54,375.08,73.68,224.01,0.7400,-1,-1,-1
146,2,773.90,261.65,200.98,635.66,0.8638,-1,-1,-1
146,5,1126.62,300.09,184.91,495.51,0.8740,-1,-1,-1
146,14,960.06,331.50,98.68,337.30,0.6867,-1,-1,-1
146,19,266.09,324.52,178.08,522.86,0.8772,-1,-1,-1
146,23,669.58,397.70,76.94,210.22,0.6982,-1,-1,-1
146,24,1049.83,377.61,73.08,220.62,0.6476,-1,-1,-1
147,2,776.94,264.80,200.32,636.94,0.8650,-1,-1,-1
147,5,1134.08,299.13,184.14,492.26,0.8670,-1,-1,-1
147,14,961.38,331.31,98.71,339.91,0.7115,-1,-1,-1
147,19,263.39,325.44,180.31,528.71,0.8601,-1,-1,-1
147,23,670.80,396.70,78.67,214.65,0.7260,-1,-1,-1
147,24,1053.08,380.96,73.66,220.43,0.6330,-1,-1,-1
148,2,782.45,266.07,198.62,636.05,0.8554,-1,-1,-1
148,5,1139.27,298.19,183.67,491.45,0.8671,-1,-1,-1
148,14,964.86,331.45,98.23,340.80,0.7303,-1,-1,-1
148,19,259.28,325.57,184.09,539.39,0.8684,-1,-1,-1
148,23,671.87,395.69,79.42,217.87,0.7258,-1,-1,-1
148,24,1055.02,378.44,75.47,225.57,0.6768,-1,-1,-1
149,2,786.69,266.77,197.59,637.46,0.8616,-1,-1,-1
149,5,1145.50,298.55,182.41,489.05,0.8619,-1,-1,-1
149,14,968.17,335.07,96.68,338.91,0.7344,-1,-1,-1
149,19,251.87,323.77,186.71,548.54,0.8649,-1,-1,-1
149,23,673.89,399.56,79.17,217.89,0.6009,-1,-1,-1
149,24,1056.78,378.70,76.39,228.13,0.6365,-1,-1,-1
150,2,788.58,267.21,196.41,637.42,0.8498,-1,-1,-1
150,5,1149.56,299.68,182.32,489.94,0.8644,-1,-1,-1
150,14,971.78,338.71,96.00,338.97,0.7367,-1,-1,-1
150,19,244.28,319.94,188.83,557.84,0.8501,-1,-1,-1
150,23,674.50,404.13,78.87,216.76,0.6131,-1,-1,-1
150,24,1056.57,372.45,78.64,235.92,0.6722,-1,-1,-1
151,2,790.50,267.27,194.94,634.50,0.8409,-1,-1,-1
151,5,1150.98,299.64,184.62,497.78,0.8714,-1,-1,-1
151,14,975.12,340.49,95.43,341.16,0.7332,-1,-1,-1
151,19,233.83,318.11,191.40,567.45,0.8507,-1,-1,-1
151,23,675.60,408.29,78.08,214.59,0.6688,-1,-1,-1
151,24,1056.40,370.39,79.73,240.11,0.5983,-1,-1,-1
152,2,790.83,266.29,192.93,627.63,0.8417,-1,-1,-1
152,5,1152.85,300.23,184.75,499.04,0.8801,-1,-1,-1
152,14,975.36,341.58,94.66,341.33,0.7104,-1,-1,-1
152,19,225.04,314.91,193.94,576.85,0.8509,-1,-1,-1
152,23,676.58,409.66,78.72,215.65,0.7133,-1,-1,-1
152,24,1056.02,372.06,79.30,238.58,0.6059,-1,-1,-1
153,2,790.18,264.23,191.98,620.49,0.8418,-1,-1,-1
153,5,1156.19,302.02,184.18,498.82,0.8824,-1,-1,-1
153,14,977.67,341.86,94.28,344.57,0.7248,-1,-1,-1
153,19,215.55,312.07,196.08,583.15,0.8585,-1,-1,-1
153,23,677.35,410.37,80.14,218.54,0.7124,-1,-1,-1
153,24,1056.33,372.33,79.52,239.31,0.6199,-1,-1,-1
154,2,787.40,262.34,193.23,618.46,0.8594,-1,-1,-1
154,5,1157.94,302.88,183.18,497.26,0.8731,-1,-1,-1
154,14,977.32,341.82,93.39,344.71,0.7265,-1,-1,-1
154,19,205.79,309.62,198.59,589.07,0.8723,-1,-1,-1
154,23,678.61,411.29,81.40,220.46,0.7176,-1,-1,-1
154,24,1055.71,373.56,79.61,239.16,0.6567,-1,-1,-1
155,2,782.87,259.98,195.69,618.85,0.8684,-1,-1,-1
155,5,1158.93,302.90,183.27,499.29,0.8790,-1,-1,-1
155,14,978.84,341.00,91.84,343.29,0.7272,-1,-1,-1
155,19,196.41,307.08,200.88,593.43,0.8712,-1,-1,-1
155,23,679.30,408.58,84.12,223.47,0.7297,-1,-1,-1
155,24,1055.28,372.97,79.73,239.32,0.7016,-1,-1,-1
156,2,779.40,258.40,199.27,621.56,0.8702,-1,-1,-1
156,5,1158.34,305.54,184.71,504.67,0.8774,-1,-1,-1
156,14,978.68,340.36,91.21,343.96,0.7022,-1,-1,-1
156,19,185.37,303.21,203.32,599.38,0.8714,-1,-1,-1
156,23,679.15,406.51,86.42,225.99,0.7665,-1,-1,-1
156,24,1053.62,371.13,80.62,242.17,0.6923,-1,-1,-1
157,2,774.85,259.57,203.00,624.15,0.8774,-1,-1,-1
157,5,1154.98,307.52,184.95,507.40,0.8730,-1,-1,-1
157,14,974.73,341.13,91.94,346.06,0.6965,-1,-1,-1
157,19,175.20,301.00,205.84,604.95,0.8634,-1,-1,-1
157,23,675.66,407.13,87.85,226.38,0.7038,-1,-1,-1
157,24,1051.58,370.39,81.30,243.83,0.6787,-1,-1,-1
158,2,771.13,257.99,206.28,628.34,0.8731,-1,-1,-1
158,5,1150.04,306.00,184.38,507.86,0.8647,-1,-1,-1
158,14,969.78,341.62,91.62,345.10,0.7418,-1,-1,-1
158,19,162.03,297.84,208.66,611.40,0.8608,-1,-1,-1
158,23,664.21,406.35,87.59,228.01,0.6732,-1,-1,-1
158,24,1048.29,370.78,81.76,243.95,0.7391,-1,-1,-1
159,2,770.86,261.35,207.41,628.76,0.8666,-1,-1,-1
159,5,1145.89,306.83,182.74,505.39,0.8761,-1,-1,-1
159,14,966.26,342.00,90.29,341.44,0.6546,-1,-1,-1
159,19,145.25,295.06,212.45,620.92,0.8558,-1,-1,-1
159,23,659.52,402.92,88.18,230.36,0.6600,-1,-1,-1
159,24,1044.96,375.49,80.87,239.45,0.7010,-1,-1,-1
160,2,770.56,263.98,208.16,630.14,0.8642,-1,-1,-1
160,5,1140.54,306.47,182.28,506.67,0.8769,-1,-1,-1
160,14,963.55,340.13,90.19,340.52,0.7255,-1,-1,-1
160,19,130.98,291.63,218.22,637.19,0.8640,-1,-1,-1
160,23,655.19,402.14,88.97,230.38,0.6724,-1,-1,-1
160,24,1041.17,377.83,80.15,236.23,0.6979,-1,-1,-1
161,2,771.39,269.13,207.92,628.89,0.8709,-1,-1,-1
161,5,1136.26,306.49,181.32,506.55,0.8782,-1,-1,-1
161,14,957.63,339.27,90.18,341.18,0.6698,-1,-1,-1
161,19,115.77,290.22,224.06,654.35,0.8549,-1,-1,-1
161,23,648.50,399.16,90.79,235.19,0.6919,-1,-1,-1
161,24,1037.79,382.96,78.81,230.01,0.7512,-1,-1,-1
162,2,772.54,271.06,207.21,627.47,0.8824,-1,-1,-1
162,5,1130.36,301.66,181.98,511.70,0.8733,-1,-1,-1
162,14,949.50,337.10,90.53,346.31,0.6473,-1,-1,-1
162,19,99.94,285.08,226.85,661.27,0.8687,-1,-1,-1
162,23,636.70,396.41,90.76,238.70,0.7041,-1,-1,-1
162,24,1031.27,385.76,78.14,226.31,0.7441,-1,-1,-1
163,2,771.58,270.88,206.86,628.52,0.8929,-1,-1,-1
163,5,1123.05,300.34,181.71,512.49,0.8682,-1,-1,-1
163,14,945.15,333.28,91.03,350.57,0.6175,-1,-1,-1
163,19,81.80,284.00,230.74,675.69,0.8466,-1,-1,-1
163,23,628.74,394.91,90.70,240.57,0.7249,-1,-1,-1
163,24,1025.37,387.19,78.21,224.58,0.6823,-1,-1,-1
163,28,725.75,358.12,78.84,280.67,0.6666,-1,-1,-1
164,2,768.29,269.16,205.78,625.73,0.8909,-1,-1,-1
164,5,1116.51,298.33,181.58,511.31,0.8672,-1,-1,-1
164,14,940.79,333.27,90.24,350.56,0.6623,-1,-1,-1
164,19,63.45,282.31,237.46,693.08,0.8834,-1,-1,-1
164,23,619.86,393.04,91.35,243.48,0.7237,-1,-1,-1
164,24,1020.95,389.92,77.00,220.50,0.7023,-1,-1,-1
164,28,716.44,361.66,78.31,278.69,0.6744,-1,-1,-1
165,2,762.83,265.17,205.45,627.15,0.8865,-1,-1,-1
165,5,1109.99,298.80,180.53,507.73,0.8747,-1,-1,-1
165,14,938.68,332.89,88.98,348.45,0.6922,-1,-1,-1
165,19,43.49,280.27,244.19,711.44,0.8713,-1,-1,-1
165,23,610.30,392.77,91.10,244.40,0.6888,-1,-1,-1
165,24,1016.96,391.26,75.88,216.35,0.6871,-1,-1,-1
165,28,709.05,363.91,77.96,277.35,0.7069,-1,-1,-1
166,2,761.27,260.93,205.25,630.10,0.8856,-1,-1,-1
166,5,1104.96,297.64,179.70,503.16,0.8768,-1,-1,-1
166,14,932.72,328.06,89.35,351.67,0.6957,-1,-1,-1
166,19,26.94,278.42,250.06,724.99,0.8876,-1,-1,-1
166,23,604.79,391.38,91.64,246.65,0.7174,-1,-1,-1
166,24,1011.94,390.89,75.59,214.25,0.6685,-1,-1,-1
166,28,704.79,365.26,78.08,277.51,0.7309,-1,-1,-1
167,2,761.15,257.62,204.25,630.78,0.8746,-1,-1,-1
167,5,1099.92,293.73,181.42,504.90,0.8659,-1,-1,-1
167,14,931.29,325.79,88.59,350.51,0.6918,-1,-1,-1
167,19,8.98,274.61,254.28,736.89,0.8650,-1,-1,-1
167,23,599.08,390.01,91.88,248.83,0.7259,-1,-1,-1
167,24,1010.11,395.96,74.26,209.42,0.5622,-1,-1,-1
167,28,701.04,363.15,79.38,280.81,0.7083,-1,-1,-1
168,2,764.77,254.58,200.31,623.37,0.8656,-1,-1,-1
168,5,1095.79,292.06,182.22,504.38,0.8647,-1,-1,-1
168,14,929.29,328.01,88.19,349.56,0.6991,-1,-1,-1
168,19,-1.90,266.86,258.77,750.63,0.8876,-1,-1,-1
168,23,594.77,389.39,91.77,249.47,0.6911,-1,-1,-1
168,24,1006.17,382.24,79.46,225.38,0.6034,-1,-1,-1
168,28,692.00,358.89,81.56,285.46,0.7777,-1,-1,-1
169,2,769.57,250.49,196.51,615.26,0.8632,-1,-1,-1
169,5,1092.27,291.37,182.97,503.20,0.8698,-1,-1,-1
169,14,928.16,328.69,86.67,344.89,0.6958,-1,-1,-1
169,19,-11.27,259.35,261.03,763.20,0.9024,-1,-1,-1
169,23,590.03,387.76,92.52,251.92,0.7353,-1,-1,-1
169,24,1003.86,377.44,80.26,227.69,0.6366,-1,-1,-1
169,28,687.21,356.89,81.83,283.15,0.7693,-1,-1,-1
170,2,771.61,248.35,194.01,611.59,0.8545,-1,-1,-1
170,5,1087.96,290.76,185.02,505.06,0.8706,-1,-1,-1
170,14,926.00,329.15,85.84,343.35,0.6886,-1,-1,-1
170,19,-18.65,252.37,261.93,776.08,0.9022,-1,-1,-1
170,23,584.48,386.80,91.53,252.16,0.6201,-1,-1,-1
170,24,1002.85,373.04,81.34,231.08,0.6332,-1,-1,-1
170,28,682.06,353.51,84.24,286.80,0.7918,-1,-1,-1
171,2,771.44,246.32,193.03,612.88,0.8563,-1,-1,-1
171,5,1084.87,290.38,187.59,508.39,0.8685,-1,-1,-1
171,14,925.24,328.59,86.29,346.48,0.7115,-1,-1,-1
171,19,-24.46,246.79,261.67,789.07,0.9018,-1,-1,-1
171,23,579.41,383.34,93.31,258.05,0.6402,-1,-1,-1
171,24,1002.88,368.41,80.93,230.98,0.6707,-1,-1,-1
171,28,676.29,352.47,87.34,291.12,0.8041,-1,-1,-1
172,2,770.98,246.52,193.14,616.46,0.8505,-1,-1,-1
172,5,1082.27,290.01,189.44,509.15,0.8735,-1,-1,-1
172,14,925.80,335.22,83.78,337.31,0.6798,-1,-1,-1
172,19,-29.58,241.67,259.55,800.07,0.8958,-1,-1,-1
172,23,575.21,383.82,94.75,260.69,0.6855,-1,-1,-1
172,24,1001.16,367.07,80.54,230.38,0.6558,-1,-1,-1
172,28,671.69,350.92,90.56,294.81,0.8317,-1,-1,-1
173,2,770.98,245.34,192.76,619.68,0.8552,-1,-1,-1
173,5,1079.59,289.04,191.28,510.89,0.8676,-1,-1,-1
173,14,924.22,336.17,82.89,335.77,0.6678,-1,-1,-1
173,19,-33.98,236.50,257.63,814.83,0.8878,-1,-1,-1
173,23,569.46,384.85,95.97,261.87,0.7057,-1,-1,-1
173,24,1001.63,370.48,78.50,224.13,0.6627,-1,-1,-1
173,28,669.21,348.33,94.01,298.34,0.8321,-1,-1,-1
174,2,771.06,245.52,192.42,621.97,0.8592,-1,-1,-1
174,5,1080.00,288.64,193.73,514.59,0.8719,-1,-1,-1
174,14,924.61,335.72,82.49,336.27,0.6463,-1,-1,-1
174,19,-36.58,232.12,254.56,827.67,0.8844,-1,-1,-1
174,23,562.10,381.49,97.86,268.13,0.6958,-1,-1,-1
174,24,1000.92,368.12,79.16,226.92,0.6675,-1,-1,-1
174,28,667.52,345.95,97.29,300.97,0.8182,-1,-1,-1
175,2,772.44,246.51,192.17,626.10,0.8637,-1,-1,-1
175,5,1081.71,288.63,196.04,518.72,0.8729,-1,-1,-1
175,14,925.98,331.50,82.96,340.58,0.6395,-1,-1,-1
175,19,-38.18,227.04,250.24,837.94,0.8854,-1,-1,-1
175,23,557.81,379.60,98.98,272.16,0.6820,-1,-1,-1
175,24,1001.15,367.49,79.71,229.65,0.6663,-1,-1,-1
175,28,665.89,344.88,100.70,303.76,0.8186,-1,-1,-1
176,2,775.95,251.38,191.03,627.73,0.8478,-1,-1,-1
176,5,1084.46,289.16,197.17,520.10,0.8721,-1,-1,-1
176,14,927.12,327.25,83.11,345.25,0.6373,-1,-1,-1
176,19,-38.82,225.51,245.09,846.10,0.8836,-1,-1,-1
176,23,554.50,378.52,100.37,275.91,0.7237,-1,-1,-1
176,24,1003.71,365.97,79.71,231.27,0.6799,-1,-1,-1
176,28,663.93,344.75,104.47,309.08,0.8107,-1,-1,-1
177,2,779.16,256.05,189.54,627.25,0.8483,-1,-1,-1
177,5,1087.46,290.07,197.26,518.71,0.8748,-1,-1,-1
177,14,926.33,324.81,81.92,348.11,0.5903,-1,-1,-1
177,19,-40.03,223.92,239.07,853.06,0.8760,-1,-1,-1
177,23,553.24,379.07,100.56,275.87,0.7126,-1,-1,-1
177,24,1005.83,367.17,78.86,229.85,0.6887,-1,-1,-1
177,28,662.74,345.15,107.13,311.34,0.8152,-1,-1,-1
178,2,783.51,260.44,188.14,626.15,0.8574,-1,-1,-1
178,5,1091.24,290.02,199.42,522.77,0.8788,-1,-1,-1
178,14,928.29,326.95,80.24,351.23,0.4079,-1,-1,-1
178,19,-40.26,221.61,232.28,857.50,0.8740,-1,-1,-1
178,23,552.35,379.18,101.14,277.69,0.7328,-1,-1,-1
178,24,1010.08,369.47,78.18,228.98,0.6444,-1,-1,-1
178,28,662.93,347.16,110.30,314.20,0.8253,-1,-1,-1
179,2,786.60,262.74,186.79,624.95,0.8564,-1,-1,-1
179,5,1096.39,288.27,200.73,526.29,0.8803,-1,-1,-1
179,14,926.27,309.40,82.41,365.76,0.5756,-1,-1,-1
179,19,-40.59,224.16,223.51,855.69,0.8739,-1,-1,-1
179,23,551.57,379.16,102.01,280.03,0.7101,-1,-1,-1
179,24,1013.53,373.13,76.62,224.58,0.6751,-1,-1,-1
179,28,662.84,348.66,113.41,315.33,0.8254,-1,-1,-1
180,2,791.91,265.93,184.79,619.38,0.8630,-1,-1,-1
180,5,1102.40,289.69,200.35,524.70,0.8717,-1,-1,-1
180,14,931.50,316.33,78.59,358.09,0.3246,-1,-1,-1
180,19,-40.82,227.90,214.30,852.59,0.8652,-1,-1,-1
180,23,551.52,378.62,103.35,283.41,0.7641,-1,-1,-1
180,24,1017.40,380.77,74.48,218.07,0.6105,-1,-1,-1
180,28,662.19,350.29,115.69,316.25,0.7987,-1,-1,-1
181,2,795.18,266.15,184.47,618.50,0.8678,-1,-1,-1
181,5,1109.13,286.24,200.78,527.03,0.8748,-1,-1,-1
181,14,933.24,312.58,77.17,359.82,0.3641,-1,-1,-1
181,19,-38.05,249.16,201.40,831.33,0.8625,-1,-1,-1
181,23,552.14,380.88,103.63,284.18,0.7259,-1,-1,-1
181,24,1018.48,374.47,76.74,224.89,0.6325,-1,-1,-1
181,28,662.15,350.84,118.85,319.87,0.8163,-1,-1,-1
182,2,796.87,265.71,184.30,617.68,0.8722,-1,-1,-1
182,5,1116.28,285.95,200.41,527.05,0.8726,-1,-1,-1
182,14,936.66,312.84,76.07,360.80,0.4416,-1,-1,-1
182,19,-35.54,275.38,188.01,805.36,0.8565,-1,-1,-1
182,23,553.85,382.36,104.75,286.59,0.7499,-1,-1,-1
182,24,1022.63,377.04,76.13,221.56,0.7335,-1,-1,-1
182,28,661.43,351.16,121.63,323.16,0.8205,-1,-1,-1
183,2,801.89,264.33,183.72,612.58,0.8732,-1,-1,-1
183,5,1125.54,283.44,197.96,522.16,0.8705,-1,-1,-1
183,14,940.70,313.72,74.32,357.16,0.3319,-1,-1,-1
183,19,-34.21,301.85,174.52,777.89,0.8433,-1,-1,-1
183,23,554.50,385.31,105.24,287.23,0.7397,-1,-1,-1
183,24,1026.31,382.25,75.16,216.86,0.6706,-1,-1,-1
183,28,662.53,349.58,124.33,325.04,0.8300,-1,-1,-1
184,2,806.69,264.91,181.83,601.72,0.8759,-1,-1,-1
184,5,1131.16,282.60,196.05,517.69,0.8755,-1,-1,-1
184,14,945.02,307.84,75.26,366.06,0.4225,-1,-1,-1
184,19,-30.54,358.87,155.28,719.59,0.8429,-1,-1,-1
184,23,556.41,388.23,105.26,285.46,0.7550,-1,-1,-1
184,24,1031.21,381.80,76.71,220.34,0.6438,-1,-1,-1
184,28,666.17,348.05,127.02,327.53,0.8309,-1,-1,-1
185,2,808.26,263.17,182.26,598.89,0.8585,-1,-1,-1
185,5,1137.60,282.84,194.52,513.99,0.8707,-1,-1,-1
185,14,952.70,310.65,74.53,364.36,0.6058,-1,-1,-1
185,19,-29.22,384.26,143.58,693.20,0.8066,-1,-1,-1
185,23,559.82,390.02,106.60,286.14,0.7165,-1,-1,-1
185,24,1036.29,384.00,75.99,217.87,0.6756,-1,-1,-1
185,28,668.84,335.17,133.22,343.30,0.8513,-1,-1,-1
186,2,808.56,259.31,184.23,602.72,0.8641,-1,-1,-1
186,5,1144.28,283.86,193.73,514.26,0.8792,-1,-1,-1
186,14,957.83,315.77,73.18,360.78,0.5453,-1,-1,-1
186,19,-26.92,397.20,135.47,679.94,0.7608,-1,-1,-1
186,23,561.72,390.71,108.39,287.91,0.7527,-1,-1,-1
186,24,1039.54,384.04,76.68,218.11,0.6856,-1,-1,-1
186,28,669.39,327.64,137.18,353.53,0.8471,-1,-1,-1
187,2,810.50,255.47,185.51,603.71,0.8674,-1,-1,-1
187,5,1149.92,280.73,194.90,519.09,0.8826,-1,-1,-1
187,14,965.25,337.68,68.03,338.93,0.3711,-1,-1,-1
187,23,562.65,387.43,111.58,293.00,0.7652,-1,-1,-1
187,24,1042.99,380.14,77.50,219.92,0.7038,-1,-1,-1
187,28,671.02,327.49,137.32,353.40,0.8511,-1,-1,-1
188,2,809.51,253.26,187.76,605.84,0.8690,-1,-1,-1
188,5,1152.84,279.37,194.76,520.18,0.8860,-1,-1,-1
188,23,562.64,385.99,113.44,294.44,0.7757,-1,-1,-1
188,24,1041.81,377.88,79.00,222.41,0.7109,-1,-1,-1
188,28,670.23,325.58,137.75,353.95,0.8549,-1,-1,-1
189,2,807.33,252.74,190.13,609.02,0.8673,-1,-1,-1
189,5,1154.85,276.80,194.41,522.78,0.8822,-1,-1,-1
189,23,561.38,383.01,116.31,297.93,0.7088,-1,-1,-1
189,24,1041.27,376.01,79.99,223.66,0.7259,-1,-1,-1
189,28,668.91,324.53,138.96,356.24,0.8495,-1,-1,-1
190,2,807.66,251.67,191.84,612.09,0.8584,-1,-1,-1
190,5,1156.41,275.47,194.61,526.00,0.8806,-1,-1,-1
190,23,559.00,380.77,119.82,301.22,0.7273,-1,-1,-1
190,24,1039.02,376.11,80.64,222.17,0.7129,-1,-1,-1
190,28,669.72,322.88,140.02,359.97,0.8446,-1,-1,-1
191,2,807.80,252.41,193.58,616.46,0.8553,-1,-1,-1
191,5,1157.86,277.06,194.55,528.44,0.8796,-1,-1,-1
191,23,554.52,378.82,122.75,305.03,0.6629,-1,-1,-1
191,24,1038.46,374.58,82.29,224.73,0.6989,-1,-1,-1
191,28,669.48,323.46,140.34,361.98,0.8073,-1,-1,-1
192,2,810.03,257.72,193.73,617.74,0.8579,-1,-1,-1
192,5,1157.57,282.52,193.53,528.42,0.8861,-1,-1,-1
192,23,539.19,377.78,121.52,307.32,0.7031,-1,-1,-1
192,24,1036.90,377.21,82.58,223.38,0.7029,-1,-1,-1
192,28,667.45,324.34,140.68,362.83,0.8327,-1,-1,-1
193,2,810.80,262.43,193.79,617.67,0.8681,-1,-1,-1
193,5,1155.96,284.25,192.87,530.55,0.8836,-1,-1,-1
193,23,538.53,377.11,123.04,309.00,0.6637,-1,-1,-1
193,24,1034.43,376.43,84.04,226.08,0.6982,-1,-1,-1
193,28,663.15,328.14,141.21,361.92,0.7862,-1,-1,-1
194,2,810.08,266.68,193.59,615.19,0.8654,-1,-1,-1
194,5,1153.79,286.83,192.44,533.78,0.8792,-1,-1,-1
194,23,534.84,377.20,125.25,312.65,0.7530,-1,-1,-1
194,24,1035.03,377.67,84.39,226.95,0.7260,-1,-1,-1
194,28,659.32,330.58,142.75,365.05,0.8255,-1,-1,-1
195,2,809.13,272.25,193.75,611.53,0.8796,-1,-1,-1
195,5,1150.43,289.98,191.11,534.52,0.8688,-1,-1,-1
195,23,521.35,379.30,125.26,316.02,0.7483,-1,-1,-1
195,24,1031.56,380.01,84.66,225.92,0.7374,-1,-1,-1
195,28,652.49,335.04,144.60,367.48,0.8444,-1,-1,-1
196,2,805.62,271.66,195.70,614.17,0.8865,-1,-1,-1
196,5,1145.18,293.27,190.35,536.54,0.8562,-1,-1,-1
196,23,512.16,379.47,126.35,321.87,0.7627,-1,-1,-1
196,24,1027.48,382.83,84.91,224.10,0.7186,-1,-1,-1
196,28,648.40,340.19,145.16,367.11,0.8285,-1,-1,-1
197,2,803.25,271.87,197.16,614.90,0.8946,-1,-1,-1
197,5,1140.08,294.72,188.90,536.84,0.8556,-1,-1,-1
197,23,503.70,381.97,126.07,324.09,0.7714,-1,-1,-1
197,24,1024.18,386.79,85.18,222.48,0.7606,-1,-1,-1
197,28,640.56,341.81,146.93,369.74,0.8226,-1,-1,-1
198,2,802.58,273.04,198.32,615.56,0.8890,-1,-1,-1
198,5,1136.41,296.74,185.90,530.30,0.8549,-1,-1,-1
198,23,493.75,384.50,127.26,329.57,0.7919,-1,-1,-1
198,24,1020.25,390.01,85.40,221.25,0.7204,-1,-1,-1
198,28,628.48,343.16,149.77,374.50,0.8376,-1,-1,-1
199,2,806.55,275.68,194.03,600.96,0.8820,-1,-1,-1
199,5,1130.99,297.89,188.24,539.81,0.8627,-1,-1,-1
199,23,486.74,387.40,127.83,332.51,0.8202,-1,-1,-1
199,24,1015.59,395.75,84.43,216.64,0.7434,-1,-1,-1
199,28,614.67,346.91,153.54,381.20,0.8336,-1,-1,-1
200,2,806.73,279.88,191.56,589.54,0.8845,-1,-1,-1
200,5,1125.12,299.43,188.35,541.50,0.8619,-1,-1,-1
200,23,480.37,391.73,129.42,335.86,0.7002,-1,-1,-1
200,24,1013.00,403.82,82.83,211.00,0.6664,-1,-1,-1
200,28,608.57,348.91,154.26,383.85,0.8438,-1,-1,-1
201,2,804.35,281.26,191.46,588.12,0.8868,-1,-1,-1
201,5,1119.74,303.05,186.20,534.22,0.8699,-1,-1,-1
201,23,466.28,394.98,128.01,335.50,0.7716,-1,-1,-1
201,24,1008.12,397.64,85.39,219.14,0.7350,-1,-1,-1
201,28,592.69,348.23,155.79,384.78,0.7975,-1,-1,-1
202,2,799.34,281.77,192.49,591.00,0.8919,-1,-1,-1
202,5,1114.43,304.29,186.14,532.62,0.8721,-1,-1,-1
202,23,458.98,398.66,128.29,335.65,0.8075,-1,-1,-1
202,24,1005.00,403.43,83.68,215.65,0.6839,-1,-1,-1
202,28,584.22,347.12,157.06,389.06,0.8090,-1,-1,-1
203,2,797.68,282.38,192.63,593.59,0.8817,-1,-1,-1
203,5,1110.37,304.90,186.70,532.20,0.8731,-1,-1,-1
203,23,439.87,397.60,128.81,342.95,0.6158,-1,-1,-1
203,24,1001.36,407.83,83.34,215.09,0.7236,-1,-1,-1
203,28,577.25,345.35,159.27,395.60,0.8280,-1,-1,-1
204,2,799.10,284.57,191.47,595.26,0.8649,-1,-1,-1
204,5,1106.89,304.38,186.86,531.25,0.8712,-1,-1,-1
204,23,437.12,398.86,131.31,346.35,0.7255,-1,-1,-1
204,24,1000.61,412.08,83.14,216.31,0.7367,-1,-1,-1
204,28,571.26,344.95,159.85,397.86,0.8171,-1,-1,-1
205,2,799.67,286.24,190.33,597.00,0.8644,-1,-1,-1
205,5,1105.27,304.29,187.08,530.08,0.8741,-1,-1,-1
205,23,430.65,399.38,133.62,348.96,0.7800,-1,-1,-1
205,24,999.51,414.15,82.02,214.89,0.7010,-1,-1,-1
205,28,562.44,344.11,160.07,400.37,0.8010,-1,-1,-1
205,32,758.26,397.70,69.43,244.27,0.6578,-1,-1,-1
206,2,799.86,287.86,189.09,598.73,0.8670,-1,-1,-1
206,5,1104.05,306.56,188.60,531.13,0.8667,-1,-1,-1
206,23,424.58,397.99,136.46,352.50,0.7962,-1,-1,-1
206,24,998.62,415.92,80.82,212.11,0.6888,-1,-1,-1
206,28,556.14,343.15,161.12,404.51,0.8320,-1,-1,-1
206,32,755.98,396.72,70.51,248.18,0.6906,-1,-1,-1
207,2,800.26,289.34,187.30,598.46,0.8645,-1,-1,-1
207,5,1102.18,307.79,190.68,533.00,0.8681,-1,-1,-1
207,23,416.97,396.31,138.83,356.13,0.8315,-1,-1,-1
207,24,997.92,415.41,81.03,213.56,0.6986,-1,-1,-1
207,28,550.76,343.93,162.12,406.99,0.8532,-1,-1,-1
207,32,754.35,396.06,70.72,248.81,0.6905,-1,-1,-1
208,2,800.86,290.30,185.46,598.06,0.8560,-1,-1,-1
208,5,1100.27,305.69,193.83,537.90,0.8680,-1,-1,-1
208,23,407.39,395.49,140.13,358.52,0.8411,-1,-1,-1
208,24,999.37,411.90,80.01,212.20,0.7247,-1,-1,-1
208,28,544.53,338.36,164.23,413.16,0.8587,-1,-1,-1
208,32,753.68,394.19,71.20,250.46,0.6877,-1,-1,-1
209,2,800.75,291.58,183.99,598.09,0.8554,-1,-1,-1
209,5,1100.13,305.61,196.25,540.91,0.8675,-1,-1,-1
209,23,401.36,392.73,142.12,362.21,0.8272,-1,-1,-1
209,24,999.11,406.29,80.70,215.49,0.7160,-1,-1,-1
209,28,539.23,336.30,167.33,419.26,0.8638,-1,-1,-1
209,32,752.61,393.97,71.41,251.86,0.6307,-1,-1,-1
210,2,800.04,294.25,182.80,597.50,0.8648,-1,-1,-1
210,5,1101.26,308.02,197.53,540.52,0.8719,-1,-1,-1
210,23,393.90,390.47,143.82,365.75,0.8246,-1,-1,-1
210,24,999.55,404.98,80.66,216.16,0.5573,-1,-1,-1
210,28,534.90,338.51,169.53,422.61,0.8501,-1,-1,-1
210,32,748.95,392.98,72.12,254.44,0.6420,-1,-1,-1
211,2,799.48,294.51,182.67,599.88,0.8701,-1,-1,-1
211,5,1101.06,309.75,199.83,543.94,0.8726,-1,-1,-1
211,23,386.32,389.70,144.92,367.70,0.8250,-1,-1,-1
211,24,1001.84,414.97,76.75,206.03,0.5491,-1,-1,-1
211,28,525.48,331.80,176.23,437.21,0.8324,-1,-1,-1
211,32,745.68,393.60,72.90,257.42,0.6483,-1,-1,-1
212,2,797.98,293.28,182.92,600.27,0.8608,-1,-1,-1
212,5,1101.26,313.57,200.59,542.09,0.8651,-1,-1,-1
212,23,376.23,389.47,147.14,374.54,0.8260,-1,-1,-1
212,24,998.97,408.10,79.79,214.82,0.6687,-1,-1,-1
212,28,514.36,331.03,181.82,446.42,0.8214,-1,-1,-1
212,32,743.32,394.65,73.46,259.00,0.6523,-1,-1,-1
213,2,794.83,293.77,182.95,600.25,0.8643,-1,-1,-1
213,5,1100.02,312.20,202.81,545.47,0.8610,-1,-1,-1
213,23,368.05,390.31,150.76,384.07,0.8420,-1,-1,-1
213,24,996.28,404.42,81.65,219.95,0.7168,-1,-1,-1
213,28,510.89,337.30,182.77,446.06,0.8368,-1,-1,-1
213,32,739.08,396.02,74.16,262.61,0.6698,-1,-1,-1
214,2,793.41,297.75,181.24,592.99,0.8605,-1,-1,-1
214,5,1100.22,317.26,203.81,545.56,0.8704,-1,-1,-1
214,23,362.30,395.03,152.87,390.14,0.8434,-1,-1,-1
214,24,995.75,409.15,81.70,219.47,0.7440,-1,-1,-1
214,28,507.58,341.86,184.69,448.97,0.8454,-1,-1,-1
214,32,737.01,400.94,73.46,261.25,0.6716,-1,-1,-1
215,2,792.63,295.25,180.02,585.58,0.8647,-1,-1,-1
215,5,1101.20,314.79,206.59,552.68,0.8721,-1,-1,-1
215,23,356.97,396.31,154.65,396.00,0.8482,-1,-1,-1
215,24,995.46,407.49,82.89,221.84,0.7162,-1,-1,-1
215,28,504.53,341.64,187.79,455.11,0.8642,-1,-1,-1
215,32,735.77,401.34,72.98,260.88,0.6939,-1,-1,-1
216,2,791.40,292.98,181.59,586.98,0.8661,-1,-1,-1
216,5,1105.69,312.16,207.69,558.04,0.8832,-1,-1,-1
216,23,353.00,396.97,156.21,401.84,0.8468,-1,-1,-1
216,24,1000.54,412.04,81.28,217.83,0.7528,-1,-1,-1
216,28,500.26,338.60,191.70,464.78,0.8712,-1,-1,-1
216,32,737.17,400.95,72.30,259.97,0.6173,-1,-1,-1
217,2,791.06,291.39,183.18,588.27,0.8724,-1,-1,-1
217,5,1110.95,310.10,207.67,559.73,0.8829,-1,-1,-1
217,23,350.90,397.71,156.18,403.43,0.8455,-1,-1,-1
217,24,1005.33,416.13,80.36,215.04,0.7733,-1,-1,-1
217,28,497.85,335.05,194.71,473.07,0.8698,-1,-1,-1
217,32,738.61,399.27,73.30,265.58,0.6353,-1,-1,-1
218,2,793.40,290.53,184.83,590.63,0.8777,-1,-1,-1
218,5,1118.14,312.13,205.02,554.77,0.8742,-1,-1,-1
218,23,350.55,397.54,158.28,408.99,0.8515,-1,-1,-1
218,24,1010.04,422.04,78.55,209.52,0.7528,-1,-1,-1
218,28,496.57,328.75,197.73,483.13,0.8720,-1,-1,-1
218,32,741.61,397.97,73.61,269.63,0.6781,-1,-1,-1
219,2,797.16,290.81,186.10,591.82,0.8762,-1,-1,-1
219,5,1125.82,313.28,202.54,549.49,0.8746,-1,-1,-1
219,23,351.83,397.17,160.85,414.26,0.8510,-1,-1,-1
219,24,1014.54,420.82,80.47,214.62,0.7159,-1,-1,-1
219,28,498.79,325.13,198.88,488.60,0.8773,-1,-1,-1
219,32,744.87,398.01,73.77,272.61,0.6841,-1,-1,-1
220,2,798.54,294.44,187.47,592.63,0.8704,-1,-1,-1
220,5,1132.33,314.21,201.20,546.93,0.8721,-1,-1,-1
220,23,352.83,395.89,162.71,417.53,0.8581,-1,-1,-1
220,24,1018.75,420.22,81.00,216.05,0.7220,-1,-1,-1
220,28,501.53,323.16,199.25,492.33,0.8668,-1,-1,-1
220,32,747.88,398.51,73.86,273.31,0.6722,-1,-1,-1
221,2,804.04,297.23,189.16,594.78,0.8588,-1,-1,-1
221,5,1141.60,314.78,200.79,546.15,0.8733,-1,-1,-1
221,23,352.53,391.79,165.48,423.15,0.8507,-1,-1,-1
221,24,1024.17,422.57,80.62,214.94,0.7112,-1,-1,-1
221,28,502.64,319.45,200.06,497.35,0.8653,-1,-1,-1
221,32,751.92,397.19,74.76,276.41,0.7016,-1,-1,-1
221,33,665.85,404.36,62.49,184.23,0.5404,-1,-1,-1
222,2,808.47,299.48,190.46,597.27,0.8566,-1,-1,-1
222,5,1149.72,317.44,199.95,545.90,0.8892,-1,-1,-1
222,23,351.52,388.22,167.91,428.09,0.8545,-1,-1,-1
222,24,1026.02,423.65,81.75,216.22,0.7122,-1,-1,-1
222,28,503.45,316.24,201.05,502.96,0.8747,-1,-1,-1
222,32,756.25,397.12,75.48,278.06,0.7172,-1,-1,-1
222,33,669.12,406.13,63.68,187.46,0.5041,-1,-1,-1
223,2,815.43,302.11,190.40,596.62,0.8708,-1,-1,-1
223,5,1156.91,317.72,199.49,547.39,0.8806,-1,-1,-1
223,23,349.76,386.32,169.71,431.03,0.8504,-1,-1,-1
223,24,1031.22,421.93,82.12,218.52,0.7051,-1,-1,-1
223,28,505.17,313.30,200.70,504.09,0.8739,-1,-1,-1
223,32,759.86,396.18,76.25,279.61,0.7202,-1,-1,-1
223,33,671.27,406.91,64.83,190.38,0.5440,-1,-1,-1
224,2,822.45,304.61,190.15,594.50,0.8797,-1,-1,-1
224,5,1162.45,313.73,200.38,553.35,0.8861,-1,-1,-1
224,23,348.08,385.20,170.64,432.49,0.8485,-1,-1,-1
224,24,1036.31,419.98,82.18,219.07,0.7568,-1,-1,-1
224,28,504.52,307.09,203.18,512.23,0.8765,-1,-1,-1
224,32,762.18,393.83,78.06,284.49,0.8185,-1,-1,-1
224,33,672.82,406.62,66.58,195.23,0.4122,-1,-1,-1
225,2,829.08,304.57,190.96,593.90,0.8805,-1,-1,-1
225,5,1169.33,313.90,199.75,554.79,0.8826,-1,-1,-1
225,23,345.68,384.40,171.41,435.38,0.8530,-1,-1,-1
225,24,1039.15,420.93,81.45,216.83,0.7665,-1,-1,-1
225,28,503.14,301.78,206.83,523.12,0.8707,-1,-1,-1
225,32,764.32,393.37,79.60,286.58,0.8125,-1,-1,-1
225,33,673.17,405.04,68.54,201.00,0.5329,-1,-1,-1
226,2,837.44,303.08,190.08,589.21,0.8722,-1,-1,-1
226,5,1173.49,313.73,199.35,557.30,0.8712,-1,-1,-1
226,23,340.60,382.46,172.47,438.55,0.8617,-1,-1,-1
226,24,1040.31,422.45,80.74,214.19,0.7551,-1,-1,-1
226,28,498.81,300.16,210.06,531.86,0.8716,-1,-1,-1
226,32,766.07,393.57,81.42,288.04,0.7940,-1,-1,-1
226,33,672.49,405.30,72.15,211.77,0.6472,-1,-1,-1
227,2,841.97,302.19,188.79,582.01,0.8734,-1,-1,-1
227,5,1177.68,314.48,198.67,558.34,0.8638,-1,-1,-1
227,23,333.50,379.66,175.24,446.95,0.8501,-1,-1,-1
227,24,1043.84,425.73,79.82,209.80,0.7622,-1,-1,-1
227,28,492.77,296.75,214.51,543.88,0.8763,-1,-1,-1
227,32,764.72,393.46,83.89,290.25,0.7859,-1,-1,-1
227,33,672.02,403.87,74.09,217.65,0.6699,-1,-1,-1
228,2,843.09,299.94,192.19,592.11,0.8665,-1,-1,-1
228,5,1179.71,315.22,198.87,562.51,0.8641,-1,-1,-1
228,23,324.68,373.90,178.35,459.64,0.8496,-1,-1,-1
228,24,1045.46,422.10,81.26,212.59,0.7658,-1,-1,-1
228,28,482.09,292.56,219.36,552.94,0.8746,-1,-1,-1
228,32,764.17,393.21,86.56,292.93,0.7976,-1,-1,-1
228,33,669.48,401.68,76.85,225.40,0.6484,-1,-1,-1
229,2,846.99,297.71,192.00,592.56,0.8580,-1,-1,-1
229,5,1180.30,316.29,198.52,564.93,0.8665,-1,-1,-1
229,23,314.69,370.00,180.73,471.10,0.8458,-1,-1,-1
229,24,1047.52,421.26,81.48,212.85,0.7604,-1,-1,-1
229,28,475.93,290.60,221.50,556.67,0.8691,-1,-1,-1
229,32,762.71,393.48,88.88,295.84,0.8026,-1,-1,-1
229,33,666.47,401.13,78.01,228.04,0.6377,-1,-1,-1
230,2,853.06,297.49,189.55,585.61,0.8512,-1,-1,-1
230,5,1181.42,316.75,197.56,565.42,0.8679,-1,-1,-1
230,23,305.80,370.45,183.44,480.58,0.8696,-1,-1,-1
230,24,1048.29,419.90,82.09,215.06,0.7609,-1,-1,-1
230,28,463.52,289.98,226.96,566.09,0.8506,-1,-1,-1
230,32,761.70,395.15,90.59,297.57,0.8083,-1,-1,-1
230,33,663.04,398.84,79.99,232.36,0.6842,-1,-1,-1
231,2,859.00,298.30,186.59,578.01,0.8567,-1,-1,-1
231,5,1181.40,316.27,197.14,567.27,0.8617,-1,-1,-1
231,23,294.35,374.06,183.73,482.76,0.8452,-1,-1,-1
231,24,1047.82,417.82,82.86,217.83,0.7491,-1,-1,-1
231,28,453.60,288.33,233.54,578.90,0.8316,-1,-1,-1
231,32,760.69,395.52,92.37,300.15,0.8188,-1,-1,-1
231,33,658.35,397.93,84.12,242.84,0.6946,-1,-1,-1
232,2,861.40,298.57,185.06,574.96,0.8496,-1,-1,-1
232,5,1179.97,316.45,197.03,570.13,0.8625,-1,-1,-1
232,23,276.96,372.94,186.49,492.53,0.8270,-1,-1,-1
232,24,1046.09,420.69,81.90,215.83,0.7542,-1,-1,-1
232,28,443.39,287.03,237.92,588.43,0.8571,-1,-1,-1
232,32,756.69,398.87,93.56,300.85,0.8368,-1,-1,-1
232,33,650.44,398.19,90.41,260.87,0.7757,-1,-1,-1
232,35,1850.05,402.55,67.73,90.77,0.5292,-1,-1,-1
233,2,857.89,300.76,186.39,580.26,0.8623,-1,-1,-1
233,5,1177.33,317.78,198.00,575.48,0.8611,-1,-1,-1
233,23,258.83,370.90,191.93,506.74,0.8721,-1,-1,-1
233,24,1043.04,421.68,82.65,218.71,0.7542,-1,-1,-1
233,28,430.34,284.68,243.82,602.84,0.8819,-1,-1,-1
233,32,746.91,396.34,96.70,305.83,0.8272,-1,-1,-1
233,33,640.69,403.04,95.29,275.29,0.7755,-1,-1,-1
233,35,1849.78,407.02,66.29,88.81,0.5331,-1,-1,-1
234,2,856.91,302.48,187.03,583.32,0.8706,-1,-1,-1
234,5,1174.11,320.71,197.74,575.71,0.8715,-1,-1,-1
234,23,246.38,368.48,195.97,519.50,0.8781,-1,-1,-1
234,24,1038.69,425.11,82.42,218.36,0.7213,-1,-1,-1
234,28,413.62,281.11,248.06,614.87,0.8917,-1,-1,-1
234,32,741.38,392.89,99.22,311.22,0.8215,-1,-1,-1
234,33,632.79,403.42,98.71,285.79,0.7805,-1,-1,-1
234,35,1849.74,411.90,63.93,85.52,0.4891,-1,-1,-1
235,2,855.76,303.86,187.81,586.84,0.8744,-1,-1,-1
235,5,1167.41,321.10,198.43,577.40,0.8778,-1,-1,-1
235,23,230.84,364.94,199.50,531.68,0.8850,-1,-1,-1
235,24,1037.02,426.37,81.86,217.67,0.7092,-1,-1,-1
235,28,397.63,274.70,251.94,625.55,0.8765,-1,-1,-1
235,32,731.53,391.83,101.24,314.22,0.8083,-1,-1,-1
235,33,624.91,404.28,100.15,291.32,0.7867,-1,-1,-1
235,35,1850.14,414.02,64.05,85.68,0.4453,-1,-1,-1
236,2,855.12,306.41,187.74,588.88,0.8761,-1,-1,-1
236,5,1162.25,322.85,199.03,577.38,0.8717,-1,-1,-1
236,23,217.48,363.07,201.01,537.42,0.8437,-1,-1,-1
236,24,1034.45,428.31,81.04,215.02,0.6683,-1,-1,-1
236,28,383.44,270.25,254.49,635.25,0.8691,-1,-1,-1
236,32,726.13,392.01,103.16,318.43,0.7960,-1,-1,-1
236,33,614.99,405.32,103.35,301.46,0.8305,-1,-1,-1
236,35,1850.73,416.14,63.83,85.30,0.5014,-1,-1,-1
237,2,855.02,310.45,186.77,588.99,0.8785,-1,-1,-1
237,5,1159.62,324.58,198.69,573.07,0.8788,-1,-1,-1
237,23,203.80,361.09,202.92,543.66,0.8654,-1,-1,-1
237,24,1033.26,428.18,81.65,218.18,0.6896,-1,-1,-1
237,28,371.08,266.31,256.19,643.10,0.8657,-1,-1,-1
237,32,718.03,392.84,105.65,321.90,0.7992,-1,-1,-1
237,33,606.93,406.10,104.53,306.44,0.7909,-1,-1,-1
237,35,1849.97,416.98,65.25,87.13,0.5012,-1,-1,-1
238,2,853.50,312.47,186.28,591.61,0.8762,-1,-1,-1
238,5,1157.03,328.06,198.23,566.69,0.8780,-1,-1,-1
238,23,188.51,354.07,206.33,555.40,0.8589,-1,-1,-1
238,24,1033.00,427.67,81.87,221.01,0.5363,-1,-1,-1
238,28,354.56,261.20,259.21,655.98,0.8688,-1,-1,-1
238,32,715.70,389.73,107.59,326.36,0.8140,-1,-1,-1
238,33,599.79,406.31,105.26,308.99,0.7959,-1,-1,-1
238,35,1847.62,417.08,67.63,90.30,0.5427,-1,-1,-1
239,2,852.14,316.98,184.94,591.14,0.8674,-1,-1,-1
239,5,1153.78,328.25,199.07,564.97,0.8812,-1,-1,-1
239,23,171.89,350.58,208.15,564.76,0.8871,-1,-1,-1
239,24,1028.73,427.36,81.94,224.31,0.5558,-1,-1,-1
239,28,338.30,257.79,261.46,662.96,0.8638,-1,-1,-1
239,32,708.50,388.19,109.90,330.57,0.8319,-1,-1,-1
239,33,592.32,405.50,106.40,313.78,0.7616,-1,-1,-1
239,35,1846.49,418.70,68.03,91.03,0.5648,-1,-1,-1
240,2,847.16,321.44,183.23,590.14,0.8587,-1,-1,-1
240,5,1146.86,327.97,201.59,567.13,0.8883,-1,-1,-1
240,23,153.06,346.60,211.06,574.40,0.8435,-1,-1,-1
240,24,1026.96,431.76,82.10,227.21,0.5879,-1,-1,-1
240,28,319.71,253.30,266.42,671.07,0.8766,-1,-1,-1
240,32,702.42,387.91,111.89,334.31,0.8188,-1,-1,-1
240,33,586.69,406.65,106.67,316.04,0.7664,-1,-1,-1
240,35,1842.60,420.80,68.82,92.13,0.5892,-1,-1,-1
241,2,840.94,323.35,181.69,589.69,0.8660,-1,-1,-1
241,5,1140.73,327.20,203.95,570.06,0.8764,-1,-1,-1
241,23,137.06,346.47,211.36,576.05,0.8463,-1,-1,-1
241,24,1021.11,428.85,81.88,226.81,0.4998,-1,-1,-1
241,28,305.26,250.28,268.75,678.05,0.8830,-1,-1,-1
241,32,696.94,389.03,113.18,335.60,0.8160,-1,-1,-1
241,33,577.70,407.00,108.37,322.92,0.8254,-1,-1,-1
241,35,1841.62,423.69,67.21,89.77,0.4500,-1,-1,-1
242,2,832.67,324.50,180.35,588.92,0.8503,-1,-1,-1
242,5,1136.30,328.29,205.16,570.37,0.8684,-1,-1,-1
242,23,111.95,341.50,217.34,588.34,0.8461,-1,-1,-1
242,24,1013.27,425.84,83.02,231.51,0.5242,-1,-1,-1
242,28,287.43,246.08,275.02,692.84,0.8867,-1,-1,-1
242,32,688.62,389.41,114.84,338.29,0.8128,-1,-1,-1
242,33,568.48,405.05,109.64,328.65,0.8342,-1,-1,-1
242,35,1834.63,422.83,69.96,92.80,0.4364,-1,-1,-1
243,2,825.01,321.24,180.35,591.03,0.8415,-1,-1,-1
243,5,1130.15,329.34,206.32,571.49,0.8706,-1,-1,-1
243,23,90.65,338.69,221.65,597.14,0.8168,-1,-1,-1
243,24,1006.46,426.21,84.99,239.29,0.5489,-1,-1,-1
243,28,262.61,241.74,285.30,713.97,0.8871,-1,-1,-1
243,32,682.11,389.43,116.19,342.59,0.8159,-1,-1,-1
243,33,557.70,403.55,111.08,332.13,0.8132,-1,-1,-1
243,35,1828.28,421.97,70.84,93.95,0.5534,-1,-1,-1
244,2,817.25,318.98,180.40,591.72,0.8400,-1,-1,-1
244,5,1123.81,331.75,207.20,571.42,0.8609,-1,-1,-1
244,23,67.98,336.15,230.33,620.97,0.8239,-1,-1,-1
244,24,1003.52,426.18,83.65,236.76,0.6817,-1,-1,-1
244,28,233.35,237.27,301.20,748.26,0.8653,-1,-1,-1
244,32,675.69,391.57,116.18,343.31,0.8387,-1,-1,-1
244,33,546.56,401.33,113.27,338.41,0.7690,-1,-1,-1
244,35,1824.79,422.13,70.16,92.92,0.5685,-1,-1,-1
245,2,808.11,317.82,179.88,587.97,0.8471,-1,-1,-1
245,5,1118.94,332.93,207.98,571.51,0.8653,-1,-1,-1
245,23,38.58,335.21,237.05,633.81,0.8574,-1,-1,-1
245,24,999.95,416.89,84.23,241.01,0.5797,-1,-1,-1
245,28,215.94,235.65,305.37,752.05,0.8578,-1,-1,-1
245,32,668.14,392.86,117.15,345.80,0.8310,-1,-1,-1
245,33,534.40,399.56,115.46,345.21,0.7877,-1,-1,-1
245,35,1821.36,422.47,69.88,92.74,0.5657,-1,-1,-1
246,2,801.54,317.22,179.24,580.70,0.8483,-1,-1,-1
246,5,1114.41,333.54,209.39,573.02,0.8730,-1,-1,-1
246,23,17.74,333.83,240.95,643.44,0.8508,-1,-1,-1
246,24,996.56,417.89,81.62,235.18,0.6104,-1,-1,-1
246,28,193.38,232.79,321.63,788.82,0.8850,-1,-1,-1
246,32,657.53,392.42,119.54,351.90,0.8207,-1,-1,-1
246,33,524.13,397.99,117.74,350.75,0.8030,-1,-1,-1
246,35,1817.86,422.58,69.39,92.27,0.5318,-1,-1,-1
247,2,796.94,317.08,179.90,577.42,0.8436,-1,-1,-1
247,5,1110.39,335.22,210.63,573.55,0.8730,-1,-1,-1
247,23,0.11,334.67,245.56,655.92,0.8650,-1,-1,-1
247,24,994.05,427.06,78.10,225.62,0.5127,-1,-1,-1
247,28,166.21,230.01,333.38,810.36,0.8750,-1,-1,-1
247,32,650.18,393.07,121.32,355.43,0.8231,-1,-1,-1
247,33,514.06,398.18,120.04,358.52,0.7666,-1,-1,-1
247,35,1812.15,421.45,69.70,92.61,0.5252,-1,-1,-1
248,2,793.46,319.31,181.99,576.91,0.8275,-1,-1,-1
248,5,1104.67,335.92,213.90,580.62,0.8771,-1,-1,-1
248,23,-11.83,334.72,250.60,674.76,0.8501,-1,-1,-1
248,24,988.92,425.81,80.38,235.07,0.4317,-1,-1,-1
248,28,138.84,228.89,340.67,815.67,0.8776,-1,-1,-1
248,32,642.63,396.03,122.60,358.37,0.7830,-1,-1,-1
248,33,503.91,399.24,121.89,366.15,0.8087,-1,-1,-1
248,35,1811.71,424.56,68.29,92.09,0.3505,-1,-1,-1
249,2,786.23,321.98,183.40,577.88,0.8299,-1,-1,-1
249,5,1102.26,338.08,215.79,585.21,0.8771,-1,-1,-1
249,23,-24.42,347.13,249.76,685.90,0.8293,-1,-1,-1
249,24,984.29,435.13,81.50,241.49,0.3219,-1,-1,-1
249,28,113.61,225.68,351.79,834.84,0.8827,-1,-1,-1
249,32,635.06,395.80,125.69,365.86,0.7800,-1,-1,-1
249,33,495.98,401.89,124.78,375.65,0.7966,-1,-1,-1
249,35,1806.93,425.39,68.17,91.50,0.4912,-1,-1,-1
250,2,780.82,322.03,185.65,581.73,0.8366,-1,-1,-1
250,5,1101.14,339.37,217.00,588.34,0.8789,-1,-1,-1
250,23,-36.07,344.17,252.79,714.55,0.8306,-1,-1,-1
250,28,93.11,221.46,360.11,849.04,0.8587,-1,-1,-1
250,32,629.88,396.12,128.07,371.86,0.8157,-1,-1,-1
250,33,489.98,405.13,125.92,380.79,0.7876,-1,-1,-1
250,35,1808.40,426.68,67.48,90.77,0.3874,-1,-1,-1
250,36,940.42,371.87,66.75,378.91,0.5598,-1,-1,-1
251,2,777.71,325.56,187.37,584.76,0.8484,-1,-1,-1
251,5,1101.11,339.18,218.03,591.64,0.8795,-1,-1,-1
251,23,-41.72,340.45,250.08,729.60,0.8394,-1,-1,-1
251,28,76.78,217.25,365.35,859.26,0.8853,-1,-1,-1
251,32,626.28,397.80,129.87,375.92,0.8166,-1,-1,-1
251,33,485.38,410.21,126.80,383.10,0.8384,-1,-1,-1
251,35,1809.72,428.71,66.29,88.46,0.3562,-1,-1,-1
251,36,939.72,371.68,67.28,381.98,0.4813,-1,-1,-1
252,2,774.39,328.41,188.94,589.50,0.8512,-1,-1,-1
252,5,1101.79,341.06,218.13,592.30,0.8808,-1,-1,-1
252,23,-46.03,338.75,243.28,736.12,0.8276,-1,-1,-1
252,28,64.58,211.94,368.27,866.75,0.8886,-1,-1,-1
252,32,618.29,399.31,132.68,379.92,0.8205,-1,-1,-1
252,33,479.73,413.26,127.94,384.87,0.8333,-1,-1,-1
252,35,1810.56,430.17,67.20,88.17,0.3158,-1,-1,-1
252,36,939.99,363.17,69.53,393.67,0.4311,-1,-1,-1
253,2,772.64,330.02,190.67,595.05,0.8523,-1,-1,-1
253,5,1104.78,341.21,218.65,595.07,0.8716,-1,-1,-1
253,23,-50.28,336.29,235.16,742.21,0.8348,-1,-1,-1
253,28,57.22,204.16,368.18,870.64,0.9057,-1,-1,-1
253,32,611.62,398.16,134.82,380.28,0.8347,-1,-1,-1
253,33,474.68,413.25,130.33,390.20,0.8361,-1,-1,-1
253,35,1813.15,428.51,68.00,88.73,0.3173,-1,-1,-1
253,36,938.95,368.90,68.94,387.89,0.4849,-1,-1,-1
254,2,773.94,333.39,191.24,595.82,0.8485,-1,-1,-1
254,5,1107.54,340.48,217.51,593.60,0.8703,-1,-1,-1
254,23,-52.21,336.21,224.58,742.01,0.8302,-1,-1,-1
254,28,42.64,198.15,368.85,875.84,0.9119,-1,-1,-1
254,32,609.28,398.86,137.00,381.53,0.8475,-1,-1,-1
254,33,470.12,415.75,132.38,395.81,0.8382,-1,-1,-1
254,35,1818.44,426.53,64.98,83.83,0.3260,-1,-1,-1
254,36,957.71,384.74,69.26,378.04,0.6339,-1,-1,-1
255,2,778.02,337.91,191.69,594.31,0.8591,-1,-1,-1
255,5,1112.08,339.11,216.57,591.65,0.8780,-1,-1,-1
255,23,-55.21,333.91,214.06,744.78,0.7595,-1,-1,-1
255,28,27.66,190.11,372.11,885.38,0.9113,-1,-1,-1
255,32,607.24,399.45,139.77,384.39,0.8397,-1,-1,-1
255,33,467.31,416.48,134.02,400.73,0.8348,-1,-1,-1
255,35,1821.86,424.49,69.17,88.68,0.4643,-1,-1,-1
255,36,967.77,394.42,70.87,371.79,0.6908,-1,-1,-1
256,2,783.43,344.56,190.70,590.50,0.8654,-1,-1,-1
256,5,1118.55,340.95,214.89,586.42,0.8771,-1,-1,-1
256,23,-56.31,333.71,202.15,743.02,0.7023,-1,-1,-1
256,28,12.80,180.75,376.77,896.83,0.9073,-1,-1,-1
256,32,604.86,401.34,143.22,388.14,0.8377,-1,-1,-1
256,33,465.58,416.25,136.46,407.01,0.8295,-1,-1,-1
256,35,1825.75,424.60,72.45,91.44,0.5408,-1,-1,-1
256,36,974.56,397.27,74.14,371.69,0.6646,-1,-1,-1
257,2,789.80,350.49,189.47,584.90,0.8738,-1,-1,-1
257,5,1125.43,341.80,213.20,581.48,0.8827,-1,-1,-1
257,28,3.54,178.67,375.92,894.83,0.9080,-1,-1,-1
257,32,601.72,401.19,147.39,395.45,0.8299,-1,-1,-1
257,33,463.65,416.17,138.40,412.14,0.8237,-1,-1,-1
257,35,1831.14,425.54,73.56,92.46,0.3610,-1,-1,-1
257,36,981.09,416.43,74.62,355.02,0.5346,-1,-1,-1
258,2,795.05,351.03,189.46,584.64,0.8659,-1,-1,-1
258,5,1131.25,341.16,212.88,581.10,0.8779,-1,-1,-1
258,28,-3.65,174.04,376.87,897.55,0.9188,-1,-1,-1
258,32,598.41,401.10,151.63,403.57,0.8384,-1,-1,-1
258,33,461.47,414.21,139.34,415.51,0.8268,-1,-1,-1
258,35,1831.54,422.61,76.75,95.18,0.4481,-1,-1,-1
258,36,987.04,436.06,74.45,335.24,0.5035,-1,-1,-1
259,2,798.82,351.45,190.08,586.31,0.8702,-1,-1,-1
259,5,1135.73,340.93,212.52,581.18,0.8936,-1,-1,-1
259,28,-8.01,168.81,378.19,902.07,0.9223,-1,-1,-1
259,32,594.81,403.86,153.57,403.65,0.8511,-1,-1,-1
259,33,457.29,411.39,139.45,416.29,0.8326,-1,-1,-1
259,35,1841.79,422.00,75.46,94.35,0.4239,-1,-1,-1
259,36,987.78,431.76,79.15,340.45,0.5845,-1,-1,-1
260,2,803.33,349.53,190.71,587.87,0.8502,-1,-1,-1
260,5,1140.08,340.41,213.32,585.93,0.8958,-1,-1,-1
260,28,-11.77,160.83,380.39,910.79,0.9303,-1,-1,-1
260,32,592.10,408.01,155.49,403.24,0.8414,-1,-1,-1
260,33,452.61,408.75,141.29,421.37,0.8239,-1,-1,-1
260,35,1847.35,423.01,74.28,93.80,0.3695,-1,-1,-1
260,36,995.17,433.91,80.93,336.41,0.5952,-1,-1,-1
261,2,812.21,345.99,187.44,578.73,0.8507,-1,-1,-1
261,5,1143.19,340.45,213.26,588.47,0.9040,-1,-1,-1
261,28,-15.70,152.20,382.21,921.08,0.9334,-1,-1,-1
261,32,590.35,410.35,157.76,405.99,0.8246,-1,-1,-1
261,33,449.20,405.49,142.78,425.37,0.8192,-1,-1,-1
261,35,1849.64,423.79,73.92,94.41,0.3948,-1,-1,-1
261,36,995.80,433.68,84.42,338.58,0.6731,-1,-1,-1
262,2,818.75,343.28,184.71,571.18,0.8614,-1,-1,-1
262,5,1146.42,339.92,213.01,590.57,0.9056,-1,-1,-1
262,28,-19.98,143.98,382.50,930.33,0.9328,-1,-1,-1
262,32,590.15,411.21,158.82,409.17,0.7842,-1,-1,-1
262,33,444.42,404.11,144.90,432.20,0.8476,-1,-1,-1
262,35,1853.30,423.35,72.89,95.04,0.4682,-1,-1,-1
262,36,996.25,431.90,88.15,341.23,0.6616,-1,-1,-1
262,38,784.51,455.10,57.13,207.43,0.5735,-1,-1,-1
263,2,822.85,342.02,182.48,566.44,0.8498,-1,-1,-1
263,5,1150.19,338.01,212.93,593.50,0.9056,-1,-1,-1
263,28,-25.06,132.21,382.33,941.78,0.9311,-1,-1,-1
263,32,585.84,409.14,161.11,417.40,0.7176,-1,-1,-1
263,33,438.44,401.50,147.01,439.54,0.8473,-1,-1,-1
263,35,1856.61,423.49,70.69,94.25,0.3664,-1,-1,-1
263,36,999.60,429.44,91.51,343.82,0.6632,-1,-1,-1
263,38,785.26,452.10,58.22,211.21,0.5929,-1,-1,-1
264,2,824.14,340.71,181.30,564.30,0.8389,-1,-1,-1
264,5,1153.23,336.48,212.62,595.49,0.8981,-1,-1,-1
264,28,-29.49,123.79,379.11,948.43,0.9193,-1,-1,-1
264,32,581.13,405.55,162.64,424.29,0.7754,-1,-1,-1
264,33,429.57,396.66,151.90,452.52,0.8482,-1,-1,-1
264,35,1856.21,421.20,68.09,93.86,0.3383,-1,-1,-1
264,36,1001.79,424.46,96.28,349.60,0.6286,-1,-1,-1
264,38,786.45,449.00,59.48,215.90,0.6359,-1,-1,-1
265,2,824.89,333.00,180.97,567.23,0.8412,-1,-1,-1
265,5,1155.14,334.68,212.49,597.82,0.8976,-1,-1,-1
265,28,-35.05,115.17,374.29,954.83,0.8963,-1,-1,-1
265,32,576.97,399.39,161.41,425.06,0.7812,-1,-1,-1
265,33,420.44,395.15,154.36,456.47,0.8464,-1,-1,-1
265,35,1859.98,420.37,67.01,94.76,0.3794,-1,-1,-1
265,36,1008.33,417.77,99.93,354.33,0.7844,-1,-1,-1
265,38,786.35,445.34,62.40,226.65,0.6921,-1,-1,-1
266,2,826.13,326.63,181.66,574.06,0.8497,-1,-1,-1
266,5,1156.41,332.40,212.55,600.84,0.8978,-1,-1,-1
266,28,-40.03,116.00,363.24,948.37,0.8295,-1,-1,-1
266,32,570.92,392.53,161.61,428.23,0.7627,-1,-1,-1
266,33,410.29,396.32,155.20,457.37,0.8254,-1,-1,-1
266,35,1865.02,419.70,64.93,95.25,0.4603,-1,-1,-1
266,36,1013.82,411.85,104.29,357.74,0.7645,-1,-1,-1
266,38,786.86,443.46,63.49,230.22,0.7491,-1,-1,-1
267,2,828.78,324.09,180.94,577.29,0.8438,-1,-1,-1
267,5,1158.31,330.87,212.36,603.06,0.8954,-1,-1,-1
267,28,-33.95,196.04,324.18,862.49,0.8200,-1,-1,-1
267,32,555.46,383.24,167.58,441.34,0.8280,-1,-1,-1
267,33,402.74,391.67,157.19,464.72,0.8342,-1,-1,-1
267,35,1869.45,418.88,62.17,95.04,0.4990,-1,-1,-1
267,36,1019.55,407.84,107.01,358.83,0.7736,-1,-1,-1
267,38,787.63,442.17,64.96,234.95,0.7602,-1,-1,-1
268,2,831.87,323.76,179.09,579.27,0.8447,-1,-1,-1
268,5,1159.39,328.53,212.02,604.67,0.8972,-1,-1,-1
268,28,-34.59,226.44,287.80,785.10,0.8357,-1,-1,-1
268,32,550.57,376.47,170.72,450.56,0.8387,-1,-1,-1
268,33,398.53,389.99,158.33,469.64,0.8424,-1,-1,-1
268,35,1872.05,416.94,59.99,95.63,0.4883,-1,-1,-1
268,36,1022.27,405.06,109.81,361.54,0.8020,-1,-1,-1
268,38,788.18,440.87,65.99,237.29,0.7922,-1,-1,-1
269,2,834.77,324.24,176.48,579.51,0.8459,-1,-1,-1
269,5,1159.09,325.51,213.05,610.41,0.8879,-1,-1,-1
269,28,-48.54,225.77,284.75,807.07,0.8226,-1,-1,-1
269,32,544.83,366.37,173.96,461.32,0.8324,-1,-1,-1
269,33,391.54,382.51,161.29,480.26,0.8692,-1,-1,-1
269,35,1873.46,413.76,59.02,98.28,0.4548,-1,-1,-1
269,36,1019.72,402.06,114.64,368.49,0.7270,-1,-1,-1
269,38,787.65,438.57,66.30,237.10,0.7774,-1,-1,-1
270,2,830.27,320.81,176.32,581.85,0.8153,-1,-1,-1
270,5,1157.82,319.82,213.40,614.49,0.8820,-1,-1,-1
270,32,539.98,354.95,177.16,471.54,0.8409,-1,-1,-1
270,33,384.69,373.40,164.08,488.60,0.8760,-1,-1,-1
270,35,1875.49,410.98,57.42,100.21,0.3745,-1,-1,-1
270,36,1018.93,398.20,118.61,372.06,0.6428,-1,-1,-1
270,38,786.42,435.00,66.11,234.85,0.7537,-1,-1,-1
271,2,828.96,320.33,174.70,579.91,0.7983,-1,-1,-1
271,5,1157.52,316.81,211.92,612.84,0.8906,-1,-1,-1
271,32,534.95,349.00,178.42,475.56,0.8422,-1,-1,-1
271,33,377.07,366.48,166.66,494.96,0.8749,-1,-1,-1
271,36,1020.18,396.67,120.89,373.77,0.7599,-1,-1,-1
271,38,784.55,431.02,66.24,233.64,0.7619,-1,-1,-1
272,2,829.11,318.58,171.54,577.50,0.8418,-1,-1,-1
272,5,1155.92,311.22,210.48,611.62,0.8949,-1,-1,-1
272,32,528.87,344.78,179.18,478.69,0.8574,-1,-1,-1
272,33,361.13,355.30,170.29,505.71,0.8721,-1,-1,-1
272,36,1019.72,394.46,122.37,373.27,0.7888,-1,-1,-1
272,38,781.05,426.42,65.88,230.39,0.7917,-1,-1,-1
273,2,825.87,317.36,168.77,573.03,0.8372,-1,-1,-1
273,5,1152.93,306.26,209.25,610.41,0.8988,-1,-1,-1
273,32,522.06,340.24,179.13,480.41,0.8676,-1,-1,-1
273,33,344.87,346.04,172.34,512.61,0.8806,-1,-1,-1
273,36,1017.29,392.21,124.26,374.66,0.7886,-1,-1,-1
273,38,774.97,420.47,66.28,229.17,0.7439,-1,-1,-1
274,2,821.46,309.64,168.22,576.00,0.8516,-1,-1,-1
274,5,1150.14,302.27,207.67,606.63,0.8962,-1,-1,-1
274,32,517.56,335.24,182.02,488.39,0.8622,-1,-1,-1
274,33,330.82,336.30,173.50,518.27,0.8700,-1,-1,-1
274,36,1011.64,388.53,127.17,377.49,0.7956,-1,-1,-1
274,38,768.78,414.34,69.05,238.39,0.7058,-1,-1,-1
275,2,815.34,303.25,168.17,575.51,0.8568,-1,-1,-1
275,5,1144.70,295.87,206.80,602.00,0.8891,-1,-1,-1
275,32,509.29,327.68,185.01,495.88,0.8633,-1,-1,-1
275,33,318.74,324.94,175.87,524.83,0.8608,-1,-1,-1
275,36,1003.77,382.65,130.81,381.11,0.8150,-1,-1,-1
275,38,760.96,405.81,71.60,247.60,0.6670,-1,-1,-1
276,2,806.29,292.36,169.08,580.25,0.8376,-1,-1,-1
276,5,1141.12,290.07,206.01,597.01,0.8892,-1,-1,-1
276,32,499.77,319.78,188.42,505.39,0.8690,-1,-1,-1
276,33,304.26,317.68,178.58,531.52,0.8738,-1,-1,-1
276,36,996.02,375.51,134.56,386.12,0.8268,-1,-1,-1
276,38,753.40,399.64,72.52,252.01,0.6718,-1,-1,-1
277,2,799.42,284.56,166.51,571.50,0.8437,-1,-1,-1
277,5,1136.60,282.61,206.59,595.72,0.8845,-1,-1,-1
277,32,490.10,308.19,189.84,509.57,0.8566,-1,-1,-1
277,33,288.52,305.88,182.39,545.09,0.8822,-1,-1,-1
277,36,995.15,368.61,136.97,392.55,0.7620,-1,-1,-1
277,38,745.25,393.26,71.75,250.30,0.6602,-1,-1,-1
278,2,791.06,278.88,164.93,564.37,0.8565,-1,-1,-1
278,5,1130.66,276.19,207.50,596.12,0.8731,-1,-1,-1
278,32,478.20,299.76,193.63,523.17,0.8625,-1,-1,-1
278,33,272.79,300.73,184.41,553.70,0.8597,-1,-1,-1
278,36,987.69,358.22,140.31,398.31,0.7672,-1,-1,-1
278,38,739.76,388.26,69.22,243.00,0.6231,-1,-1,-1
279,2,783.08,270.76,165.81,563.45,0.8402,-1,-1,-1
279,5,1126.88,268.26,208.68,596.88,0.8720,-1,-1,-1
279,32,468.92,294.39,195.19,530.68,0.8795,-1,-1,-1
279,33,258.69,294.05,188.52,566.48,0.8748,-1,-1,-1
279,36,983.51,348.44,142.79,402.20,0.7963,-1,-1,-1
279,38,733.26,378.81,69.02,243.09,0.6374,-1,-1,-1
280,2,777.74,262.02,166.16,562.23,0.8442,-1,-1,-1
280,5,1122.89,259.03,210.79,600.31,0.8696,-1,-1,-1
280,32,462.00,283.87,197.95,542.65,0.8746,-1,-1,-1
280,33,245.09,281.45,192.28,579.31,0.8669,-1,-1,-1
280,36,982.91,337.68,144.76,406.79,0.7760,-1,-1,-1
280,38,728.61,371.69,69.50,246.15,0.6923,-1,-1,-1
281,2,778.21,252.76,165.58,557.42,0.8473,-1,-1,-1
281,5,1122.55,251.64,211.57,600.66,0.8828,-1,-1,-1
281,32,456.75,273.54,200.30,552.82,0.8881,-1,-1,-1
281,33,235.10,272.12,196.05,589.52,0.8721,-1,-1,-1
281,36,982.38,324.00,148.11,416.59,0.7970,-1,-1,-1
281,38,726.14,366.52,67.05,239.15,0.6351,-1,-1,-1
282,2,771.59,240.29,169.80,565.96,0.8555,-1,-1,-1
282,5,1120.04,241.96,213.54,604.56,0.8779,-1,-1,-1
282,32,451.67,252.70,204.67,568.63,0.8818,-1,-1,-1
282,33,226.66,255.56,199.97,599.52,0.8828,-1,-1,-1
282,36,982.98,310.67,149.39,421.77,0.7747,-1,-1,-1
282,38,723.82,356.84,68.08,245.00,0.6158,-1,-1,-1
283,2,769.10,231.78,172.07,567.98,0.8245,-1,-1,-1
283,5,1120.60,231.04,215.16,607.30,0.8831,-1,-1,-1
283,32,447.42,234.32,206.79,576.73,0.8750,-1,-1,-1
283,33,216.20,241.31,204.46,609.88,0.8723,-1,-1,-1
283,36,982.60,300.31,151.30,428.24,0.7853,-1,-1,-1
283,38,721.80,347.43,68.87,250.39,0.6340,-1,-1,-1
284,2,769.42,223.75,173.82,568.65,0.8240,-1,-1,-1
284,5,1121.58,221.91,217.76,613.40,0.8842,-1,-1,-1
284,32,443.10,222.32,207.50,577.37,0.8763,-1,-1,-1
284,33,206.26,228.18,210.46,626.17,0.8726,-1,-1,-1
284,36,980.78,290.27,154.32,434.65,0.7919,-1,-1,-1
284,38,721.66,341.71,67.66,246.93,0.6227,-1,-1,-1
284,43,918.78,256.13,74.23,418.03,0.5821,-1,-1,-1
285,2,770.12,215.89,175.75,572.09,0.8502,-1,-1,-1
285,5,1123.10,213.64,219.96,618.16,0.8894,-1,-1,-1
285,32,437.60,209.35,212.24,588.91,0.8819,-1,-1,-1
285,33,197.12,215.06,214.53,635.65,0.8813,-1,-1,-1
285,36,982.19,282.69,156.57,439.38,0.7200,-1,-1,-1
285,38,722.26,333.73,68.30,250.40,0.6385,-1,-1,-1
285,43,920.27,249.93,74.53,420.13,0.3604,-1,-1,-1
286,2,772.60,210.03,176.66,573.25,0.8569,-1,-1,-1
286,5,1124.90,206.53,221.81,622.50,0.8912,-1,-1,-1
286,32,434.78,194.14,215.50,596.82,0.8973,-1,-1,-1
286,33,184.95,202.09,218.65,645.50,0.8713,-1,-1,-1
286,36,980.36,273.88,162.77,452.44,0.7824,-1,-1,-1
286,38,722.80,324.74,69.11,253.34,0.6690,-1,-1,-1
286,43,920.67,238.81,75.33,424.69,0.4858,-1,-1,-1
287,2,776.12,203.52,176.70,573.87,0.8645,-1,-1,-1
287,5,1128.39,201.13,222.51,621.04,0.8860,-1,-1,-1
287,32,431.94,180.19,219.20,606.39,0.9020,-1,-1,-1
287,33,175.10,188.57,222.24,654.31,0.8782,-1,-1,-1
287,36,981.62,263.15,166.84,458.32,0.7522,-1,-1,-1
287,38,724.59,314.66,70.78,258.83,0.7310,-1,-1,-1
287,43,923.95,232.46,75.23,422.98,0.5895,-1,-1,-1
288,2,778.86,199.20,176.36,571.09,0.8553,-1,-1,-1
288,5,1137.39,192.79,223.81,623.96,0.8755,-1,-1,-1
288,32,428.96,167.59,223.26,617.88,0.8978,-1,-1,-1
288,33,167.44,177.93,224.91,661.52,0.8819,-1,-1,-1
288,36,988.58,257.39,169.68,462.83,0.6565,-1,-1,-1
288,38,727.74,305.52,71.22,260.84,0.7738,-1,-1,-1
288,43,924.72,227.14,74.36,415.45,0.4549,-1,-1,-1
289,2,784.05,190.76,177.00,569.66,0.8407,-1,-1,-1
289,5,1145.78,185.03,225.30,626.89,0.8709,-1,-1,-1
289,32,422.92,160.04,229.21,632.46,0.9002,-1,-1,-1
289,33,155.91,163.77,229.38,673.46,0.8979,-1,-1,-1
289,36,998.96,253.42,170.75,467.38,0.6330,-1,-1,-1
289,38,730.04,298.18,72.93,266.91,0.7492,-1,-1,-1
289,43,928.68,223.72,72.57,404.85,0.5344,-1,-1,-1
290,2,791.49,187.50,178.43,569.99,0.8398,-1,-1,-1
290,5,1155.61,181.49,224.51,625.14,0.8728,-1,-1,-1
290,32,417.36,152.75,236.10,649.94,0.9080,-1,-1,-1
290,33,146.88,150.31,233.34,685.79,0.9037,-1,-1,-1
290,36,1010.98,246.10,172.75,478.21,0.7886,-1,-1,-1
290,38,733.19,294.17,73.13,267.16,0.7407,-1,-1,-1
290,43,945.49,224.44,74.49,406.86,0.4262,-1,-1,-1
291,2,797.97,183.66,177.98,566.85,0.8223,-1,-1,-1
291,5,1166.81,177.96,222.92,623.04,0.8647,-1,-1,-1
291,32,413.06,148.57,240.70,659.47,0.9072,-1,-1,-1
291,33,137.15,140.32,237.06,696.01,0.9061,-1,-1,-1
291,36,1019.28,238.95,174.87,488.45,0.7919,-1,-1,-1
291,38,737.42,288.00,73.88,268.75,0.7280,-1,-1,-1
291,43,950.67,216.69,76.00,410.04,0.3618,-1,-1,-1
292,2,802.15,179.93,177.63,561.67,0.8275,-1,-1,-1
292,5,1177.57,172.15,221.06,618.96,0.8790,-1,-1,-1
292,32,409.10,146.74,246.08,671.06,0.9081,-1,-1,-1
292,33,126.37,133.36,240.87,709.49,0.9045,-1,-1,-1
292,36,1026.83,232.39,175.33,491.98,0.8051,-1,-1,-1
292,38,740.90,282.21,75.36,271.95,0.7387,-1,-1,-1
292,43,952.66,208.20,77.12,413.75,0.3778,-1,-1,-1
293,2,810.30,174.91,176.33,555.34,0.8413,-1,-1,-1
293,5,1187.52,169.02,218.25,612.12,0.8885,-1,-1,-1
293,32,402.82,143.58,252.42,686.72,0.9056,-1,-1,-1
293,33,110.92,130.67,247.76,730.34,0.8796,-1,-1,-1
293,36,1035.30,228.51,177.23,496.50,0.8317,-1,-1,-1
293,38,745.78,277.42,76.72,274.06,0.7462,-1,-1,-1
293,43,964.65,201.55,78.37,414.50,0.6720,-1,-1,-1
294,2,818.19,171.55,175.86,553.33,0.8254,-1,-1,-1
294,5,1200.64,168.03,216.93,611.26,0.8750,-1,-1,-1
294,32,398.06,141.78,257.60,700.33,0.9051,-1,-1,-1
294,33,89.89,129.69,256.73,751.71,0.8919,-1,-1,-1
294,36,1043.96,224.84,178.81,500.43,0.8480,-1,-1,-1
294,38,752.44,276.35,77.90,274.41,0.7554,-1,-1,-1
294,43,971.57,199.04,81.77,425.88,0.7163,-1,-1,-1
295,2,827.28,177.21,175.39,550.55,0.8325,-1,-1,-1
295,5,1213.32,168.63,215.87,613.37,0.8756,-1,-1,-1
295,32,391.92,139.30,266.28,725.15,0.9053,-1,-1,-1
295,33,70.00,127.54,265.04,767.87,0.8917,-1,-1,-1
295,36,1051.54,219.67,182.51,510.52,0.8542,-1,-1,-1
295,38,759.11,276.02,79.60,276.84,0.7888,-1,-1,-1
295,43,974.93,199.14,82.92,430.10,0.6422,-1,-1,-1
296,2,834.81,175.06,175.88,553.59,0.8425,-1,-1,-1
296,5,1224.50,170.05,214.82,616.23,0.8677,-1,-1,-1
296,32,386.93,134.89,273.30,744.72,0.9053,-1,-1,-1
296,33,50.95,127.48,272.76,780.61,0.8953,-1,-1,-1
296,36,1057.37,210.85,188.51,529.49,0.8659,-1,-1,-1
296,38,763.90,274.93,81.44,279.06,0.7958,-1,-1,-1
296,43,979.96,198.45,84.05,429.76,0.6068,-1,-1,-1
297,2,842.86,175.69,174.89,555.28,0.8252,-1,-1,-1
297,5,1236.61,170.14,214.86,623.57,0.8732,-1,-1,-1
297,32,380.07,129.15,278.51,759.15,0.9120,-1,-1,-1
297,33,38.15,124.87,281.34,799.09,0.8992,-1,-1,-1
297,36,1068.14,206.17,192.01,538.81,0.8557,-1,-1,-1
297,38,769.91,274.24,82.20,279.20,0.7940,-1,-1,-1
297,43,991.31,203.53,84.71,417.86,0.6991,-1,-1,-1
298,2,850.52,177.50,173.98,555.84,0.8207,-1,-1,-1
298,5,1247.32,170.02,214.02,629.20,0.8681,-1,-1,-1
298,32,373.17,119.29,284.30,776.01,0.9057,-1,-1,-1
298,33,29.71,122.05,288.11,815.79,0.9006,-1,-1,-1
298,36,1076.31,202.71,194.95,546.77,0.8600,-1,-1,-1
298,38,775.53,275.72,82.07,275.96,0.8058,-1,-1,-1
298,43,995.12,210.56,86.31,418.14,0.6981,-1,-1,-1
299,2,857.68,179.16,172.16,555.50,0.8375,-1,-1,-1
299,5,1253.14,168.07,213.50,634.82,0.8652,-1,-1,-1
299,32,364.64,107.58,290.18,793.91,0.9076,-1,-1,-1
299,33,20.00,113.42,297.36,841.50,0.8969,-1,-1,-1
299,36,1082.03,201.70,198.31,553.17,0.8726,-1,-1,-1
299,38,780.76,275.71,83.67,278.73,0.7901,-1,-1,-1
299,43,997.70,204.32,88.66,425.57,0.6974,-1,-1,-1
300,2,861.12,182.00,171.28,557.85,0.8303,-1,-1,-1
300,5,1254.77,167.41,214.07,639.51,0.8556,-1,-1,-1
300,32,354.58,96.77,296.40,810.42,0.9086,-1,-1,-1
300,33,8.60,105.97,307.17,869.39,0.8934,-1,-1,-1
300,36,1088.56,199.75,204.31,567.30,0.8651,-1,-1,-1
300,38,785.43,275.41,84.97,279.66,0.7573,-1,-1,-1
300,43,1002.28,201.71,89.44,426.24,0.7376,-1,-1,-1
301,2,864.96,181.54,169.89,558.65,0.8478,-1,-1,-1
301,5,1254.84,165.69,216.45,646.84,0.8449,-1,-1,-1
301,32,343.25,83.41,303.68,829.62,0.9150,-1,-1,-1
301,33,-3.03,96.96,313.83,890.29,0.9062,-1,-1,-1
301,36,1092.84,198.69,210.20,582.04,0.8557,-1,-1,-1
301,38,788.31,275.54,85.94,279.43,0.7729,-1,-1,-1
301,43,1010.43,201.04,90.69,425.32,0.7580,-1,-1,-1
302,2,868.57,182.82,168.28,558.74,0.8387,-1,-1,-1
302,5,1258.97,167.70,216.54,649.32,0.8352,-1,-1,-1
302,32,330.88,73.81,309.59,842.96,0.8990,-1,-1,-1
302,33,-14.19,84.07,319.06,913.76,0.8999,-1,-1,-1
302,36,1098.34,197.17,211.59,584.91,0.8601,-1,-1,-1
302,38,788.69,275.67,87.54,280.75,0.7839,-1,-1,-1
302,43,1013.51,200.42,91.69,426.18,0.7562,-1,-1,-1
303,2,871.50,183.30,166.21,558.15,0.8491,-1,-1,-1
303,5,1261.85,169.67,215.84,650.57,0.8203,-1,-1,-1
303,32,318.25,59.65,317.22,861.05,0.9052,-1,-1,-1
303,33,-24.36,66.06,323.04,940.00,0.9199,-1,-1,-1
303,36,1103.13,197.33,211.43,586.04,0.8450,-1,-1,-1
303,38,788.71,275.95,88.89,281.24,0.7874,-1,-1,-1
303,43,1013.97,201.23,91.97,426.41,0.7691,-1,-1,-1
304,2,869.84,182.95,165.34,560.51,0.8530,-1,-1,-1
304,5,1265.82,169.82,214.78,653.01,0.8169,-1,-1,-1
304,32,306.56,53.83,323.34,873.82,0.9151,-1,-1,-1
304,33,-37.08,49.75,321.99,961.24,0.9053,-1,-1,-1
304,36,1101.65,195.76,217.44,607.14,0.8094,-1,-1,-1
304,38,789.11,276.76,89.47,281.01,0.7857,-1,-1,-1
304,43,1014.97,204.87,91.85,423.52,0.7774,-1,-1,-1
305,2,865.66,185.22,165.28,563.65,0.8584,-1,-1,-1
305,5,1269.98,169.38,213.05,655.51,0.8156,-1,-1,-1
305,32,293.30,46.08,336.29,909.22,0.9232,-1,-1,-1
305,33,-49.11,35.40,317.72,981.36,0.8994,-1,-1,-1
305,36,1101.31,195.78,220.33,619.16,0.8279,-1,-1,-1
305,38,788.23,277.76,90.15,281.43,0.7691,-1,-1,-1
305,43,1014.80,208.77,91.70,420.61,0.7821,-1,-1,-1
306,2,861.13,184.92,164.92,563.61,0.8555,-1,-1,-1
306,5,1272.90,169.08,209.97,653.61,0.8278,-1,-1,-1
306,32,276.32,42.30,348.85,943.38,0.9223,-1,-1,-1
306,33,-57.20,29.99,311.61,1000.14,0.9007,-1,-1,-1
306,36,1098.89,195.14,225.77,639.79,0.8549,-1,-1,-1
306,38,787.15,277.82,91.77,285.29,0.7620,-1,-1,-1
306,43,1013.53,208.77,92.53,422.43,0.7791,-1,-1,-1
307,2,858.92,184.17,162.35,555.55,0.8396,-1,-1,-1
307,5,1278.68,168.53,207.40,656.52,0.8342,-1,-1,-1
307,32,257.95,37.64,360.64,973.67,0.9121,-1,-1,-1
307,33,-65.18,29.35,305.96,1026.78,0.8718,-1,-1,-1
307,36,1099.00,194.00,228.95,653.00,0.8695,-1,-1,-1
307,38,784.30,276.00,93.27,290.18,0.7257,-1,-1,-1
307,43,1011.07,211.65,93.05,420.51,0.7993,-1,-1,-1
308,2,856.82,181.65,161.37,552.36,0.8265,-1,-1,-1
308,5,1279.75,166.24,204.56,658.10,0.8201,-1,-1,-1
308,32,240.35,32.60,370.68,1002.42,0.9127,-1,-1,-1
308,33,-62.09,96.28,274.80,964.84,0.7838,-1,-1,-1
308,36,1098.74,190.09,233.08,668.17,0.8624,-1,-1,-1
308,38,781.59,275.26,93.09,289.80,0.7534,-1,-1,-1
308,43,1007.76,211.79,94.47,423.41,0.7789,-1,-1,-1
309,2,853.31,182.03,161.60,551.76,0.8232,-1,-1,-1
309,5,1279.71,167.62,200.12,654.89,0.8161,-1,-1,-1
309,32,221.47,32.49,377.78,1022.16,0.9073,-1,-1,-1
309,33,-58.76,149.87,245.69,904.70,0.8346,-1,-1,-1
309,36,1095.69,188.10,235.99,678.92,0.8720,-1,-1,-1
309,38,777.85,278.01,90.62,283.13,0.7653,-1,-1,-1
309,43,1005.26,211.96,95.73,425.46,0.7737,-1,-1,-1
310,2,851.54,182.15,161.33,547.65,0.8141,-1,-1,-1
310,5,1280.74,166.87,198.06,660.03,0.8175,-1,-1,-1
310,32,203.99,27.95,382.21,1032.21,0.9192,-1,-1,-1
310,36,1093.95,180.24,240.81,695.29,0.8821,-1,-1,-1
310,38,775.07,277.42,90.87,286.35,0.7566,-1,-1,-1
310,43,1004.29,212.11,96.78,425.82,0.7730,-1,-1,-1
311,2,844.21,183.79,163.78,547.76,0.8268,-1,-1,-1
311,5,1284.82,166.06,193.74,656.96,0.8227,-1,-1,-1
311,32,185.12,17.60,391.39,1057.41,0.9179,-1,-1,-1
311,36,1094.41,175.18,243.86,705.05,0.8850,-1,-1,-1
311,38,773.33,274.25,91.04,290.02,0.7436,-1,-1,-1
311,43,1002.41,210.06,97.62,428.06,0.7597,-1,-1,-1
311,44,-5.62,197.90,107.64,501.16,0.7663,-1,-1,-1
312,2,838.79,183.86,167.18,550.88,0.8292,-1,-1,-1
312,5,1291.97,164.99,188.59,650.86,0.8074,-1,-1,-1
312,32,168.12,8.02,397.26,1072.16,0.9187,-1,-1,-1
312,36,1098.05,164.38,248.06,719.79,0.8852,-1,-1,-1
312,38,771.04,272.38,90.88,292.83,0.7624,-1,-1,-1
312,43,1001.90,207.10,98.87,432.37,0.7451,-1,-1,-1
313,2,833.20,183.82,170.80,553.86,0.8410,-1,-1,-1
313,5,1293.91,163.76,185.28,649.86,0.8349,-1,-1,-1
313,32,151.28,3.46,400.18,1074.27,0.9193,-1,-1,-1
313,36,1099.96,150.38,253.92,739.87,0.9039,-1,-1,-1
313,38,767.90,270.71,90.99,296.23,0.7449,-1,-1,-1
313,43,1002.11,207.51,99.78,435.48,0.7381,-1,-1,-1
314,2,828.62,184.24,173.17,553.80,0.8282,-1,-1,-1
314,5,1294.96,160.96,183.66,653.37,0.8444,-1,-1,-1
314,32,134.78,1.12,404.34,1076.69,0.9262,-1,-1,-1
314,36,1099.76,141.49,258.74,756.41,0.9016,-1,-1,-1
314,38,765.46,270.92,90.11,294.73,0.7468,-1,-1,-1
314,43,999.11,210.03,99.49,434.68,0.7384,-1,-1,-1
315,2,827.54,183.08,174.18,552.31,0.8238,-1,-1,-1
315,5,1299.91,157.80,179.16,647.06,0.8539,-1,-1,-1
315,32,112.90,-0.57,409.98,1077.98,0.9281,-1,-1,-1
315,36,1099.52,133.54,265.34,781.13,0.8933,-1,-1,-1
315,38,763.18,269.64,90.06,296.44,0.7852,-1,-1,-1
315,43,999.02,215.24,98.29,425.70,0.7509,-1,-1,-1
316,2,825.69,183.21,175.78,552.69,0.8327,-1,-1,-1
316,5,1301.51,154.75,177.20,648.48,0.8472,-1,-1,-1
316,32,86.89,-1.76,416.87,1078.34,0.9244,-1,-1,-1
316,36,1101.21,126.85,271.85,806.90,0.8758,-1,-1,-1
316,38,760.26,266.58,90.13,298.28,0.8011,-1,-1,-1
316,43,997.10,214.98,98.94,429.48,0.7438,-1,-1,-1
317,2,823.73,181.72,177.52,553.70,0.8487,-1,-1,-1
317,5,1304.17,150.56,175.90,655.67,0.8296,-1,-1,-1
317,32,61.03,-0.60,425.24,1079.61,0.9127,-1,-1,-1
317,36,1103.09,117.29,278.35,832.04,0.8756,-1,-1,-1
317,38,759.12,264.11,89.99,299.55,0.8027,-1,-1,-1
317,43,994.71,215.84,98.81,428.78,0.7490,-1,-1,-1
318,2,823.35,181.43,177.70,550.79,0.8554,-1,-1,-1
318,5,1306.14,148.25,173.68,660.10,0.8408,-1,-1,-1
318,32,38.30,-0.09,431.45,1076.83,0.9352,-1,-1,-1
318,36,1107.31,110.65,282.54,848.84,0.8675,-1,-1,-1
318,38,756.68,262.03,89.68,298.85,0.8060,-1,-1,-1
318,43,992.89,213.86,98.99,427.28,0.7453,-1,-1,-1
319,2,820.84,177.43,179.59,553.38,0.8724,-1,-1,-1
319,5,1309.15,144.80,170.56,661.49,0.7974,-1,-1,-1
319,32,23.90,1.79,435.50,1073.03,0.9363,-1,-1,-1
319,36,1110.42,100.09,290.00,876.07,0.8563,-1,-1,-1
319,38,749.98,260.49,91.29,300.96,0.7687,-1,-1,-1
319,43,990.34,210.94,99.77,428.12,0.7701,-1,-1,-1
320,2,818.20,172.51,180.63,552.46,0.8588,-1,-1,-1
320,5,1315.33,139.88,167.31,664.97,0.7603,-1,-1,-1
320,32,11.86,2.56,437.69,1070.81,0.9442,-1,-1,-1
320,36,1113.51,95.02,295.71,898.08,0.8739,-1,-1,-1
320,38,746.08,258.07,93.01,304.56,0.7760,-1,-1,-1
320,43,988.00,206.67,100.63,428.54,0.7800,-1,-1,-1
321,2,814.02,167.29,183.16,556.34,0.8603,-1,-1,-1
321,5,1321.67,134.83,163.53,665.37,0.6844,-1,-1,-1
321,32,-0.12,1.62,438.26,1071.35,0.9350,-1,-1,-1
321,36,1119.33,88.85,303.73,929.22,0.8599,-1,-1,-1
321,38,742.52,255.74,94.22,306.76,0.7511,-1,-1,-1
321,43,985.79,203.39,101.49,428.06,0.7954,-1,-1,-1
322,2,818.32,165.45,182.62,554.89,0.8672,-1,-1,-1
322,32,-10.09,3.53,435.37,1068.81,0.9326,-1,-1,-1
322,36,1134.90,81.14,313.98,958.55,0.8698,-1,-1,-1
322,38,738.83,252.72,95.49,309.26,0.7627,-1,-1,-1
322,43,983.29,199.24,102.27,427.45,0.8071,-1,-1,-1
323,2,819.92,162.89,180.94,549.95,0.8679,-1,-1,-1
323,32,-20.10,4.08,429.47,1064.59,0.9174,-1,-1,-1
323,36,1143.59,71.54,322.59,981.33,0.8946,-1,-1,-1
323,38,734.62,250.36,97.30,312.93,0.7614,-1,-1,-1
323,43,981.07,196.81,102.62,423.87,0.7988,-1,-1,-1
324,2,820.36,165.74,177.58,539.58,0.8714,-1,-1,-1
324,32,-32.25,4.40,422.44,1064.78,0.9323,-1,-1,-1
324,36,1149.90,61.90,329.86,1005.22,0.9057,-1,-1,-1
324,38,730.19,250.27,98.70,316.28,0.7620,-1,-1,-1
324,43,979.31,195.35,103.37,422.45,0.7912,-1,-1,-1
325,2,823.19,165.32,176.48,538.94,0.8731,-1,-1,-1
325,32,-44.28,5.51,411.99,1063.02,0.9180,-1,-1,-1
325,36,1154.74,51.17,334.93,1024.74,0.9014,-1,-1,-1
325,38,724.78,251.16,99.94,317.99,0.7679,-1,-1,-1
325,43,978.10,194.56,104.66,424.07,0.7898,-1,-1,-1
326,2,824.57,164.49,176.05,540.45,0.8596,-1,-1,-1
326,32,-45.89,6.33,403.15,1063.05,0.8383,-1,-1,-1
326,36,1160.47,35.10,339.50,1041.92,0.9037,-1,-1,-1
326,38,718.86,250.18,102.05,320.74,0.8044,-1,-1,-1
326,43,977.24,193.41,106.19,427.38,0.7917,-1,-1,-1
327,2,825.50,165.93,175.62,542.15,0.8588,-1,-1,-1
327,32,-66.62,6.95,387.32,1063.11,0.7914,-1,-1,-1
327,36,1170.79,23.51,343.19,1054.34,0.8797,-1,-1,-1
327,38,715.53,251.21,103.37,321.65,0.8103,-1,-1,-1
327,43,976.64,194.28,107.07,428.97,0.8010,-1,-1,-1
328,2,826.36,166.90,174.99,543.33,0.8505,-1,-1,-1
328,32,-85.27,7.77,366.42,1059.67,0.5432,-1,-1,-1
328,36,1182.63,11.82,348.75,1067.19,0.8862,-1,-1,-1
328,38,714.65,250.96,103.53,320.44,0.8148,-1,-1,-1
328,43,976.53,194.88,107.63,429.85,0.7968,-1,-1,-1
329,2,830.68,165.23,175.56,550.08,0.8470,-1,-1,-1
329,36,1196.67,3.57,352.49,1072.92,0.8879,-1,-1,-1
329,38,712.42,249.68,105.33,323.39,0.8112,-1,-1,-1
329,43,976.91,196.24,108.21,430.90,0.7773,-1,-1,-1
329,44,3.50,60.78,124.68,575.65,0.6082,-1,-1,-1
330,2,833.63,163.44,176.24,558.24,0.8480,-1,-1,-1
330,36,1213.14,-0.20,355.62,1077.98,0.9027,-1,-1,-1
330,38,711.23,249.77,107.27,327.41,0.8103,-1,-1,-1
330,43,981.37,198.68,108.54,429.90,0.7864,-1,-1,-1
331,2,837.13,169.57,174.67,558.70,0.8283,-1,-1,-1
331,36,1235.24,-2.40,358.17,1075.30,0.9053,-1,-1,-1
331,38,710.98,250.57,108.66,330.80,0.7927,-1,-1,-1
331,43,985.40,201.34,109.23,430.92,0.7895,-1,-1,-1
332,2,841.87,176.64,173.10,559.68,0.8326,-1,-1,-1
332,36,1254.19,-2.67,361.61,1073.68,0.9074,-1,-1,-1
332,38,710.89,252.55,109.18,330.71,0.8177,-1,-1,-1
332,43,987.79,203.82,110.16,433.28,0.7767,-1,-1,-1
333,2,843.37,181.86,171.75,560.78,0.8342,-1,-1,-1
333,36,1275.71,-2.33,366.98,1077.33,0.8986,-1,-1,-1
333,38,709.66,254.65,110.08,331.30,0.8162,-1,-1,-1
333,43,989.08,207.88,110.22,432.13,0.7654,-1,-1,-1
334,2,843.55,187.89,170.65,561.28,0.8281,-1,-1,-1
334,36,1294.29,0.02,371.83,1071.99,0.8802,-1,-1,-1
334,38,707.26,255.56,112.20,335.56,0.8239,-1,-1,-1
334,43,990.88,214.00,110.63,431.21,0.7868,-1,-1,-1
335,2,843.66,192.96,168.46,558.31,0.8273,-1,-1,-1
335,36,1310.62,-0.13,380.79,1070.29,0.8816,-1,-1,-1
335,38,705.04,256.83,113.85,338.68,0.8354,-1,-1,-1
335,43,992.99,218.99,111.06,431.12,0.7874,-1,-1,-1
336,2,841.44,195.24,167.77,559.96,0.8166,-1,-1,-1
336,36,1343.78,0.46,389.98,1071.42,0.8630,-1,-1,-1
336,38,702.53,259.27,114.65,339.40,0.8277,-1,-1,-1
336,43,992.29,221.74,112.41,433.46,0.7733,-1,-1,-1
337,2,839.75,197.37,166.64,558.70,0.8060,-1,-1,-1
337,36,1375.75,0.76,403.54,1075.08,0.8613,-1,-1,-1
337,38,696.72,259.41,117.19,345.84,0.8258,-1,-1,-1
337,43,988.15,224.00,113.11,434.08,0.7440,-1,-1,-1
337,45,1250.80,166.08,179.25,641.88,0.8166,-1,-1,-1
338,2,834.91,198.68,166.53,558.17,0.8051,-1,-1,-1
338,36,1385.85,1.19,422.68,1074.21,0.8667,-1,-1,-1
338,38,692.11,263.74,117.82,346.12,0.8236,-1,-1,-1
338,43,985.97,227.16,114.95,437.10,0.7653,-1,-1,-1
338,45,1244.63,165.98,184.73,660.29,0.7975,-1,-1,-1
339,2,830.91,193.60,166.29,555.42,0.8117,-1,-1,-1
339,36,1388.41,2.16,438.80,1069.58,0.8687,-1,-1,-1
339,38,687.50,266.63,119.65,350.57,0.8342,-1,-1,-1
339,43,983.56,229.94,115.94,437.72,0.7799,-1,-1,-1
339,45,1238.53,164.14,192.92,688.88,0.7663,-1,-1,-1
340,2,828.02,190.94,166.04,551.07,0.8297,-1,-1,-1
340,36,1389.97,2.65,455.02,1067.93,0.9069,-1,-1,-1
340,38,683.80,268.10,120.41,352.59,0.8165,-1,-1,-1
340,43,982.53,230.13,116.84,438.22,0.7768,-1,-1,-1
340,45,1232.81,167.51,192.76,689.81,0.7245,-1,-1,-1
340,46,808.64,248.17,67.44,367.46,0.5405,-1,-1,-1
341,2,827.40,190.26,166.11,547.95,0.8322,-1,-1,-1
341,36,1388.35,0.92,469.77,1068.87,0.7943,-1,-1,-1
341,38,680.08,267.79,121.72,356.48,0.8112,-1,-1,-1
341,43,984.44,228.11,117.89,439.74,0.7800,-1,-1,-1
341,45,1239.11,161.91,197.23,702.90,0.8385,-1,-1,-1
341,46,805.96,246.24,68.22,371.18,0.5487,-1,-1,-1
342,2,824.25,189.08,167.85,548.24,0.8410,-1,-1,-1
342,36,1386.89,-0.49,482.29,1071.06,0.7249,-1,-1,-1
342,38,675.25,263.77,124.15,362.93,0.8047,-1,-1,-1
342,43,985.27,226.61,118.24,439.76,0.7763,-1,-1,-1
342,45,1240.76,161.46,197.35,700.07,0.8682,-1,-1,-1
342,46,803.86,242.56,68.48,372.04,0.4378,-1,-1,-1
343,2,820.75,190.22,169.48,547.59,0.8416,-1,-1,-1
343,36,1388.30,-0.84,490.36,1067.43,0.8409,-1,-1,-1
343,38,670.12,259.34,125.62,367.09,0.8083,-1,-1,-1
343,43,984.05,225.71,119.02,439.21,0.7748,-1,-1,-1
343,45,1239.78,160.48,197.82,697.82,0.8766,-1,-1,-1
343,46,794.02,238.71,69.73,375.84,0.4868,-1,-1,-1
344,2,818.06,188.07,172.23,551.90,0.8395,-1,-1,-1
344,36,1397.53,-0.98,495.72,1067.48,0.6158,-1,-1,-1
344,38,665.08,258.10,125.63,367.01,0.8233,-1,-1,-1
344,43,982.99,224.42,119.57,439.02,0.7764,-1,-1,-1
344,45,1235.44,159.04,199.77,701.33,0.8709,-1,-1,-1
344,46,788.66,237.00,72.55,389.54,0.5832,-1,-1,-1
345,2,813.55,187.00,175.00,555.46,0.8207,-1,-1,-1
345,38,659.92,255.54,126.86,371.58,0.8165,-1,-1,-1
345,43,983.96,223.11,118.94,434.71,0.7704,-1,-1,-1
345,45,1232.40,149.32,203.84,710.42,0.8771,-1,-1,-1
345,46,784.74,234.70,73.92,395.57,0.5976,-1,-1,-1
346,2,806.81,187.28,177.04,556.52,0.8373,-1,-1,-1
346,38,654.86,251.62,127.10,373.10,0.8278,-1,-1,-1
346,43,979.18,218.20,120.02,433.21,0.7825,-1,-1,-1
346,45,1229.14,145.77,207.98,715.00,0.8884,-1,-1,-1
346,46,779.35,232.33,74.04,393.78,0.5097,-1,-1,-1
347,2,802.98,188.35,177.70,555.95,0.8246,-1,-1,-1
347,38,647.21,249.10,127.39,374.32,0.8122,-1,-1,-1
347,43,974.50,216.70,120.50,431.24,0.7904,-1,-1,-1
347,45,1221.52,145.57,210.81,712.50,0.8844,-1,-1,-1
347,46,774.17,231.49,74.44,391.09,0.5971,-1,-1,-1
347,36,1488.77,7.14,439.90,951.90,0.7919,-1,-1,-1
348,2,802.35,189.73,177.88,554.69,0.8372,-1,-1,-1
348,38,639.30,245.80,128.56,377.95,0.8083,-1,-1,-1
348,43,970.96,215.74,120.95,429.42,0.7690,-1,-1,-1
348,45,1215.87,142.98,213.95,710.61,0.8905,-1,-1,-1
348,46,767.59,229.79,76.64,397.37,0.6798,-1,-1,-1
348,36,1529.85,17.73,421.45,931.72,0.8337,-1,-1,-1
349,2,801.75,190.20,178.47,554.88,0.8326,-1,-1,-1
349,38,630.86,238.99,131.74,387.48,0.8216,-1,-1,-1
349,43,967.34,214.81,122.14,429.66,0.7864,-1,-1,-1
349,45,1209.19,141.58,215.36,701.76,0.8941,-1,-1,-1
349,46,764.16,226.23,78.47,402.94,0.6880,-1,-1,-1
349,36,1589.12,43.81,372.22,845.86,0.6176,-1,-1,-1
350,2,800.81,191.49,178.02,551.41,0.8526,-1,-1,-1
350,38,623.98,236.05,132.81,390.52,0.8169,-1,-1,-1
350,43,965.14,215.86,122.62,429.84,0.7827,-1,-1,-1
350,45,1202.18,141.54,217.72,695.91,0.9023,-1,-1,-1
350,46,760.51,224.06,80.51,408.27,0.7421,-1,-1,-1
351,2,799.82,191.63,177.88,547.90,0.8546,-1,-1,-1
351,38,618.47,236.58,133.94,394.11,0.8098,-1,-1,-1
351,43,964.63,216.32,122.44,430.81,0.7628,-1,-1,-1
351,45,1194.08,142.32,221.57,694.64,0.9032,-1,-1,-1
351,46,755.99,221.16,82.45,413.68,0.7205,-1,-1,-1
352,2,800.85,190.85,178.19,548.10,0.8531,-1,-1,-1
352,38,612.20,235.51,135.10,397.85,0.8205,-1,-1,-1
352,43,961.33,216.64,123.02,433.56,0.7865,-1,-1,-1
352,45,1186.64,142.51,226.87,697.81,0.9019,-1,-1,-1
352,46,750.03,218.54,84.83,419.69,0.7637,-1,-1,-1
353,2,802.15,189.48,178.80,549.22,0.8543,-1,-1,-1
353,38,605.61,230.87,136.03,402.53,0.8318,-1,-1,-1
353,43,958.58,216.36,122.51,432.98,0.7815,-1,-1,-1
353,45,1178.55,142.24,231.77,701.74,0.9062,-1,-1,-1
353,46,743.50,213.50,87.52,426.70,0.7589,-1,-1,-1
354,2,800.38,190.73,176.97,542.23,0.8786,-1,-1,-1
354,38,596.94,228.75,136.51,403.87,0.8403,-1,-1,-1
354,43,956.36,217.41,121.31,431.55,0.8014,-1,-1,-1
354,45,1169.51,142.72,236.65,706.84,0.9091,-1,-1,-1
354,46,737.11,211.64,90.14,430.94,0.7819,-1,-1,-1
355,2,798.64,190.06,175.13,536.09,0.8716,-1,-1,-1
355,38,588.04,228.61,136.80,406.14,0.8504,-1,-1,-1
355,43,950.59,218.85,120.09,429.95,0.8027,-1,-1,-1
355,45,1162.77,143.08,240.98,710.43,0.9114,-1,-1,-1
355,46,729.39,208.18,93.72,437.93,0.7994,-1,-1,-1
356,2,796.81,187.89,173.82,531.69,0.8466,-1,-1,-1
356,38,576.36,225.44,138.99,411.71,0.7325,-1,-1,-1
356,43,944.20,219.80,119.33,429.67,0.7970,-1,-1,-1
356,45,1155.55,142.23,245.22,713.24,0.9122,-1,-1,-1
356,46,721.86,206.54,96.03,441.94,0.7955,-1,-1,-1
357,2,794.86,188.34,172.31,527.16,0.8535,-1,-1,-1
357,38,567.53,223.85,140.16,416.69,0.8210,-1,-1,-1
357,43,937.89,216.89,118.89,431.27,0.7734,-1,-1,-1
357,45,1149.39,140.96,248.70,716.58,0.9101,-1,-1,-1
357,46,710.93,203.87,99.25,447.42,0.8155,-1,-1,-1
358,2,787.20,185.25,174.13,534.16,0.8456,-1,-1,-1
358,38,556.38,221.10,140.08,416.92,0.8382,-1,-1,-1
358,43,933.01,215.97,118.57,434.50,0.7533,-1,-1,-1
358,45,1141.98,141.12,251.97,719.19,0.9096,-1,-1,-1
358,46,698.92,199.53,102.91,453.28,0.8257,-1,-1,-1
358,48,1029.02,320.03,64.16,182.68,0.6303,-1,-1,-1
359,2,783.26,182.29,174.07,538.13,0.8553,-1,-1,-1
359,38,542.44,221.28,141.33,420.46,0.8263,-1,-1,-1
359,43,923.53,216.44,118.63,437.76,0.7785,-1,-1,-1
359,45,1134.86,140.65,254.93,720.82,0.9081,-1,-1,-1
359,46,688.92,195.48,106.26,453.83,0.7879,-1,-1,-1
359,48,1020.03,315.08,66.52,189.25,0.4342,-1,-1,-1
360,2,777.09,179.70,174.54,543.44,0.8693,-1,-1,-1
360,38,529.05,220.11,143.72,427.01,0.8213,-1,-1,-1
360,43,914.91,214.74,118.63,441.89,0.8035,-1,-1,-1
360,45,1127.26,140.25,257.94,724.00,0.9103,-1,-1,-1
360,46,675.82,193.21,110.52,458.60,0.8506,-1,-1,-1
360,48,1009.63,315.42,66.42,188.65,0.5750,-1,-1,-1
361,2,770.45,179.09,174.01,545.28,0.8703,-1,-1,-1
361,38,514.80,218.67,145.30,431.06,0.8109,-1,-1,-1
361,43,908.12,214.60,117.77,444.09,0.8197,-1,-1,-1
361,45,1120.36,140.49,260.31,726.55,0.9074,-1,-1,-1
361,46,665.47,190.54,114.94,466.41,0.8320,-1,-1,-1
361,48,999.21,313.73,67.52,191.08,0.6070,-1,-1,-1
362,2,764.05,179.92,174.10,550.05,0.8696,-1,-1,-1
362,38,498.75,221.31,146.31,431.97,0.8175,-1,-1,-1
362,43,901.25,215.69,115.78,441.26,0.7835,-1,-1,-1
362,45,1114.31,140.67,261.36,726.28,0.9081,-1,-1,-1
362,46,652.38,190.63,118.75,467.17,0.8563,-1,-1,-1
362,48,993.16,317.40,66.79,187.92,0.6265,-1,-1,-1
363,2,758.66,183.30,172.41,549.28,0.8489,-1,-1,-1
363,38,484.42,221.64,149.87,441.94,0.7931,-1,-1,-1
363,43,894.12,213.19,114.34,441.82,0.7349,-1,-1,-1
363,45,1107.80,140.02,264.51,732.82,0.9080,-1,-1,-1
363,46,638.26,190.99,123.36,470.22,0.8522,-1,-1,-1
363,48,986.06,319.37,67.97,190.31,0.5420,-1,-1,-1
364,2,755.13,188.43,170.74,549.83,0.8128,-1,-1,-1
364,38,468.73,219.28,154.53,454.13,0.7916,-1,-1,-1
364,43,889.69,211.06,112.68,441.45,0.7013,-1,-1,-1
364,45,1104.31,137.65,266.24,736.43,0.9066,-1,-1,-1
364,46,625.88,189.29,129.62,478.78,0.8518,-1,-1,-1
364,48,977.33,314.15,70.60,196.13,0.5648,-1,-1,-1
365,2,755.11,192.14,169.18,548.78,0.8135,-1,-1,-1
365,38,450.87,220.44,159.04,458.74,0.8290,-1,-1,-1
365,43,885.81,209.49,111.65,445.44,0.6420,-1,-1,-1
365,45,1102.37,136.55,267.05,738.05,0.8993,-1,-1,-1
365,46,613.61,190.41,135.87,483.66,0.8248,-1,-1,-1
365,48,972.13,315.73,71.34,196.15,0.5230,-1,-1,-1
366,2,753.43,198.03,166.69,544.88,0.8147,-1,-1,-1
366,38,444.11,221.36,161.17,462.17,0.8047,-1,-1,-1
366,43,883.55,211.41,108.69,441.77,0.6736,-1,-1,-1
366,45,1100.61,137.48,265.56,733.04,0.9022,-1,-1,-1
366,46,606.30,194.62,140.24,483.87,0.8613,-1,-1,-1
366,48,968.50,320.62,71.58,194.22,0.4406,-1,-1,-1
367,2,752.56,198.70,165.14,544.05,0.8245,-1,-1,-1
367,38,436.68,221.76,162.98,466.50,0.7961,-1,-1,-1
367,43,882.63,208.72,106.51,441.14,0.6700,-1,-1,-1
367,45,1100.69,135.89,264.15,727.62,0.9027,-1,-1,-1
367,46,603.34,193.18,145.05,489.67,0.8712,-1,-1,-1
367,48,965.95,314.43,73.78,198.67,0.4089,-1,-1,-1
368,2,752.69,198.41,164.52,545.42,0.8273,-1,-1,-1
368,38,433.49,220.79,165.65,471.77,0.8180,-1,-1,-1
368,43,882.74,206.85,103.75,437.81,0.6240,-1,-1,-1
368,45,1100.77,133.94,263.06,722.96,0.9023,-1,-1,-1
368,46,600.82,192.47,149.57,498.26,0.8601,-1,-1,-1
368,48,961.98,310.68,74.82,199.58,0.4082,-1,-1,-1
369,2,754.45,196.08,164.61,546.81,0.8538,-1,-1,-1
369,38,427.79,220.42,167.15,474.34,0.8271,-1,-1,-1
369,43,883.68,204.43,101.85,437.79,0.5820,-1,-1,-1
369,45,1102.69,133.42,261.49,717.35,0.9053,-1,-1,-1
369,46,596.67,190.85,153.03,505.19,0.8629,-1,-1,-1
369,48,961.99,313.94,75.11,197.79,0.4774,-1,-1,-1
370,2,756.92,194.38,163.51,542.16,0.8226,-1,-1,-1
370,38,423.16,221.04,168.44,476.37,0.8256,-1,-1,-1
370,43,885.17,205.09,100.25,437.89,0.6350,-1,-1,-1
370,45,1103.50,132.81,261.52,716.72,0.9057,-1,-1,-1
370,46,591.38,192.13,155.48,509.59,0.8553,-1,-1,-1
371,2,757.67,195.30,162.97,538.97,0.8487,-1,-1,-1
371,38,419.84,222.74,170.24,479.25,0.8530,-1,-1,-1
371,43,887.51,206.76,99.16,439.92,0.6904,-1,-1,-1
371,45,1103.58,132.92,262.49,720.31,0.9058,-1,-1,-1
371,46,586.86,193.89,158.41,516.50,0.8636,-1,-1,-1
372,2,759.72,195.19,163.09,539.19,0.8480,-1,-1,-1
372,38,417.00,223.38,171.70,481.47,0.8712,-1,-1,-1
372,43,890.52,208.11,97.90,442.05,0.6808,-1,-1,-1
372,45,1105.08,132.62,263.62,726.15,0.9057,-1,-1,-1
372,46,582.42,193.20,161.52,523.94,0.8649,-1,-1,-1
373,2,761.30,197.53,163.45,539.00,0.8569,-1,-1,-1
373,38,413.55,224.81,172.81,483.38,0.8658,-1,-1,-1
373,43,892.49,209.22,95.91,439.80,0.6623,-1,-1,-1
373,45,1106.44,135.72,263.80,729.65,0.8972,-1,-1,-1
373,46,577.74,192.71,164.26,528.89,0.8677,-1,-1,-1
374,2,762.99,197.54,164.26,540.27,0.8473,-1,-1,-1
374,38,408.44,225.20,174.34,487.36,0.8637,-1,-1,-1
374,43,895.47,209.77,95.62,443.25,0.6742,-1,-1,-1
374,45,1107.14,138.24,264.26,735.11,0.8924,-1,-1,-1
374,46,572.88,191.17,166.92,532.97,0.8709,-1,-1,-1
375,2,764.73,199.98,165.19,543.05,0.8542,-1,-1,-1
375,38,402.32,228.38,174.84,488.84,0.8468,-1,-1,-1
375,43,898.28,210.28,94.86,446.17,0.6609,-1,-1,-1
375,45,1108.14,140.00,264.31,740.84,0.8947,-1,-1,-1
375,46,567.34,190.78,171.29,541.12,0.8769,-1,-1,-1
376,2,766.99,202.66,165.96,546.39,0.8528,-1,-1,-1
376,38,393.07,228.89,177.80,499.16,0.8513,-1,-1,-1
376,43,901.04,216.75,93.81,447.13,0.6486,-1,-1,-1
376,45,1108.63,142.13,263.76,746.78,0.8952,-1,-1,-1
376,46,563.32,190.64,175.20,548.86,0.8625,-1,-1,-1
377,2,769.87,205.59,166.25,549.04,0.8859,-1,-1,-1
377,38,387.59,226.01,181.37,512.58,0.8409,-1,-1,-1
377,43,904.38,221.73,92.16,447.11,0.7020,-1,-1,-1
377,45,1109.61,149.44,261.80,747.78,0.8950,-1,-1,-1
377,46,557.60,188.23,178.60,553.64,0.8650,-1,-1,-1
378,2,775.29,210.34,165.09,548.03,0.8389,-1,-1,-1
378,38,381.38,221.90,184.21,524.46,0.8226,-1,-1,-1
378,43,908.16,229.14,89.79,441.46,0.7253,-1,-1,-1
378,45,1111.41,155.09,259.96,748.80,0.8988,-1,-1,-1
378,46,552.81,187.24,181.55,555.82,0.8593,-1,-1,-1
379,2,776.70,213.80,165.64,551.53,0.8407,-1,-1,-1
379,38,376.22,221.01,185.38,533.60,0.8023,-1,-1,-1
379,43,911.10,234.53,87.75,437.16,0.6468,-1,-1,-1
379,45,1112.12,156.72,259.38,754.07,0.8962,-1,-1,-1
379,46,546.95,188.91,185.38,560.49,0.8640,-1,-1,-1
380,2,780.10,216.83,164.60,549.87,0.8447,-1,-1,-1
380,38,369.36,216.90,188.25,546.01,0.8125,-1,-1,-1
380,43,912.63,238.58,86.82,434.68,0.7157,-1,-1,-1
380,45,1112.54,158.89,258.01,756.84,0.8913,-1,-1,-1
380,46,541.84,188.02,189.76,567.94,0.8709,-1,-1,-1
381,2,782.22,220.12,163.91,548.58,0.8392,-1,-1,-1
381,38,365.71,213.44,190.23,556.70,0.8109,-1,-1,-1
381,43,913.78,242.41,86.04,433.14,0.7359,-1,-1,-1
381,45,1111.44,158.60,255.82,756.42,0.8836,-1,-1,-1
381,46,533.16,185.14,194.87,577.40,0.8745,-1,-1,-1
381,50,735.33,316.14,59.38,209.63,0.6479,-1,-1,-1
382,2,783.26,220.41,162.88,546.15,0.8466,-1,-1,-1
382,38,363.04,211.01,192.18,566.63,0.8097,-1,-1,-1
382,43,916.60,244.06,86.03,434.49,0.7014,-1,-1,-1
382,45,1108.85,157.22,254.81,760.09,0.8809,-1,-1,-1
382,46,528.24,183.09,199.92,588.38,0.8719,-1,-1,-1
382,50,733.87,316.59,60.05,211.94,0.6499,-1,-1,-1
383,2,784.65,219.31,161.82,543.07,0.8410,-1,-1,-1
383,38,357.58,208.67,192.17,571.08,0.8214,-1,-1,-1
383,43,918.81,242.79,86.32,437.16,0.6831,-1,-1,-1
383,45,1104.88,155.54,253.50,762.07,0.8807,-1,-1,-1
383,46,521.25,180.77,205.27,599.40,0.8766,-1,-1,-1
383,50,732.70,318.03,59.26,209.02,0.6420,-1,-1,-1
384,2,786.30,218.53,161.38,541.23,0.8468,-1,-1,-1
384,38,351.55,207.37,192.12,573.81,0.8233,-1,-1,-1
384,43,924.08,244.92,87.39,435.95,0.5743,-1,-1,-1
384,45,1101.83,153.47,253.08,766.18,0.8834,-1,-1,-1
384,46,514.06,178.59,209.42,607.34,0.8648,-1,-1,-1
384,50,729.80,320.04,59.59,209.83,0.6527,-1,-1,-1
385,2,786.54,217.92,162.20,543.21,0.8421,-1,-1,-1
385,38,346.34,209.12,192.41,574.87,0.8393,-1,-1,-1
385,43,925.38,245.97,88.77,435.55,0.6018,-1,-1,-1
385,45,1101.24,155.48,251.24,763.24,0.8836,-1,-1,-1
385,46,509.98,176.58,213.28,616.20,0.8602,-1,-1,-1
385,50,728.53,321.65,60.30,211.60,0.6964,-1,-1,-1
386,2,785.77,216.16,161.18,536.20,0.8175,-1,-1,-1
386,38,338.86,208.80,191.48,573.67,0.8332,-1,-1,-1
386,43,923.13,245.06,87.61,429.72,0.5449,-1,-1,-1
386,45,1098.33,156.36,250.50,758.93,0.8874,-1,-1,-1
386,46,502.29,174.65,217.08,622.02,0.8638,-1,-1,-1
386,50,727.98,320.97,59.96,210.23,0.6590,-1,-1,-1
387,2,783.40,214.75,161.11,532.45,0.8362,-1,-1,-1
387,38,329.62,203.60,194.13,583.72,0.8386,-1,-1,-1
387,43,918.47,245.58,87.01,430.23,0.6180,-1,-1,-1
387,45,1093.98,156.92,250.31,752.82,0.8935,-1,-1,-1
387,46,493.60,170.70,221.84,631.12,0.8618,-1,-1,-1
387,50,724.78,319.00,60.65,211.58,0.6777,-1,-1,-1
388,2,782.75,212.84,161.92,531.90,0.8344,-1,-1,-1
388,38,319.44,195.82,197.22,595.13,0.8473,-1,-1,-1
388,43,917.43,242.10,87.37,433.08,0.5092,-1,-1,-1
388,45,1092.22,158.54,250.42,747.01,0.8875,-1,-1,-1
388,46,484.60,167.79,227.87,646.00,0.8643,-1,-1,-1
388,50,722.52,318.01,60.95,210.79,0.7096,-1,-1,-1
389,2,780.57,210.36,163.34,536.45,0.8425,-1,-1,-1
389,38,311.38,187.97,199.34,604.55,0.8410,-1,-1,-1
389,43,915.46,242.77,87.10,433.76,0.5924,-1,-1,-1
389,45,1090.47,158.00,252.42,747.90,0.8912,-1,-1,-1
389,46,479.36,163.09,232.02,657.39,0.8636,-1,-1,-1
389,50,720.87,317.20,61.78,211.99,0.6895,-1,-1,-1
390,2,778.13,210.35,164.10,539.49,0.8473,-1,-1,-1
390,38,304.43,184.37,200.71,609.51,0.8351,-1,-1,-1
390,43,913.30,242.49,86.44,433.40,0.6596,-1,-1,-1
390,45,1087.94,157.39,255.32,750.31,0.8852,-1,-1,-1
390,46,476.22,157.36,235.72,668.66,0.8716,-1,-1,-1
390,50,719.66,316.98,62.70,212.75,0.7297,-1,-1,-1
391,2,773.91,210.09,164.94,542.50,0.8497,-1,-1,-1
391,38,295.13,181.41,202.37,614.42,0.8369,-1,-1,-1
391,43,910.53,238.73,86.78,436.32,0.6521,-1,-1,-1
391,45,1081.73,157.74,259.60,754.75,0.8882,-1,-1,-1
391,46,473.88,150.74,238.88,678.50,0.8719,-1,-1,-1
391,50,717.02,316.60,63.77,213.26,0.7366,-1,-1,-1
392,2,770.69,211.30,165.65,545.80,0.8335,-1,-1,-1
392,38,285.89,176.24,205.40,624.73,0.8498,-1,-1,-1
392,43,907.30,236.35,86.84,439.21,0.6606,-1,-1,-1
392,45,1075.16,157.32,265.16,763.41,0.8942,-1,-1,-1
392,46,471.40,144.70,241.69,689.02,0.8750,-1,-1,-1
392,50,714.18,315.09,65.28,214.68,0.7612,-1,-1,-1
393,2,770.26,217.08,164.29,540.23,0.8213,-1,-1,-1
393,38,274.33,172.17,208.47,633.37,0.8570,-1,-1,-1
393,43,905.52,238.34,86.31,437.18,0.6173,-1,-1,-1
393,45,1070.71,157.33,269.51,768.82,0.8968,-1,-1,-1
393,46,467.73,140.06,243.15,696.47,0.8784,-1,-1,-1
393,50,712.02,314.21,66.79,216.52,0.7595,-1,-1,-1
394,2,767.13,219.14,163.63,538.90,0.8076,-1,-1,-1
394,38,263.40,165.61,212.25,642.74,0.8638,-1,-1,-1
394,43,903.45,235.55,85.61,436.08,0.6198,-1,-1,-1
394,45,1067.38,157.01,272.85,772.12,0.9046,-1,-1,-1
394,46,461.48,134.17,245.02,704.73,0.8821,-1,-1,-1
394,50,708.92,313.75,67.65,216.02,0.7511,-1,-1,-1
394,52,973.53,330.47,75.01,219.52,0.6046,-1,-1,-1
395,2,762.36,220.33,163.74,539.02,0.8036,-1,-1,-1
395,38,242.11,160.53,217.56,648.79,0.8654,-1,-1,-1
395,43,900.14,233.10,85.36,436.96,0.6269,-1,-1,-1
395,45,1063.48,156.55,276.51,776.63,0.9004,-1,-1,-1
395,46,455.52,127.73,246.92,714.49,0.8771,-1,-1,-1
395,50,705.87,311.96,68.86,217.28,0.7430,-1,-1,-1
395,52,972.27,340.58,71.16,208.08,0.6174,-1,-1,-1
396,2,759.36,222.37,162.63,535.55,0.8090,-1,-1,-1
396,38,229.86,157.17,222.01,660.05,0.8677,-1,-1,-1
396,43,898.46,235.95,84.49,434.03,0.6875,-1,-1,-1
396,45,1061.54,156.41,279.22,778.26,0.8991,-1,-1,-1
396,46,448.81,118.73,249.55,726.06,0.8803,-1,-1,-1
396,50,702.02,309.82,69.91,218.34,0.7346,-1,-1,-1
396,52,970.12,339.90,71.26,208.25,0.6421,-1,-1,-1
397,2,756.31,222.24,161.39,532.11,0.8138,-1,-1,-1
397,38,210.62,155.65,227.57,667.23,0.8703,-1,-1,-1
397,43,896.22,237.92,83.59,430.15,0.6887,-1,-1,-1
397,45,1059.70,156.25,281.58,779.99,0.8980,-1,-1,-1
397,46,440.62,110.90,252.19,736.53,0.8861,-1,-1,-1
397,50,698.16,309.23,70.58,219.73,0.7447,-1,-1,-1
397,52,969.44,338.35,71.58,208.72,0.6278,-1,-1,-1
398,2,751.12,219.32,162.18,535.97,0.8314,-1,-1,-1
398,38,190.43,149.04,237.20,684.40,0.8857,-1,-1,-1
398,43,893.87,238.72,83.53,430.07,0.6814,-1,-1,-1
398,45,1057.41,156.29,283.36,781.42,0.8983,-1,-1,-1
398,46,432.48,102.81,255.37,747.16,0.8952,-1,-1,-1
398,50,694.05,307.46,71.04,221.30,0.7578,-1,-1,-1
398,52,969.75,339.40,71.26,207.20,0.6037,-1,-1,-1
399,2,745.82,216.63,162.20,537.42,0.8551,-1,-1,-1
399,38,163.41,144.31,246.77,697.66,0.8967,-1,-1,-1
399,43,890.14,238.48,84.15,430.49,0.7181,-1,-1,-1
399,45,1055.58,155.72,285.21,784.59,0.8964,-1,-1,-1
399,46,425.09,94.83,258.29,756.71,0.8931,-1,-1,-1
399,50,690.27,304.86,71.50,223.99,0.7866,-1,-1,-1
399,52,968.79,337.01,72.32,209.79,0.6219,-1,-1,-1
400,2,740.37,216.27,160.47,531.72,0.8431,-1,-1,-1
400,38,146.59,141.19,253.77,705.73,0.8944,-1,-1,-1
400,43,885.32,238.75,85.12,431.31,0.7512,-1,-1,-1
400,45,1053.95,155.10,286.91,787.93,0.8989,-1,-1,-1
400,46,419.76,90.07,261.36,764.35,0.8946,-1,-1,-1
400,50,688.31,304.86,70.83,223.47,0.7739,-1,-1,-1
400,52,968.15,331.13,75.11,216.60,0.5422,-1,-1,-1
401,2,734.43,216.15,158.38,521.75,0.8636,-1,-1,-1
401,38,131.65,139.38,261.06,717.63,0.8956,-1,-1,-1
401,43,881.05,235.78,86.96,437.26,0.7815,-1,-1,-1
401,45,1053.61,154.68,286.08,784.86,0.8997,-1,-1,-1
401,46,414.80,84.91,265.58,774.77,0.8992,-1,-1,-1
401,50,685.18,303.96,70.39,223.63,0.7248,-1,-1,-1
401,52,968.41,330.12,75.95,217.40,0.6045,-1,-1,-1
402,2,730.73,213.66,158.70,520.35,0.8794,-1,-1,-1
402,38,121.38,136.25,266.43,727.64,0.8979,-1,-1,-1
402,43,878.48,235.40,88.21,438.56,0.8049,-1,-1,-1
402,45,1052.90,150.26,287.55,790.60,0.8973,-1,-1,-1
402,46,408.57,80.30,271.66,790.65,0.8986,-1,-1,-1
402,50,683.22,302.65,70.14,225.27,0.5678,-1,-1,-1
402,52,967.88,330.25,75.90,216.48,0.6070,-1,-1,-1
403,2,727.76,212.45,159.58,521.30,0.8769,-1,-1,-1
403,38,107.89,134.54,273.46,746.05,0.8964,-1,-1,-1
403,43,876.75,236.18,89.13,438.64,0.8047,-1,-1,-1
403,45,1053.68,149.64,288.40,795.89,0.8966,-1,-1,-1
403,46,400.85,75.48,279.74,812.59,0.9080,-1,-1,-1
403,50,682.29,302.73,70.08,227.67,0.5820,-1,-1,-1
403,52,970.22,339.02,73.08,207.51,0.5807,-1,-1,-1
404,2,725.13,212.14,160.82,523.59,0.8641,-1,-1,-1
404,38,93.24,131.39,280.83,767.15,0.9013,-1,-1,-1
404,43,875.97,236.74,90.81,442.95,0.8012,-1,-1,-1
404,45,1058.85,148.96,287.85,796.04,0.8900,-1,-1,-1
404,46,391.41,73.09,287.80,834.87,0.9093,-1,-1,-1
404,50,681.82,303.49,69.63,228.50,0.5454,-1,-1,-1
404,52,971.33,338.77,74.19,209.81,0.6391,-1,-1,-1
405,2,725.25,213.74,161.25,524.61,0.8625,-1,-1,-1
405,38,78.72,129.20,286.32,781.75,0.8915,-1,-1,-1
405,43,875.89,238.07,91.38,441.95,0.8015,-1,-1,-1
405,45,1061.89,150.23,286.81,792.93,0.8890,-1,-1,-1
405,46,382.92,72.96,291.65,841.74,0.9082,-1,-1,-1
405,50,682.38,303.52,69.11,229.60,0.5205,-1,-1,-1
405,52,973.38,338.68,75.00,210.90,0.6548,-1,-1,-1
406,2,724.54,215.53,162.11,525.84,0.8496,-1,-1,-1
406,38,63.07,128.46,291.09,790.76,0.8919,-1,-1,-1
406,43,876.76,239.14,91.92,439.52,0.7962,-1,-1,-1
406,45,1065.44,150.25,284.64,785.57,0.8773,-1,-1,-1
406,46,374.47,71.76,297.27,852.18,0.9054,-1,-1,-1
406,50,684.06,304.49,68.92,231.25,0.4906,-1,-1,-1
406,52,977.80,342.29,75.87,211.16,0.6669,-1,-1,-1
407,2,726.11,217.04,162.70,527.36,0.8585,-1,-1,-1
407,38,57.40,122.47,296.25,804.18,0.8889,-1,-1,-1
407,43,877.01,238.92,93.21,441.25,0.7979,-1,-1,-1
407,45,1070.23,149.57,282.89,780.50,0.8776,-1,-1,-1
407,46,367.68,72.45,303.03,860.66,0.9049,-1,-1,-1
407,50,685.62,305.04,69.40,234.72,0.5944,-1,-1,-1
407,52,981.26,345.74,75.87,208.89,0.6534,-1,-1,-1
408,2,726.38,219.25,163.38,528.18,0.8642,-1,-1,-1
408,38,46.01,117.88,301.14,813.70,0.9036,-1,-1,-1
408,43,876.81,239.52,94.33,441.14,0.7924,-1,-1,-1
408,45,1074.21,149.08,281.98,778.81,0.8891,-1,-1,-1
408,46,360.72,70.09,310.15,874.66,0.9037,-1,-1,-1
408,50,687.87,304.85,69.15,237.26,0.4709,-1,-1,-1
408,52,982.52,337.95,79.48,217.86,0.6136,-1,-1,-1
409,2,728.07,220.40,164.72,532.25,0.8603,-1,-1,-1
409,38,44.02,114.14,305.49,825.17,0.9047,-1,-1,-1
409,43,877.90,241.22,94.98,437.94,0.8036,-1,-1,-1
409,45,1078.56,149.65,282.22,782.15,0.8948,-1,-1,-1
409,46,356.10,67.60,317.48,893.42,0.9088,-1,-1,-1
409,50,691.07,306.18,68.36,240.16,0.4864,-1,-1,-1
409,52,985.93,342.18,77.54,212.57,0.6596,-1,-1,-1
410,2,730.34,223.10,165.12,533.63,0.8374,-1,-1,-1
410,38,39.40,110.91,309.87,836.05,0.9032,-1,-1,-1
410,43,881.63,240.11,97.00,438.00,0.7898,-1,-1,-1
410,45,1083.80,150.89,282.10,785.37,0.8921,-1,-1,-1
410,46,353.08,65.06,322.77,911.22,0.9161,-1,-1,-1
410,50,696.66,308.30,67.82,241.93,0.6059,-1,-1,-1
410,52,991.81,345.50,76.41,209.85,0.6307,-1,-1,-1
411,2,733.38,224.63,165.96,534.91,0.8013,-1,-1,-1
411,38,29.19,105.96,313.44,846.39,0.9078,-1,-1,-1
411,43,886.11,239.83,98.47,437.96,0.7869,-1,-1,-1
411,45,1089.27,149.92,282.87,792.89,0.8893,-1,-1,-1
411,46,350.74,61.76,326.02,924.07,0.9157,-1,-1,-1
411,50,702.07,308.89,66.57,241.92,0.5888,-1,-1,-1
411,52,999.60,349.86,76.20,207.60,0.6637,-1,-1,-1
412,2,737.24,226.22,165.91,532.37,0.8135,-1,-1,-1
412,38,17.63,97.96,317.31,858.17,0.9169,-1,-1,-1
412,43,891.17,236.85,100.17,441.97,0.7514,-1,-1,-1
412,45,1094.42,152.73,283.13,797.24,0.8925,-1,-1,-1
412,46,343.72,57.01,334.06,952.44,0.9129,-1,-1,-1
412,50,708.79,308.75,65.22,240.46,0.5468,-1,-1,-1
412,52,1004.40,347.45,77.96,211.05,0.7007,-1,-1,-1
412,53,654.98,342.77,50.05,190.94,0.6281,-1,-1,-1
413,2,742.44,226.45,165.73,529.26,0.8178,-1,-1,-1
413,38,4.03,91.04,321.23,868.38,0.9265,-1,-1,-1
413,43,895.20,231.92,102.07,444.71,0.7521,-1,-1,-1
413,45,1098.65,153.61,284.04,802.07,0.8973,-1,-1,-1
413,46,336.72,50.00,340.34,975.25,0.9110,-1,-1,-1
413,50,716.15,307.05,64.23,240.79,0.4619,-1,-1,-1
413,52,1009.36,344.88,78.72,213.16,0.5990,-1,-1,-1
413,53,656.76,345.75,49.38,187.62,0.6632,-1,-1,-1
414,2,749.75,227.18,165.01,526.24,0.8209,-1,-1,-1
414,38,-3.94,84.01,324.68,879.08,0.9297,-1,-1,-1
414,43,900.33,233.29,104.04,445.04,0.7817,-1,-1,-1
414,45,1103.30,154.01,284.41,806.08,0.8896,-1,-1,-1
414,46,328.07,40.43,345.13,994.83,0.9023,-1,-1,-1
414,50,722.26,304.25,63.78,241.59,0.4851,-1,-1,-1
414,52,1014.89,342.02,79.61,216.16,0.6409,-1,-1,-1
414,53,659.70,342.73,51.82,195.51,0.6429,-1,-1,-1
415,2,753.58,224.84,165.74,527.64,0.8248,-1,-1,-1
415,38,-7.78,78.39,326.31,885.94,0.9252,-1,-1,-1
415,43,905.57,237.46,104.63,441.54,0.8091,-1,-1,-1
415,45,1108.57,153.72,284.33,809.41,0.8864,-1,-1,-1
415,46,320.46,28.76,350.91,1015.48,0.9130,-1,-1,-1
415,50,727.47,302.98,62.36,237.93,0.4361,-1,-1,-1
415,52,1021.19,347.41,78.88,212.59,0.6746,-1,-1,-1
415,53,662.87,342.15,51.01,189.95,0.6434,-1,-1,-1
416,2,754.55,221.74,165.94,524.41,0.8437,-1,-1,-1
416,38,-12.88,68.29,331.30,905.62,0.9217,-1,-1,-1
416,43,910.25,237.28,106.70,444.63,0.7921,-1,-1,-1
416,45,1112.95,152.38,284.48,813.65,0.8904,-1,-1,-1
416,46,311.97,15.98,356.66,1035.50,0.9137,-1,-1,-1
416,52,1025.35,349.02,79.09,211.26,0.5940,-1,-1,-1
416,53,664.58,341.16,51.18,187.66,0.6558,-1,-1,-1
417,2,754.57,221.54,166.72,521.91,0.8357,-1,-1,-1
417,38,-19.07,58.46,340.05,939.84,0.9180,-1,-1,-1
417,43,912.57,237.41,107.99,444.66,0.7984,-1,-1,-1
417,45,1115.66,151.55,285.36,821.59,0.8916,-1,-1,-1
417,46,298.20,6.27,362.67,1051.97,0.9090,-1,-1,-1
417,52,1029.59,345.90,79.93,213.02,0.6626,-1,-1,-1
417,53,665.22,341.07,52.31,188.60,0.6611,-1,-1,-1
418,2,754.59,220.00,168.00,521.08,0.8436,-1,-1,-1
418,38,-32.02,50.20,344.97,974.11,0.9162,-1,-1,-1
418,43,916.36,234.96,109.38,444.78,0.7835,-1,-1,-1
418,45,1118.71,149.11,285.03,826.05,0.8920,-1,-1,-1
418,46,285.09,1.32,367.26,1061.30,0.9150,-1,-1,-1
418,52,1032.18,338.56,81.90,218.20,0.6659,-1,-1,-1
418,53,664.42,339.94,53.81,190.81,0.6717,-1,-1,-1
419,2,752.11,212.90,171.35,528.37,0.8542,-1,-1,-1
419,38,-39.82,42.28,342.21,990.63,0.9105,-1,-1,-1
419,43,917.02,234.25,110.14,443.75,0.7779,-1,-1,-1
419,45,1120.46,147.38,283.43,825.64,0.8904,-1,-1,-1
419,46,270.32,-0.15,372.03,1067.81,0.9215,-1,-1,-1
419,52,1034.40,337.34,82.45,219.09,0.6328,-1,-1,-1
419,53,660.70,337.73,56.71,198.58,0.6737,-1,-1,-1
420,2,749.17,209.18,173.63,532.30,0.8564,-1,-1,-1
420,38,-45.34,37.78,337.31,1004.43,0.9036,-1,-1,-1
420,43,916.76,234.87,111.78,445.53,0.7857,-1,-1,-1
420,45,1121.12,144.25,282.62,827.19,0.8896,-1,-1,-1
420,46,256.26,-0.30,377.18,1074.32,0.9256,-1,-1,-1
420,52,1035.17,333.77,85.09,224.65,0.6361,-1,-1,-1
420,53,656.61,336.87,58.95,204.48,0.6764,-1,-1,-1
421,2,748.66,210.17,174.38,530.94,0.8576,-1,-1,-1
421,38,-46.34,27.94,323.96,993.08,0.9001,-1,-1,-1
421,43,915.39,234.99,112.47,444.38,0.7927,-1,-1,-1
421,45,1120.61,140.13,282.98,830.24,0.8914,-1,-1,-1
421,46,241.64,0.49,381.72,1075.84,0.9258,-1,-1,-1
421,52,1035.73,334.47,85.52,224.17,0.6428,-1,-1,-1
421,53,654.88,336.49,59.97,205.53,0.6758,-1,-1,-1
422,2,745.30,211.01,177.12,537.81,0.8470,-1,-1,-1
422,38,-49.32,18.01,313.05,991.75,0.8890,-1,-1,-1
422,43,913.57,235.75,113.48,445.02,0.7922,-1,-1,-1
422,45,1118.64,133.00,284.28,835.18,0.8867,-1,-1,-1
422,46,224.28,-0.01,387.07,1079.03,0.9196,-1,-1,-1
422,52,1035.60,338.14,84.63,220.38,0.5482,-1,-1,-1
422,53,650.28,334.40,61.67,209.28,0.6860,-1,-1,-1
423,2,741.11,211.17,177.08,537.73,0.8480,-1,-1,-1
423,38,-53.70,13.20,302.77,995.95,0.8901,-1,-1,-1
423,43,912.29,237.55,114.12,444.75,0.7742,-1,-1,-1
423,45,1114.40,128.08,285.99,838.79,0.8932,-1,-1,-1
423,46,207.84,-0.68,391.89,1081.21,0.9225,-1,-1,-1
423,52,1035.13,340.33,84.63,218.84,0.5632,-1,-1,-1
423,53,646.70,332.53,63.61,212.94,0.7178,-1,-1,-1
424,2,738.36,213.20,175.45,533.45,0.8379,-1,-1,-1
424,38,-58.54,9.46,292.70,1004.61,0.8764,-1,-1,-1
424,43,910.60,240.01,114.94,442.39,0.7510,-1,-1,-1
424,45,1112.26,126.55,287.04,838.55,0.9005,-1,-1,-1
424,46,188.49,0.01,396.68,1081.47,0.9273,-1,-1,-1
424,52,1032.15,340.63,84.78,218.67,0.6042,-1,-1,-1
424,53,643.97,331.74,64.91,213.60,0.7002,-1,-1,-1
425,2,734.19,213.70,176.17,535.51,0.8378,-1,-1,-1
425,38,-64.37,7.25,280.42,1010.94,0.8435,-1,-1,-1
425,43,907.29,239.75,115.78,440.67,0.7743,-1,-1,-1
425,45,1109.94,125.83,286.70,832.15,0.9028,-1,-1,-1
425,46,167.73,0.04,402.16,1079.20,0.9243,-1,-1,-1
425,52,1030.76,339.27,85.01,219.30,0.6202,-1,-1,-1
425,53,638.83,328.09,67.22,218.78,0.7005,-1,-1,-1
426,2,732.47,213.54,175.75,535.50,0.8401,-1,-1,-1
426,43,904.23,237.62,117.92,442.16,0.7950,-1,-1,-1
426,45,1107.10,126.11,285.88,820.74,0.9032,-1,-1,-1
426,46,144.20,-0.06,408.33,1077.27,0.9262,-1,-1,-1
426,52,1028.44,335.57,85.22,220.01,0.6319,-1,-1,-1
426,53,635.25,326.71,67.53,217.88,0.6846,-1,-1,-1
427,2,729.94,214.27,176.43,536.99,0.8310,-1,-1,-1
427,43,903.80,236.34,119.32,442.60,0.7799,-1,-1,-1
427,45,1103.28,127.62,286.73,813.35,0.9002,-1,-1,-1
427,46,115.73,0.35,415.55,1073.60,0.9224,-1,-1,-1
427,52,1026.01,332.89,86.03,222.61,0.5847,-1,-1,-1
427,53,630.00,326.30,68.84,220.90,0.7198,-1,-1,-1
427,54,-8.32,150.22,117.63,531.23,0.7120,-1,-1,-1
428,2,724.46,217.92,175.79,532.20,0.8337,-1,-1,-1
428,43,901.12,235.63,121.02,442.71,0.7978,-1,-1,-1
428,45,1098.63,128.65,290.35,814.19,0.9039,-1,-1,-1
428,46,90.97,1.44,424.60,1071.39,0.9213,-1,-1,-1
428,52,1024.10,332.36,85.75,223.48,0.4998,-1,-1,-1
428,53,624.36,326.34,69.46,221.37,0.7151,-1,-1,-1
428,54,-18.95,156.07,116.87,531.84,0.4361,-1,-1,-1
428,55,542.05,315.75,57.82,194.12,0.5870,-1,-1,-1
429,2,716.26,215.99,178.96,539.33,0.8318,-1,-1,-1
429,43,900.04,234.48,121.72,441.91,0.7767,-1,-1,-1
429,45,1092.36,130.35,294.00,816.51,0.9048,-1,-1,-1
429,46,60.87,1.52,435.76,1071.49,0.9302,-1,-1,-1
429,52,1024.32,330.62,86.00,226.99,0.4855,-1,-1,-1
429,53,617.88,327.56,69.77,222.37,0.7547,-1,-1,-1
429,55,538.88,320.24,57.69,193.80,0.5872,-1,-1,-1
430,2,705.15,214.81,180.18,544.78,0.8380,-1,-1,-1
430,43,899.43,234.16,121.26,437.87,0.7791,-1,-1,-1
430,45,1086.84,132.90,298.52,820.38,0.9091,-1,-1,-1
430,46,43.93,2.09,445.54,1071.78,0.9266,-1,-1,-1
430,52,1027.42,329.90,84.08,224.68,0.4598,-1,-1,-1
430,53,613.68,325.37,70.53,224.71,0.7132,-1,-1,-1
430,55,535.19,333.00,52.71,176.91,0.4666,-1,-1,-1
431,2,693.56,212.43,181.61,552.38,0.8260,-1,-1,-1
431,43,897.92,233.20,121.18,435.26,0.7825,-1,-1,-1
431,45,1082.57,133.55,302.62,824.54,0.9050,-1,-1,-1
431,46,32.05,2.12,453.14,1071.87,0.9298,-1,-1,-1
431,52,1029.79,329.10,83.14,225.41,0.3722,-1,-1,-1
431,53,609.13,325.70,72.02,228.09,0.6759,-1,-1,-1
431,55,528.66,335.16,54.16,181.93,0.4579,-1,-1,-1
432,2,682.14,209.40,185.15,566.80,0.8332,-1,-1,-1
432,43,897.25,231.50,121.24,433.52,0.7886,-1,-1,-1
432,45,1079.12,133.81,306.61,828.96,0.9038,-1,-1,-1
432,46,24.19,3.48,459.18,1071.55,0.9352,-1,-1,-1
432,52,1031.28,328.14,81.97,225.16,0.3758,-1,-1,-1
432,53,604.75,326.21,72.38,229.06,0.6594,-1,-1,-1
432,55,519.32,343.75,62.18,210.49,0.4126,-1,-1,-1
433,2,677.37,206.45,183.63,563.20,0.8283,-1,-1,-1
433,43,896.27,231.31,121.22,431.84,0.7958,-1,-1,-1
433,45,1077.73,133.20,309.97,832.94,0.9033,-1,-1,-1
433,46,17.35,4.85,461.84,1066.99,0.9355,-1,-1,-1
433,53,601.51,325.13,72.55,228.95,0.6440,-1,-1,-1
433,55,518.25,345.10,56.61,191.41,0.4223,-1,-1,-1
434,2,671.44,203.00,185.73,573.28,0.8403,-1,-1,-1
434,43,895.11,228.85,121.77,432.17,0.7960,-1,-1,-1
434,45,1078.14,131.58,312.03,834.53,0.9013,-1,-1,-1
434,46,11.25,3.98,464.64,1066.16,0.9387,-1,-1,-1
434,53,597.02,322.05,73.26,231.79,0.6849,-1,-1,-1
434,55,517.35,334.19,55.36,187.19,0.4290,-1,-1,-1
434,56,1000.87,309.81,75.05,239.95,0.5197,-1,-1,-1
435,2,669.69,199.65,182.48,565.86,0.8254,-1,-1,-1
435,43,893.98,226.34,122.33,431.81,0.7788,-1,-1,-1
435,45,1078.00,129.04,314.27,837.12,0.9037,-1,-1,-1
435,46,6.02,2.91,466.45,1065.95,0.9396,-1,-1,-1
435,53,594.79,319.94,73.71,233.19,0.6859,-1,-1,-1
435,55,514.18,318.10,57.02,193.85,0.6668,-1,-1,-1
435,56,999.29,305.83,75.17,240.51,0.5408,-1,-1,-1
436,2,669.06,196.78,179.67,558.20,0.7974,-1,-1,-1
436,43,896.62,224.78,122.22,432.01,0.7698,-1,-1,-1
436,45,1078.44,126.19,316.86,841.79,0.9070,-1,-1,-1
436,46,1.33,2.44,467.67,1067.02,0.9397,-1,-1,-1
436,53,594.08,318.26,73.60,232.99,0.7085,-1,-1,-1
436,55,511.66,310.61,58.04,198.78,0.6141,-1,-1,-1
436,56,997.50,303.45,75.52,241.73,0.5420,-1,-1,-1
437,2,668.56,194.27,173.98,539.58,0.8136,-1,-1,-1
437,43,898.59,223.73,121.95,432.18,0.7558,-1,-1,-1
437,45,1080.42,121.78,318.63,845.33,0.9055,-1,-1,-1
437,46,-5.34,2.09,468.60,1071.63,0.9357,-1,-1,-1
437,53,591.73,314.27,73.73,232.62,0.7235,-1,-1,-1
437,55,514.25,335.19,50.28,170.82,0.5871,-1,-1,-1
437,56,994.38,301.67,75.17,241.01,0.5714,-1,-1,-1
438,2,665.28,194.06,171.92,531.15,0.8385,-1,-1,-1
438,43,900.50,223.19,121.70,433.75,0.7556,-1,-1,-1
438,45,1082.54,118.40,317.36,839.91,0.9003,-1,-1,-1
438,46,-13.39,2.92,464.85,1070.30,0.9349,-1,-1,-1
438,53,589.12,312.61,74.19,233.77,0.7308,-1,-1,-1
438,55,512.45,335.68,50.29,170.79,0.4228,-1,-1,-1
438,56,993.46,300.80,74.69,239.72,0.5696,-1,-1,-1
438,57,817.68,300.75,81.79,231.39,0.6723,-1,-1,-1
439,2,662.89,194.43,171.28,528.08,0.8540,-1,-1,-1
439,43,901.46,223.12,121.36,435.61,0.7576,-1,-1,-1
439,45,1085.13,115.14,317.84,840.89,0.9012,-1,-1,-1
439,46,-22.45,3.22,459.81,1070.67,0.9277,-1,-1,-1
439,53,585.85,312.09,74.57,234.42,0.7219,-1,-1,-1
439,55,510.21,330.77,51.20,173.94,0.4342,-1,-1,-1
439,56,993.83,300.56,73.95,237.47,0.6397,-1,-1,-1
439,57,813.96,299.60,83.60,236.43,0.7252,-1,-1,-1
440,2,659.15,193.93,171.52,527.37,0.8672,-1,-1,-1
440,43,900.72,221.76,120.97,437.43,0.7694,-1,-1,-1
440,45,1088.61,111.69,318.04,840.69,0.8844,-1,-1,-1
440,46,-30.67,3.26,451.30,1066.87,0.9269,-1,-1,-1
440,53,582.76,308.80,76.76,241.28,0.7687,-1,-1,-1
440,55,507.04,326.11,52.37,177.87,0.4088,-1,-1,-1
440,56,994.09,300.45,73.63,236.22,0.7044,-1,-1,-1
440,57,809.30,297.54,84.65,239.44,0.7015,-1,-1,-1
440,52,1043.47,309.11,83.64,236.95,0.5686,-1,-1,-1
441,2,657.71,195.28,172.41,528.67,0.8638,-1,-1,-1
441,43,901.70,222.18,120.20,437.81,0.7791,-1,-1,-1
441,45,1092.72,107.26,318.74,841.90,0.8998,-1,-1,-1
441,46,-40.18,3.02,441.86,1065.76,0.9199,-1,-1,-1
441,53,581.34,305.96,78.03,246.01,0.7663,-1,-1,-1
441,55,504.88,315.63,55.33,188.82,0.4088,-1,-1,-1
441,56,994.57,298.14,74.35,238.27,0.7103,-1,-1,-1
441,57,807.61,296.39,85.31,241.55,0.6950,-1,-1,-1
441,52,1044.97,308.02,82.98,240.61,0.6098,-1,-1,-1
442,2,658.00,197.61,172.97,529.48,0.8552,-1,-1,-1
442,43,904.96,223.87,118.53,435.19,0.7336,-1,-1,-1
442,45,1099.52,106.48,316.10,832.66,0.8975,-1,-1,-1
442,46,-50.03,3.18,430.38,1065.06,0.9136,-1,-1,-1
442,53,581.17,305.47,78.66,248.99,0.7717,-1,-1,-1
442,55,508.35,326.21,52.15,177.76,0.4275,-1,-1,-1
442,56,995.05,297.52,75.47,241.93,0.6780,-1,-1,-1
442,57,812.12,297.09,84.32,238.17,0.7282,-1,-1,-1
442,52,1050.14,312.96,80.78,237.90,0.6572,-1,-1,-1
443,2,660.94,198.63,172.33,527.66,0.8509,-1,-1,-1
443,43,905.83,224.54,117.76,435.26,0.7464,-1,-1,-1
443,45,1107.27,109.77,313.19,821.44,0.8967,-1,-1,-1
443,46,-58.89,3.74,416.79,1063.59,0.8933,-1,-1,-1
443,53,582.31,307.95,78.78,249.14,0.7729,-1,-1,-1
443,55,511.84,334.06,50.56,172.26,0.4495,-1,-1,-1
443,56,998.60,295.70,76.24,243.23,0.6434,-1,-1,-1
443,57,815.81,299.38,82.60,232.45,0.7587,-1,-1,-1
443,52,1054.72,313.48,79.73,238.81,0.5983,-1,-1,-1
444,2,665.48,200.83,170.14,521.59,0.8448,-1,-1,-1
444,43,909.10,226.14,116.13,432.68,0.7102,-1,-1,-1
444,45,1114.64,112.94,311.20,814.28,0.9003,-1,-1,-1
444,46,-66.55,4.31,401.61,1061.93,0.8392,-1,-1,-1
444,53,584.34,307.56,79.43,250.87,0.7617,-1,-1,-1
444,55,515.88,341.67,48.54,164.47,0.4906,-1,-1,-1
444,56,1001.25,297.79,76.75,243.03,0.6361,-1,-1,-1
444,57,817.84,300.05,83.01,233.49,0.7713,-1,-1,-1
444,52,1057.18,304.41,80.79,245.67,0.5810,-1,-1,-1
445,2,671.97,202.96,167.52,512.55,0.8420,-1,-1,-1
445,43,909.09,223.12,117.53,438.41,0.7751,-1,-1,-1
445,45,1119.98,118.41,312.62,817.62,0.8973,-1,-1,-1
445,46,-74.59,4.78,385.40,1062.18,0.3825,-1,-1,-1
445,53,585.35,307.55,79.92,251.29,0.7620,-1,-1,-1
445,55,519.15,334.12,50.81,172.66,0.4917,-1,-1,-1
445,56,1007.25,292.64,78.14,246.31,0.7156,-1,-1,-1
445,57,821.19,298.77,83.88,235.24,0.7827,-1,-1,-1
445,52,1065.12,303.54,79.34,243.64,0.5707,-1,-1,-1
446,2,679.59,202.36,164.50,502.71,0.8352,-1,-1,-1
446,43,908.47,221.13,119.55,445.45,0.8087,-1,-1,-1
446,45,1127.47,124.13,313.05,818.49,0.9060,-1,-1,-1
446,46,-53.82,4.95,377.33,1062.87,0.7279,-1,-1,-1
446,53,587.34,308.89,80.63,250.63,0.7384,-1,-1,-1
446,55,524.49,342.43,49.14,164.64,0.5358,-1,-1,-1
446,56,1011.66,294.70,78.77,248.10,0.7712,-1,-1,-1
446,57,825.46,296.29,84.84,237.78,0.7905,-1,-1,-1
446,52,1072.11,301.84,78.79,245.43,0.6522,-1,-1,-1
447,2,684.68,201.17,166.66,508.05,0.8357,-1,-1,-1
447,43,914.39,220.34,120.91,449.71,0.7667,-1,-1,-1
447,45,1135.24,126.32,314.21,823.38,0.9061,-1,-1,-1
447,53,590.64,310.19,81.06,249.26,0.6900,-1,-1,-1
447,55,531.01,352.13,46.56,153.75,0.5005,-1,-1,-1
447,56,1017.54,292.85,79.80,250.02,0.7646,-1,-1,-1
447,57,832.73,295.78,85.44,238.95,0.7572,-1,-1,-1
447,52,1079.25,300.44,78.51,248.65,0.6897,-1,-1,-1
448,2,689.73,200.98,170.59,518.05,0.8418,-1,-1,-1
448,43,921.06,219.15,122.12,453.45,0.7439,-1,-1,-1
448,45,1144.23,135.23,314.37,823.91,0.9052,-1,-1,-1
448,53,592.51,311.63,81.84,248.87,0.6963,-1,-1,-1
448,55,533.60,334.75,52.70,175.05,0.4990,-1,-1,-1
448,56,1024.89,295.39,80.07,250.61,0.7390,-1,-1,-1
448,57,839.14,296.27,85.53,239.48,0.7968,-1,-1,-1
448,52,1088.28,302.77,77.47,248.03,0.6793,-1,-1,-1
449,2,697.48,202.34,170.82,518.43,0.8162,-1,-1,-1
449,43,927.53,217.26,121.78,454.35,0.7734,-1,-1,-1
449,45,1151.62,141.04,314.61,824.23,0.9073,-1,-1,-1
449,53,599.55,314.16,82.73,250.90,0.7450,-1,-1,-1
449,55,538.01,322.52,56.93,189.84,0.5240,-1,-1,-1
449,56,1034.10,296.53,79.56,249.91,0.7118,-1,-1,-1
449,57,845.08,297.16,85.51,239.27,0.7501,-1,-1,-1
449,52,1097.71,312.23,74.77,240.38,0.6746,-1,-1,-1
450,2,705.39,202.10,169.85,514.43,0.8152,-1,-1,-1
450,43,928.38,218.22,121.51,453.65,0.7803,-1,-1,-1
450,45,1157.69,146.59,315.04,827.29,0.9099,-1,-1,-1
450,53,604.78,314.92,82.85,251.02,0.7175,-1,-1,-1
450,55,543.84,325.83,55.46,185.06,0.4894,-1,-1,-1
450,56,1038.86,298.60,79.06,247.80,0.7050,-1,-1,-1
450,57,850.31,298.20,84.31,236.21,0.7162,-1,-1,-1
450,52,1104.32,314.00,74.47,240.39,0.7049,-1,-1,-1
451,2,710.12,201.62,169.79,513.09,0.8243,-1,-1,-1
451,43,936.30,219.92,119.70,447.74,0.7805,-1,-1,-1
451,45,1164.44,150.80,315.40,830.94,0.9031,-1,-1,-1
451,53,605.82,314.81,84.20,253.75,0.7410,-1,-1,-1
451,55,549.08,319.19,56.91,190.90,0.4580,-1,-1,-1
451,56,1046.38,291.33,79.93,253.15,0.6919,-1,-1,-1
451,57,856.49,294.98,86.25,240.43,0.7236,-1,-1,-1
451,52,1113.47,318.39,73.13,236.60,0.6990,-1,-1,-1
452,2,716.44,200.63,168.94,511.53,0.8417,-1,-1,-1
452,43,945.66,220.02,118.42,440.87,0.7663,-1,-1,-1
452,45,1171.63,153.74,315.98,834.79,0.9044,-1,-1,-1
452,53,608.24,314.99,84.78,253.64,0.7351,-1,-1,-1
452,55,555.23,319.08,55.41,186.62,0.4504,-1,-1,-1
452,56,1055.04,293.37,79.49,251.25,0.7422,-1,-1,-1
452,57,860.23,297.54,85.98,237.82,0.7779,-1,-1,-1
452,52,1121.12,316.39,74.09,240.91,0.6752,-1,-1,-1
453,2,722.42,202.56,168.74,512.65,0.8454,-1,-1,-1
453,43,952.04,217.60,119.13,441.57,0.7951,-1,-1,-1
453,45,1177.88,157.09,316.35,839.03,0.9097,-1,-1,-1
453,53,612.98,314.78,85.23,256.18,0.7706,-1,-1,-1
453,55,562.06,313.75,56.74,191.73,0.5484,-1,-1,-1
453,56,1062.61,297.17,79.57,252.36,0.7400,-1,-1,-1
453,57,868.16,297.31,86.52,240.90,0.7866,-1,-1,-1
453,52,1128.44,317.15,73.72,241.28,0.7209,-1,-1,-1
454,2,729.85,202.53,168.62,513.18,0.8184,-1,-1,-1
454,43,957.27,218.76,120.54,441.78,0.7835,-1,-1,-1
454,45,1184.96,159.45,316.36,842.24,0.9113,-1,-1,-1
454,53,617.36,310.82,85.91,258.28,0.7544,-1,-1,-1
454,55,569.32,319.77,55.11,186.91,0.3954,-1,-1,-1
454,56,1071.92,299.11,79.23,251.71,0.7128,-1,-1,-1
454,57,875.91,298.44,86.68,242.19,0.7316,-1,-1,-1
454,52,1136.57,313.45,74.63,245.80,0.6241,-1,-1,-1
455,2,735.65,199.73,170.59,519.51,0.8353,-1,-1,-1
455,43,964.07,220.57,120.19,437.56,0.7786,-1,-1,-1
455,45,1190.85,159.11,316.38,844.43,0.9117,-1,-1,-1
455,53,621.81,305.04,87.69,265.42,0.7662,-1,-1,-1
455,55,577.16,316.24,55.94,190.26,0.5628,-1,-1,-1
455,56,1079.54,300.52,78.82,251.63,0.7150,-1,-1,-1
455,57,884.46,303.18,84.34,235.15,0.6951,-1,-1,-1
455,52,1147.02,313.59,73.84,246.09,0.6143,-1,-1,-1
455,58,715.25,257.71,66.69,311.12,0.5842,-1,-1,-1
456,2,745.69,199.35,170.02,520.40,0.8264,-1,-1,-1
456,43,967.95,214.49,122.10,442.69,0.7564,-1,-1,-1
456,45,1198.24,158.67,314.23,838.88,0.9041,-1,-1,-1
456,53,627.16,301.87,88.46,268.96,0.7503,-1,-1,-1
456,55,581.87,317.35,56.36,191.35,0.5161,-1,-1,-1
456,56,1087.20,299.91,77.56,248.50,0.7141,-1,-1,-1
456,57,891.81,301.02,84.86,238.43,0.6622,-1,-1,-1
456,52,1153.47,313.85,73.04,245.75,0.5428,-1,-1,-1
456,58,721.63,255.15,68.06,316.92,0.6253,-1,-1,-1
457,2,755.71,201.12,169.18,519.90,0.8140,-1,-1,-1
457,43,974.38,213.31,122.00,442.29,0.7678,-1,-1,-1
457,45,1205.09,157.19,313.81,836.88,0.9002,-1,-1,-1
457,53,631.41,300.23,88.67,268.59,0.7407,-1,-1,-1
457,55,586.86,309.39,58.79,200.70,0.5269,-1,-1,-1
457,56,1093.20,298.04,78.04,250.34,0.6778,-1,-1,-1
457,57,898.63,299.21,84.96,239.68,0.6763,-1,-1,-1
457,52,1157.26,310.45,73.56,249.23,0.3950,-1,-1,-1
457,58,728.09,251.67,69.08,320.74,0.6755,-1,-1,-1
458,2,764.51,200.21,168.09,519.02,0.8163,-1,-1,-1
458,43,987.73,211.71,121.39,441.33,0.7767,-1,-1,-1
458,45,1209.46,155.50,313.92,835.50,0.8971,-1,-1,-1
458,53,634.45,297.52,89.71,271.21,0.7159,-1,-1,-1
458,55,593.93,307.57,58.05,199.34,0.4871,-1,-1,-1
458,56,1099.26,293.73,78.90,255.42,0.7095,-1,-1,-1
458,57,907.42,298.36,85.45,240.09,0.7447,-1,-1,-1
458,58,731.52,249.82,69.04,319.30,0.7532,-1,-1,-1
459,2,771.78,203.57,166.79,517.27,0.8479,-1,-1,-1
459,43,995.90,207.14,122.17,444.34,0.8079,-1,-1,-1
459,45,1212.02,150.63,317.41,840.19,0.9081,-1,-1,-1
459,53,638.86,296.66,90.35,272.84,0.7247,-1,-1,-1
459,55,597.26,303.03,58.76,202.80,0.4792,-1,-1,-1
459,56,1105.78,293.39,79.63,257.08,0.7439,-1,-1,-1
459,57,912.11,297.49,84.73,238.71,0.7835,-1,-1,-1
459,58,733.56,249.81,69.95,322.08,0.7664,-1,-1,-1
460,2,778.93,203.44,164.63,513.56,0.8533,-1,-1,-1
460,43,1000.35,207.69,123.35,444.85,0.7900,-1,-1,-1
460,45,1215.45,144.10,319.08,837.15,0.9100,-1,-1,-1
460,53,641.03,295.93,90.60,272.91,0.7372,-1,-1,-1
460,56,1109.96,294.91,79.41,255.92,0.7269,-1,-1,-1
460,57,918.75,296.54,84.17,238.50,0.7890,-1,-1,-1
460,58,736.59,247.11,71.62,327.88,0.7712,-1,-1,-1
461,2,784.22,203.47,162.99,509.79,0.8304,-1,-1,-1
461,43,1004.98,209.84,123.53,445.16,0.7850,-1,-1,-1
461,45,1217.29,138.53,320.94,833.86,0.9076,-1,-1,-1
461,53,642.72,294.29,91.65,275.99,0.7432,-1,-1,-1
461,56,1113.80,294.08,79.61,254.09,0.7288,-1,-1,-1
461,57,925.81,296.46,83.30,237.43,0.7531,-1,-1,-1
461,58,739.53,243.20,72.86,331.23,0.7554,-1,-1,-1
462,2,787.07,201.72,162.09,508.05,0.8075,-1,-1,-1
462,43,1005.57,208.80,125.25,450.42,0.7936,-1,-1,-1
462,45,1218.81,133.20,322.81,830.01,0.9069,-1,-1,-1
462,53,643.87,292.51,92.24,278.24,0.7776,-1,-1,-1
462,56,1116.73,294.25,80.03,254.08,0.6668,-1,-1,-1
462,57,931.53,295.38,82.46,235.60,0.7295,-1,-1,-1
462,58,742.20,241.64,73.19,329.90,0.7587,-1,-1,-1
463,2,787.35,198.96,163.00,511.62,0.8201,-1,-1,-1
463,43,1006.41,207.87,126.19,451.59,0.8010,-1,-1,-1
463,45,1220.05,131.96,323.27,822.69,0.9067,-1,-1,-1
463,53,643.57,292.41,92.42,279.09,0.7689,-1,-1,-1
463,56,1120.57,292.82,79.77,252.36,0.6623,-1,-1,-1
463,57,935.39,291.09,82.34,236.18,0.7368,-1,-1,-1
463,58,741.53,239.35,74.44,333.46,0.7515,-1,-1,-1
464,2,785.98,192.57,163.07,511.06,0.8135,-1,-1,-1
464,43,1007.35,206.86,127.19,452.13,0.8048,-1,-1,-1
464,45,1221.88,129.27,325.68,823.54,0.9036,-1,-1,-1
464,53,640.94,290.55,91.82,277.61,0.7707,-1,-1,-1
464,56,1120.72,288.84,80.41,253.92,0.6681,-1,-1,-1
464,57,935.89,286.28,82.33,236.62,0.7360,-1,-1,-1
464,58,740.17,238.95,74.95,333.25,0.7737,-1,-1,-1
465,2,783.65,187.03,163.80,512.08,0.8149,-1,-1,-1
465,43,1008.27,206.91,127.65,450.85,0.7876,-1,-1,-1
465,45,1220.96,124.49,329.14,828.92,0.9071,-1,-1,-1
465,53,637.41,285.65,93.21,282.74,0.7539,-1,-1,-1
465,56,1124.52,288.20,79.35,252.08,0.6094,-1,-1,-1
465,57,935.20,281.31,82.84,238.98,0.7204,-1,-1,-1
465,58,736.05,233.99,76.40,336.47,0.7613,-1,-1,-1
466,2,780.07,181.82,164.75,512.55,0.8059,-1,-1,-1
466,43,1009.03,205.43,127.63,447.47,0.7771,-1,-1,-1
466,45,1218.09,120.58,333.53,836.80,0.9075,-1,-1,-1
466,53,633.75,283.23,93.44,284.64,0.7077,-1,-1,-1
466,56,1125.78,286.46,78.30,251.59,0.5959,-1,-1,-1
466,57,934.57,276.86,83.38,241.31,0.7318,-1,-1,-1
466,58,732.03,229.06,77.73,339.63,0.7355,-1,-1,-1
467,2,778.49,180.72,165.29,508.94,0.8208,-1,-1,-1
467,43,1007.81,204.65,128.54,449.10,0.7822,-1,-1,-1
467,45,1214.20,119.00,337.40,842.83,0.9090,-1,-1,-1
467,53,626.61,277.99,95.74,291.89,0.7178,-1,-1,-1
467,56,1125.20,283.63,78.26,253.53,0.6249,-1,-1,-1
467,57,933.61,275.11,83.68,242.21,0.7589,-1,-1,-1
467,58,726.17,224.72,79.53,343.66,0.7119,-1,-1,-1
468,2,775.26,179.38,166.40,509.17,0.8275,-1,-1,-1
468,43,1004.46,203.74,129.14,450.00,0.7759,-1,-1,-1
468,45,1207.76,117.68,342.39,851.61,0.9128,-1,-1,-1
468,53,620.42,275.22,96.81,295.88,0.7475,-1,-1,-1
468,56,1122.31,280.69,78.31,253.95,0.5713,-1,-1,-1
468,57,932.00,274.52,83.66,242.42,0.7661,-1,-1,-1
468,58,719.84,220.09,81.83,351.49,0.7289,-1,-1,-1
469,2,771.42,179.42,166.66,507.56,0.8289,-1,-1,-1
469,43,1002.35,203.33,128.05,445.70,0.7852,-1,-1,-1
469,45,1202.61,117.33,347.08,860.52,0.9112,-1,-1,-1
469,53,613.09,269.98,97.90,301.61,0.8041,-1,-1,-1
469,56,1118.17,279.75,79.16,254.54,0.5768,-1,-1,-1
469,57,928.79,272.80,84.12,243.48,0.7714,-1,-1,-1
469,58,712.26,217.85,82.83,354.59,0.7503,-1,-1,-1
470,2,768.61,176.54,169.19,513.01,0.8398,-1,-1,-1
470,43,999.88,199.93,128.91,447.54,0.8002,-1,-1,-1
470,45,1197.57,117.98,349.86,865.58,0.9142,-1,-1,-1
470,53,604.90,267.38,98.65,303.44,0.7812,-1,-1,-1
470,56,1114.93,277.77,80.16,257.12,0.6244,-1,-1,-1
470,57,924.77,272.35,83.84,243.30,0.7862,-1,-1,-1
470,58,707.66,215.31,84.03,357.53,0.7713,-1,-1,-1
471,2,765.56,174.78,169.76,513.25,0.8405,-1,-1,-1
471,43,997.18,196.51,129.65,449.97,0.7971,-1,-1,-1
471,45,1190.74,117.72,354.54,874.64,0.9087,-1,-1,-1
471,53,597.22,264.64,99.65,307.24,0.7758,-1,-1,-1
471,56,1109.36,273.58,81.00,260.07,0.5644,-1,-1,-1
471,57,920.91,272.23,84.03,243.57,0.8015,-1,-1,-1
471,58,699.67,212.55,85.30,359.66,0.7392,-1,-1,-1
472,2,760.48,173.78,170.33,512.82,0.8625,-1,-1,-1
472,43,994.17,196.45,129.79,449.90,0.7829,-1,-1,-1
472,45,1188.13,118.20,355.43,876.32,0.9108,-1,-1,-1
472,53,591.97,263.99,99.86,308.31,0.8215,-1,-1,-1
472,56,1106.06,271.33,82.23,264.26,0.6575,-1,-1,-1
472,57,918.51,271.47,83.82,243.40,0.8048,-1,-1,-1
472,58,693.25,209.19,86.93,362.16,0.7863,-1,-1,-1
473,2,759.45,173.66,171.05,513.80,0.8754,-1,-1,-1
473,43,990.01,196.00,129.76,450.56,0.7749,-1,-1,-1
473,45,1186.56,117.53,354.80,874.50,0.9105,-1,-1,-1
473,53,586.21,262.00,100.35,310.62,0.8205,-1,-1,-1
473,56,1105.55,270.64,83.06,265.91,0.6941,-1,-1,-1
473,57,917.11,271.88,83.43,242.93,0.7932,-1,-1,-1
473,58,687.73,206.00,88.79,364.96,0.8141,-1,-1,-1
474,2,759.94,174.71,171.19,513.72,0.8764,-1,-1,-1
474,43,987.18,195.23,129.42,450.35,0.7775,-1,-1,-1
474,45,1186.43,115.17,351.98,868.09,0.9124,-1,-1,-1
474,53,580.80,260.87,100.02,311.30,0.8550,-1,-1,-1
474,56,1101.99,269.08,83.44,267.90,0.7443,-1,-1,-1
474,57,915.64,273.41,82.97,242.92,0.7573,-1,-1,-1
474,58,682.79,204.76,91.02,368.76,0.8076,-1,-1,-1
475,2,760.59,175.15,171.63,514.10,0.8670,-1,-1,-1
475,43,985.33,195.73,125.90,441.37,0.7674,-1,-1,-1
475,45,1186.51,112.47,350.01,863.25,0.9117,-1,-1,-1
475,53,575.06,259.50,100.05,312.20,0.8384,-1,-1,-1
475,56,1097.49,267.09,83.24,268.30,0.7513,-1,-1,-1
475,57,916.16,275.86,81.51,239.23,0.7596,-1,-1,-1
475,58,676.43,203.12,93.16,371.42,0.8244,-1,-1,-1
476,2,762.11,175.60,171.71,512.84,0.8655,-1,-1,-1
476,43,982.28,194.45,123.69,436.32,0.7694,-1,-1,-1
476,45,1187.46,107.79,349.37,862.10,0.9087,-1,-1,-1
476,53,569.85,257.89,99.94,313.99,0.8238,-1,-1,-1
476,56,1095.74,264.17,83.15,270.59,0.7604,-1,-1,-1
476,57,916.59,276.59,79.74,235.72,0.7492,-1,-1,-1
476,58,671.08,202.00,95.47,374.48,0.8287,-1,-1,-1
477,2,764.91,176.91,171.51,511.49,0.8643,-1,-1,-1
477,43,980.63,194.11,122.36,434.24,0.7660,-1,-1,-1
477,45,1189.41,104.00,347.59,858.07,0.9085,-1,-1,-1
477,53,567.11,259.37,99.87,315.63,0.8306,-1,-1,-1
477,56,1095.28,263.25,82.82,272.06,0.7607,-1,-1,-1
477,57,917.00,278.94,78.47,233.59,0.7562,-1,-1,-1
477,58,666.46,202.31,98.17,378.45,0.8371,-1,-1,-1
478,2,768.81,178.36,171.19,509.99,0.8513,-1,-1,-1
478,43,979.17,194.89,121.81,433.97,0.7656,-1,-1,-1
478,45,1192.24,101.85,344.49,848.85,0.9091,-1,-1,-1
478,53,560.16,261.97,101.42,320.91,0.8093,-1,-1,-1
478,56,1094.30,264.46,82.47,272.52,0.7682,-1,-1,-1
478,57,917.61,279.33,78.27,235.17,0.6693,-1,-1,-1
478,58,662.42,204.02,101.16,383.68,0.8426,-1,-1,-1
479,2,773.74,178.81,170.66,507.81,0.8615,-1,-1,-1
479,43,978.96,195.54,121.68,433.19,0.7522,-1,-1,-1
479,45,1194.90,100.99,342.65,842.24,0.9118,-1,-1,-1
479,53,554.18,261.85,103.06,324.35,0.8061,-1,-1,-1
479,56,1094.10,264.92,82.16,273.47,0.7660,-1,-1,-1
479,57,914.19,252.02,87.30,265.57,0.5586,-1,-1,-1
479,58,659.99,204.73,103.83,387.12,0.8356,-1,-1,-1
480,2,778.16,180.00,170.10,504.58,0.8563,-1,-1,-1
480,43,977.72,194.76,123.48,440.73,0.7589,-1,-1,-1
480,45,1196.59,100.73,343.45,842.73,0.9095,-1,-1,-1
480,53,549.24,263.06,104.38,327.69,0.8075,-1,-1,-1
480,56,1094.20,265.50,82.36,275.88,0.7605,-1,-1,-1
480,57,913.27,239.72,90.25,278.34,0.4914,-1,-1,-1
480,58,657.79,205.27,106.83,389.95,0.8168,-1,-1,-1
481,2,781.95,181.71,169.28,501.26,0.8588,-1,-1,-1
481,43,977.68,195.39,124.95,446.59,0.7733,-1,-1,-1
481,45,1197.91,101.82,346.24,848.79,0.9125,-1,-1,-1
481,53,545.84,266.08,105.33,329.62,0.8047,-1,-1,-1
481,56,1095.50,269.93,81.50,273.24,0.7872,-1,-1,-1
481,57,919.63,262.94,81.59,253.69,0.3701,-1,-1,-1
481,58,657.06,206.70,110.10,393.52,0.8177,-1,-1,-1
482,2,786.87,185.06,170.14,501.81,0.8504,-1,-1,-1
482,43,978.38,198.54,124.48,444.06,0.7634,-1,-1,-1
482,45,1200.95,105.51,349.09,854.50,0.9113,-1,-1,-1
482,53,544.49,271.08,105.60,329.52,0.7955,-1,-1,-1
482,56,1096.77,274.13,81.04,271.64,0.7677,-1,-1,-1
482,58,657.87,209.84,112.72,395.48,0.8244,-1,-1,-1
483,2,790.42,184.02,171.93,505.59,0.8504,-1,-1,-1
483,43,982.10,200.21,125.56,446.20,0.7990,-1,-1,-1
483,45,1202.80,107.71,351.81,860.31,0.9092,-1,-1,-1
483,53,544.14,271.30,106.23,331.83,0.7802,-1,-1,-1
483,56,1100.46,274.61,82.11,274.19,0.7716,-1,-1,-1
483,58,658.67,210.04,115.64,397.96,0.8170,-1,-1,-1
484,2,796.31,183.54,172.54,508.16,0.8525,-1,-1,-1
484,43,985.44,202.63,126.05,448.08,0.8213,-1,-1,-1
484,45,1204.08,111.13,354.00,865.76,0.9080,-1,-1,-1
484,53,543.52,270.27,107.45,337.22,0.7710,-1,-1,-1
484,56,1103.58,275.45,82.79,274.51,0.7832,-1,-1,-1
484,58,657.09,209.17,118.46,403.21,0.8116,-1,-1,-1
485,2,804.14,188.43,170.96,502.86,0.8442,-1,-1,-1
485,43,990.05,206.09,126.05,449.38,0.8210,-1,-1,-1
485,45,1205.64,113.31,357.91,876.52,0.9015,-1,-1,-1
485,53,542.80,271.44,108.65,341.39,0.7962,-1,-1,-1
485,56,1105.22,275.15,84.01,277.96,0.7897,-1,-1,-1
485,58,656.03,208.32,121.27,410.21,0.8024,-1,-1,-1
486,2,810.03,191.04,171.66,504.98,0.8459,-1,-1,-1
486,43,994.81,209.93,125.42,448.71,0.8143,-1,-1,-1
486,45,1209.18,117.59,360.21,885.43,0.9044,-1,-1,-1
486,53,543.48,271.58,109.91,345.36,0.7992,-1,-1,-1
486,56,1109.15,278.28,85.16,277.25,0.7854,-1,-1,-1
486,58,658.98,207.97,123.44,412.91,0.8148,-1,-1,-1
487,2,816.62,194.02,173.08,509.92,0.8609,-1,-1,-1
487,43,1000.79,215.52,125.05,448.78,0.7954,-1,-1,-1
487,45,1214.79,126.44,360.99,890.61,0.9047,-1,-1,-1
487,53,542.37,270.19,111.68,350.75,0.8125,-1,-1,-1
487,56,1114.19,281.58,86.47,279.37,0.7876,-1,-1,-1
487,58,664.14,208.32,127.11,417.70,0.8055,-1,-1,-1
488,2,823.76,200.41,173.22,509.88,0.8573,-1,-1,-1
488,43,1004.59,220.35,125.24,449.03,0.8017,-1,-1,-1
488,45,1218.66,135.00,360.86,893.48,0.9044,-1,-1,-1
488,53,542.35,271.19,112.95,354.59,0.8075,-1,-1,-1
488,56,1119.69,284.60,86.93,278.67,0.7799,-1,-1,-1
488,58,666.84,210.12,129.58,419.72,0.8048,-1,-1,-1
489,2,833.16,205.34,173.82,510.20,0.8523,-1,-1,-1
489,43,1009.66,226.65,123.63,443.87,0.7789,-1,-1,-1
489,45,1221.80,140.20,359.80,893.70,0.9078,-1,-1,-1
489,53,542.28,270.49,114.88,359.58,0.7907,-1,-1,-1
489,56,1127.40,290.38,86.88,277.96,0.7963,-1,-1,-1
489,58,670.71,210.95,132.57,422.07,0.8042,-1,-1,-1
490,2,840.04,211.93,173.85,508.93,0.8672,-1,-1,-1
490,43,1013.45,229.05,124.32,446.67,0.7751,-1,-1,-1
490,45,1225.87,142.94,358.47,892.10,0.9106,-1,-1,-1
490,53,541.24,271.35,117.36,363.05,0.7834,-1,-1,-1
490,56,1133.53,295.23,86.50,275.15,0.8022,-1,-1,-1
490,58,672.22,212.37,135.75,426.29,0.7998,-1,-1,-1
491,2,845.82,217.23,174.18,508.52,0.8650,-1,-1,-1
491,43,1015.35,229.06,124.54,447.92,0.7798,-1,-1,-1
491,45,1226.97,143.52,359.09,894.41,0.9101,-1,-1,-1
491,53,538.10,272.39,119.71,365.75,0.7804,-1,-1,-1
491,56,1137.95,299.09,86.80,273.96,0.8188,-1,-1,-1
491,58,673.63,213.07,139.01,429.84,0.8141,-1,-1,-1
492,2,850.04,223.12,174.27,507.72,0.8460,-1,-1,-1
492,43,1015.35,231.52,125.39,450.72,0.7853,-1,-1,-1
492,45,1228.72,142.88,360.28,895.25,0.9084,-1,-1,-1
492,53,536.16,273.02,122.37,367.34,0.8083,-1,-1,-1
492,56,1140.57,303.37,87.90,274.70,0.8235,-1,-1,-1
492,58,674.06,213.42,141.58,432.57,0.8303,-1,-1,-1
493,2,852.19,229.49,173.62,505.96,0.8309,-1,-1,-1
493,43,1016.57,232.83,126.06,452.31,0.8115,-1,-1,-1
493,45,1224.73,139.09,362.60,901.61,0.8988,-1,-1,-1
493,53,532.92,274.04,125.06,369.48,0.7978,-1,-1,-1
493,56,1141.92,308.06,88.66,273.14,0.8216,-1,-1,-1
493,58,670.12,213.46,144.41,436.16,0.8135,-1,-1,-1
494,2,856.94,231.24,171.38,498.33,0.8308,-1,-1,-1
494,43,1016.50,233.79,125.60,449.75,0.8162,-1,-1,-1
494,45,1218.84,135.93,359.74,895.95,0.8984,-1,-1,-1
494,53,528.69,275.27,128.58,374.95,0.8202,-1,-1,-1
494,56,1141.82,310.90,89.74,272.20,0.7904,-1,-1,-1
494,58,666.56,213.40,147.54,442.57,0.8268,-1,-1,-1
495,2,860.05,231.46,170.83,496.53,0.8385,-1,-1,-1
495,43,1013.46,234.71,125.60,448.19,0.8094,-1,-1,-1
495,45,1214.96,133.11,356.97,889.23,0.9057,-1,-1,-1
495,53,523.95,277.25,131.55,379.40,0.7914,-1,-1,-1
495,56,1141.80,312.70,91.03,273.55,0.7831,-1,-1,-1
495,58,662.30,213.25,151.09,449.84,0.8195,-1,-1,-1
496,2,862.02,231.17,170.80,495.80,0.8126,-1,-1,-1
496,43,1012.96,235.36,125.42,446.12,0.8063,-1,-1,-1
496,45,1213.88,129.53,354.45,883.32,0.9091,-1,-1,-1
496,53,519.12,280.39,133.61,382.24,0.8007,-1,-1,-1
496,56,1143.84,313.60,91.94,274.89,0.7659,-1,-1,-1
496,58,656.08,213.70,154.69,454.62,0.8373,-1,-1,-1
497,2,866.11,230.76,165.66,476.96,0.8111,-1,-1,-1
497,43,1011.80,235.09,125.87,446.41,0.8103,-1,-1,-1
497,45,1211.70,124.29,355.13,885.92,0.9162,-1,-1,-1
497,53,514.54,282.66,135.34,384.61,0.8176,-1,-1,-1
497,56,1144.38,313.73,93.21,277.68,0.7445,-1,-1,-1
497,58,650.20,213.54,157.83,457.15,0.8461,-1,-1,-1
498,2,868.43,230.15,162.42,462.33,0.8131,-1,-1,-1
498,43,1010.63,235.71,126.38,446.99,0.8242,-1,-1,-1
498,45,1208.74,120.20,357.63,893.84,0.9115,-1,-1,-1
498,53,509.91,285.31,135.51,384.33,0.8260,-1,-1,-1
498,56,1144.34,313.62,93.99,279.11,0.7723,-1,-1,-1
498,58,644.55,213.11,160.80,460.61,0.8764,-1,-1,-1
499,2,865.20,228.80,169.37,480.52,0.8189,-1,-1,-1
499,43,1009.62,234.44,127.08,448.85,0.8059,-1,-1,-1
499,45,1206.93,116.90,360.40,903.55,0.9119,-1,-1,-1
499,53,503.56,287.20,137.23,387.18,0.8103,-1,-1,-1
499,56,1144.45,313.12,95.00,282.20,0.7388,-1,-1,-1
499,58,637.33,214.13,163.05,463.99,0.8769,-1,-1,-1
500,2,863.78,227.70,171.28,484.68,0.8309,-1,-1,-1
500,43,1008.38,233.59,127.73,452.05,0.8011,-1,-1,-1
500,45,1204.08,115.02,363.65,914.49,0.9101,-1,-1,-1
500,53,496.99,289.52,138.81,390.70,0.8254,-1,-1,-1
500,56,1143.38,313.25,95.99,284.77,0.7397,-1,-1,-1
500,58,629.77,214.22,165.99,471.04,0.8412,-1,-1,-1
501,2,862.04,227.49,173.45,489.26,0.8407,-1,-1,-1
501,43,1007.70,233.79,128.00,453.35,0.8121,-1,-1,-1
501,45,1202.31,114.28,365.86,923.49,0.9116,-1,-1,-1
501,53,489.34,285.92,141.47,397.85,0.8323,-1,-1,-1
501,56,1143.70,312.94,95.94,284.80,0.7571,-1,-1,-1
501,58,623.64,212.92,169.09,479.96,0.8423,-1,-1,-1
502,2,862.33,227.89,174.04,488.98,0.8465,-1,-1,-1
502,43,1005.63,235.16,128.08,453.34,0.8182,-1,-1,-1
502,45,1201.55,114.22,366.80,929.85,0.9147,-1,-1,-1
502,53,481.26,284.28,143.36,404.12,0.8263,-1,-1,-1
502,56,1143.35,312.37,95.86,284.15,0.7961,-1,-1,-1
502,58,618.71,213.13,171.12,484.63,0.8389,-1,-1,-1
503,2,859.13,226.70,176.15,494.18,0.8427,-1,-1,-1
503,43,1004.58,235.64,127.73,450.47,0.8122,-1,-1,-1
503,45,1201.10,115.27,366.71,933.65,0.9157,-1,-1,-1
503,53,471.82,279.97,145.12,410.11,0.8174,-1,-1,-1
503,56,1140.70,310.61,96.24,285.04,0.8153,-1,-1,-1
503,58,609.08,208.80,171.64,488.21,0.8485,-1,-1,-1
504,2,857.20,225.76,176.44,492.84,0.8407,-1,-1,-1
504,43,1003.25,234.61,127.45,448.93,0.8056,-1,-1,-1
504,45,1200.03,116.17,366.85,937.79,0.9172,-1,-1,-1
504,53,463.15,276.65,146.57,414.66,0.8151,-1,-1,-1
504,56,1138.82,307.51,97.33,287.88,0.8100,-1,-1,-1
504,58,600.62,200.34,174.41,498.17,0.8539,-1,-1,-1
505,2,857.79,225.47,177.81,495.09,0.8217,-1,-1,-1
505,43,1002.05,231.94,126.63,449.07,0.7633,-1,-1,-1
505,45,1200.45,115.88,367.04,942.16,0.9195,-1,-1,-1
505,53,452.51,271.63,148.51,421.43,0.8092,-1,-1,-1
505,56,1136.84,304.30,97.53,288.41,0.8120,-1,-1,-1
505,58,591.69,196.53,176.13,503.85,0.8639,-1,-1,-1
506,2,856.67,224.72,180.16,501.03,0.8192,-1,-1,-1
506,43,1000.96,232.47,124.36,442.70,0.7543,-1,-1,-1
506,45,1200.74,114.55,366.93,945.46,0.9161,-1,-1,-1
506,53,443.34,267.86,150.77,427.23,0.8197,-1,-1,-1
506,56,1133.65,300.93,98.73,290.03,0.8077,-1,-1,-1
506,58,581.12,190.52,176.76,508.09,0.8524,-1,-1,-1
507,2,856.37,224.98,181.18,504.33,0.8122,-1,-1,-1
507,43,999.21,232.94,123.39,441.05,0.7591,-1,-1,-1
507,45,1203.82,112.65,363.44,939.28,0.9159,-1,-1,-1
507,53,432.91,263.79,152.86,434.09,0.8505,-1,-1,-1
507,56,1131.78,298.42,99.38,290.96,0.8150,-1,-1,-1
507,58,571.91,187.23,176.56,509.43,0.8499,-1,-1,-1
508,2,854.49,228.20,179.54,500.55,0.8230,-1,-1,-1
508,43,997.09,229.34,122.84,445.13,0.7305,-1,-1,-1
508,45,1205.45,109.28,360.98,935.97,0.9172,-1,-1,-1
508,53,419.50,260.10,154.27,439.45,0.8384,-1,-1,-1
508,56,1131.85,296.78,99.07,290.73,0.7945,-1,-1,-1
508,58,560.80,181.83,178.47,517.93,0.8464,-1,-1,-1
509,2,853.77,228.86,177.35,495.28,0.8009,-1,-1,-1
509,43,992.62,227.75,121.07,448.19,0.7384,-1,-1,-1
509,45,1205.10,105.79,359.61,935.40,0.9159,-1,-1,-1
509,53,408.11,256.36,155.22,443.92,0.8459,-1,-1,-1
509,56,1128.13,295.70,98.66,290.19,0.7947,-1,-1,-1
509,58,549.22,176.11,180.37,525.77,0.8655,-1,-1,-1
510,2,851.46,228.61,175.58,491.06,0.7938,-1,-1,-1
510,43,989.32,227.62,118.91,448.40,0.7134,-1,-1,-1
510,45,1205.81,101.95,358.99,934.33,0.9113,-1,-1,-1
510,53,393.58,254.12,156.64,450.19,0.8395,-1,-1,-1
510,56,1123.36,293.93,98.81,290.82,0.8059,-1,-1,-1
510,58,536.84,171.11,182.81,534.20,0.8798,-1,-1,-1
511,2,853.52,226.84,172.65,486.33,0.7536,-1,-1,-1
511,43,985.24,222.03,118.97,456.25,0.6836,-1,-1,-1
511,45,1206.42,96.38,356.28,925.99,0.9118,-1,-1,-1
511,53,378.45,251.82,159.66,459.22,0.8520,-1,-1,-1
511,56,1119.38,290.66,99.53,293.93,0.8114,-1,-1,-1
511,58,523.74,169.83,183.58,538.02,0.8654,-1,-1,-1
512,2,852.48,221.89,170.49,483.10,0.7486,-1,-1,-1
512,43,982.45,217.97,118.78,462.49,0.6845,-1,-1,-1
512,45,1206.89,89.60,351.90,913.18,0.9077,-1,-1,-1
512,53,363.92,250.95,162.46,468.44,0.8265,-1,-1,-1
512,56,1114.85,286.50,100.17,296.66,0.7847,-1,-1,-1
512,58,511.96,167.96,186.01,545.99,0.8665,-1,-1,-1
513,2,849.35,216.86,169.58,482.92,0.8258,-1,-1,-1
513,43,976.94,220.41,113.96,455.89,0.6102,-1,-1,-1
513,45,1208.41,84.38,348.67,903.59,0.9028,-1,-1,-1
513,53,350.40,247.22,165.53,478.77,0.8543,-1,-1,-1
513,56,1111.49,284.38,100.01,296.83,0.7458,-1,-1,-1
513,58,501.29,162.89,189.79,557.56,0.8584,-1,-1,-1
514,2,846.75,208.87,169.64,486.40,0.7774,-1,-1,-1
514,43,976.34,214.93,111.09,453.30,0.6746,-1,-1,-1
514,45,1210.61,76.77,347.42,900.07,0.9054,-1,-1,-1
514,53,341.07,246.46,165.58,478.87,0.8290,-1,-1,-1
514,56,1108.90,279.65,100.25,297.54,0.7837,-1,-1,-1
514,58,490.23,158.48,194.01,569.30,0.8477,-1,-1,-1
515,2,845.68,205.34,168.49,486.22,0.7921,-1,-1,-1
515,43,977.09,211.62,109.04,453.07,0.6656,-1,-1,-1
515,45,1211.74,69.93,348.32,903.36,0.9066,-1,-1,-1
515,53,330.79,245.30,166.95,482.01,0.8546,-1,-1,-1
515,56,1105.91,275.69,100.78,298.77,0.8049,-1,-1,-1
515,58,480.91,155.30,197.25,578.99,0.8479,-1,-1,-1
516,2,844.59,202.50,167.65,486.48,0.8173,-1,-1,-1
516,43,977.81,206.87,106.48,450.04,0.6717,-1,-1,-1
516,45,1212.87,63.88,349.39,908.49,0.9067,-1,-1,-1
516,53,319.70,244.30,170.08,490.17,0.8639,-1,-1,-1
516,56,1104.51,273.35,100.91,299.26,0.8176,-1,-1,-1
516,58,472.50,151.75,200.27,586.11,0.8653,-1,-1,-1
517,2,844.65,199.29,167.16,488.84,0.8158,-1,-1,-1
517,43,978.52,204.18,102.74,441.79,0.6631,-1,-1,-1
517,45,1213.66,59.86,351.22,916.51,0.9086,-1,-1,-1
517,53,308.03,240.76,173.87,502.21,0.8546,-1,-1,-1
517,56,1104.62,271.00,101.37,300.75,0.8210,-1,-1,-1
517,58,466.31,150.27,203.82,595.06,0.8866,-1,-1,-1
518,2,844.92,197.36,166.69,491.79,0.7923,-1,-1,-1
518,43,978.64,201.55,100.08,438.28,0.6678,-1,-1,-1
518,45,1213.51,57.13,353.69,926.79,0.9090,-1,-1,-1
518,53,297.03,236.02,177.83,515.26,0.8636,-1,-1,-1
518,56,1103.78,268.77,102.71,304.12,0.8106,-1,-1,-1
518,58,460.41,147.25,207.64,604.63,0.8800,-1,-1,-1
519,2,845.19,196.13,166.10,493.58,0.7936,-1,-1,-1
519,43,978.90,199.40,98.05,436.81,0.6409,-1,-1,-1
519,45,1213.85,56.20,354.49,932.71,0.9035,-1,-1,-1
519,53,287.56,231.46,181.45,527.37,0.8635,-1,-1,-1
519,56,1102.14,265.05,104.15,307.43,0.8084,-1,-1,-1
519,58,453.99,143.75,211.67,614.48,0.8662,-1,-1,-1
520,2,846.33,194.00,165.40,495.40,0.7847,-1,-1,-1
520,43,979.17,196.80,96.79,438.25,0.6349,-1,-1,-1
520,45,1216.36,54.96,355.46,940.54,0.9025,-1,-1,-1
520,53,277.86,226.68,184.05,535.18,0.8732,-1,-1,-1
520,56,1103.08,264.20,104.14,306.10,0.8028,-1,-1,-1
520,58,449.50,139.82,215.51,623.46,0.8580,-1,-1,-1
520,62,1054.89,286.46,57.22,221.43,0.5421,-1,-1,-1
521,2,849.04,195.81,164.22,496.04,0.7859,-1,-1,-1
521,43,981.37,196.24,95.60,439.35,0.6698,-1,-1,-1
521,45,1220.06,57.17,355.62,946.50,0.9022,-1,-1,-1
521,53,271.53,226.92,185.17,538.13,0.8842,-1,-1,-1
521,56,1107.37,263.85,104.84,306.94,0.7963,-1,-1,-1
521,58,447.17,135.97,218.87,631.06,0.8568,-1,-1,-1
521,62,1059.68,294.56,55.22,213.53,0.5819,-1,-1,-1
522,2,851.78,197.33,162.30,493.65,0.8086,-1,-1,-1
522,43,982.38,195.32,94.60,440.93,0.6511,-1,-1,-1
522,45,1220.83,56.81,355.80,954.42,0.9047,-1,-1,-1
522,53,264.73,223.67,187.47,544.65,0.8767,-1,-1,-1
522,56,1108.40,262.10,105.06,306.94,0.7992,-1,-1,-1
522,58,444.38,130.92,222.26,638.87,0.8674,-1,-1,-1
522,62,1060.38,286.72,55.58,214.88,0.5760,-1,-1,-1
523,2,855.38,197.12,160.78,492.91,0.8158,-1,-1,-1
523,43,983.47,193.64,94.20,444.80,0.6679,-1,-1,-1
523,45,1220.15,54.89,355.67,962.77,0.9078,-1,-1,-1
523,53,257.08,218.60,190.91,552.34,0.8786,-1,-1,-1
523,56,1109.21,260.01,105.25,306.01,0.7868,-1,-1,-1
523,58,438.86,121.24,227.53,652.21,0.8748,-1,-1,-1
523,62,1061.91,285.32,55.70,214.69,0.6369,-1,-1,-1
524,2,860.33,198.12,159.09,492.05,0.8325,-1,-1,-1
524,43,985.50,196.55,93.59,448.90,0.6185,-1,-1,-1
524,45,1221.71,53.31,353.02,963.70,0.9067,-1,-1,-1
524,53,250.22,215.87,194.66,561.12,0.8795,-1,-1,-1
524,56,1109.29,258.38,106.34,306.79,0.7970,-1,-1,-1
524,58,435.06,117.73,230.73,659.15,0.8761,-1,-1,-1
524,62,1062.75,282.45,56.39,216.36,0.6624,-1,-1,-1
525,2,866.35,199.15,157.95,491.17,0.8534,-1,-1,-1
525,43,989.42,200.05,91.48,441.95,0.5593,-1,-1,-1
525,45,1223.66,49.61,351.66,966.57,0.9048,-1,-1,-1
525,53,242.62,212.89,197.41,567.13,0.8767,-1,-1,-1
525,56,1112.88,256.70,107.25,307.22,0.8081,-1,-1,-1
525,58,433.73,113.08,234.26,667.00,0.8757,-1,-1,-1
525,62,1066.35,280.45,57.13,218.23,0.6511,-1,-1,-1
526,2,871.60,199.00,157.67,492.95,0.8613,-1,-1,-1
526,43,992.79,201.50,91.59,444.27,0.5388,-1,-1,-1
526,45,1228.00,47.76,349.42,966.29,0.9025,-1,-1,-1
526,53,234.46,209.94,200.44,574.10,0.8671,-1,-1,-1
526,56,1116.33,255.51,109.12,310.09,0.8281,-1,-1,-1
526,58,432.48,110.16,237.33,672.32,0.8780,-1,-1,-1
526,62,1069.73,277.41,57.83,220.62,0.7115,-1,-1,-1
527,2,876.27,199.92,156.85,491.97,0.8386,-1,-1,-1
527,43,995.32,203.06,92.00,446.82,0.6063,-1,-1,-1
527,45,1233.00,48.17,346.67,964.41,0.9087,-1,-1,-1
527,53,225.83,205.95,203.93,583.34,0.8560,-1,-1,-1
527,56,1120.19,257.39,110.00,309.61,0.8428,-1,-1,-1
527,58,430.59,109.42,240.27,675.75,0.8747,-1,-1,-1
527,62,1073.25,277.93,58.96,223.99,0.7561,-1,-1,-1
528,2,878.19,199.52,157.12,492.65,0.8258,-1,-1,-1
528,43,998.17,202.87,92.64,449.81,0.5889,-1,-1,-1
528,45,1235.70,46.31,345.48,964.70,0.9093,-1,-1,-1
528,53,222.41,205.08,206.52,589.88,0.8463,-1,-1,-1
528,56,1124.69,258.98,110.38,310.32,0.8397,-1,-1,-1
528,58,427.32,107.30,244.20,681.86,0.8841,-1,-1,-1
528,62,1078.99,277.50,59.42,224.76,0.7222,-1,-1,-1
529,2,877.93,198.62,156.71,490.77,0.8119,-1,-1,-1
529,43,1000.08,202.88,92.74,451.71,0.6234,-1,-1,-1
529,45,1238.54,46.58,342.55,958.14,0.9104,-1,-1,-1
529,53,218.66,204.69,211.39,604.74,0.8253,-1,-1,-1
529,56,1130.06,260.32,110.53,311.47,0.8126,-1,-1,-1
529,58,423.92,104.07,249.83,691.96,0.8815,-1,-1,-1
529,62,1083.63,281.53,59.66,226.01,0.7215,-1,-1,-1
530,2,882.32,197.02,155.52,490.81,0.7797,-1,-1,-1
530,43,1004.47,206.47,92.26,451.90,0.7038,-1,-1,-1
530,45,1246.54,47.65,338.83,945.83,0.9049,-1,-1,-1
530,53,211.68,204.85,218.04,624.24,0.8275,-1,-1,-1
530,56,1134.40,261.18,110.82,313.32,0.8000,-1,-1,-1
530,58,415.64,100.98,258.21,708.67,0.8806,-1,-1,-1
530,62,1090.41,292.57,57.21,214.73,0.6524,-1,-1,-1
531,2,881.01,195.69,155.98,491.20,0.7960,-1,-1,-1
531,43,1008.58,206.62,93.18,456.77,0.7153,-1,-1,-1
531,45,1250.85,47.93,337.77,940.25,0.9107,-1,-1,-1
531,53,205.72,206.69,221.30,634.62,0.8439,-1,-1,-1
531,56,1140.23,263.46,110.08,312.32,0.8074,-1,-1,-1
531,58,408.13,95.08,268.67,734.06,0.8831,-1,-1,-1
531,62,1096.14,293.19,57.52,213.69,0.7247,-1,-1,-1
532,2,886.29,197.15,155.15,487.98,0.8205,-1,-1,-1
532,43,1011.83,203.09,93.87,461.12,0.6439,-1,-1,-1
532,45,1253.69,47.02,340.61,945.99,0.9081,-1,-1,-1
532,53,201.90,209.30,222.41,637.40,0.8573,-1,-1,-1
532,56,1144.08,264.32,110.08,313.56,0.8129,-1,-1,-1
532,58,402.22,91.96,276.66,752.93,0.8872,-1,-1,-1
532,62,1100.49,293.84,58.12,215.31,0.7336,-1,-1,-1
533,2,890.96,199.10,154.58,486.43,0.8351,-1,-1,-1
533,43,1014.59,202.94,93.72,460.97,0.7141,-1,-1,-1
533,45,1257.27,47.32,344.02,952.43,0.9008,-1,-1,-1
533,53,195.72,212.06,224.00,642.46,0.8669,-1,-1,-1
533,56,1148.44,267.68,110.06,314.86,0.8024,-1,-1,-1
533,58,395.72,90.05,282.14,763.29,0.8827,-1,-1,-1
533,62,1103.75,288.02,60.12,222.47,0.6586,-1,-1,-1
534,2,893.72,200.72,156.21,492.92,0.8349,-1,-1,-1
534,43,1015.24,199.61,94.25,464.98,0.6615,-1,-1,-1
534,45,1263.03,45.13,348.41,962.05,0.9035,-1,-1,-1
534,53,187.95,214.78,224.63,644.89,0.8753,-1,-1,-1
534,56,1152.16,269.52,110.13,316.06,0.7684,-1,-1,-1
534,58,389.87,89.17,285.79,767.64,0.8852,-1,-1,-1
534,62,1107.18,287.33,62.10,229.30,0.5998,-1,-1,-1
535,2,895.39,203.59,155.99,492.93,0.8422,-1,-1,-1
535,43,1017.13,199.30,95.25,470.33,0.6857,-1,-1,-1
535,45,1265.42,43.52,352.89,973.47,0.9082,-1,-1,-1
535,53,177.42,211.73,232.04,668.21,0.8801,-1,-1,-1
535,56,1154.41,269.89,110.76,317.11,0.7876,-1,-1,-1
535,58,381.33,86.65,291.04,778.12,0.8757,-1,-1,-1
535,62,1107.25,288.53,62.38,231.24,0.4044,-1,-1,-1
536,2,898.24,204.88,155.96,494.20,0.8320,-1,-1,-1
536,43,1018.50,197.60,94.90,469.56,0.7118,-1,-1,-1
536,45,1267.40,41.88,357.51,983.98,0.9050,-1,-1,-1
536,53,167.28,209.46,236.25,681.10,0.8808,-1,-1,-1
536,56,1155.92,269.73,111.16,317.90,0.8013,-1,-1,-1
536,58,372.17,83.01,299.58,801.41,0.8700,-1,-1,-1
536,62,1109.18,292.62,60.98,226.48,0.3572,-1,-1,-1
537,2,900.84,208.44,155.25,493.37,0.8228,-1,-1,-1
537,43,1019.73,198.30,94.01,465.44,0.6986,-1,-1,-1
537,45,1268.98,40.81,361.40,992.02,0.9050,-1,-1,-1
537,53,154.19,206.38,240.53,693.27,0.8765,-1,-1,-1
537,56,1156.77,269.99,111.32,318.28,0.7664,-1,-1,-1
537,58,361.70,79.26,307.32,824.25,0.8744,-1,-1,-1
537,62,1112.75,286.35,64.29,238.60,0.3736,-1,-1,-1
538,2,903.14,211.56,154.39,491.27,0.8182,-1,-1,-1
538,43,1022.75,199.64,94.04,461.80,0.7037,-1,-1,-1
538,45,1271.84,40.66,365.05,999.08,0.9047,-1,-1,-1
538,53,138.98,200.95,245.11,706.88,0.8730,-1,-1,-1
538,56,1157.98,269.05,111.87,320.55,0.8010,-1,-1,-1
538,58,347.16,70.08,313.31,844.80,0.8846,-1,-1,-1
538,62,1114.61,283.45,65.58,244.25,0.3619,-1,-1,-1
539,2,902.80,212.10,154.12,491.43,0.8160,-1,-1,-1
539,43,1025.28,199.77,93.73,454.50,0.7193,-1,-1,-1
539,45,1273.32,39.92,368.64,1006.41,0.9043,-1,-1,-1
539,53,117.90,192.02,249.82,720.13,0.8693,-1,-1,-1
539,56,1155.94,266.57,112.45,322.86,0.7894,-1,-1,-1
539,58,337.36,57.73,318.81,863.32,0.8803,-1,-1,-1
540,2,903.24,212.60,153.74,490.87,0.8094,-1,-1,-1
540,43,1022.80,198.80,93.45,454.02,0.6248,-1,-1,-1
540,45,1274.89,40.66,371.42,1013.31,0.9040,-1,-1,-1
540,53,98.59,182.70,253.53,734.19,0.8850,-1,-1,-1
540,56,1152.73,266.25,112.14,322.85,0.7977,-1,-1,-1
540,58,324.37,51.64,321.69,874.19,0.8769,-1,-1,-1
541,2,902.88,215.59,151.75,485.56,0.8054,-1,-1,-1
541,43,1021.09,199.53,93.72,454.02,0.7096,-1,-1,-1
541,45,1275.76,47.38,371.98,1013.02,0.9000,-1,-1,-1
541,53,78.79,179.97,256.70,744.44,0.8952,-1,-1,-1
541,56,1143.64,267.70,112.65,322.38,0.7808,-1,-1,-1
541,58,303.10,43.75,325.00,887.37,0.8858,-1,-1,-1
542,2,898.80,213.43,152.15,487.35,0.7967,-1,-1,-1
542,43,1016.56,197.43,93.01,454.76,0.6567,-1,-1,-1
542,45,1276.79,51.42,371.53,1009.54,0.8952,-1,-1,-1
542,53,56.61,170.64,260.03,754.74,0.8871,-1,-1,-1
542,56,1140.79,267.12,112.78,323.45,0.8210,-1,-1,-1
542,58,283.87,35.85,327.77,901.45,0.8866,-1,-1,-1
543,2,894.34,210.58,152.65,488.91,0.8219,-1,-1,-1
543,43,1014.26,195.63,92.07,455.07,0.6310,-1,-1,-1
543,45,1279.39,51.82,370.64,1005.31,0.8989,-1,-1,-1
543,53,32.98,162.02,264.72,768.95,0.8898,-1,-1,-1
543,56,1134.81,265.91,112.30,322.32,0.7960,-1,-1,-1
543,58,261.14,23.55,332.83,917.89,0.8778,-1,-1,-1
543,63,583.81,288.17,71.32,254.67,0.5996,-1,-1,-1
544,2,892.63,206.86,152.13,487.16,0.8171,-1,-1,-1
544,43,1012.58,192.26,92.16,459.10,0.5611,-1,-1,-1
544,45,1280.41,52.40,371.57,1007.04,0.8984,-1,-1,-1
544,53,10.36,155.69,269.14,781.09,0.8870,-1,-1,-1
544,56,1124.89,263.78,114.38,326.15,0.8357,-1,-1,-1
544,58,244.71,13.47,336.45,935.14,0.8982,-1,-1,-1
544,63,581.28,287.26,71.98,256.89,0.6438,-1,-1,-1
545,2,890.82,204.84,151.35,484.44,0.8098,-1,-1,-1
545,43,1010.32,197.81,91.62,459.42,0.6109,-1,-1,-1
545,45,1282.22,53.66,370.59,1003.56,0.9040,-1,-1,-1
545,53,-7.47,148.43,273.15,798.60,0.8815,-1,-1,-1
545,56,1116.65,264.31,116.03,328.06,0.8420,-1,-1,-1
545,58,221.26,5.22,340.70,949.94,0.8899,-1,-1,-1
545,63,578.86,289.40,71.54,255.17,0.6475,-1,-1,-1
546,2,887.94,203.06,151.78,484.21,0.8077,-1,-1,-1
546,43,1011.24,198.78,90.10,449.06,0.4927,-1,-1,-1
546,45,1282.18,54.36,370.28,1001.82,0.9042,-1,-1,-1
546,53,-20.59,142.58,276.11,819.90,0.8869,-1,-1,-1
546,56,1113.08,267.41,115.65,325.75,0.8204,-1,-1,-1
546,58,202.27,3.03,344.24,961.02,0.9040,-1,-1,-1
546,63,574.87,289.03,71.11,253.68,0.6964,-1,-1,-1
547,2,882.54,201.76,152.24,484.61,0.8088,-1,-1,-1
547,43,1009.80,199.42,91.29,448.15,0.6078,-1,-1,-1
547,45,1281.58,53.96,368.37,995.75,0.9079,-1,-1,-1
547,53,-29.96,134.28,275.99,837.34,0.8793,-1,-1,-1
547,56,1110.49,268.21,114.60,324.22,0.7743,-1,-1,-1
547,58,184.09,0.58,347.43,969.81,0.8975,-1,-1,-1
547,63,566.14,289.73,70.75,254.02,0.6272,-1,-1,-1
548,2,877.47,202.18,152.86,485.55,0.8153,-1,-1,-1
548,43,1010.96,201.64,93.72,447.65,0.6326,-1,-1,-1
548,45,1281.79,53.19,364.69,984.27,0.9042,-1,-1,-1
548,53,-35.64,126.56,271.38,844.73,0.8607,-1,-1,-1
548,56,1101.45,269.44,115.12,325.30,0.8084,-1,-1,-1
548,58,165.06,0.35,354.10,986.16,0.8996,-1,-1,-1
548,63,559.40,288.25,71.25,257.72,0.6729,-1,-1,-1
549,2,870.03,202.01,153.63,489.06,0.8359,-1,-1,-1
549,43,1012.09,212.79,95.31,435.68,0.6793,-1,-1,-1
549,45,1281.30,51.23,361.09,973.07,0.9045,-1,-1,-1
549,53,-38.32,125.49,265.96,850.89,0.8491,-1,-1,-1
549,56,1097.04,271.06,114.46,324.19,0.8208,-1,-1,-1
549,58,135.54,-0.76,368.85,1018.43,0.8784,-1,-1,-1
549,63,553.19,290.64,70.19,255.14,0.6634,-1,-1,-1
550,2,866.30,203.14,154.24,491.79,0.8402,-1,-1,-1
550,43,1031.16,255.63,85.76,376.50,0.6143,-1,-1,-1
550,45,1279.35,49.45,360.69,971.71,0.9036,-1,-1,-1
550,53,-46.21,148.70,251.12,835.03,0.8166,-1,-1,-1
550,56,1093.24,272.08,113.29,323.87,0.8088,-1,-1,-1
550,58,103.90,-0.22,383.01,1054.07,0.8849,-1,-1,-1
550,63,547.00,287.52,71.38,259.35,0.6639,-1,-1,-1
551,2,863.23,206.54,152.90,489.07,0.8467,-1,-1,-1
551,43,1036.97,280.16,82.48,347.53,0.6775,-1,-1,-1
551,45,1276.61,48.34,363.39,979.89,0.8995,-1,-1,-1
551,53,-41.49,217.68,224.13,770.73,0.8401,-1,-1,-1
551,56,1090.43,273.69,111.81,322.11,0.7984,-1,-1,-1
551,58,75.92,-0.79,391.39,1073.11,0.8871,-1,-1,-1
551,63,538.02,282.65,72.38,265.61,0.7282,-1,-1,-1
552,2,859.01,210.88,150.83,483.07,0.8403,-1,-1,-1
552,43,1034.26,284.81,85.77,344.87,0.6555,-1,-1,-1
552,45,1274.22,48.48,365.44,987.64,0.8993,-1,-1,-1
552,53,-44.43,234.04,211.70,758.96,0.7941,-1,-1,-1
552,56,1088.19,276.08,110.08,321.05,0.7477,-1,-1,-1
552,58,45.76,0.74,396.02,1076.54,0.9076,-1,-1,-1
552,63,532.57,282.86,72.54,267.05,0.7325,-1,-1,-1
553,2,852.40,214.71,149.84,481.12,0.8146,-1,-1,-1
553,43,1031.19,277.86,91.36,355.29,0.6266,-1,-1,-1
553,45,1273.87,47.71,366.74,995.17,0.8959,-1,-1,-1
553,53,-46.63,235.62,203.61,763.38,0.4720,-1,-1,-1
553,56,1086.91,276.24,107.67,320.16,0.7466,-1,-1,-1
553,58,22.54,0.35,399.79,1074.72,0.9054,-1,-1,-1
553,63,528.46,288.04,71.49,263.39,0.7055,-1,-1,-1
554,2,847.32,219.30,148.43,480.49,0.8401,-1,-1,-1
554,43,1029.68,273.45,95.55,363.61,0.6175,-1,-1,-1
554,45,1269.41,47.38,367.55,1001.98,0.9026,-1,-1,-1
554,56,1086.14,277.33,107.62,325.79,0.6852,-1,-1,-1
554,58,10.70,1.70,401.97,1071.59,0.9109,-1,-1,-1
554,63,524.89,286.91,72.32,267.20,0.7208,-1,-1,-1
554,64,962.10,213.41,93.09,459.41,0.6286,-1,-1,-1
555,2,845.18,221.54,147.25,481.92,0.8488,-1,-1,-1
555,43,1028.10,271.83,99.19,369.25,0.6406,-1,-1,-1
555,45,1264.11,49.47,367.66,1006.57,0.9051,-1,-1,-1
555,56,1084.82,278.68,107.35,333.21,0.4506,-1,-1,-1
555,58,-7.23,1.53,399.75,1070.01,0.8839,-1,-1,-1
555,63,522.28,288.12,72.76,268.33,0.7476,-1,-1,-1
555,64,958.10,214.40,93.79,463.51,0.6516,-1,-1,-1
555,65,1609.65,290.59,71.25,169.48,0.6565,-1,-1,-1
556,2,843.40,222.52,145.96,481.84,0.8436,-1,-1,-1
556,43,1028.83,266.45,103.47,377.21,0.6032,-1,-1,-1
556,45,1260.43,52.38,368.14,1012.58,0.9004,-1,-1,-1
556,58,-21.52,3.47,393.96,1066.07,0.9233,-1,-1,-1
556,63,518.66,289.34,72.93,269.89,0.7281,-1,-1,-1
556,64,958.76,216.16,94.01,464.95,0.7286,-1,-1,-1
556,65,1609.30,291.65,72.05,171.16,0.6454,-1,-1,-1
557,2,840.83,221.38,145.46,483.37,0.8357,-1,-1,-1
557,43,1044.66,264.11,105.10,376.99,0.7519,-1,-1,-1
557,45,1260.36,54.63,366.39,1013.73,0.8958,-1,-1,-1
557,58,-28.75,3.42,389.21,1067.06,0.9184,-1,-1,-1
557,63,515.25,291.71,72.80,269.98,0.7235,-1,-1,-1
557,64,959.70,214.15,93.99,464.88,0.7582,-1,-1,-1
557,65,1607.87,289.46,73.83,175.17,0.5224,-1,-1,-1
558,2,836.80,219.94,146.04,486.83,0.8392,-1,-1,-1
558,43,1051.69,259.50,107.92,384.43,0.7893,-1,-1,-1
558,45,1262.05,56.01,363.95,1015.51,0.8954,-1,-1,-1
558,58,-31.38,3.58,383.93,1067.22,0.8748,-1,-1,-1
558,63,514.02,292.76,72.96,270.79,0.7385,-1,-1,-1
558,64,960.47,215.61,93.34,461.62,0.8014,-1,-1,-1
558,65,1608.68,288.24,74.79,176.68,0.4420,-1,-1,-1
559,2,833.73,220.75,145.71,484.24,0.8350,-1,-1,-1
559,43,1053.47,257.52,110.27,389.14,0.7932,-1,-1,-1
559,45,1266.01,57.09,359.78,1013.88,0.9023,-1,-1,-1
559,58,-24.07,5.35,381.34,1067.57,0.8955,-1,-1,-1
559,63,514.96,290.63,73.90,276.17,0.7439,-1,-1,-1
559,64,960.95,214.42,92.77,456.79,0.7989,-1,-1,-1
559,65,1611.82,290.69,75.46,176.10,0.5060,-1,-1,-1
560,2,830.45,223.74,145.41,478.18,0.8430,-1,-1,-1
560,43,1061.51,262.50,109.27,384.61,0.7204,-1,-1,-1
560,45,1269.38,59.13,354.66,1010.64,0.8923,-1,-1,-1
560,58,-20.82,4.42,378.39,1067.33,0.7996,-1,-1,-1
560,63,516.34,291.48,74.06,277.88,0.7422,-1,-1,-1
560,64,961.64,218.46,91.73,447.81,0.7658,-1,-1,-1
560,65,1614.21,292.42,76.80,175.84,0.6286,-1,-1,-1
561,2,828.29,222.69,146.23,475.69,0.8466,-1,-1,-1
561,43,1077.57,270.19,107.05,374.11,0.7062,-1,-1,-1
561,45,1274.97,57.63,351.57,1011.80,0.8955,-1,-1,-1
561,58,-22.37,5.47,373.80,1065.70,0.8638,-1,-1,-1
561,63,519.99,288.79,74.98,281.02,0.7175,-1,-1,-1
561,64,963.49,217.88,92.55,446.11,0.7842,-1,-1,-1
561,65,1621.33,286.27,81.45,181.44,0.5894,-1,-1,-1
562,2,825.68,220.03,147.26,472.96,0.8435,-1,-1,-1
562,43,1090.87,271.48,108.53,378.01,0.7617,-1,-1,-1
562,45,1278.54,55.88,349.59,1017.00,0.9003,-1,-1,-1
562,58,-21.38,10.22,368.22,1060.07,0.8352,-1,-1,-1
562,63,522.25,289.06,74.72,280.03,0.6948,-1,-1,-1
562,64,963.54,215.30,94.90,450.77,0.7989,-1,-1,-1
562,65,1628.40,285.67,83.60,182.05,0.6895,-1,-1,-1
563,2,824.54,219.19,149.56,474.85,0.8473,-1,-1,-1
563,43,1106.12,272.03,111.12,380.61,0.7906,-1,-1,-1
563,45,1287.04,57.89,347.07,1016.59,0.8957,-1,-1,-1
563,58,-24.92,8.03,363.84,1061.91,0.8743,-1,-1,-1
563,63,524.67,289.22,74.94,281.38,0.7384,-1,-1,-1
563,64,965.30,215.86,96.71,453.02,0.8122,-1,-1,-1
563,65,1640.09,284.00,86.95,184.65,0.5990,-1,-1,-1
564,2,826.06,219.27,152.09,478.58,0.8585,-1,-1,-1
564,43,1123.46,271.38,115.92,385.53,0.7523,-1,-1,-1
564,45,1296.69,54.65,347.48,1020.26,0.8986,-1,-1,-1
564,58,-28.06,6.74,358.99,1064.39,0.8590,-1,-1,-1
564,63,529.72,292.37,74.49,280.50,0.7499,-1,-1,-1
564,64,969.26,214.87,99.33,458.90,0.7958,-1,-1,-1
564,65,1649.86,280.15,90.47,189.61,0.6525,-1,-1,-1
564,56,1061.48,272.28,108.13,343.87,0.5484,-1,-1,-1
565,2,832.73,222.95,152.92,478.28,0.8561,-1,-1,-1
565,43,1145.27,271.23,121.74,389.61,0.7973,-1,-1,-1
565,45,1306.67,53.86,349.75,1024.31,0.9026,-1,-1,-1
565,58,-31.53,9.92,350.56,1059.07,0.7603,-1,-1,-1
565,63,538.31,299.86,73.17,275.31,0.7162,-1,-1,-1
565,64,976.70,216.46,101.41,462.15,0.7981,-1,-1,-1
565,65,1663.32,280.12,94.61,195.14,0.6561,-1,-1,-1
565,56,1071.62,274.27,105.06,340.57,0.6707,-1,-1,-1
566,2,839.30,225.79,153.50,477.79,0.8490,-1,-1,-1
566,43,1161.00,273.61,128.60,393.01,0.7255,-1,-1,-1
566,45,1318.55,53.70,349.60,1018.07,0.8978,-1,-1,-1
566,58,-37.08,9.23,342.96,1060.42,0.7995,-1,-1,-1
566,63,545.11,302.85,72.71,273.64,0.7245,-1,-1,-1
566,64,982.88,216.01,103.15,462.23,0.7561,-1,-1,-1
566,65,1675.49,280.76,95.64,196.08,0.7203,-1,-1,-1
566,56,1080.88,273.63,105.07,341.28,0.6524,-1,-1,-1
567,2,846.34,229.96,154.58,478.77,0.8363,-1,-1,-1
567,43,1174.57,272.11,137.74,398.32,0.7992,-1,-1,-1
567,45,1331.83,53.82,350.54,1010.47,0.9166,-1,-1,-1
567,58,-43.04,6.59,334.55,1063.33,0.7281,-1,-1,-1
567,63,551.21,304.46,72.70,272.97,0.7416,-1,-1,-1
567,64,987.94,220.86,102.41,452.21,0.7652,-1,-1,-1
567,65,1691.82,281.24,95.93,195.04,0.6559,-1,-1,-1
567,56,1088.20,273.31,107.27,348.34,0.7413,-1,-1,-1
568,2,851.50,230.92,155.78,479.71,0.8452,-1,-1,-1
568,43,1178.55,279.11,142.25,395.62,0.8633,-1,-1,-1
568,45,1334.89,54.09,356.83,1014.40,0.9163,-1,-1,-1
568,58,-50.69,11.88,323.34,1063.08,0.3049,-1,-1,-1
568,63,557.61,302.25,73.63,275.25,0.7534,-1,-1,-1
568,64,994.08,224.26,104.07,452.27,0.8195,-1,-1,-1
568,65,1705.34,282.13,97.74,197.42,0.6213,-1,-1,-1
568,56,1094.91,272.19,109.26,352.42,0.7461,-1,-1,-1
569,2,856.05,232.39,156.66,480.47,0.8513,-1,-1,-1
569,43,1181.18,283.37,147.31,395.48,0.8656,-1,-1,-1
569,45,1341.81,54.58,362.33,1016.25,0.9097,-1,-1,-1
569,63,563.93,301.15,74.81,278.15,0.7622,-1,-1,-1
569,64,1001.24,226.43,106.62,458.84,0.8181,-1,-1,-1
569,65,1717.35,284.64,98.95,199.07,0.6673,-1,-1,-1
569,56,1101.80,274.55,109.93,353.73,0.7735,-1,-1,-1
570,2,862.16,239.47,155.59,476.48,0.8607,-1,-1,-1
570,43,1188.07,282.66,153.74,400.85,0.8487,-1,-1,-1
570,45,1347.69,55.69,368.44,1016.07,0.9009,-1,-1,-1
570,63,568.15,297.50,76.47,283.08,0.7628,-1,-1,-1
570,64,1009.39,230.38,107.66,460.60,0.8222,-1,-1,-1
570,65,1730.01,287.67,99.40,199.21,0.6610,-1,-1,-1
570,56,1110.61,275.77,110.67,353.03,0.7815,-1,-1,-1
571,2,868.75,243.98,155.09,474.36,0.8513,-1,-1,-1
571,43,1192.57,281.10,160.94,408.75,0.8297,-1,-1,-1
571,45,1351.12,54.72,374.35,1018.74,0.9150,-1,-1,-1
571,63,571.74,301.67,76.67,282.93,0.7940,-1,-1,-1
571,64,1013.97,232.92,108.56,463.12,0.7977,-1,-1,-1
571,65,1740.99,288.84,100.72,201.20,0.5991,-1,-1,-1
571,56,1115.80,274.42,113.60,356.49,0.8052,-1,-1,-1
572,2,873.92,241.12,155.72,476.00,0.8207,-1,-1,-1
572,43,1204.43,281.75,164.21,410.70,0.8294,-1,-1,-1
572,45,1352.81,53.92,380.61,1021.14,0.9047,-1,-1,-1
572,63,575.88,304.50,76.09,280.66,0.8196,-1,-1,-1
572,64,1018.20,233.70,108.99,462.24,0.7807,-1,-1,-1
572,65,1752.21,289.54,101.60,202.15,0.5636,-1,-1,-1
572,56,1122.90,274.58,116.17,359.59,0.7915,-1,-1,-1
573,2,878.49,239.97,155.56,476.37,0.8283,-1,-1,-1
573,43,1217.30,284.24,165.11,410.70,0.8168,-1,-1,-1
573,45,1358.45,54.65,386.44,1021.14,0.8942,-1,-1,-1
573,63,579.37,307.62,75.65,279.42,0.7774,-1,-1,-1
573,64,1024.22,233.97,108.96,459.50,0.7582,-1,-1,-1
573,65,1762.50,292.10,101.70,201.81,0.6059,-1,-1,-1
573,56,1128.30,275.75,118.12,360.02,0.8219,-1,-1,-1
574,2,884.04,240.12,155.97,476.85,0.8419,-1,-1,-1
574,43,1231.85,284.11,166.05,413.74,0.7738,-1,-1,-1
574,45,1364.51,54.35,391.55,1020.53,0.9082,-1,-1,-1
574,63,583.98,307.00,75.94,280.59,0.7112,-1,-1,-1
574,64,1029.16,236.08,108.98,456.56,0.7595,-1,-1,-1
574,65,1774.88,293.63,103.05,203.75,0.5542,-1,-1,-1
574,56,1132.92,277.91,120.01,361.50,0.8301,-1,-1,-1
575,2,887.57,239.85,155.77,475.51,0.8421,-1,-1,-1
575,43,1244.29,283.65,166.12,417.10,0.7156,-1,-1,-1
575,45,1370.25,56.32,394.32,1016.14,0.9107,-1,-1,-1
575,63,588.08,305.73,76.07,281.57,0.6908,-1,-1,-1
575,64,1032.47,236.43,109.77,458.84,0.7712,-1,-1,-1
575,56,1137.81,278.29,121.82,363.94,0.8404,-1,-1,-1
576,2,890.32,239.38,155.25,473.46,0.8240,-1,-1,-1
576,43,1258.15,282.04,165.47,422.09,0.7407,-1,-1,-1
576,45,1375.48,59.20,396.55,1011.55,0.9127,-1,-1,-1
576,63,591.71,312.18,74.65,276.29,0.7103,-1,-1,-1
576,64,1033.69,236.64,109.67,456.82,0.7833,-1,-1,-1
576,56,1142.94,275.83,124.04,367.94,0.8366,-1,-1,-1
576,65,1792.29,296.06,104.86,205.02,0.5531,-1,-1,-1
577,2,893.04,237.93,154.51,471.23,0.8183,-1,-1,-1
577,43,1277.07,286.38,163.56,424.15,0.7620,-1,-1,-1
577,45,1378.61,60.41,399.52,1009.81,0.9074,-1,-1,-1
577,63,591.60,315.73,74.42,273.56,0.6703,-1,-1,-1
577,64,1032.53,230.08,112.47,468.98,0.7900,-1,-1,-1
577,56,1145.50,274.74,125.88,370.54,0.8281,-1,-1,-1
577,65,1801.03,296.22,104.71,202.30,0.6058,-1,-1,-1
578,2,894.29,237.31,154.33,470.86,0.8285,-1,-1,-1
578,43,1295.57,284.00,161.63,429.93,0.7274,-1,-1,-1
578,45,1384.34,62.57,402.26,1007.48,0.9023,-1,-1,-1
578,63,592.12,315.73,74.94,274.50,0.6975,-1,-1,-1
578,64,1032.16,226.45,113.68,474.60,0.7903,-1,-1,-1
578,56,1145.06,274.55,126.44,372.64,0.8226,-1,-1,-1
578,65,1806.14,298.91,105.64,201.65,0.5935,-1,-1,-1
579,2,892.32,239.37,154.38,471.17,0.8383,-1,-1,-1
579,43,1310.28,284.20,161.19,439.50,0.7858,-1,-1,-1
579,45,1394.68,68.50,401.89,1000.46,0.9034,-1,-1,-1
579,63,589.67,310.24,77.47,285.66,0.7375,-1,-1,-1
579,64,1030.83,230.19,113.51,472.93,0.7845,-1,-1,-1
579,56,1144.82,275.83,127.82,376.21,0.8299,-1,-1,-1
579,65,1808.50,302.83,109.08,206.62,0.6254,-1,-1,-1
580,2,891.89,241.63,153.14,468.63,0.8434,-1,-1,-1
580,43,1318.69,284.61,160.62,447.50,0.7708,-1,-1,-1
580,45,1403.31,71.74,402.40,996.78,0.9024,-1,-1,-1
580,63,586.05,305.87,79.06,293.34,0.6824,-1,-1,-1
580,64,1028.50,233.52,113.28,468.83,0.7730,-1,-1,-1
580,56,1143.59,275.57,128.87,379.36,0.8005,-1,-1,-1
580,65,1811.01,304.50,111.16,210.73,0.6577,-1,-1,-1
581,2,888.63,242.72,152.27,466.50,0.8373,-1,-1,-1
581,43,1329.51,284.15,161.54,453.40,0.7717,-1,-1,-1
581,45,1414.65,70.84,403.02,995.46,0.9015,-1,-1,-1
581,63,583.09,307.35,78.37,293.15,0.7289,-1,-1,-1
581,64,1026.61,234.71,113.28,464.25,0.7765,-1,-1,-1
581,56,1144.70,282.48,126.24,373.49,0.7879,-1,-1,-1
581,65,1814.66,305.56,111.97,214.40,0.6039,-1,-1,-1
582,2,885.62,245.14,151.17,464.98,0.8439,-1,-1,-1
582,43,1340.06,285.58,162.27,453.16,0.8255,-1,-1,-1
582,45,1426.16,71.62,405.23,999.44,0.9084,-1,-1,-1
582,63,580.95,308.11,77.90,293.61,0.7594,-1,-1,-1
582,64,1024.40,234.69,114.08,462.18,0.7830,-1,-1,-1
582,56,1145.55,285.09,124.69,371.24,0.7751,-1,-1,-1
582,65,1820.21,306.20,110.47,215.47,0.5270,-1,-1,-1
583,2,881.34,248.05,151.91,470.10,0.8497,-1,-1,-1
583,43,1345.36,286.58,162.51,452.38,0.8009,-1,-1,-1
583,45,1434.73,72.76,406.48,1000.16,0.9085,-1,-1,-1
583,63,577.56,310.03,77.54,293.45,0.7641,-1,-1,-1
583,64,1021.66,233.48,115.80,463.49,0.7637,-1,-1,-1
583,56,1142.33,282.25,125.47,376.14,0.7812,-1,-1,-1
583,65,1825.72,307.31,108.56,217.32,0.5303,-1,-1,-1
584,2,875.33,249.48,152.79,474.99,0.8481,-1,-1,-1
584,43,1346.24,283.46,164.35,456.38,0.7983,-1,-1,-1
584,45,1443.06,71.41,407.97,1001.62,0.9091,-1,-1,-1
584,63,574.80,306.57,77.55,294.74,0.7627,-1,-1,-1
584,64,1020.29,234.25,117.76,466.55,0.7645,-1,-1,-1
584,56,1141.85,283.89,125.40,377.22,0.7715,-1,-1,-1
584,65,1828.69,308.17,108.00,222.70,0.5697,-1,-1,-1
584,66,1233.20,312.03,61.78,282.96,0.5487,-1,-1,-1
585,2,867.68,251.42,152.41,475.94,0.8627,-1,-1,-1
585,43,1345.80,282.97,163.64,453.96,0.7661,-1,-1,-1
585,45,1449.64,72.19,407.58,998.05,0.9092,-1,-1,-1
585,63,572.03,307.70,76.62,293.24,0.7814,-1,-1,-1
585,64,1015.93,233.83,119.83,469.20,0.7862,-1,-1,-1
585,56,1140.97,284.51,125.57,379.14,0.7748,-1,-1,-1
585,65,1833.00,306.12,106.26,227.12,0.5222,-1,-1,-1
585,66,1232.09,310.74,60.58,277.06,0.4703,-1,-1,-1
586,2,861.97,253.03,151.63,475.14,0.8471,-1,-1,-1
586,43,1346.73,284.11,163.78,453.10,0.7407,-1,-1,-1
586,45,1455.86,71.60,409.02,1000.87,0.9039,-1,-1,-1
586,63,567.19,301.14,77.99,300.84,0.7592,-1,-1,-1
586,64,1013.10,234.52,120.66,469.82,0.8059,-1,-1,-1
586,56,1141.44,284.78,125.61,379.02,0.7452,-1,-1,-1
586,65,1836.16,307.01,103.79,230.03,0.4459,-1,-1,-1
587,2,859.34,253.92,150.40,473.41,0.8499,-1,-1,-1
587,43,1349.16,284.22,166.52,457.84,0.7564,-1,-1,-1
587,45,1460.46,68.63,410.86,1005.95,0.8986,-1,-1,-1
587,63,563.55,303.81,77.09,299.18,0.7180,-1,-1,-1
587,64,1010.60,236.08,120.67,469.16,0.8083,-1,-1,-1
587,56,1141.36,283.69,126.27,381.41,0.7569,-1,-1,-1
587,65,1839.40,309.00,99.62,228.61,0.4824,-1,-1,-1
588,2,856.19,254.63,149.23,472.65,0.8394,-1,-1,-1
588,43,1351.04,284.37,169.17,460.63,0.7545,-1,-1,-1
588,45,1464.32,66.60,410.87,1007.73,0.9020,-1,-1,-1
588,63,557.82,313.22,75.09,291.81,0.7263,-1,-1,-1
588,64,1005.96,238.57,120.51,467.20,0.7911,-1,-1,-1
588,56,1142.29,285.20,126.24,380.84,0.7229,-1,-1,-1
588,65,1842.63,309.39,95.42,226.73,0.5365,-1,-1,-1
589,2,850.83,253.96,148.35,473.84,0.8394,-1,-1,-1
589,43,1353.31,283.76,173.69,466.89,0.7695,-1,-1,-1
589,45,1468.04,64.26,411.76,1011.10,0.9034,-1,-1,-1
589,63,552.75,319.68,73.25,285.75,0.7144,-1,-1,-1
589,64,1001.76,237.95,121.66,469.08,0.8000,-1,-1,-1
589,56,1143.86,284.28,127.93,383.66,0.7717,-1,-1,-1
589,65,1846.51,311.58,90.69,223.30,0.4634,-1,-1,-1
590,2,845.73,252.68,148.00,476.29,0.8382,-1,-1,-1
590,43,1358.64,280.78,177.97,474.82,0.7315,-1,-1,-1
590,45,1469.79,62.87,412.90,1013.48,0.9073,-1,-1,-1
590,63,548.79,318.34,73.54,287.74,0.7126,-1,-1,-1
590,64,992.79,239.36,123.27,468.44,0.8109,-1,-1,-1
590,56,1144.53,284.90,129.95,386.28,0.8114,-1,-1,-1
590,65,1850.07,313.71,86.92,222.26,0.3898,-1,-1,-1
591,2,838.43,250.93,147.66,474.77,0.8402,-1,-1,-1
591,43,1370.22,279.49,178.46,479.56,0.7153,-1,-1,-1
591,45,1471.66,61.54,413.10,1012.51,0.9094,-1,-1,-1
591,63,544.16,318.95,73.78,288.35,0.7381,-1,-1,-1
591,64,989.12,240.61,123.64,466.07,0.8065,-1,-1,-1
591,56,1143.98,282.80,131.88,389.99,0.8228,-1,-1,-1
591,65,1853.71,316.21,82.74,219.85,0.3593,-1,-1,-1
592,2,831.36,250.55,146.72,470.70,0.8341,-1,-1,-1
592,43,1384.17,277.08,176.37,483.44,0.5635,-1,-1,-1
592,45,1472.52,60.19,413.77,1012.20,0.9062,-1,-1,-1
592,63,540.47,311.39,76.49,298.47,0.7282,-1,-1,-1
592,64,986.65,240.06,124.80,468.36,0.8135,-1,-1,-1
592,56,1143.33,279.64,133.43,394.09,0.8065,-1,-1,-1
592,65,1859.76,330.93,73.46,201.59,0.3207,-1,-1,-1
593,2,826.42,250.18,145.79,466.65,0.8350,-1,-1,-1
593,43,1403.01,299.84,165.73,461.03,0.4430,-1,-1,-1
593,45,1471.96,60.22,415.05,1012.44,0.8956,-1,-1,-1
593,63,537.82,306.94,78.40,305.83,0.7113,-1,-1,-1
593,64,984.84,239.45,125.58,470.73,0.8159,-1,-1,-1
593,56,1143.23,280.28,134.22,396.40,0.8259,-1,-1,-1
594,2,820.60,250.60,146.20,464.06,0.8364,-1,-1,-1
594,45,1473.49,61.23,415.69,1013.61,0.8955,-1,-1,-1
594,63,533.71,309.70,77.61,303.90,0.7298,-1,-1,-1
594,64,982.60,240.88,125.92,472.05,0.8132,-1,-1,-1
594,56,1144.71,281.55,134.23,397.51,0.8041,-1,-1,-1
594,67,1108.72,317.96,53.36,243.90,0.6118,-1,-1,-1
595,2,814.91,250.49,147.47,464.07,0.8524,-1,-1,-1
595,45,1479.52,62.46,414.67,1011.90,0.9089,-1,-1,-1
595,63,531.44,307.89,79.39,309.96,0.7637,-1,-1,-1
595,64,982.04,242.78,125.99,472.28,0.8039,-1,-1,-1
595,56,1146.09,281.97,134.24,398.87,0.7975,-1,-1,-1
595,67,1108.01,314.95,54.20,247.41,0.6605,-1,-1,-1
596,2,810.43,250.72,149.06,464.18,0.8478,-1,-1,-1
596,45,1482.92,60.50,414.24,1014.19,0.9161,-1,-1,-1
596,63,530.00,309.11,79.91,311.07,0.7562,-1,-1,-1
596,64,980.60,243.41,127.01,472.94,0.8123,-1,-1,-1
596,56,1146.62,278.94,135.21,403.04,0.7774,-1,-1,-1
596,67,1107.98,312.43,54.99,250.48,0.5392,-1,-1,-1
597,2,806.63,248.93,151.17,467.07,0.8448,-1,-1,-1
597,45,1487.84,56.20,413.53,1018.56,0.9159,-1,-1,-1
597,63,529.06,306.76,80.14,313.11,0.7631,-1,-1,-1
597,64,980.61,243.84,128.27,473.74,0.8106,-1,-1,-1
597,56,1151.89,277.02,136.02,404.69,0.7707,-1,-1,-1
597,67,1108.10,313.19,55.24,250.62,0.5782,-1,-1,-1
598,2,804.76,250.62,153.95,472.60,0.8462,-1,-1,-1
598,45,1494.20,56.74,409.94,1017.22,0.9145,-1,-1,-1
598,63,528.07,305.28,80.64,316.98,0.7487,-1,-1,-1
598,64,982.91,248.18,130.70,479.52,0.8237,-1,-1,-1
598,56,1156.44,280.77,137.20,404.10,0.8048,-1,-1,-1
598,67,1110.63,316.14,54.39,245.40,0.4598,-1,-1,-1
599,2,804.45,253.30,155.39,473.91,0.8503,-1,-1,-1
599,45,1498.13,57.62,407.76,1018.00,0.9196,-1,-1,-1
599,63,530.28,309.32,81.28,318.13,0.7503,-1,-1,-1
599,64,987.21,250.96,131.32,479.55,0.8189,-1,-1,-1
599,56,1160.54,283.49,138.70,403.86,0.8041,-1,-1,-1
599,67,1110.58,316.35,55.50,248.94,0.3663,-1,-1,-1
600,2,806.23,255.61,156.30,475.12,0.8403,-1,-1,-1
600,45,1502.49,55.91,407.55,1021.82,0.9233,-1,-1,-1
600,63,534.00,310.82,82.09,319.21,0.7338,-1,-1,-1
600,64,991.64,251.39,132.43,482.82,0.8009,-1,-1,-1
600,56,1166.28,286.86,139.50,402.19,0.8259,-1,-1,-1
601,2,807.82,258.46,156.76,476.63,0.8457,-1,-1,-1
601,45,1507.59,55.71,407.54,1022.89,0.9238,-1,-1,-1
601,63,535.96,312.68,82.26,319.42,0.7296,-1,-1,-1
601,64,994.74,251.61,132.61,483.25,0.7934,-1,-1,-1
601,56,1171.11,283.83,142.28,406.60,0.7892,-1,-1,-1
602,2,812.23,262.52,157.03,477.42,0.8391,-1,-1,-1
602,45,1511.56,57.03,406.62,1019.51,0.9215,-1,-1,-1
602,63,539.47,316.71,81.98,317.40,0.7174,-1,-1,-1
602,64,996.00,251.87,133.46,485.40,0.7933,-1,-1,-1
602,56,1181.32,281.88,143.77,412.03,0.7390,-1,-1,-1
602,67,1123.65,328.49,55.48,244.94,0.5203,-1,-1,-1
603,2,818.78,268.07,156.00,475.67,0.8150,-1,-1,-1
603,45,1515.94,59.69,405.34,1016.71,0.9261,-1,-1,-1
603,63,542.20,324.74,81.29,314.48,0.7381,-1,-1,-1
603,64,1000.72,255.37,132.03,481.97,0.7888,-1,-1,-1
603,56,1190.35,284.01,145.75,418.36,0.7155,-1,-1,-1
603,67,1129.41,342.36,53.89,233.37,0.5775,-1,-1,-1
604,2,824.47,273.81,154.64,471.52,0.8230,-1,-1,-1
604,45,1520.01,61.87,403.80,1014.52,0.9279,-1,-1,-1
604,63,548.73,331.48,81.16,312.65,0.7054,-1,-1,-1
604,64,1006.16,259.80,130.58,478.73,0.8131,-1,-1,-1
604,56,1200.18,286.82,146.39,420.81,0.7598,-1,-1,-1
604,67,1135.25,347.98,54.27,231.82,0.6593,-1,-1,-1
605,2,832.28,276.29,154.38,470.91,0.8311,-1,-1,-1
605,45,1521.79,61.82,403.44,1015.75,0.9181,-1,-1,-1
605,63,552.30,334.19,81.21,313.41,0.7402,-1,-1,-1
605,64,1011.79,259.89,128.86,472.87,0.8095,-1,-1,-1
605,56,1207.92,288.52,146.70,422.06,0.7430,-1,-1,-1
605,67,1140.09,351.04,55.29,232.02,0.6530,-1,-1,-1
606,2,840.23,277.75,154.78,473.09,0.8153,-1,-1,-1
606,45,1526.99,62.91,400.64,1012.60,0.9223,-1,-1,-1
606,63,556.52,330.63,82.16,318.81,0.7156,-1,-1,-1
606,64,1015.45,260.42,127.98,469.94,0.7926,-1,-1,-1
606,56,1219.45,289.67,147.55,425.06,0.6469,-1,-1,-1
606,67,1145.95,353.07,56.55,233.13,0.6469,-1,-1,-1
606,66,1211.07,321.98,65.62,289.02,0.5179,-1,-1,-1
607,2,847.84,279.50,153.69,471.71,0.8366,-1,-1,-1
607,45,1532.81,64.87,396.98,1008.49,0.9140,-1,-1,-1
607,63,564.30,328.16,83.38,322.89,0.8038,-1,-1,-1
607,64,1023.07,261.96,126.89,468.84,0.8070,-1,-1,-1
607,56,1231.43,291.30,146.70,424.95,0.6693,-1,-1,-1
607,67,1152.29,344.90,59.26,242.03,0.6656,-1,-1,-1
607,66,1211.60,325.41,76.74,345.10,0.4792,-1,-1,-1
608,2,853.23,278.81,152.44,467.48,0.8296,-1,-1,-1
608,45,1539.79,66.75,392.48,1003.70,0.9175,-1,-1,-1
608,63,569.71,329.42,83.17,322.13,0.7612,-1,-1,-1
608,64,1032.75,263.85,125.86,464.55,0.7965,-1,-1,-1
608,56,1242.87,291.51,148.26,429.32,0.5396,-1,-1,-1
608,67,1159.02,345.77,59.97,241.61,0.7177,-1,-1,-1
608,66,1222.04,319.63,79.17,343.50,0.5470,-1,-1,-1
609,2,858.93,277.59,151.45,465.77,0.8196,-1,-1,-1
609,45,1546.11,69.03,388.60,1001.94,0.9201,-1,-1,-1
609,63,574.34,331.01,83.54,323.19,0.7838,-1,-1,-1
609,64,1039.21,262.42,127.64,468.52,0.8252,-1,-1,-1
609,56,1252.49,287.25,149.47,436.44,0.7260,-1,-1,-1
609,67,1165.70,349.03,61.13,241.95,0.6235,-1,-1,-1
609,66,1232.72,325.06,75.97,319.14,0.5664,-1,-1,-1
610,2,866.54,277.99,149.89,463.49,0.8262,-1,-1,-1
610,45,1551.89,71.88,384.63,1000.91,0.9221,-1,-1,-1
610,63,579.86,329.88,84.93,326.79,0.7515,-1,-1,-1
610,64,1043.73,264.02,128.85,471.41,0.8224,-1,-1,-1
610,56,1267.26,286.65,148.68,435.77,0.7582,-1,-1,-1
610,67,1170.59,349.88,61.78,240.76,0.5562,-1,-1,-1
610,66,1239.79,327.26,76.68,315.53,0.6002,-1,-1,-1
611,2,871.29,278.19,149.45,463.77,0.8168,-1,-1,-1
611,45,1559.55,70.49,381.15,1004.25,0.9176,-1,-1,-1
611,63,583.39,331.09,84.80,326.67,0.7412,-1,-1,-1
611,64,1045.30,267.43,129.09,470.22,0.7849,-1,-1,-1
611,56,1276.40,288.64,148.42,439.14,0.6792,-1,-1,-1
611,67,1172.09,348.33,62.93,241.78,0.6941,-1,-1,-1
611,66,1245.70,332.15,76.29,309.12,0.5944,-1,-1,-1
612,2,875.71,280.80,147.55,459.72,0.8333,-1,-1,-1
612,45,1569.99,74.10,375.15,1003.84,0.9152,-1,-1,-1
612,63,585.10,333.87,83.37,323.29,0.7757,-1,-1,-1
612,64,1041.44,272.91,130.81,470.83,0.8124,-1,-1,-1
612,56,1286.00,291.12,145.70,432.65,0.6943,-1,-1,-1
612,67,1175.21,348.15,64.57,245.58,0.6504,-1,-1,-1
612,66,1247.98,338.39,75.34,301.83,0.6030,-1,-1,-1
613,2,877.85,282.61,147.44,459.97,0.8367,-1,-1,-1
613,45,1580.32,77.15,366.95,997.93,0.9119,-1,-1,-1
613,63,586.28,334.01,83.07,323.67,0.7656,-1,-1,-1
613,64,1040.23,275.76,134.03,475.62,0.8458,-1,-1,-1
613,56,1293.27,294.78,146.20,438.21,0.6176,-1,-1,-1
613,67,1179.57,352.80,63.96,240.29,0.6580,-1,-1,-1
613,66,1249.55,336.38,78.26,310.12,0.5563,-1,-1,-1
614,2,881.42,286.27,148.06,463.48,0.8327,-1,-1,-1
614,45,1590.11,79.71,359.71,996.30,0.9143,-1,-1,-1
614,63,586.64,335.20,83.08,325.42,0.7685,-1,-1,-1
614,64,1041.77,277.57,137.22,478.80,0.8503,-1,-1,-1
614,56,1300.76,297.14,146.97,445.79,0.6624,-1,-1,-1
614,67,1183.38,358.38,64.15,239.99,0.6001,-1,-1,-1
614,66,1257.35,326.49,84.48,332.68,0.4746,-1,-1,-1
615,2,885.37,288.44,148.32,465.08,0.8359,-1,-1,-1
615,45,1601.80,81.52,351.42,993.73,0.9026,-1,-1,-1
615,63,589.03,342.37,82.29,322.68,0.7328,-1,-1,-1
615,64,1041.61,279.54,139.19,478.84,0.8322,-1,-1,-1
615,56,1306.62,295.53,146.64,453.95,0.7263,-1,-1,-1
615,67,1185.26,360.03,64.92,241.71,0.6270,-1,-1,-1
615,66,1265.18,323.44,88.21,345.66,0.5934,-1,-1,-1
616,2,887.51,293.30,147.97,462.88,0.8300,-1,-1,-1
616,45,1609.82,81.80,344.46,994.86,0.8897,-1,-1,-1
616,63,597.79,344.82,84.40,322.02,0.7143,-1,-1,-1
616,64,1043.67,282.54,141.76,479.08,0.8242,-1,-1,-1
616,56,1313.19,298.79,145.12,457.37,0.7241,-1,-1,-1
616,67,1188.52,362.20,64.31,239.04,0.5724,-1,-1,-1
616,66,1269.79,321.78,90.34,354.02,0.6118,-1,-1,-1
617,2,887.59,295.05,149.40,466.45,0.8439,-1,-1,-1
617,45,1621.84,90.13,333.85,986.40,0.8846,-1,-1,-1
617,63,595.55,342.70,86.52,327.78,0.7334,-1,-1,-1
617,64,1043.35,285.51,144.42,479.39,0.8452,-1,-1,-1
617,56,1317.98,299.77,143.98,462.21,0.7321,-1,-1,-1
617,67,1189.95,368.65,63.47,235.14,0.6002,-1,-1,-1
617,66,1272.65,323.02,92.24,361.91,0.5930,-1,-1,-1
618,2,887.93,298.07,150.17,468.67,0.8354,-1,-1,-1
618,45,1632.00,98.97,323.38,977.38,0.8813,-1,-1,-1
618,63,590.31,337.14,87.97,335.82,0.7858,-1,-1,-1
618,64,1043.80,287.97,147.73,481.26,0.8496,-1,-1,-1
618,56,1320.49,300.66,142.81,465.61,0.7380,-1,-1,-1
618,67,1190.52,371.49,64.78,240.09,0.5614,-1,-1,-1
618,66,1274.44,326.19,93.37,366.04,0.5692,-1,-1,-1
619,2,885.30,301.04,149.49,467.25,0.8365,-1,-1,-1
619,45,1637.82,104.98,314.62,970.65,0.8953,-1,-1,-1
619,63,586.42,336.84,87.76,337.93,0.7601,-1,-1,-1
619,64,1041.26,289.70,150.52,482.75,0.8100,-1,-1,-1
619,56,1325.17,302.33,142.17,466.87,0.7373,-1,-1,-1
619,67,1189.41,370.04,66.35,245.81,0.5265,-1,-1,-1
619,66,1276.58,327.93,95.20,371.69,0.5996,-1,-1,-1
620,2,880.27,303.50,148.02,465.51,0.8234,-1,-1,-1
620,45,1647.80,111.50,305.49,964.29,0.8854,-1,-1,-1
620,63,581.84,338.46,88.25,341.43,0.6972,-1,-1,-1
620,64,1040.51,289.65,152.76,482.44,0.7866,-1,-1,-1
620,56,1325.61,302.76,141.07,469.14,0.7530,-1,-1,-1
620,67,1187.76,373.17,64.30,237.54,0.5809,-1,-1,-1
620,66,1273.11,328.82,97.49,378.10,0.6077,-1,-1,-1
621,2,873.89,303.20,145.95,462.48,0.8241,-1,-1,-1
621,45,1655.87,120.13,295.99,955.63,0.8791,-1,-1,-1
621,63,577.49,337.23,88.44,345.20,0.7250,-1,-1,-1
621,64,1034.34,288.91,153.12,481.69,0.6813,-1,-1,-1
621,56,1325.52,304.59,138.76,466.71,0.7443,-1,-1,-1
621,67,1187.05,376.15,62.53,229.36,0.5060,-1,-1,-1
621,66,1271.79,329.95,99.21,381.55,0.6261,-1,-1,-1
622,2,871.70,303.43,146.19,461.57,0.8024,-1,-1,-1
622,45,1660.56,121.20,289.57,954.71,0.8936,-1,-1,-1
622,63,573.21,341.56,86.65,341.59,0.7757,-1,-1,-1
622,64,1025.90,288.36,151.50,479.91,0.7514,-1,-1,-1
622,56,1325.23,304.63,138.72,472.25,0.6598,-1,-1,-1
622,67,1190.15,378.73,55.96,201.51,0.3883,-1,-1,-1
622,66,1267.07,329.52,102.25,389.64,0.5654,-1,-1,-1
623,2,865.00,303.30,146.65,463.30,0.7995,-1,-1,-1
623,45,1665.46,121.13,283.81,955.63,0.8980,-1,-1,-1
623,63,570.28,340.85,87.25,344.11,0.7378,-1,-1,-1
623,64,1018.34,288.66,150.71,479.65,0.7784,-1,-1,-1
623,56,1325.26,306.48,138.28,475.19,0.6551,-1,-1,-1
623,67,1188.67,381.56,54.27,191.73,0.3111,-1,-1,-1
623,66,1262.62,330.67,104.46,394.03,0.5238,-1,-1,-1
623,68,1121.43,328.73,96.09,371.18,0.7149,-1,-1,-1
624,2,860.09,304.77,147.04,460.65,0.8459,-1,-1,-1
624,45,1669.82,117.74,278.76,958.52,0.8972,-1,-1,-1
624,63,566.28,340.72,86.91,343.24,0.7640,-1,-1,-1
624,64,1012.73,288.67,148.95,477.45,0.8126,-1,-1,-1
624,56,1324.21,308.48,136.34,473.14,0.7068,-1,-1,-1
624,66,1259.10,330.77,106.16,399.84,0.6011,-1,-1,-1
624,68,1119.07,331.98,98.57,381.03,0.6834,-1,-1,-1
625,2,856.31,304.98,146.78,456.83,0.8464,-1,-1,-1
625,45,1673.69,114.39,273.78,960.83,0.9030,-1,-1,-1
625,63,560.20,342.13,86.94,343.92,0.7328,-1,-1,-1
625,64,1006.47,285.75,146.79,474.40,0.7937,-1,-1,-1
625,56,1323.69,306.55,135.40,476.15,0.7265,-1,-1,-1
625,66,1251.23,331.71,108.16,404.24,0.6451,-1,-1,-1
625,68,1113.80,334.08,101.76,394.32,0.7389,-1,-1,-1
626,2,851.58,304.26,147.05,456.16,0.8216,-1,-1,-1
626,45,1678.38,116.25,267.70,958.24,0.9061,-1,-1,-1
626,63,552.97,344.69,86.60,344.50,0.7145,-1,-1,-1
626,64,1000.72,286.36,145.70,474.66,0.7881,-1,-1,-1
626,56,1322.54,305.65,134.59,478.15,0.7759,-1,-1,-1
626,66,1247.11,332.15,109.77,407.43,0.6936,-1,-1,-1
626,68,1107.31,335.30,102.30,397.37,0.7471,-1,-1,-1
627,2,845.67,302.68,148.43,457.63,0.8351,-1,-1,-1
627,45,1682.25,118.65,261.80,954.63,0.9040,-1,-1,-1
627,63,545.81,343.55,87.40,349.70,0.7490,-1,-1,-1
627,64,993.87,281.00,146.58,480.47,0.7866,-1,-1,-1
627,56,1321.85,305.18,133.55,478.72,0.7618,-1,-1,-1
627,66,1241.35,331.41,111.35,411.09,0.6721,-1,-1,-1
627,68,1102.66,335.01,102.51,400.18,0.7330,-1,-1,-1
628,2,837.16,301.74,150.00,457.22,0.8426,-1,-1,-1
628,45,1683.18,116.89,257.81,955.16,0.9048,-1,-1,-1
628,63,539.37,339.69,87.79,354.24,0.7773,-1,-1,-1
628,64,990.75,279.88,146.74,479.01,0.7588,-1,-1,-1
628,56,1320.54,303.21,132.84,480.45,0.7794,-1,-1,-1
628,66,1238.12,331.07,111.81,412.82,0.6840,-1,-1,-1
628,68,1098.00,331.38,104.76,409.97,0.7134,-1,-1,-1
629,2,833.37,300.94,151.44,456.83,0.8504,-1,-1,-1
629,45,1674.76,113.81,256.91,956.96,0.8827,-1,-1,-1
629,63,537.24,341.79,88.03,353.80,0.6969,-1,-1,-1
629,64,979.52,282.22,144.33,476.42,0.7741,-1,-1,-1
629,56,1319.41,301.71,132.11,481.95,0.7740,-1,-1,-1
629,66,1234.20,330.43,112.60,417.03,0.6712,-1,-1,-1
629,68,1092.84,328.79,106.93,417.83,0.7529,-1,-1,-1
630,2,830.04,302.36,151.80,454.35,0.8434,-1,-1,-1
630,45,1652.01,115.55,260.38,955.41,0.8888,-1,-1,-1
630,63,531.03,340.33,89.01,358.59,0.7633,-1,-1,-1
630,64,970.81,281.27,142.91,475.93,0.8153,-1,-1,-1
630,56,1318.58,301.12,131.45,483.77,0.7800,-1,-1,-1
630,66,1235.32,328.11,112.33,420.98,0.6422,-1,-1,-1
630,68,1089.37,326.82,108.66,422.51,0.7896,-1,-1,-1
631,2,826.85,303.72,153.01,454.42,0.8504,-1,-1,-1
631,45,1668.36,112.03,258.05,959.04,0.8920,-1,-1,-1
631,63,526.12,343.77,87.54,354.08,0.7333,-1,-1,-1
631,64,966.31,281.02,141.40,474.92,0.8284,-1,-1,-1
631,56,1319.16,301.30,130.47,483.88,0.7568,-1,-1,-1
631,66,1234.08,329.24,112.27,422.53,0.6410,-1,-1,-1
631,68,1088.97,326.61,110.14,423.70,0.8123,-1,-1,-1
632,2,822.22,305.53,154.65,455.41,0.8557,-1,-1,-1
632,45,1678.44,109.65,255.00,962.23,0.9015,-1,-1,-1
632,63,522.67,345.03,87.12,354.32,0.7611,-1,-1,-1
632,64,963.79,281.06,139.84,474.52,0.7854,-1,-1,-1
632,56,1322.08,302.50,130.07,484.33,0.7626,-1,-1,-1
632,66,1234.99,327.36,112.90,426.42,0.6624,-1,-1,-1
632,68,1088.36,325.99,111.84,425.88,0.8182,-1,-1,-1
633,2,819.58,307.80,156.17,456.02,0.8613,-1,-1,-1
633,45,1686.96,104.00,251.88,968.37,0.9040,-1,-1,-1
633,63,520.79,342.96,87.85,358.60,0.7708,-1,-1,-1
633,64,963.92,281.57,139.08,476.64,0.7670,-1,-1,-1
633,56,1324.13,301.19,129.92,486.57,0.7734,-1,-1,-1
633,66,1236.08,323.65,113.35,428.99,0.6770,-1,-1,-1
633,68,1089.59,326.04,113.25,429.04,0.8143,-1,-1,-1
634,2,817.90,309.53,157.76,457.05,0.8617,-1,-1,-1
634,45,1694.68,94.01,248.94,978.74,0.9050,-1,-1,-1
634,63,520.01,346.62,88.02,359.55,0.7821,-1,-1,-1
634,64,964.12,282.21,137.52,474.57,0.7812,-1,-1,-1
634,56,1328.20,303.15,129.54,487.80,0.7412,-1,-1,-1
634,66,1237.32,321.60,114.45,432.16,0.6783,-1,-1,-1
634,68,1093.14,327.25,114.62,431.85,0.8318,-1,-1,-1
635,2,817.41,310.63,159.75,459.11,0.8565,-1,-1,-1
635,45,1699.39,89.91,243.94,979.22,0.8871,-1,-1,-1
635,63,519.20,349.34,88.24,361.08,0.7916,-1,-1,-1
635,64,967.51,283.03,137.05,478.39,0.7796,-1,-1,-1
635,56,1332.28,300.94,129.99,491.52,0.6899,-1,-1,-1
635,66,1242.11,320.70,114.16,432.35,0.5885,-1,-1,-1
635,68,1097.23,325.65,116.78,437.39,0.8293,-1,-1,-1
636,2,818.37,313.11,160.76,457.88,0.8367,-1,-1,-1
636,45,1700.07,86.43,241.25,985.79,0.8776,-1,-1,-1
636,63,518.04,353.01,88.44,363.19,0.7790,-1,-1,-1
636,64,973.06,284.22,137.10,483.40,0.7954,-1,-1,-1
636,56,1338.22,302.05,130.37,492.83,0.7265,-1,-1,-1
636,66,1245.89,317.39,115.05,436.38,0.6000,-1,-1,-1
636,68,1101.29,326.49,118.14,440.92,0.8234,-1,-1,-1
637,2,822.78,317.39,159.24,449.67,0.8471,-1,-1,-1
637,45,1702.15,86.01,237.25,985.60,0.8706,-1,-1,-1
637,63,518.50,357.78,88.33,362.19,0.7448,-1,-1,-1
637,64,978.31,290.89,135.35,484.14,0.7990,-1,-1,-1
637,56,1341.82,303.58,131.25,496.47,0.7880,-1,-1,-1
637,66,1250.21,318.30,113.96,432.00,0.6421,-1,-1,-1
637,68,1103.03,326.57,118.58,442.51,0.8152,-1,-1,-1
638,2,828.59,318.63,158.10,445.31,0.8644,-1,-1,-1
638,45,1700.55,85.40,234.49,986.12,0.8831,-1,-1,-1
638,63,517.92,354.78,89.62,367.07,0.7296,-1,-1,-1
638,64,981.15,293.90,132.97,481.46,0.8013,-1,-1,-1
638,56,1344.78,304.31,131.61,498.79,0.7827,-1,-1,-1
638,66,1253.14,316.29,114.02,433.94,0.6176,-1,-1,-1
638,68,1106.39,329.65,118.55,439.63,0.8118,-1,-1,-1
639,2,832.76,319.40,159.03,449.50,0.8582,-1,-1,-1
639,45,1699.35,84.19,232.84,988.99,0.8780,-1,-1,-1
639,63,519.68,362.89,88.79,361.24,0.7410,-1,-1,-1
639,64,983.64,298.47,130.05,477.51,0.7983,-1,-1,-1
639,56,1351.15,304.64,131.76,500.51,0.7294,-1,-1,-1
639,66,1256.38,314.59,116.97,444.13,0.6933,-1,-1,-1
639,68,1111.60,331.24,119.82,439.48,0.8286,-1,-1,-1
640,2,837.57,319.22,158.71,450.36,0.8471,-1,-1,-1
640,45,1696.62,79.00,232.35,994.64,0.8778,-1,-1,-1
640,63,520.12,365.97,89.24,361.89,0.7258,-1,-1,-1
640,64,988.41,301.24,128.20,476.66,0.7988,-1,-1,-1
640,56,1357.72,301.31,133.32,509.46,0.7234,-1,-1,-1
640,66,1258.41,315.37,120.11,454.71,0.7230,-1,-1,-1
640,68,1115.83,331.57,122.06,441.35,0.8086,-1,-1,-1
641,2,843.47,320.28,157.42,448.29,0.8314,-1,-1,-1
641,45,1695.98,79.67,230.46,992.12,0.8735,-1,-1,-1
641,63,520.74,362.05,91.03,367.98,0.7316,-1,-1,-1
641,64,993.69,304.76,125.34,471.26,0.7950,-1,-1,-1
641,56,1365.26,300.44,132.43,507.99,0.7789,-1,-1,-1
641,66,1260.11,312.64,122.61,461.88,0.7415,-1,-1,-1
641,68,1122.24,330.24,124.98,443.98,0.7948,-1,-1,-1
642,2,849.27,321.33,157.25,448.58,0.8222,-1,-1,-1
642,45,1695.59,85.72,228.32,986.20,0.8823,-1,-1,-1
642,63,528.82,360.63,93.82,372.59,0.7056,-1,-1,-1
642,64,998.63,307.77,124.58,471.31,0.7902,-1,-1,-1
642,56,1373.32,302.27,132.75,511.04,0.7978,-1,-1,-1
642,66,1265.51,314.92,124.93,468.94,0.7778,-1,-1,-1
642,68,1129.01,330.57,128.02,446.98,0.7790,-1,-1,-1
643,2,854.32,321.79,156.13,445.92,0.8647,-1,-1,-1
643,45,1692.98,90.05,227.06,979.22,0.8824,-1,-1,-1
643,63,530.40,361.91,95.06,373.89,0.7174,-1,-1,-1
643,64,1000.99,308.91,125.79,478.90,0.8074,-1,-1,-1
643,56,1379.56,303.18,133.49,514.09,0.7876,-1,-1,-1
643,66,1273.21,315.62,126.07,473.55,0.6705,-1,-1,-1
643,68,1132.40,328.57,132.34,455.77,0.8044,-1,-1,-1
644,2,859.55,322.59,156.52,448.13,0.8759,-1,-1,-1
644,45,1690.46,96.12,227.04,976.62,0.8598,-1,-1,-1
644,63,530.77,362.69,96.74,378.05,0.7460,-1,-1,-1
644,64,1003.29,309.05,125.77,483.49,0.7890,-1,-1,-1
644,56,1387.93,300.69,135.45,521.87,0.8012,-1,-1,-1
644,66,1281.28,318.13,126.12,475.79,0.6626,-1,-1,-1
644,68,1137.81,324.05,137.11,466.86,0.8334,-1,-1,-1
645,2,865.05,323.83,156.84,449.95,0.8721,-1,-1,-1
645,45,1698.63,200.56,207.75,874.42,0.8212,-1,-1,-1
645,63,533.06,364.15,97.14,378.26,0.7623,-1,-1,-1
645,64,1006.05,309.89,126.04,487.04,0.7787,-1,-1,-1
645,56,1394.07,297.91,136.62,525.65,0.7465,-1,-1,-1
645,66,1289.89,314.22,126.48,481.48,0.6762,-1,-1,-1
645,68,1140.86,320.43,141.45,477.02,0.8499,-1,-1,-1
646,2,869.33,324.85,157.43,454.12,0.8633,-1,-1,-1
646,45,1703.69,243.83,198.86,819.89,0.8089,-1,-1,-1
646,63,533.54,363.95,98.08,380.96,0.7652,-1,-1,-1
646,64,1007.10,309.36,126.32,487.26,0.8056,-1,-1,-1
646,56,1401.15,295.49,136.82,528.88,0.7537,-1,-1,-1
646,66,1295.82,312.57,127.44,486.19,0.7240,-1,-1,-1
646,68,1142.38,318.33,144.77,482.63,0.8513,-1,-1,-1
647,2,872.65,325.93,157.51,456.04,0.8578,-1,-1,-1
647,45,1703.75,270.72,197.34,796.97,0.8295,-1,-1,-1
647,63,534.45,363.44,98.87,383.27,0.7413,-1,-1,-1
647,64,1013.47,308.90,125.88,486.28,0.7980,-1,-1,-1
647,56,1406.95,292.65,138.25,538.11,0.7698,-1,-1,-1
647,66,1303.09,308.74,128.31,493.10,0.6981,-1,-1,-1
647,68,1144.63,319.49,147.92,486.67,0.8493,-1,-1,-1
648,2,875.60,329.07,155.52,452.91,0.8507,-1,-1,-1
648,45,1704.25,284.24,198.19,786.69,0.8619,-1,-1,-1
648,63,534.03,361.63,99.86,387.18,0.7391,-1,-1,-1
648,64,1017.44,308.77,124.85,485.08,0.7957,-1,-1,-1
648,56,1412.96,294.10,138.10,540.09,0.7605,-1,-1,-1
648,66,1306.32,308.34,129.54,498.59,0.7375,-1,-1,-1
648,68,1145.93,317.48,151.62,491.82,0.8569,-1,-1,-1
649,2,877.41,331.96,154.00,450.71,0.8451,-1,-1,-1
649,45,1707.28,292.22,198.32,776.98,0.8483,-1,-1,-1
649,63,534.55,361.28,100.41,388.93,0.7397,-1,-1,-1
649,64,1019.44,309.13,123.29,480.97,0.8046,-1,-1,-1
649,56,1420.20,294.01,137.86,541.19,0.7933,-1,-1,-1
649,66,1308.30,307.25,129.96,498.70,0.7514,-1,-1,-1
649,68,1147.50,322.43,154.26,491.79,0.8707,-1,-1,-1
650,2,879.07,335.09,153.98,450.57,0.8350,-1,-1,-1
650,45,1711.80,294.38,198.68,773.15,0.8023,-1,-1,-1
650,63,535.41,361.18,101.36,390.71,0.7371,-1,-1,-1
650,64,1023.43,308.79,121.59,477.50,0.8102,-1,-1,-1
650,56,1426.52,293.50,138.49,543.94,0.8083,-1,-1,-1
650,66,1309.34,306.20,131.49,501.38,0.7610,-1,-1,-1
650,68,1146.66,318.96,160.42,503.95,0.8690,-1,-1,-1
651,2,881.53,335.54,154.03,449.44,0.8464,-1,-1,-1
651,45,1714.95,293.31,200.19,777.85,0.5800,-1,-1,-1
651,63,535.61,360.80,102.19,391.82,0.7273,-1,-1,-1
651,64,1026.49,307.30,120.34,475.39,0.7952,-1,-1,-1
651,56,1432.42,292.32,140.05,548.70,0.8441,-1,-1,-1
651,66,1312.40,305.26,133.38,506.50,0.7875,-1,-1,-1
651,68,1145.94,319.78,164.20,507.98,0.8503,-1,-1,-1
652,2,881.91,336.16,153.98,446.70,0.8390,-1,-1,-1
652,45,1733.68,294.15,175.72,670.58,0.6942,-1,-1,-1
652,63,537.01,362.26,103.26,390.88,0.7142,-1,-1,-1
652,64,1027.85,306.74,119.82,475.76,0.8057,-1,-1,-1
652,56,1436.83,294.86,140.50,548.24,0.8217,-1,-1,-1
652,66,1315.82,302.55,134.89,509.50,0.7735,-1,-1,-1
652,68,1144.38,319.79,168.34,512.90,0.8324,-1,-1,-1
652,71,822.74,406.39,62.93,221.52,0.6320,-1,-1,-1
653,2,881.27,338.25,153.64,442.07,0.8444,-1,-1,-1
653,45,1743.83,294.10,166.70,629.20,0.7907,-1,-1,-1
653,63,535.03,361.81,104.83,393.21,0.7025,-1,-1,-1
653,64,1029.03,306.35,119.66,477.47,0.8002,-1,-1,-1
653,56,1440.46,293.27,142.13,554.24,0.7715,-1,-1,-1
653,66,1318.06,305.71,135.53,507.33,0.7691,-1,-1,-1
653,68,1139.99,316.25,174.54,525.94,0.8396,-1,-1,-1
653,71,818.33,403.63,65.08,228.76,0.6532,-1,-1,-1
654,2,878.46,336.82,154.55,441.00,0.8417,-1,-1,-1
654,45,1747.30,291.62,172.82,656.29,0.7755,-1,-1,-1
654,63,527.52,359.58,105.20,396.78,0.7308,-1,-1,-1
654,64,1028.67,304.68,119.55,479.32,0.7950,-1,-1,-1
654,56,1443.95,293.34,142.33,553.33,0.7605,-1,-1,-1
654,66,1319.24,304.91,137.08,509.40,0.7868,-1,-1,-1
654,68,1135.95,312.55,179.93,536.60,0.8530,-1,-1,-1
654,71,814.55,402.17,65.94,230.67,0.6979,-1,-1,-1
655,2,874.86,334.59,156.79,444.28,0.8410,-1,-1,-1
655,45,1747.88,290.11,180.61,696.13,0.7631,-1,-1,-1
655,63,529.28,358.47,106.91,397.73,0.7641,-1,-1,-1
655,64,1028.07,303.82,119.14,478.63,0.7755,-1,-1,-1
655,56,1448.02,293.59,142.67,553.83,0.7370,-1,-1,-1
655,66,1319.79,297.97,140.23,519.60,0.8102,-1,-1,-1
655,68,1132.10,310.82,184.20,543.02,0.8418,-1,-1,-1
655,71,810.57,401.67,66.09,230.56,0.6971,-1,-1,-1
656,2,871.43,333.53,157.25,443.13,0.8472,-1,-1,-1
656,45,1750.70,287.81,185.29,730.10,0.7909,-1,-1,-1
656,63,522.16,358.83,108.24,401.92,0.7331,-1,-1,-1
656,64,1027.02,304.82,118.51,477.07,0.7898,-1,-1,-1
656,56,1450.71,292.80,143.82,558.28,0.7548,-1,-1,-1
656,66,1319.69,296.79,142.33,525.89,0.8156,-1,-1,-1
656,68,1127.17,310.90,186.75,545.33,0.8422,-1,-1,-1
656,71,808.17,404.49,65.70,228.89,0.7181,-1,-1,-1
657,2,867.12,335.66,156.97,439.11,0.8642,-1,-1,-1
657,45,1757.37,294.71,183.11,740.24,0.7591,-1,-1,-1
657,63,518.83,359.81,109.58,405.00,0.7422,-1,-1,-1
657,64,1025.17,306.35,118.83,480.52,0.7680,-1,-1,-1
657,56,1452.60,292.68,144.47,560.15,0.7551,-1,-1,-1
657,66,1318.73,297.41,144.44,531.94,0.8076,-1,-1,-1
657,68,1123.46,311.35,187.90,543.93,0.8436,-1,-1,-1
657,71,803.25,401.68,67.41,235.40,0.6985,-1,-1,-1
658,2,861.68,333.16,159.77,444.16,0.8731,-1,-1,-1
658,45,1763.55,293.31,181.42,756.39,0.7507,-1,-1,-1
658,63,515.68,359.94,110.74,405.71,0.8045,-1,-1,-1
658,64,1023.14,306.55,118.31,479.96,0.7671,-1,-1,-1
658,56,1454.44,291.14,144.95,561.93,0.7764,-1,-1,-1
658,66,1317.04,296.30,146.44,537.09,0.8147,-1,-1,-1
658,68,1121.20,310.54,187.68,538.16,0.8412,-1,-1,-1
658,71,798.81,405.47,66.76,232.79,0.6547,-1,-1,-1
659,2,858.59,331.30,160.77,444.16,0.8718,-1,-1,-1
659,45,1771.00,292.31,177.01,763.72,0.7336,-1,-1,-1
659,63,505.68,362.54,108.87,402.07,0.6653,-1,-1,-1
659,64,1020.00,306.41,117.88,480.07,0.7717,-1,-1,-1
659,56,1456.35,288.94,145.63,564.67,0.7847,-1,-1,-1
659,66,1315.68,295.87,148.21,540.66,0.8340,-1,-1,-1
659,68,1117.50,307.90,192.44,547.58,0.8459,-1,-1,-1
659,71,795.00,404.46,66.31,230.02,0.6914,-1,-1,-1
660,2,855.86,329.59,161.39,443.20,0.8649,-1,-1,-1
660,45,1776.52,286.96,173.78,778.08,0.7413,-1,-1,-1
660,63,499.29,363.43,107.60,400.12,0.7046,-1,-1,-1
660,64,1016.77,306.67,118.08,482.23,0.7694,-1,-1,-1
660,56,1457.71,287.26,146.42,567.60,0.7903,-1,-1,-1
660,66,1313.72,293.06,150.61,546.06,0.8387,-1,-1,-1
660,68,1113.27,304.04,196.60,555.88,0.8485,-1,-1,-1
660,71,791.07,398.42,67.77,233.95,0.7189,-1,-1,-1
661,2,852.09,328.09,162.85,445.85,0.8621,-1,-1,-1
661,45,1781.38,284.63,169.44,787.73,0.7534,-1,-1,-1
661,63,501.22,362.08,110.81,405.72,0.7472,-1,-1,-1
661,64,1012.73,306.43,118.74,486.70,0.7682,-1,-1,-1
661,56,1457.29,285.77,147.58,572.10,0.7937,-1,-1,-1
661,66,1311.99,290.55,153.39,552.97,0.8142,-1,-1,-1
661,68,1109.38,300.14,199.88,562.77,0.8685,-1,-1,-1
661,71,786.88,394.94,69.28,239.49,0.7361,-1,-1,-1
662,2,849.17,328.23,164.81,450.75,0.8513,-1,-1,-1
662,45,1785.19,285.36,164.01,790.24,0.7515,-1,-1,-1
662,63,491.81,360.64,111.06,408.53,0.7765,-1,-1,-1
662,64,1010.74,310.54,117.51,486.24,0.7678,-1,-1,-1
662,56,1457.14,285.64,148.67,574.94,0.8015,-1,-1,-1
662,66,1309.84,287.18,156.16,559.38,0.8082,-1,-1,-1
662,68,1104.32,299.57,202.09,567.01,0.8827,-1,-1,-1
662,71,781.68,391.28,70.92,245.76,0.7734,-1,-1,-1
663,2,842.82,328.73,164.93,449.30,0.8381,-1,-1,-1
663,45,1787.56,283.20,159.30,793.47,0.7607,-1,-1,-1
663,63,483.55,358.05,112.11,412.90,0.7901,-1,-1,-1
663,64,1007.91,311.84,117.62,489.41,0.8036,-1,-1,-1
663,56,1455.96,285.59,149.59,576.42,0.8119,-1,-1,-1
663,66,1304.15,287.60,158.55,562.53,0.8232,-1,-1,-1
663,68,1098.90,296.86,205.03,572.87,0.8784,-1,-1,-1
664,2,838.92,331.04,164.12,444.24,0.8535,-1,-1,-1
664,45,1789.78,282.51,154.62,794.51,0.7674,-1,-1,-1
664,63,479.41,355.88,113.97,416.24,0.7977,-1,-1,-1
664,64,1004.85,311.76,117.15,490.64,0.8056,-1,-1,-1
664,56,1455.63,285.06,150.97,578.58,0.8186,-1,-1,-1
664,66,1298.27,288.07,161.47,566.08,0.8258,-1,-1,-1
664,68,1093.25,297.19,206.89,578.91,0.8739,-1,-1,-1
664,71,775.00,394.08,68.13,236.50,0.5357,-1,-1,-1
665,2,840.52,332.36,160.70,436.77,0.8440,-1,-1,-1
665,45,1792.36,276.83,150.97,800.52,0.7559,-1,-1,-1
665,63,469.75,356.12,114.16,418.67,0.7516,-1,-1,-1
665,64,1000.68,309.38,117.31,491.78,0.7884,-1,-1,-1
665,56,1454.05,284.37,152.29,580.92,0.8175,-1,-1,-1
665,66,1293.58,282.99,165.06,574.39,0.8553,-1,-1,-1
665,68,1090.94,294.71,209.41,584.04,0.8690,-1,-1,-1
665,71,768.76,395.64,69.39,239.04,0.6894,-1,-1,-1
666,2,839.83,332.43,161.02,440.03,0.8453,-1,-1,-1
666,45,1789.47,269.93,149.01,807.85,0.7588,-1,-1,-1
666,63,463.48,355.67,114.61,420.75,0.7394,-1,-1,-1
666,64,995.58,306.17,117.31,492.18,0.7847,-1,-1,-1
666,56,1453.80,283.64,153.83,582.99,0.8405,-1,-1,-1
666,66,1285.93,281.71,168.08,578.57,0.8587,-1,-1,-1
666,68,1089.52,291.75,213.72,593.95,0.8739,-1,-1,-1
666,71,765.32,395.96,70.06,241.69,0.6974,-1,-1,-1
667,2,836.89,332.96,161.68,444.06,0.8482,-1,-1,-1
667,45,1784.83,265.43,147.60,810.70,0.7675,-1,-1,-1
667,63,452.86,355.30,113.74,420.50,0.7098,-1,-1,-1
667,64,991.05,304.58,115.27,481.63,0.7905,-1,-1,-1
667,56,1451.47,284.32,154.90,581.84,0.8500,-1,-1,-1
667,66,1281.18,276.48,170.96,585.03,0.8727,-1,-1,-1
667,68,1086.82,288.47,219.73,609.70,0.8776,-1,-1,-1
667,71,760.68,396.87,70.36,242.78,0.7136,-1,-1,-1
668,2,835.65,332.89,160.43,441.16,0.8555,-1,-1,-1
668,45,1783.33,261.74,146.37,813.91,0.7446,-1,-1,-1
668,63,444.48,353.54,113.92,423.91,0.7815,-1,-1,-1
668,64,984.72,302.82,116.60,486.07,0.7941,-1,-1,-1
668,56,1450.71,284.88,156.49,581.28,0.8600,-1,-1,-1
668,66,1276.52,271.29,173.24,589.74,0.8744,-1,-1,-1
668,68,1083.32,285.53,223.62,618.84,0.8780,-1,-1,-1
668,71,756.11,391.90,72.16,249.18,0.7262,-1,-1,-1
669,2,836.15,331.93,158.39,434.73,0.8533,-1,-1,-1
669,45,1785.92,256.50,144.96,820.39,0.7749,-1,-1,-1
669,63,438.06,346.88,115.45,432.17,0.7758,-1,-1,-1
669,64,979.37,300.20,118.02,489.97,0.8046,-1,-1,-1
669,56,1450.15,282.84,158.94,582.91,0.8604,-1,-1,-1
669,66,1271.95,266.91,175.09,592.94,0.8621,-1,-1,-1
669,68,1079.09,282.92,229.45,633.69,0.8838,-1,-1,-1
669,71,751.13,391.99,72.51,249.57,0.6921,-1,-1,-1
670,2,834.58,330.73,157.11,431.33,0.8458,-1,-1,-1
670,45,1787.33,250.21,143.53,825.95,0.7925,-1,-1,-1
670,63,431.91,347.95,115.71,434.34,0.7885,-1,-1,-1
670,64,976.57,298.77,117.82,488.52,0.8182,-1,-1,-1
670,56,1449.84,280.97,161.19,584.43,0.8579,-1,-1,-1
670,66,1268.10,252.99,179.90,608.84,0.8558,-1,-1,-1
670,68,1075.17,281.01,235.14,648.99,0.8828,-1,-1,-1
670,71,745.41,389.15,74.47,253.69,0.7225,-1,-1,-1
671,2,831.57,329.79,156.60,432.34,0.8529,-1,-1,-1
671,45,1787.71,243.80,142.45,832.34,0.7864,-1,-1,-1
671,63,427.72,348.44,115.76,435.08,0.8086,-1,-1,-1
671,64,974.44,297.82,117.64,486.09,0.8109,-1,-1,-1
671,56,1449.17,278.31,164.06,588.19,0.8559,-1,-1,-1
671,66,1270.36,254.40,180.39,610.01,0.8530,-1,-1,-1
671,68,1072.81,280.55,240.33,664.33,0.8848,-1,-1,-1
671,71,741.58,385.15,76.11,258.24,0.7257,-1,-1,-1
672,2,831.66,329.39,156.26,433.67,0.8553,-1,-1,-1
672,45,1787.23,229.09,142.41,843.76,0.7838,-1,-1,-1
672,63,424.60,347.98,117.37,439.86,0.7895,-1,-1,-1
672,64,972.93,296.34,118.80,488.05,0.8134,-1,-1,-1
672,56,1449.39,276.22,166.36,590.29,0.8604,-1,-1,-1
672,66,1270.34,247.36,184.14,622.78,0.8494,-1,-1,-1
672,68,1071.37,279.30,246.03,682.34,0.8894,-1,-1,-1
672,71,738.72,383.55,77.54,261.60,0.7198,-1,-1,-1
673,2,830.79,328.50,154.65,433.43,0.8483,-1,-1,-1
673,45,1781.69,170.12,149.66,902.09,0.7711,-1,-1,-1
673,63,421.29,350.45,117.70,439.97,0.7847,-1,-1,-1
673,64,972.62,294.27,119.10,486.04,0.8159,-1,-1,-1
673,56,1450.25,274.53,168.81,593.57,0.8488,-1,-1,-1
673,66,1271.01,242.59,187.41,634.54,0.8356,-1,-1,-1
673,68,1072.02,275.07,250.72,696.44,0.8859,-1,-1,-1
673,71,736.52,380.79,78.55,264.81,0.7207,-1,-1,-1
674,2,830.60,328.11,152.95,433.12,0.8471,-1,-1,-1
674,45,1778.63,157.14,150.11,914.13,0.7816,-1,-1,-1
674,63,419.06,352.57,118.02,440.76,0.7688,-1,-1,-1
674,64,972.14,294.02,119.65,485.72,0.8090,-1,-1,-1
674,56,1452.66,273.42,170.76,593.68,0.8414,-1,-1,-1
674,66,1272.09,240.23,190.89,650.48,0.8243,-1,-1,-1
674,68,1072.75,268.48,255.69,709.44,0.8774,-1,-1,-1
674,71,737.16,380.14,78.70,263.59,0.7019,-1,-1,-1
675,2,831.49,328.29,151.89,433.99,0.8531,-1,-1,-1
675,45,1777.72,191.74,144.58,878.61,0.7948,-1,-1,-1
675,63,417.00,350.56,119.84,446.49,0.7744,-1,-1,-1
675,64,971.42,292.94,121.07,488.94,0.8131,-1,-1,-1
675,56,1454.97,272.88,172.97,594.74,0.8448,-1,-1,-1
675,66,1276.48,244.89,193.37,662.16,0.8163,-1,-1,-1
675,68,1072.69,264.87,260.05,718.86,0.8752,-1,-1,-1
675,71,737.25,381.46,78.22,260.46,0.7085,-1,-1,-1
676,2,831.66,329.00,151.22,435.49,0.8513,-1,-1,-1
676,45,1775.46,212.27,141.96,856.31,0.8226,-1,-1,-1
676,63,415.29,350.79,121.23,449.95,0.7926,-1,-1,-1
676,64,971.55,292.55,121.92,489.55,0.8215,-1,-1,-1
676,56,1461.29,272.30,172.91,589.64,0.8382,-1,-1,-1
676,66,1282.69,239.16,196.50,675.99,0.7948,-1,-1,-1
676,68,1073.58,259.76,265.20,728.45,0.8543,-1,-1,-1
676,71,736.29,381.56,79.02,261.14,0.7246,-1,-1,-1
677,2,832.55,327.86,150.85,436.93,0.8420,-1,-1,-1
677,45,1770.46,227.95,141.70,841.42,0.8336,-1,-1,-1
677,63,412.40,348.05,122.68,453.87,0.7924,-1,-1,-1
677,64,972.84,291.64,121.80,487.71,0.8249,-1,-1,-1
677,56,1466.25,268.05,175.22,592.74,0.8357,-1,-1,-1
677,66,1293.23,231.27,202.26,694.51,0.7772,-1,-1,-1
677,68,1077.24,252.82,263.26,713.34,0.8501,-1,-1,-1
677,71,735.88,380.00,80.49,263.89,0.7434,-1,-1,-1
678,2,833.37,326.83,150.65,438.89,0.8475,-1,-1,-1
678,45,1765.96,233.41,143.63,838.79,0.8555,-1,-1,-1
678,63,410.38,348.02,123.58,455.20,0.7955,-1,-1,-1
678,64,973.59,291.03,122.59,488.58,0.8165,-1,-1,-1
678,56,1470.16,264.78,176.60,595.44,0.8227,-1,-1,-1
678,66,1299.62,227.26,205.36,704.78,0.8078,-1,-1,-1
678,68,1080.29,244.53,266.26,708.34,0.8709,-1,-1,-1
678,71,735.38,379.57,81.61,265.93,0.7408,-1,-1,-1
679,2,834.67,327.25,150.16,438.49,0.8426,-1,-1,-1
679,45,1761.94,241.96,145.35,832.21,0.8450,-1,-1,-1
679,63,408.74,348.00,124.03,455.71,0.7841,-1,-1,-1
679,64,977.39,291.10,122.28,486.22,0.7902,-1,-1,-1
679,56,1477.14,263.29,176.93,595.23,0.8157,-1,-1,-1
679,66,1304.66,227.25,209.11,720.84,0.8382,-1,-1,-1
679,68,1078.35,237.87,278.10,730.13,0.8623,-1,-1,-1
679,71,734.95,378.54,82.15,266.55,0.7336,-1,-1,-1
680,2,837.35,328.75,150.99,438.36,0.8465,-1,-1,-1
680,45,1758.02,246.01,145.90,814.16,0.7731,-1,-1,-1
680,63,408.88,347.15,125.23,458.61,0.7866,-1,-1,-1
680,64,980.46,292.08,121.71,484.38,0.7723,-1,-1,-1
680,56,1485.47,262.00,179.30,602.13,0.8342,-1,-1,-1
680,66,1313.53,233.16,211.26,729.60,0.8708,-1,-1,-1
680,68,1070.66,232.05,289.02,757.65,0.8740,-1,-1,-1
680,71,735.71,377.82,83.39,269.45,0.7449,-1,-1,-1
681,2,840.62,330.94,151.84,437.60,0.8541,-1,-1,-1
681,45,1758.72,250.16,138.53,740.70,0.7894,-1,-1,-1
681,63,410.55,345.76,126.59,462.14,0.7832,-1,-1,-1
681,64,983.05,294.85,120.89,481.69,0.7802,-1,-1,-1
681,56,1491.51,261.66,181.42,607.42,0.8323,-1,-1,-1
681,66,1322.61,237.18,211.45,733.37,0.8649,-1,-1,-1
681,68,1067.95,226.52,296.39,780.47,0.8695,-1,-1,-1
681,71,737.29,380.61,84.63,270.79,0.7563,-1,-1,-1
682,2,844.07,332.57,154.52,440.75,0.8250,-1,-1,-1
682,45,1765.54,255.08,120.92,597.57,0.8296,-1,-1,-1
682,63,411.61,345.54,127.32,464.63,0.7898,-1,-1,-1
682,64,987.98,295.70,120.53,482.25,0.8018,-1,-1,-1
682,56,1496.59,259.98,183.45,616.70,0.8326,-1,-1,-1
682,66,1332.63,235.03,212.34,740.73,0.8558,-1,-1,-1
682,68,1070.92,223.13,299.70,792.66,0.8819,-1,-1,-1
682,71,738.83,381.26,86.32,273.90,0.7630,-1,-1,-1
683,2,849.77,334.94,153.26,433.03,0.8037,-1,-1,-1
683,45,1771.08,259.21,115.66,537.13,0.7006,-1,-1,-1
683,63,412.15,346.70,127.18,464.53,0.7796,-1,-1,-1
683,64,993.27,294.92,121.28,486.27,0.8023,-1,-1,-1
683,56,1500.33,257.37,183.36,622.29,0.8320,-1,-1,-1
683,66,1345.57,232.73,215.30,750.68,0.8695,-1,-1,-1
683,68,1074.93,219.92,305.24,810.98,0.8783,-1,-1,-1
683,71,740.65,382.22,86.94,274.27,0.7639,-1,-1,-1
684,2,852.15,336.28,154.70,435.20,0.8396,-1,-1,-1
684,45,1774.27,262.87,115.67,510.05,0.6231,-1,-1,-1
684,63,414.40,347.47,127.40,465.61,0.7940,-1,-1,-1
684,64,997.53,295.98,121.15,488.63,0.8060,-1,-1,-1
684,56,1506.87,257.98,183.54,627.20,0.8201,-1,-1,-1
684,66,1357.24,226.48,218.98,762.19,0.8636,-1,-1,-1
684,68,1078.27,216.80,314.40,841.88,0.8764,-1,-1,-1
684,71,745.00,382.31,88.02,277.25,0.7767,-1,-1,-1
685,2,859.19,334.24,154.89,435.89,0.8128,-1,-1,-1
685,45,1776.38,266.86,119.70,509.18,0.4476,-1,-1,-1
685,63,417.93,342.81,129.12,471.95,0.7980,-1,-1,-1
685,64,1003.69,296.74,120.58,489.22,0.8054,-1,-1,-1
685,56,1512.72,259.42,180.63,623.52,0.7557,-1,-1,-1
685,66,1368.03,220.94,221.21,769.17,0.8325,-1,-1,-1
685,68,1083.87,214.01,319.70,861.91,0.8874,-1,-1,-1
685,71,750.01,382.36,88.85,280.38,0.7894,-1,-1,-1
686,2,867.58,333.86,153.47,434.27,0.8561,-1,-1,-1
686,45,1781.81,277.82,120.95,502.46,0.6645,-1,-1,-1
686,63,420.51,342.19,129.11,473.84,0.8145,-1,-1,-1
686,64,1012.36,294.41,120.67,490.65,0.7971,-1,-1,-1
686,56,1525.87,266.10,176.04,619.40,0.4313,-1,-1,-1
686,66,1384.77,212.37,225.55,780.58,0.8309,-1,-1,-1
686,68,1090.55,210.36,321.26,871.69,0.8993,-1,-1,-1
686,71,754.79,383.08,88.42,279.12,0.8152,-1,-1,-1
687,2,876.21,331.11,155.12,437.95,0.8464,-1,-1,-1
687,45,1787.84,297.30,127.27,529.74,0.6378,-1,-1,-1
687,63,423.23,338.17,128.20,473.95,0.7954,-1,-1,-1
687,64,1017.74,295.45,121.80,495.01,0.7959,-1,-1,-1
687,66,1404.97,203.87,233.41,794.29,0.8370,-1,-1,-1
687,68,1097.02,206.93,322.21,877.11,0.9021,-1,-1,-1
687,71,761.33,380.48,89.24,282.42,0.8177,-1,-1,-1
688,2,880.97,327.91,153.84,435.29,0.8325,-1,-1,-1
688,45,1797.59,324.31,125.16,526.53,0.6843,-1,-1,-1
688,63,428.12,333.49,128.92,478.63,0.7640,-1,-1,-1
688,64,1025.95,294.15,120.60,490.76,0.8105,-1,-1,-1
688,66,1423.88,194.13,242.03,807.73,0.8663,-1,-1,-1
688,68,1102.70,198.39,324.36,884.49,0.8989,-1,-1,-1
688,71,765.41,378.13,89.54,282.30,0.7856,-1,-1,-1
689,2,888.54,324.23,152.49,431.85,0.8103,-1,-1,-1
689,45,1812.25,361.49,116.58,500.80,0.5571,-1,-1,-1
689,63,432.36,330.09,128.11,477.07,0.8084,-1,-1,-1
689,64,1033.58,291.80,119.76,488.99,0.7757,-1,-1,-1
689,66,1438.92,188.83,247.52,809.00,0.8774,-1,-1,-1
689,68,1107.04,178.86,330.22,902.09,0.8956,-1,-1,-1
689,71,770.95,374.07,90.50,282.84,0.7697,-1,-1,-1
690,2,896.91,319.15,153.76,433.26,0.7927,-1,-1,-1
690,45,1828.86,400.81,107.06,477.17,0.3386,-1,-1,-1
690,63,435.23,324.10,127.39,476.26,0.7845,-1,-1,-1
690,64,1041.92,288.00,119.07,487.59,0.8152,-1,-1,-1
690,66,1454.34,180.29,255.97,815.00,0.8657,-1,-1,-1
690,68,1112.06,170.88,332.31,905.49,0.8985,-1,-1,-1
690,71,773.86,365.18,92.14,287.90,0.7459,-1,-1,-1
691,2,904.42,313.34,154.55,432.40,0.8089,-1,-1,-1
691,63,437.70,320.04,127.31,477.82,0.7141,-1,-1,-1
691,64,1046.66,284.47,118.55,486.64,0.7609,-1,-1,-1
691,66,1468.02,167.70,267.69,829.58,0.8799,-1,-1,-1
691,68,1115.36,173.49,333.12,903.95,0.9032,-1,-1,-1
691,71,777.32,362.42,92.82,289.83,0.7824,-1,-1,-1
692,2,904.75,308.56,153.65,432.61,0.7948,-1,-1,-1
692,63,438.97,315.06,128.16,482.54,0.7419,-1,-1,-1
692,64,1051.64,280.93,119.29,490.60,0.7500,-1,-1,-1
692,66,1476.24,156.29,281.89,853.31,0.8965,-1,-1,-1
692,68,1116.52,161.27,340.31,918.03,0.8951,-1,-1,-1
692,71,779.39,357.25,93.73,293.02,0.7836,-1,-1,-1
693,2,907.76,303.59,153.84,434.94,0.7916,-1,-1,-1
693,63,446.05,310.63,131.29,487.05,0.6779,-1,-1,-1
693,64,1052.49,274.64,122.32,511.31,0.6059,-1,-1,-1
693,66,1482.06,145.76,298.13,883.90,0.9008,-1,-1,-1
693,68,1117.61,140.51,349.80,936.13,0.8889,-1,-1,-1
693,71,779.76,354.27,93.74,292.89,0.7794,-1,-1,-1
693,72,867.83,371.27,58.72,220.93,0.5331,-1,-1,-1
694,2,907.14,300.07,153.40,436.95,0.8126,-1,-1,-1
694,63,443.38,305.50,132.90,491.50,0.6922,-1,-1,-1
694,64,1053.04,268.47,121.25,517.35,0.5496,-1,-1,-1
694,66,1488.66,138.88,313.20,908.04,0.8982,-1,-1,-1
694,68,1120.35,128.52,358.44,948.00,0.8896,-1,-1,-1
694,71,780.58,352.04,94.04,293.97,0.7482,-1,-1,-1
694,72,867.33,367.95,58.14,218.44,0.5095,-1,-1,-1
695,2,908.35,298.60,152.03,435.80,0.8102,-1,-1,-1
695,63,435.77,299.93,132.91,494.42,0.7972,-1,-1,-1
695,64,1054.23,260.84,140.48,605.42,0.5270,-1,-1,-1
695,66,1498.13,131.38,325.57,920.95,0.8994,-1,-1,-1
695,68,1120.42,114.94,369.34,961.41,0.8795,-1,-1,-1
695,71,780.03,347.45,94.09,295.64,0.7458,-1,-1,-1
695,72,868.70,363.74,59.72,223.93,0.6096,-1,-1,-1
696,2,907.36,299.57,150.02,433.30,0.8455,-1,-1,-1
696,63,431.45,296.73,133.02,497.56,0.8193,-1,-1,-1
696,64,1051.52,253.15,151.14,648.69,0.6175,-1,-1,-1
696,66,1504.16,125.36,338.57,935.79,0.9045,-1,-1,-1
696,68,1121.86,102.11,379.64,974.52,0.8823,-1,-1,-1
696,71,778.05,343.94,94.57,297.39,0.7684,-1,-1,-1
696,72,868.33,363.36,60.95,228.31,0.6266,-1,-1,-1
697,2,909.00,297.25,147.90,431.41,0.8157,-1,-1,-1
697,63,427.24,294.72,133.27,498.83,0.7918,-1,-1,-1
697,64,1046.12,249.34,156.53,673.70,0.6702,-1,-1,-1
697,66,1509.56,116.61,351.63,953.66,0.8911,-1,-1,-1
697,68,1129.25,87.44,390.34,989.28,0.8937,-1,-1,-1
697,71,776.91,338.64,95.39,300.06,0.7628,-1,-1,-1
697,72,867.18,361.87,61.32,229.44,0.6717,-1,-1,-1
698,2,912.69,292.25,148.37,435.27,0.8322,-1,-1,-1
698,63,424.01,287.90,133.07,501.06,0.7804,-1,-1,-1
698,64,1047.63,232.22,163.26,701.39,0.6729,-1,-1,-1
698,66,1516.21,111.03,360.95,959.05,0.9017,-1,-1,-1
698,68,1128.93,71.23,401.28,1005.75,0.9040,-1,-1,-1
698,71,776.35,337.65,95.72,300.39,0.7806,-1,-1,-1
698,72,865.44,358.66,61.45,228.98,0.6886,-1,-1,-1
699,2,917.29,286.75,149.52,438.53,0.8359,-1,-1,-1
699,63,424.27,281.96,134.30,503.78,0.7728,-1,-1,-1
699,64,1046.39,214.18,169.20,728.36,0.6958,-1,-1,-1
699,66,1522.30,99.82,369.96,966.90,0.9050,-1,-1,-1
699,68,1131.75,53.80,412.29,1024.65,0.9052,-1,-1,-1
699,71,775.99,334.93,96.75,301.58,0.7890,-1,-1,-1
699,72,865.39,353.28,61.81,229.59,0.6889,-1,-1,-1
700,2,919.37,283.58,149.79,439.62,0.8452,-1,-1,-1
700,63,421.02,277.13,134.29,505.50,0.7964,-1,-1,-1
700,64,1046.43,199.90,172.01,746.40,0.7592,-1,-1,-1
700,66,1523.63,84.53,380.05,983.02,0.9101,-1,-1,-1
700,68,1139.88,36.14,421.54,1041.33,0.8994,-1,-1,-1
700,71,775.03,332.35,97.89,303.46,0.7657,-1,-1,-1
700,72,865.98,348.27,62.16,231.03,0.6502,-1,-1,-1
701,2,920.74,282.23,148.92,437.43,0.8554,-1,-1,-1
701,63,416.50,272.09,135.16,510.91,0.8243,-1,-1,-1
701,64,1042.12,190.15,170.79,756.05,0.7719,-1,-1,-1
701,66,1526.19,74.50,385.69,991.15,0.9082,-1,-1,-1
701,68,1145.92,23.49,427.96,1052.08,0.8951,-1,-1,-1
701,71,775.54,328.89,98.88,305.15,0.7537,-1,-1,-1
701,72,865.86,345.23,63.03,233.56,0.6725,-1,-1,-1
702,2,919.92,279.59,147.20,434.57,0.8407,-1,-1,-1
702,63,413.74,267.87,136.06,516.27,0.8279,-1,-1,-1
702,64,1044.91,181.09,173.15,766.21,0.8141,-1,-1,-1
702,66,1525.52,64.37,391.21,1000.71,0.9111,-1,-1,-1
702,68,1148.04,11.27,434.18,1062.75,0.8916,-1,-1,-1
702,71,774.85,325.17,98.98,306.03,0.7640,-1,-1,-1
702,72,863.65,339.58,64.79,237.67,0.7016,-1,-1,-1
703,2,918.79,277.13,145.24,432.15,0.8366,-1,-1,-1
703,63,408.49,261.41,137.49,521.92,0.8180,-1,-1,-1
703,64,1044.88,171.38,175.68,775.88,0.8353,-1,-1,-1
703,66,1525.73,51.36,397.35,1016.04,0.9060,-1,-1,-1
703,68,1153.80,2.14,439.17,1071.54,0.8957,-1,-1,-1
703,71,773.61,319.62,100.42,310.49,0.7656,-1,-1,-1
703,72,862.96,333.92,66.93,244.37,0.6810,-1,-1,-1
704,2,915.53,272.10,143.01,431.36,0.8208,-1,-1,-1
704,63,402.15,255.12,138.03,523.63,0.8433,-1,-1,-1
704,64,1047.08,160.70,180.96,785.94,0.8462,-1,-1,-1
704,66,1528.62,38.87,401.05,1029.25,0.9108,-1,-1,-1
704,68,1159.84,-2.55,442.01,1074.88,0.9025,-1,-1,-1
704,71,773.99,314.49,101.58,312.88,0.7671,-1,-1,-1
704,72,862.26,328.99,67.85,247.09,0.6798,-1,-1,-1
705,2,913.21,265.17,140.90,430.88,0.8178,-1,-1,-1
705,63,398.29,250.98,138.48,523.03,0.8588,-1,-1,-1
705,64,1039.30,149.84,185.43,795.74,0.8462,-1,-1,-1
705,66,1532.14,17.52,405.11,1048.13,0.9014,-1,-1,-1
705,68,1164.82,-3.68,443.35,1074.99,0.9049,-1,-1,-1
705,71,773.42,310.32,101.49,314.21,0.7490,-1,-1,-1
705,72,858.77,323.65,68.07,246.30,0.6568,-1,-1,-1
706,2,913.88,259.50,138.70,429.29,0.8049,-1,-1,-1
706,63,394.01,243.90,139.83,527.64,0.8136,-1,-1,-1
706,64,1022.04,138.62,192.34,815.63,0.8301,-1,-1,-1
706,66,1537.17,4.51,406.10,1062.50,0.9177,-1,-1,-1
706,68,1174.89,-3.83,445.38,1075.90,0.9111,-1,-1,-1
706,71,771.09,304.07,101.54,316.43,0.7622,-1,-1,-1
706,72,855.77,318.80,69.30,249.36,0.6821,-1,-1,-1
707,2,914.39,254.95,136.57,426.75,0.7559,-1,-1,-1
707,63,390.25,237.49,140.44,529.00,0.8208,-1,-1,-1
707,64,1007.06,123.95,201.74,847.66,0.8320,-1,-1,-1
707,66,1547.68,-0.39,403.17,1071.74,0.9170,-1,-1,-1
707,68,1187.92,-3.21,448.66,1077.20,0.9136,-1,-1,-1
707,71,771.66,296.74,100.51,316.74,0.7831,-1,-1,-1
707,72,854.94,313.12,69.65,249.23,0.6648,-1,-1,-1
708,2,909.72,243.61,134.99,432.22,0.6969,-1,-1,-1
708,63,388.37,231.63,141.30,530.72,0.7950,-1,-1,-1
708,64,992.43,109.98,210.15,875.69,0.8468,-1,-1,-1
708,66,1561.80,-0.92,396.14,1074.31,0.9075,-1,-1,-1
708,68,1200.08,-2.38,452.03,1074.19,0.9134,-1,-1,-1
708,71,771.44,289.98,100.95,318.22,0.7736,-1,-1,-1
708,72,853.42,306.26,71.59,255.40,0.6081,-1,-1,-1
709,2,907.00,232.74,134.49,435.56,0.5532,-1,-1,-1
709,63,383.26,220.28,143.99,540.73,0.8032,-1,-1,-1
709,64,988.56,98.70,220.44,900.56,0.8609,-1,-1,-1
709,66,1579.14,-0.00,387.51,1078.71,0.8982,-1,-1,-1
709,68,1218.92,-1.65,456.88,1072.90,0.9182,-1,-1,-1
709,71,769.17,282.78,102.37,321.58,0.7602,-1,-1,-1
709,72,852.78,301.35,71.49,254.08,0.5355,-1,-1,-1
710,63,379.39,212.93,144.72,543.21,0.7942,-1,-1,-1
710,64,974.34,87.13,233.38,924.28,0.8828,-1,-1,-1
710,66,1599.43,0.28,376.00,1080.36,0.8971,-1,-1,-1
710,68,1241.59,-0.91,462.57,1070.61,0.9315,-1,-1,-1
710,71,767.67,275.67,103.66,325.38,0.7692,-1,-1,-1
710,72,853.40,297.27,70.69,251.61,0.4965,-1,-1,-1
711,63,375.42,207.05,145.62,546.31,0.8141,-1,-1,-1
711,64,962.40,78.89,245.27,943.50,0.8934,-1,-1,-1
711,66,1625.51,0.90,357.91,1068.35,0.8807,-1,-1,-1
711,68,1271.23,-1.79,473.08,1069.96,0.9216,-1,-1,-1
711,71,769.50,270.36,103.83,328.48,0.7466,-1,-1,-1
711,72,852.35,294.52,71.35,254.62,0.4919,-1,-1,-1
712,63,371.29,202.86,146.57,550.29,0.8206,-1,-1,-1
712,64,950.06,65.73,258.90,969.95,0.9029,-1,-1,-1
712,66,1669.06,0.12,307.60,952.29,0.7731,-1,-1,-1
712,68,1295.03,0.21,483.20,1070.36,0.9111,-1,-1,-1
712,71,765.97,266.12,105.55,332.17,0.7431,-1,-1,-1
712,72,851.57,292.79,70.65,253.40,0.5970,-1,-1,-1
713,63,366.59,196.75,147.95,555.68,0.8164,-1,-1,-1
713,64,938.19,53.15,272.53,1000.05,0.8966,-1,-1,-1
713,66,1711.92,1.35,267.14,867.06,0.5927,-1,-1,-1
713,68,1321.92,2.02,494.41,1069.08,0.9159,-1,-1,-1
713,71,763.75,261.19,107.84,336.43,0.7595,-1,-1,-1
713,72,851.80,285.95,72.37,259.56,0.5324,-1,-1,-1
714,63,363.68,193.10,148.69,558.46,0.8265,-1,-1,-1
714,64,925.37,43.02,282.56,1020.13,0.8874,-1,-1,-1
714,68,1345.77,1.49,506.88,1068.45,0.9254,-1,-1,-1
714,71,761.10,258.02,109.49,338.99,0.7820,-1,-1,-1
714,72,851.48,283.77,72.47,261.63,0.5898,-1,-1,-1
715,63,361.34,190.69,149.77,559.96,0.8250,-1,-1,-1
715,64,911.97,35.26,290.42,1034.33,0.8908,-1,-1,-1
715,68,1348.28,-0.52,518.82,1067.79,0.9283,-1,-1,-1
715,71,761.93,255.26,111.11,340.35,0.7669,-1,-1,-1
715,72,846.47,280.17,72.03,265.27,0.4193,-1,-1,-1
716,63,357.16,188.32,150.90,564.04,0.8276,-1,-1,-1
716,64,896.18,16.51,298.95,1053.79,0.8965,-1,-1,-1
716,68,1339.34,-1.21,531.94,1069.31,0.9285,-1,-1,-1
716,71,761.10,253.13,112.06,340.98,0.7613,-1,-1,-1
716,72,841.38,274.87,71.12,268.78,0.3652,-1,-1,-1
716,73,1238.77,317.18,57.24,206.86,0.5869,-1,-1,-1
717,63,354.58,187.64,151.98,564.58,0.8039,-1,-1,-1
717,64,879.94,4.00,308.42,1074.21,0.9083,-1,-1,-1
717,68,1329.20,-1.35,543.64,1068.86,0.9286,-1,-1,-1
717,71,760.48,248.75,114.77,345.60,0.8057,-1,-1,-1
717,73,1241.33,311.97,58.45,211.07,0.5070,-1,-1,-1
718,63,350.69,182.55,154.47,570.85,0.8183,-1,-1,-1
718,64,863.61,5.57,311.63,1073.68,0.9027,-1,-1,-1
718,68,1320.53,-0.44,555.04,1069.73,0.9180,-1,-1,-1
718,71,756.38,244.99,116.09,350.33,0.8089,-1,-1,-1
718,73,1242.43,308.23,59.61,214.27,0.5913,-1,-1,-1
719,63,346.32,179.32,156.10,575.59,0.8280,-1,-1,-1
719,64,842.05,0.42,316.13,1075.54,0.8994,-1,-1,-1
719,68,1315.02,0.15,565.10,1070.61,0.9180,-1,-1,-1
719,71,750.86,240.89,116.24,354.55,0.7687,-1,-1,-1
719,73,1246.59,310.59,59.10,210.48,0.5575,-1,-1,-1
720,63,342.45,178.10,157.26,579.76,0.8484,-1,-1,-1
720,64,818.22,-1.47,320.94,1076.98,0.8882,-1,-1,-1
720,68,1316.50,1.09,568.61,1061.58,0.9173,-1,-1,-1
720,71,745.69,239.71,113.42,355.25,0.6818,-1,-1,-1
720,73,1249.49,306.52,60.90,214.49,0.6397,-1,-1,-1
721,63,338.43,173.94,159.18,586.81,0.8474,-1,-1,-1
721,64,793.58,-2.15,326.35,1082.00,0.9126,-1,-1,-1
721,68,1320.14,1.51,574.49,1062.70,0.8841,-1,-1,-1
721,73,1249.78,302.78,62.18,216.29,0.6066,-1,-1,-1
721,74,1097.60,164.89,119.34,518.43,0.7447,-1,-1,-1
722,63,333.48,169.37,161.17,593.53,0.8438,-1,-1,-1
722,64,772.29,-2.03,330.51,1081.83,0.9107,-1,-1,-1
722,68,1324.25,1.29,578.53,1063.62,0.9198,-1,-1,-1
722,73,1247.72,295.99,64.16,222.90,0.4930,-1,-1,-1
722,74,1098.36,162.58,119.98,519.48,0.7899,-1,-1,-1
723,63,328.70,166.43,162.55,597.32,0.8462,-1,-1,-1
723,64,749.08,-1.78,334.70,1081.91,0.9036,-1,-1,-1
723,68,1327.49,1.40,580.99,1063.61,0.9027,-1,-1,-1
723,73,1249.15,306.87,61.62,212.96,0.5253,-1,-1,-1
723,74,1095.65,161.93,118.95,511.89,0.8314,-1,-1,-1
723,75,1301.59,111.29,173.70,546.28,0.7295,-1,-1,-1
724,63,323.69,163.01,163.83,601.26,0.8366,-1,-1,-1
724,64,728.47,-1.54,338.97,1077.03,0.9061,-1,-1,-1
724,68,1331.25,3.54,581.91,1062.81,0.9020,-1,-1,-1
724,74,1093.85,159.34,119.48,509.00,0.8438,-1,-1,-1
724,75,1270.77,108.25,195.40,614.50,0.7753,-1,-1,-1
725,63,317.91,158.50,165.22,605.68,0.8384,-1,-1,-1
725,64,696.75,-0.15,344.41,1075.65,0.9040,-1,-1,-1
725,68,1336.38,5.73,581.97,1063.09,0.8821,-1,-1,-1
725,74,1090.97,157.94,120.52,507.38,0.8373,-1,-1,-1
725,75,1246.92,102.58,209.52,658.49,0.8577,-1,-1,-1
726,63,313.07,156.23,166.10,608.79,0.8181,-1,-1,-1
726,64,666.50,0.75,350.26,1075.51,0.9086,-1,-1,-1
726,68,1345.08,6.90,579.79,1061.23,0.8125,-1,-1,-1
726,74,1090.14,154.94,122.70,507.91,0.8424,-1,-1,-1
726,75,1226.91,104.68,223.00,698.95,0.8564,-1,-1,-1
727,63,302.09,149.24,168.01,613.98,0.8201,-1,-1,-1
727,64,638.09,2.04,355.87,1074.20,0.9053,-1,-1,-1
727,68,1363.72,4.58,575.83,1063.37,0.8124,-1,-1,-1
727,74,1087.07,152.13,125.73,510.69,0.8544,-1,-1,-1
727,75,1211.32,104.75,228.53,708.96,0.8694,-1,-1,-1
728,63,292.51,143.02,169.36,619.36,0.8495,-1,-1,-1
728,64,606.51,2.50,363.76,1074.85,0.9091,-1,-1,-1
728,68,1425.48,5.45,553.16,1052.37,0.7383,-1,-1,-1
728,74,1078.44,148.50,126.85,510.52,0.6673,-1,-1,-1
728,75,1190.67,101.90,234.92,714.75,0.8591,-1,-1,-1
728,2,935.15,181.43,133.56,443.95,0.7887,-1,-1,-1
729,63,281.70,132.67,171.19,627.20,0.8670,-1,-1,-1
729,64,567.87,0.94,372.48,1075.23,0.9076,-1,-1,-1
729,68,1514.46,22.33,516.42,1038.37,0.6981,-1,-1,-1
729,74,1068.60,146.55,126.62,508.85,0.7569,-1,-1,-1
729,75,1172.16,95.47,242.64,719.55,0.8772,-1,-1,-1
729,2,934.57,183.51,130.32,439.47,0.8449,-1,-1,-1
730,63,270.64,126.42,172.29,631.01,0.8434,-1,-1,-1
730,64,524.01,0.51,382.67,1076.15,0.9227,-1,-1,-1
730,74,1060.70,142.79,128.04,512.35,0.8079,-1,-1,-1
730,75,1160.21,94.13,248.92,717.26,0.9001,-1,-1,-1
730,2,929.16,183.40,132.28,437.95,0.8500,-1,-1,-1
731,63,256.83,121.26,173.78,636.93,0.8306,-1,-1,-1
731,64,478.14,1.65,392.21,1074.78,0.9070,-1,-1,-1
731,74,1053.65,140.25,128.77,514.26,0.7967,-1,-1,-1
731,75,1152.45,93.56,255.41,716.58,0.8963,-1,-1,-1
731,2,920.29,182.50,134.31,438.87,0.8390,-1,-1,-1
732,63,240.87,111.72,174.82,647.60,0.8457,-1,-1,-1
732,64,428.12,2.44,402.82,1069.46,0.9132,-1,-1,-1
732,74,1048.95,138.53,128.58,514.76,0.8123,-1,-1,-1
732,75,1137.56,91.03,264.60,719.17,0.8785,-1,-1,-1
732,2,915.04,182.57,136.96,438.32,0.8396,-1,-1,-1
733,64,353.21,2.87,420.85,1066.79,0.9026,-1,-1,-1
733,74,1043.41,135.40,127.65,514.12,0.8048,-1,-1,-1
733,75,1127.06,81.84,273.28,726.24,0.8631,-1,-1,-1
733,2,911.63,180.50,140.39,437.77,0.8547,-1,-1,-1
734,64,301.58,4.57,435.12,1063.31,0.9264,-1,-1,-1
734,74,1037.79,135.69,126.93,514.83,0.8040,-1,-1,-1
734,75,1108.72,80.19,282.85,737.23,0.8614,-1,-1,-1
734,2,902.43,181.64,140.55,435.98,0.8419,-1,-1,-1
735,64,248.17,3.96,452.11,1062.66,0.9089,-1,-1,-1
735,74,1029.72,136.89,126.62,518.81,0.7599,-1,-1,-1
735,75,1086.58,80.88,290.12,744.41,0.8626,-1,-1,-1
735,2,894.53,181.88,138.58,428.21,0.8574,-1,-1,-1
735,71,733.03,208.54,124.03,401.27,0.6851,-1,-1,-1
736,64,169.46,2.53,475.42,1065.16,0.8624,-1,-1,-1
736,74,1019.58,135.50,125.94,523.96,0.6483,-1,-1,-1
736,75,1064.77,77.54,290.09,736.61,0.8803,-1,-1,-1
736,2,888.03,181.39,138.49,428.25,0.8479,-1,-1,-1
736,71,719.24,188.59,127.03,408.37,0.6393,-1,-1,-1
737,64,107.75,3.74,495.46,1062.62,0.9244,-1,-1,-1
737,74,1006.78,137.89,123.92,524.45,0.6674,-1,-1,-1
737,75,1045.80,72.99,288.07,733.53,0.8520,-1,-1,-1
737,2,879.99,179.76,138.09,428.31,0.8372,-1,-1,-1
737,71,694.16,180.27,135.27,422.13,0.7135,-1,-1,-1
738,64,77.55,4.15,512.19,1059.80,0.9044,-1,-1,-1
738,74,993.95,141.04,119.71,519.55,0.4704,-1,-1,-1
738,75,1014.34,69.06,287.78,740.02,0.8716,-1,-1,-1
738,2,866.77,177.14,138.54,430.87,0.8223,-1,-1,-1
738,71,666.13,172.79,141.43,433.88,0.7847,-1,-1,-1
739,64,55.01,3.39,523.88,1055.69,0.9128,-1,-1,-1
739,75,981.66,68.73,281.42,738.37,0.8284,-1,-1,-1
739,2,847.78,176.43,139.25,433.95,0.8441,-1,-1,-1
739,71,642.66,166.97,147.77,443.35,0.8122,-1,-1,-1
740,64,29.25,5.15,529.64,1052.69,0.9056,-1,-1,-1
740,75,947.43,66.70,274.31,738.76,0.8287,-1,-1,-1
740,2,832.59,176.58,139.38,432.11,0.8414,-1,-1,-1
740,71,623.32,163.73,152.83,456.19,0.8234,-1,-1,-1
741,64,1.80,4.54,532.85,1057.06,0.8886,-1,-1,-1
741,75,919.31,66.92,272.56,753.74,0.8714,-1,-1,-1
741,2,821.27,177.38,139.54,431.88,0.8179,-1,-1,-1
741,71,606.03,161.53,156.10,460.82,0.8471,-1,-1,-1
742,64,-34.80,4.17,526.69,1061.33,0.8361,-1,-1,-1
742,75,894.06,66.58,269.73,762.09,0.8391,-1,-1,-1
742,2,809.59,177.36,140.47,434.95,0.8407,-1,-1,-1
742,71,589.52,157.72,159.32,465.74,0.8487,-1,-1,-1
743,64,-85.76,7.97,500.18,1050.97,0.7070,-1,-1,-1
743,75,873.65,66.89,266.67,765.20,0.8163,-1,-1,-1
743,2,799.01,179.80,141.06,436.70,0.8275,-1,-1,-1
743,71,576.17,157.63,160.92,470.14,0.8278,-1,-1,-1
744,75,839.98,64.63,264.67,766.68,0.8342,-1,-1,-1
744,2,783.41,180.03,140.68,433.22,0.8212,-1,-1,-1
744,71,558.71,156.70,164.15,477.97,0.8404,-1,-1,-1
745,75,808.56,61.44,264.83,765.41,0.7783,-1,-1,-1
745,2,766.88,181.03,139.57,431.01,0.7263,-1,-1,-1
745,71,542.12,154.58,168.61,487.45,0.8413,-1,-1,-1
745,78,1068.97,230.04,97.65,305.11,0.7481,-1,-1,-1
745,64,-96.72,43.15,375.24,831.67,0.8732,-1,-1,-1
746,75,763.98,56.27,274.76,780.00,0.8060,-1,-1,-1
746,2,751.52,181.62,136.83,425.34,0.7471,-1,-1,-1
746,71,524.98,152.63,173.07,495.46,0.8397,-1,-1,-1
746,78,1056.29,225.06,99.71,311.46,0.7225,-1,-1,-1
746,64,-92.66,52.55,331.43,777.69,0.8566,-1,-1,-1
747,75,730.03,45.91,285.94,790.84,0.8323,-1,-1,-1
747,2,732.88,183.01,129.18,404.54,0.6152,-1,-1,-1
747,71,505.24,151.46,176.53,501.91,0.8303,-1,-1,-1
747,78,1048.97,222.84,100.78,315.53,0.7044,-1,-1,-1
747,64,-93.62,54.47,307.11,765.88,0.8304,-1,-1,-1
748,75,698.76,47.87,294.76,790.11,0.8794,-1,-1,-1
748,2,713.19,174.25,128.13,407.97,0.5249,-1,-1,-1
748,71,488.99,149.30,179.42,506.51,0.8525,-1,-1,-1
748,78,1039.94,219.69,102.51,322.04,0.7132,-1,-1,-1
748,64,-93.80,61.40,286.20,761.15,0.8119,-1,-1,-1
749,75,688.62,47.65,300.49,790.84,0.8157,-1,-1,-1
749,2,696.11,184.21,115.54,374.80,0.3418,-1,-1,-1
749,71,472.60,147.93,184.38,516.10,0.8422,-1,-1,-1
749,78,1030.96,219.81,102.42,323.21,0.6747,-1,-1,-1
749,64,-85.70,95.24,254.97,722.55,0.7608,-1,-1,-1
750,75,669.16,51.94,307.68,792.56,0.8591,-1,-1,-1
750,71,457.55,147.40,187.83,522.03,0.7512,-1,-1,-1
750,78,1025.97,224.09,101.27,320.75,0.7403,-1,-1,-1
750,64,-75.30,160.38,217.06,656.55,0.7269,-1,-1,-1
751,75,650.10,51.96,317.54,801.61,0.8737,-1,-1,-1
751,71,441.16,148.30,194.59,538.21,0.8016,-1,-1,-1
751,78,1024.16,226.32,100.85,321.65,0.7152,-1,-1,-1
751,80,980.11,240.65,82.59,321.35,0.6530,-1,-1,-1
751,74,880.54,138.92,116.61,512.55,0.6952,-1,-1,-1
752,75,630.73,53.03,324.69,808.40,0.8716,-1,-1,-1
752,71,428.56,144.41,199.10,549.85,0.8283,-1,-1,-1
752,78,1022.71,227.51,100.45,322.47,0.7482,-1,-1,-1
752,80,973.92,243.95,83.69,324.23,0.6887,-1,-1,-1
752,74,870.06,140.11,118.13,518.44,0.7587,-1,-1,-1
753,75,613.16,48.49,331.65,819.05,0.8886,-1,-1,-1
753,71,417.19,139.87,203.67,558.99,0.8388,-1,-1,-1
753,78,1024.44,229.27,98.76,319.06,0.7371,-1,-1,-1
753,80,974.16,249.29,84.83,325.49,0.7030,-1,-1,-1
753,74,862.13,143.71,119.61,522.74,0.7676,-1,-1,-1
754,75,595.97,47.54,335.22,826.74,0.8870,-1,-1,-1
754,71,405.01,136.62,208.25,565.24,0.8195,-1,-1,-1
754,78,1024.07,231.32,99.56,323.30,0.7433,-1,-1,-1
754,80,972.01,251.88,86.38,327.41,0.6710,-1,-1,-1
754,74,856.25,147.69,120.76,525.67,0.7952,-1,-1,-1
755,75,575.70,44.66,339.39,836.31,0.8894,-1,-1,-1
755,71,396.92,134.27,211.30,570.16,0.8486,-1,-1,-1
755,78,1026.20,230.93,99.90,325.76,0.7177,-1,-1,-1
755,80,971.09,252.15,88.39,330.00,0.6919,-1,-1,-1
755,74,851.07,149.36,122.71,529.81,0.7993,-1,-1,-1
755,81,1826.28,312.99,92.13,391.38,0.5029,-1,-1,-1
756,75,544.08,40.61,343.44,848.25,0.8892,-1,-1,-1
756,71,385.48,132.26,215.74,581.01,0.8420,-1,-1,-1
756,78,1028.11,230.31,101.41,330.40,0.7037,-1,-1,-1
756,80,968.24,252.42,90.48,332.68,0.6797,-1,-1,-1
756,74,849.15,152.84,123.58,526.34,0.8010,-1,-1,-1
757,75,507.39,35.40,347.47,860.67,0.8795,-1,-1,-1
757,71,371.58,133.59,214.59,582.22,0.8541,-1,-1,-1
757,78,1029.87,230.29,102.71,333.28,0.7002,-1,-1,-1
757,80,966.13,252.49,93.11,337.27,0.7567,-1,-1,-1
757,74,846.60,156.82,125.22,523.87,0.8022,-1,-1,-1
758,75,471.93,35.12,350.01,868.77,0.8793,-1,-1,-1
758,71,364.61,130.25,215.43,588.07,0.7723,-1,-1,-1
758,78,1037.51,229.06,104.18,334.66,0.7045,-1,-1,-1
758,80,969.48,251.53,96.55,342.46,0.7991,-1,-1,-1
758,74,846.47,162.09,126.14,522.47,0.8244,-1,-1,-1
759,75,446.11,33.63,351.20,879.54,0.8466,-1,-1,-1
759,71,361.25,131.89,216.74,595.52,0.7958,-1,-1,-1
759,78,1041.89,229.74,107.28,344.02,0.7294,-1,-1,-1
759,80,971.11,254.25,98.50,343.59,0.8125,-1,-1,-1
759,74,845.23,166.77,127.23,523.58,0.8311,-1,-1,-1
760,75,424.85,38.56,347.16,883.03,0.7886,-1,-1,-1
760,71,358.25,130.38,219.55,608.14,0.7834,-1,-1,-1
760,78,1045.48,228.98,110.92,357.95,0.7447,-1,-1,-1
760,80,973.97,255.58,100.92,347.21,0.8079,-1,-1,-1
760,74,844.04,169.70,128.18,524.57,0.8298,-1,-1,-1
761,75,400.31,40.94,347.75,891.64,0.7625,-1,-1,-1
761,71,356.51,131.75,218.23,610.29,0.7331,-1,-1,-1
761,78,1050.36,229.04,111.65,362.97,0.7628,-1,-1,-1
761,80,977.66,256.83,103.11,349.75,0.8297,-1,-1,-1
761,74,844.64,171.93,129.10,527.02,0.8356,-1,-1,-1
761,83,708.41,201.18,143.19,452.01,0.8251,-1,-1,-1
762,75,382.51,39.76,349.80,900.11,0.7497,-1,-1,-1
762,71,350.28,134.15,217.28,613.39,0.7184,-1,-1,-1
762,78,1054.79,229.96,110.85,364.30,0.7785,-1,-1,-1
762,80,980.20,252.80,106.96,356.50,0.8051,-1,-1,-1
762,74,844.63,173.40,129.75,528.27,0.8351,-1,-1,-1
762,83,709.92,202.11,139.57,440.32,0.8180,-1,-1,-1
763,75,359.29,38.28,354.08,909.44,0.6406,-1,-1,-1
763,71,335.88,137.36,214.61,613.21,0.7549,-1,-1,-1
763,78,1059.95,230.67,111.20,366.94,0.7900,-1,-1,-1
763,80,985.08,251.35,110.44,360.29,0.8006,-1,-1,-1
763,74,846.69,173.62,129.55,526.09,0.8246,-1,-1,-1
763,83,709.82,203.53,142.06,447.50,0.8338,-1,-1,-1
764,75,339.17,38.03,359.97,916.97,0.8510,-1,-1,-1
764,71,319.22,124.06,219.25,635.07,0.5560,-1,-1,-1
764,78,1064.43,229.69,111.83,372.62,0.7762,-1,-1,-1
764,80,989.95,250.05,114.00,364.15,0.8012,-1,-1,-1
764,74,848.12,173.26,130.86,529.44,0.8134,-1,-1,-1
764,83,712.74,205.55,143.12,450.47,0.8353,-1,-1,-1
765,75,329.70,36.82,366.06,924.81,0.8616,-1,-1,-1
765,78,1070.74,228.90,111.56,374.98,0.7164,-1,-1,-1
765,80,994.21,250.81,117.68,368.41,0.7743,-1,-1,-1
765,74,852.56,170.49,130.78,523.53,0.8031,-1,-1,-1
765,83,715.38,207.70,142.91,449.32,0.8442,-1,-1,-1
766,75,318.75,34.87,371.97,928.81,0.9034,-1,-1,-1
766,78,1076.16,229.39,111.78,378.64,0.6851,-1,-1,-1
766,80,995.19,250.28,121.71,373.84,0.7989,-1,-1,-1
766,74,856.83,168.35,129.85,516.16,0.8125,-1,-1,-1
766,83,717.93,210.05,142.07,446.26,0.8416,-1,-1,-1
767,75,305.87,32.81,379.40,935.00,0.9007,-1,-1,-1
767,78,1085.55,227.12,114.55,386.58,0.7386,-1,-1,-1
767,80,995.33,250.41,126.97,378.89,0.8228,-1,-1,-1
767,74,858.36,164.95,130.38,514.01,0.8092,-1,-1,-1
767,83,719.61,210.86,141.07,442.60,0.8457,-1,-1,-1
767,84,638.39,272.69,91.21,341.50,0.7333,-1,-1,-1
768,75,290.68,31.49,387.03,940.26,0.9039,-1,-1,-1
768,78,1089.93,226.13,116.72,391.10,0.7685,-1,-1,-1
768,80,997.84,251.46,131.93,380.56,0.8123,-1,-1,-1
768,74,859.23,161.26,131.31,515.01,0.8117,-1,-1,-1
768,83,720.81,208.95,140.52,441.16,0.8234,-1,-1,-1
768,84,638.21,269.55,91.37,341.10,0.7522,-1,-1,-1
769,75,271.31,30.77,396.20,948.62,0.9094,-1,-1,-1
769,78,1090.15,226.30,117.43,395.27,0.7569,-1,-1,-1
769,80,998.60,251.87,138.14,384.84,0.8257,-1,-1,-1
769,74,858.29,158.96,133.05,517.31,0.8253,-1,-1,-1
769,83,721.23,208.09,139.83,439.74,0.8094,-1,-1,-1
769,84,636.49,266.28,93.14,346.39,0.7796,-1,-1,-1
770,75,248.51,26.81,406.57,960.50,0.8976,-1,-1,-1
770,78,1089.70,224.56,117.65,401.82,0.7136,-1,-1,-1
770,80,997.92,251.02,144.01,389.34,0.8340,-1,-1,-1
770,74,857.70,156.33,135.06,519.65,0.8249,-1,-1,-1
770,83,722.10,206.18,139.21,439.20,0.8267,-1,-1,-1
770,84,635.27,264.89,93.27,345.06,0.7875,-1,-1,-1
771,75,221.42,16.44,418.60,980.61,0.8926,-1,-1,-1
771,78,1091.12,221.16,117.66,408.26,0.7146,-1,-1,-1
771,80,995.37,246.39,150.10,395.61,0.8278,-1,-1,-1
771,74,854.46,153.68,136.99,520.31,0.8573,-1,-1,-1
771,83,719.19,199.62,139.76,442.83,0.8494,-1,-1,-1
771,84,633.43,256.80,94.43,347.08,0.7393,-1,-1,-1
772,75,197.08,10.92,423.65,984.10,0.8889,-1,-1,-1
772,78,1091.05,219.16,117.48,412.05,0.7857,-1,-1,-1
772,80,987.95,244.48,156.23,402.03,0.8342,-1,-1,-1
772,74,850.85,152.74,138.90,522.84,0.8601,-1,-1,-1
772,83,719.67,200.87,138.40,440.43,0.8348,-1,-1,-1
772,84,628.46,257.24,96.44,350.98,0.7896,-1,-1,-1
773,75,174.05,10.03,414.90,956.71,0.8627,-1,-1,-1
773,78,1090.41,215.34,118.39,418.07,0.7976,-1,-1,-1
773,80,982.22,241.35,161.99,408.06,0.8424,-1,-1,-1
773,74,846.00,153.56,139.56,523.59,0.8635,-1,-1,-1
773,83,717.16,199.67,137.08,439.54,0.8332,-1,-1,-1
773,84,624.01,257.51,97.50,351.62,0.8120,-1,-1,-1
774,75,145.54,5.88,409.95,948.13,0.8764,-1,-1,-1
774,78,1091.07,212.50,118.83,420.71,0.7753,-1,-1,-1
774,80,978.15,236.23,166.98,413.03,0.8589,-1,-1,-1
774,74,839.90,151.53,140.94,528.23,0.8138,-1,-1,-1
774,83,712.34,194.06,136.62,440.91,0.8314,-1,-1,-1
774,84,619.37,255.80,98.03,349.77,0.7972,-1,-1,-1
774,85,428.07,66.75,199.78,752.02,0.5840,-1,-1,-1
775,75,116.30,3.30,406.36,951.13,0.8709,-1,-1,-1
775,78,1088.47,208.17,120.02,424.23,0.7980,-1,-1,-1
775,80,974.39,230.64,171.07,416.05,0.8610,-1,-1,-1
775,74,830.02,151.84,139.61,526.59,0.7834,-1,-1,-1
775,83,708.27,190.09,136.97,443.51,0.8174,-1,-1,-1
775,84,614.26,250.60,101.04,357.35,0.7793,-1,-1,-1
775,85,412.16,57.62,205.12,771.01,0.7690,-1,-1,-1
776,75,88.21,0.90,404.68,961.55,0.8844,-1,-1,-1
776,78,1086.92,203.02,121.46,429.23,0.8109,-1,-1,-1
776,80,968.94,225.81,175.05,420.52,0.8485,-1,-1,-1
776,74,821.08,151.40,140.00,528.48,0.7804,-1,-1,-1
776,83,701.64,188.72,136.99,443.68,0.8011,-1,-1,-1
776,84,607.33,247.77,102.53,359.68,0.7792,-1,-1,-1
776,85,397.29,48.00,208.89,781.70,0.7164,-1,-1,-1
777,75,67.53,0.74,398.57,961.14,0.8973,-1,-1,-1
777,78,1086.92,199.41,122.84,431.01,0.8342,-1,-1,-1
777,80,962.99,222.29,178.20,425.22,0.8348,-1,-1,-1
777,74,815.49,151.91,140.30,528.84,0.8012,-1,-1,-1
777,83,694.40,190.71,136.79,442.46,0.7899,-1,-1,-1
777,84,598.12,245.91,104.85,365.82,0.7137,-1,-1,-1
777,85,376.16,41.43,215.19,798.43,0.7781,-1,-1,-1
778,75,44.16,1.71,397.33,975.76,0.8957,-1,-1,-1
778,78,1086.10,192.93,125.97,440.98,0.8311,-1,-1,-1
778,80,956.72,219.91,179.97,428.43,0.8406,-1,-1,-1
778,74,812.60,152.53,140.27,528.65,0.8065,-1,-1,-1
778,83,684.02,190.37,138.12,447.18,0.7419,-1,-1,-1
778,84,590.74,245.40,104.70,363.94,0.7243,-1,-1,-1
778,85,359.68,36.43,225.30,826.68,0.8289,-1,-1,-1
779,75,18.48,1.21,398.51,997.03,0.8965,-1,-1,-1
779,78,1082.51,193.35,126.16,442.19,0.8097,-1,-1,-1
779,80,952.06,216.14,181.68,434.73,0.8365,-1,-1,-1
779,74,804.84,154.30,139.79,524.42,0.7421,-1,-1,-1
779,83,675.63,190.85,136.71,441.94,0.7596,-1,-1,-1
779,84,580.44,243.72,106.46,366.23,0.7650,-1,-1,-1
779,85,348.70,31.60,235.14,855.70,0.8167,-1,-1,-1
780,75,-5.31,0.74,393.32,1000.60,0.9101,-1,-1,-1
780,78,1078.59,192.49,127.87,447.92,0.8100,-1,-1,-1
780,80,946.79,213.86,182.00,438.57,0.8449,-1,-1,-1
780,74,795.20,154.52,141.52,529.15,0.8081,-1,-1,-1
780,83,666.45,189.42,138.75,448.02,0.7397,-1,-1,-1
780,84,572.52,242.97,106.22,362.67,0.6802,-1,-1,-1
780,85,335.59,26.34,244.09,881.74,0.8464,-1,-1,-1
781,75,-28.52,2.44,389.32,1006.53,0.9110,-1,-1,-1
781,78,1078.05,191.35,130.45,454.52,0.8179,-1,-1,-1
781,80,943.28,212.40,182.79,445.58,0.8393,-1,-1,-1
781,74,791.31,153.23,142.11,531.60,0.8178,-1,-1,-1
781,83,668.85,189.61,136.91,447.52,0.6141,-1,-1,-1
781,84,566.68,242.36,105.48,360.51,0.6032,-1,-1,-1
781,85,325.34,19.99,250.02,893.05,0.8435,-1,-1,-1
782,75,-41.80,3.80,381.41,1006.77,0.9090,-1,-1,-1
782,78,1078.78,189.58,133.39,459.11,0.8124,-1,-1,-1
782,80,940.72,209.79,183.96,453.90,0.8712,-1,-1,-1
782,74,788.01,156.07,141.55,527.56,0.8168,-1,-1,-1
782,83,669.21,190.48,135.48,445.88,0.6774,-1,-1,-1
782,84,556.07,241.72,110.10,377.47,0.6245,-1,-1,-1
782,85,309.30,11.65,259.96,913.09,0.8664,-1,-1,-1
783,75,-52.52,3.30,373.52,1012.75,0.9017,-1,-1,-1
783,78,1077.91,189.68,135.60,460.69,0.8294,-1,-1,-1
783,80,939.25,209.01,184.56,460.79,0.8782,-1,-1,-1
783,74,782.88,156.07,142.04,524.73,0.8088,-1,-1,-1
783,83,668.02,194.16,133.97,444.43,0.6677,-1,-1,-1
783,84,543.60,241.71,112.77,383.63,0.6257,-1,-1,-1
783,85,284.05,2.70,273.68,939.36,0.8584,-1,-1,-1
784,75,-58.51,4.61,362.88,1013.92,0.9015,-1,-1,-1
784,78,1076.58,189.45,139.09,466.65,0.8240,-1,-1,-1
784,80,938.23,207.07,185.12,467.60,0.8681,-1,-1,-1
784,74,781.83,155.33,141.58,523.93,0.7934,-1,-1,-1
784,83,669.82,196.08,131.93,442.45,0.7079,-1,-1,-1
784,84,540.24,241.44,113.34,386.86,0.5871,-1,-1,-1
784,85,265.49,-0.36,286.84,963.56,0.8617,-1,-1,-1
785,75,-62.84,7.22,351.82,1016.87,0.8981,-1,-1,-1
785,78,1076.69,186.34,143.15,476.11,0.8280,-1,-1,-1
785,80,937.33,205.60,185.06,472.15,0.8453,-1,-1,-1
785,74,781.22,150.71,141.77,526.55,0.7902,-1,-1,-1
785,83,672.38,195.95,129.90,441.18,0.7288,-1,-1,-1
785,84,537.02,238.77,114.60,389.61,0.6670,-1,-1,-1
785,85,246.79,-0.79,296.33,978.72,0.8931,-1,-1,-1
786,75,-64.54,7.86,339.95,1018.47,0.8743,-1,-1,-1
786,78,1077.29,182.11,147.71,487.11,0.8263,-1,-1,-1
786,80,937.32,203.36,186.87,482.17,0.8298,-1,-1,-1
786,74,782.20,148.03,141.24,524.94,0.8160,-1,-1,-1
786,83,673.63,196.26,128.32,440.63,0.7290,-1,-1,-1
786,84,516.89,233.89,117.76,395.76,0.6940,-1,-1,-1
786,85,231.57,-1.68,304.53,990.35,0.8784,-1,-1,-1
787,75,-64.64,26.97,322.25,1002.74,0.8780,-1,-1,-1
787,78,1081.20,178.24,151.38,495.10,0.8361,-1,-1,-1
787,80,939.56,204.34,186.91,485.84,0.8345,-1,-1,-1
787,74,785.44,145.16,140.98,526.22,0.8247,-1,-1,-1
787,83,674.57,195.01,127.10,441.15,0.7785,-1,-1,-1
787,84,520.31,234.31,116.76,393.27,0.6557,-1,-1,-1
787,85,219.83,-2.22,312.76,1001.36,0.8834,-1,-1,-1
787,86,617.28,248.54,91.75,367.36,0.6548,-1,-1,-1
788,75,-63.40,48.54,305.00,987.04,0.8716,-1,-1,-1
788,78,1085.12,178.12,154.64,501.54,0.8460,-1,-1,-1
788,80,942.15,207.26,188.04,491.31,0.8563,-1,-1,-1
788,74,788.47,145.76,140.12,524.34,0.8244,-1,-1,-1
788,83,675.02,192.08,125.91,441.58,0.7532,-1,-1,-1
788,84,516.22,234.58,117.16,397.52,0.6460,-1,-1,-1
788,85,206.52,-1.63,318.53,1004.36,0.8982,-1,-1,-1
788,86,612.68,250.55,92.59,370.07,0.7316,-1,-1,-1
789,75,-60.47,74.86,288.95,972.45,0.8653,-1,-1,-1
789,78,1083.14,174.03,157.82,510.43,0.8342,-1,-1,-1
789,80,940.76,209.70,190.63,497.90,0.8387,-1,-1,-1
789,74,789.74,150.13,138.28,519.31,0.8369,-1,-1,-1
789,83,677.84,193.07,126.94,446.89,0.7678,-1,-1,-1
789,84,510.69,233.48,116.77,401.90,0.6086,-1,-1,-1
789,85,192.98,-1.96,326.08,1013.75,0.9006,-1,-1,-1
789,86,609.42,248.12,95.22,379.55,0.7482,-1,-1,-1
790,75,-61.10,93.45,274.29,964.11,0.8349,-1,-1,-1
790,78,1084.55,170.57,160.05,515.80,0.8420,-1,-1,-1
790,80,940.02,203.96,196.37,508.68,0.7915,-1,-1,-1
790,74,791.71,150.15,137.92,519.19,0.8471,-1,-1,-1
790,83,683.68,188.32,126.82,448.61,0.7493,-1,-1,-1
790,84,509.27,232.31,115.45,402.04,0.5647,-1,-1,-1
790,85,183.63,-1.95,334.62,1025.06,0.8937,-1,-1,-1
790,86,609.50,248.50,96.81,384.39,0.7294,-1,-1,-1
791,75,-61.93,103.90,260.29,958.64,0.8022,-1,-1,-1
791,78,1092.66,168.78,162.22,519.17,0.7853,-1,-1,-1
791,80,952.73,199.80,200.30,521.46,0.8015,-1,-1,-1
791,74,796.83,150.98,137.95,521.31,0.8245,-1,-1,-1
791,83,689.99,193.28,125.99,444.48,0.7750,-1,-1,-1
791,84,510.80,231.52,117.12,409.50,0.6057,-1,-1,-1
791,85,172.94,-1.33,343.85,1036.67,0.8914,-1,-1,-1
791,86,612.02,249.61,98.14,387.22,0.7470,-1,-1,-1
792,75,-63.17,119.04,244.83,948.81,0.5293,-1,-1,-1
792,78,1103.76,166.76,160.19,508.61,0.7372,-1,-1,-1
792,80,963.66,197.89,202.75,527.33,0.8236,-1,-1,-1
792,74,803.52,153.83,136.92,520.06,0.8028,-1,-1,-1
792,83,695.20,196.40,127.02,447.80,0.8057,-1,-1,-1
792,84,511.50,233.77,117.66,412.63,0.6413,-1,-1,-1
792,85,172.00,-0.23,354.97,1046.86,0.8589,-1,-1,-1
792,86,616.97,250.89,99.57,391.06,0.7984,-1,-1,-1
793,78,1111.51,165.86,164.00,522.29,0.8170,-1,-1,-1
793,80,970.20,194.62,206.22,534.07,0.8463,-1,-1,-1
793,74,811.48,153.40,137.72,524.19,0.8003,-1,-1,-1
793,83,700.71,195.19,127.58,449.48,0.8049,-1,-1,-1
793,84,514.52,233.62,115.01,404.37,0.5560,-1,-1,-1
793,85,164.22,1.06,368.00,1055.06,0.8892,-1,-1,-1
793,86,621.72,252.05,101.17,394.31,0.7888,-1,-1,-1
793,88,-3.51,138.51,58.15,433.14,0.5688,-1,-1,-1
794,78,1118.26,161.63,167.38,534.58,0.8547,-1,-1,-1
794,80,980.38,189.32,211.34,543.83,0.8462,-1,-1,-1
794,74,817.40,155.13,138.53,526.37,0.7789,-1,-1,-1
794,83,708.29,196.08,126.79,445.94,0.7988,-1,-1,-1
794,84,518.39,232.72,116.56,411.17,0.6185,-1,-1,-1
794,85,152.16,1.61,383.83,1070.31,0.9023,-1,-1,-1
794,86,625.49,254.14,103.12,395.77,0.7142,-1,-1,-1
794,88,-6.47,155.07,54.96,411.71,0.3678,-1,-1,-1
794,89,-4.70,474.23,104.29,579.31,0.5622,-1,-1,-1
795,78,1131.29,157.11,168.36,539.32,0.8197,-1,-1,-1
795,80,989.09,180.16,218.62,559.52,0.8167,-1,-1,-1
795,74,831.10,157.42,138.33,527.67,0.8232,-1,-1,-1
795,83,719.81,196.84,127.53,449.37,0.7715,-1,-1,-1
795,84,520.21,234.53,116.54,414.75,0.6668,-1,-1,-1
795,85,140.07,1.22,396.85,1073.87,0.9214,-1,-1,-1
795,86,628.62,256.14,105.27,397.04,0.7390,-1,-1,-1
795,88,-10.31,176.00,52.41,397.59,0.3064,-1,-1,-1
795,89,-2.35,530.66,93.36,519.08,0.4803,-1,-1,-1
796,78,1141.74,158.77,171.91,554.54,0.8438,-1,-1,-1
796,80,997.75,179.88,221.54,562.34,0.8531,-1,-1,-1
796,74,841.72,160.49,138.58,529.25,0.8365,-1,-1,-1
796,83,729.97,200.11,128.34,451.22,0.8064,-1,-1,-1
796,84,531.30,235.86,110.62,389.56,0.5599,-1,-1,-1
796,85,125.35,0.96,410.22,1074.20,0.9201,-1,-1,-1
796,86,635.23,256.13,107.02,401.84,0.7112,-1,-1,-1
796,89,-2.94,549.10,87.81,489.51,0.5385,-1,-1,-1
797,78,1153.83,159.64,176.20,576.63,0.8541,-1,-1,-1
797,80,1006.58,179.92,227.61,571.98,0.8469,-1,-1,-1
797,74,850.96,167.05,137.30,527.22,0.8139,-1,-1,-1
797,83,741.59,205.23,128.93,451.79,0.7888,-1,-1,-1
797,84,538.19,238.04,104.66,361.73,0.5606,-1,-1,-1
797,85,109.01,1.29,424.75,1073.31,0.9131,-1,-1,-1
797,86,634.95,258.71,110.60,406.83,0.7168,-1,-1,-1
798,78,1165.35,161.63,179.30,593.55,0.8343,-1,-1,-1
798,80,1010.20,182.08,235.94,586.45,0.8452,-1,-1,-1
798,74,858.03,171.28,137.10,529.13,0.8024,-1,-1,-1
798,83,749.36,210.31,127.93,446.80,0.8196,-1,-1,-1
798,84,543.28,241.85,99.91,337.57,0.5450,-1,-1,-1
798,85,94.79,2.13,440.29,1068.02,0.9108,-1,-1,-1
798,86,639.93,260.15,113.46,411.69,0.7292,-1,-1,-1
799,78,1174.76,162.99,181.97,610.57,0.8224,-1,-1,-1
799,80,1011.18,183.96,245.19,603.40,0.8559,-1,-1,-1
799,74,863.38,177.08,137.00,527.76,0.7983,-1,-1,-1
799,83,752.67,214.57,128.57,446.81,0.8061,-1,-1,-1
799,84,544.37,245.42,104.61,346.70,0.5390,-1,-1,-1
799,85,83.86,2.53,457.92,1066.34,0.9041,-1,-1,-1
799,86,644.95,262.02,115.11,414.52,0.7690,-1,-1,-1
800,78,1184.31,164.38,182.38,618.82,0.8054,-1,-1,-1
800,80,1014.83,185.85,253.47,619.81,0.8321,-1,-1,-1
800,74,868.06,182.56,136.65,527.32,0.7830,-1,-1,-1
800,83,758.53,222.00,128.15,443.54,0.8024,-1,-1,-1
800,84,544.20,249.04,109.07,354.54,0.4935,-1,-1,-1
800,85,77.93,2.28,473.37,1061.42,0.9076,-1,-1,-1
800,86,646.75,264.29,116.69,417.99,0.7709,-1,-1,-1
801,78,1192.25,164.34,182.86,628.02,0.8160,-1,-1,-1
801,80,1018.25,188.34,259.99,630.87,0.8488,-1,-1,-1
801,74,870.44,190.37,135.80,525.81,0.7764,-1,-1,-1
801,83,762.95,228.18,127.59,441.53,0.8329,-1,-1,-1
801,84,543.75,251.51,111.29,351.79,0.4641,-1,-1,-1
801,85,70.33,3.27,489.97,1063.89,0.9127,-1,-1,-1
801,86,647.68,267.39,117.88,419.80,0.7919,-1,-1,-1
802,78,1200.11,164.84,184.65,640.25,0.8241,-1,-1,-1
802,80,1019.20,191.72,267.41,640.61,0.8426,-1,-1,-1
802,74,880.21,191.80,135.86,526.87,0.8149,-1,-1,-1
802,83,769.31,231.55,125.59,438.05,0.8249,-1,-1,-1
802,84,543.76,254.30,114.64,354.54,0.4758,-1,-1,-1
802,85,66.64,3.82,509.36,1073.42,0.8967,-1,-1,-1
802,86,648.06,268.87,119.10,421.51,0.7841,-1,-1,-1
803,78,1210.38,161.38,187.11,654.26,0.8483,-1,-1,-1
803,80,1019.53,192.70,275.25,650.52,0.8564,-1,-1,-1
803,74,886.46,192.44,136.87,531.45,0.8154,-1,-1,-1
803,83,776.02,234.32,123.88,436.51,0.8210,-1,-1,-1
803,84,545.33,254.42,113.56,342.77,0.6080,-1,-1,-1
803,85,61.64,3.53,523.47,1074.58,0.8458,-1,-1,-1
803,86,647.63,269.99,121.33,427.54,0.7782,-1,-1,-1
804,78,1224.25,162.61,186.82,658.69,0.8440,-1,-1,-1
804,80,1014.45,191.38,288.42,673.51,0.8705,-1,-1,-1
804,74,890.36,191.30,137.79,534.14,0.8472,-1,-1,-1
804,83,781.94,230.84,122.84,435.91,0.8377,-1,-1,-1
804,84,542.03,254.98,116.34,345.56,0.4901,-1,-1,-1
804,85,46.68,3.20,534.25,1077.90,0.6963,-1,-1,-1
804,86,646.98,270.75,123.00,430.52,0.7676,-1,-1,-1
805,78,1237.85,159.27,188.42,663.15,0.8532,-1,-1,-1
805,80,1016.02,189.33,297.13,686.24,0.8710,-1,-1,-1
805,74,894.25,189.76,138.35,536.69,0.8337,-1,-1,-1
805,83,786.31,229.58,122.18,436.72,0.8299,-1,-1,-1
805,84,543.55,254.55,113.28,325.34,0.5692,-1,-1,-1
805,85,-13.46,3.15,522.63,1073.32,0.6321,-1,-1,-1
805,86,649.30,270.94,125.59,437.79,0.8045,-1,-1,-1
805,90,375.59,34.36,246.77,789.66,0.6831,-1,-1,-1
806,78,1249.53,153.89,191.75,672.69,0.8648,-1,-1,-1
806,80,1018.56,182.59,306.65,703.60,0.8763,-1,-1,-1
806,74,899.54,187.08,137.85,537.70,0.8122,-1,-1,-1
806,83,790.11,227.42,122.41,441.19,0.7982,-1,-1,-1
806,84,543.14,252.68,113.31,314.66,0.6715,-1,-1,-1
806,85,9.66,0.92,529.07,1074.13,0.7612,-1,-1,-1
806,86,650.48,270.40,127.08,442.52,0.8316,-1,-1,-1
806,90,356.08,28.86,251.23,806.05,0.4086,-1,-1,-1
807,78,1260.83,145.88,196.64,686.03,0.8719,-1,-1,-1
807,80,1024.90,176.01,312.80,716.36,0.8726,-1,-1,-1
807,74,903.26,184.54,137.72,538.91,0.8236,-1,-1,-1
807,83,793.44,226.94,123.08,447.61,0.8085,-1,-1,-1
807,84,537.82,248.91,118.18,317.77,0.6205,-1,-1,-1
807,85,12.12,0.35,532.49,1073.66,0.8728,-1,-1,-1
807,86,651.60,269.50,128.70,447.10,0.8278,-1,-1,-1
808,78,1272.95,138.44,202.46,700.58,0.8791,-1,-1,-1
808,80,1030.57,169.30,319.18,730.89,0.8952,-1,-1,-1
808,74,906.10,185.42,134.94,530.84,0.7927,-1,-1,-1
808,83,798.62,224.41,123.06,450.21,0.8076,-1,-1,-1
808,84,529.52,245.32,127.64,331.39,0.6434,-1,-1,-1
808,85,7.15,0.23,533.72,1073.24,0.9095,-1,-1,-1
808,86,654.50,268.87,130.03,450.70,0.8313,-1,-1,-1
809,78,1284.03,129.37,207.86,713.43,0.8594,-1,-1,-1
809,80,1037.06,160.98,323.85,742.43,0.8924,-1,-1,-1
809,74,911.11,182.86,133.37,524.20,0.8240,-1,-1,-1
809,83,801.51,222.02,121.59,446.88,0.8091,-1,-1,-1
809,84,523.45,239.76,143.18,364.01,0.6300,-1,-1,-1
809,85,-3.35,1.41,529.84,1068.89,0.9245,-1,-1,-1
809,86,654.50,266.68,131.85,454.72,0.8061,-1,-1,-1
810,78,1292.89,120.39,214.83,729.45,0.8830,-1,-1,-1
810,80,1043.41,149.31,329.97,760.12,0.8915,-1,-1,-1
810,74,913.49,181.11,134.31,525.64,0.7969,-1,-1,-1
810,83,804.11,220.39,121.47,448.08,0.8102,-1,-1,-1
810,84,504.16,235.29,176.90,453.93,0.7273,-1,-1,-1
810,85,-16.66,1.96,524.10,1066.95,0.8875,-1,-1,-1
810,86,653.90,264.84,134.41,462.92,0.8280,-1,-1,-1
811,78,1300.44,116.37,222.01,745.76,0.9014,-1,-1,-1
811,80,1050.65,144.28,333.65,772.72,0.8862,-1,-1,-1
811,74,914.96,182.51,133.78,521.28,0.7954,-1,-1,-1
811,83,804.73,221.73,120.74,446.61,0.8243,-1,-1,-1
811,84,493.18,233.85,189.21,493.78,0.8199,-1,-1,-1
811,85,-35.68,3.48,514.16,1065.98,0.9157,-1,-1,-1
811,86,651.71,266.86,135.17,464.68,0.8605,-1,-1,-1
812,78,1308.93,111.93,231.33,769.37,0.8952,-1,-1,-1
812,80,1057.35,137.83,336.76,785.84,0.8710,-1,-1,-1
812,74,914.85,180.35,135.22,524.80,0.7911,-1,-1,-1
812,83,802.72,220.26,120.30,446.90,0.8002,-1,-1,-1
812,84,488.05,230.17,195.10,516.62,0.8191,-1,-1,-1
812,85,-52.53,1.99,503.29,1069.93,0.8375,-1,-1,-1
812,86,651.46,265.06,136.80,469.30,0.8226,-1,-1,-1
812,90,312.35,75.47,234.45,768.80,0.7698,-1,-1,-1
813,78,1314.00,107.34,241.30,796.20,0.8928,-1,-1,-1
813,80,1063.09,128.84,339.17,798.06,0.8735,-1,-1,-1
813,74,915.04,176.89,135.66,524.70,0.8093,-1,-1,-1
813,83,799.88,218.77,120.21,447.65,0.8014,-1,-1,-1
813,84,483.93,223.60,197.54,531.84,0.8090,-1,-1,-1
813,85,-64.08,2.20,486.09,1064.10,0.6380,-1,-1,-1
813,86,645.98,261.85,140.67,477.50,0.7835,-1,-1,-1
813,90,287.60,70.65,241.06,798.06,0.8574,-1,-1,-1
814,78,1319.71,102.02,249.20,817.80,0.8866,-1,-1,-1
814,80,1067.44,113.19,349.22,833.28,0.8697,-1,-1,-1
814,74,913.93,174.64,136.48,524.88,0.7996,-1,-1,-1
814,83,796.99,218.05,120.44,448.14,0.8030,-1,-1,-1
814,84,480.26,218.82,197.83,541.67,0.8188,-1,-1,-1
814,85,-64.35,1.38,470.29,1058.30,0.7490,-1,-1,-1
814,86,637.45,258.22,145.21,483.51,0.7931,-1,-1,-1
814,90,261.80,61.57,247.64,819.85,0.8844,-1,-1,-1
815,78,1329.28,100.67,252.65,822.58,0.8687,-1,-1,-1
815,80,1075.29,106.60,358.02,869.37,0.8696,-1,-1,-1
815,74,912.58,174.14,137.57,527.39,0.7992,-1,-1,-1
815,83,794.98,218.14,120.81,449.16,0.7973,-1,-1,-1
815,84,476.97,216.71,197.44,549.62,0.8126,-1,-1,-1
815,85,-89.25,3.76,448.61,1057.62,0.3464,-1,-1,-1
815,86,635.56,255.19,149.11,490.43,0.7753,-1,-1,-1
815,90,238.70,52.49,253.95,835.82,0.8864,-1,-1,-1
816,78,1333.36,98.18,258.70,835.22,0.8635,-1,-1,-1
816,80,1080.76,106.73,361.77,896.19,0.8698,-1,-1,-1
816,74,911.61,175.71,138.21,528.32,0.8123,-1,-1,-1
816,83,791.70,220.39,121.84,449.95,0.8061,-1,-1,-1
816,84,471.52,217.98,196.26,554.08,0.8394,-1,-1,-1
816,86,634.55,252.89,151.80,495.02,0.7763,-1,-1,-1
816,90,225.24,44.23,258.90,847.55,0.8954,-1,-1,-1
816,92,1055.31,318.00,68.75,244.68,0.5713,-1,-1,-1
817,78,1337.82,94.64,270.03,866.58,0.8665,-1,-1,-1
817,80,1084.18,107.51,367.94,929.78,0.8779,-1,-1,-1
817,74,911.99,176.94,138.55,527.60,0.8214,-1,-1,-1
817,83,787.72,223.13,122.57,449.15,0.8148,-1,-1,-1
817,84,463.96,217.24,195.96,558.71,0.8513,-1,-1,-1
817,86,633.93,250.15,153.54,500.15,0.7744,-1,-1,-1
817,90,214.71,38.90,264.35,859.16,0.8957,-1,-1,-1
817,92,1057.02,308.32,71.85,255.41,0.5906,-1,-1,-1
818,78,1341.21,89.13,279.26,890.51,0.8674,-1,-1,-1
818,80,1091.37,106.38,364.74,936.52,0.8848,-1,-1,-1
818,74,911.24,179.75,138.83,528.74,0.8163,-1,-1,-1
818,83,784.67,226.13,122.36,445.64,0.8470,-1,-1,-1
818,84,454.67,217.62,197.45,565.24,0.8724,-1,-1,-1
818,86,629.66,248.59,155.51,504.29,0.8077,-1,-1,-1
818,90,202.59,33.38,274.36,887.52,0.8934,-1,-1,-1
818,92,1056.68,305.61,73.22,258.92,0.6073,-1,-1,-1
819,78,1343.38,80.71,289.58,917.31,0.8668,-1,-1,-1
819,80,1097.68,106.11,364.19,948.62,0.8785,-1,-1,-1
819,74,906.40,181.08,139.30,532.45,0.8111,-1,-1,-1
819,83,780.79,227.06,122.98,444.33,0.8613,-1,-1,-1
819,84,443.57,216.75,198.90,569.88,0.8665,-1,-1,-1
819,86,622.13,248.18,158.29,512.32,0.7943,-1,-1,-1
819,90,186.90,26.68,286.23,923.21,0.8984,-1,-1,-1
819,92,1056.27,304.65,74.47,261.00,0.5704,-1,-1,-1
820,78,1344.91,69.99,298.34,938.23,0.8612,-1,-1,-1
820,80,1104.18,104.12,367.09,970.19,0.8766,-1,-1,-1
820,74,904.29,181.74,139.69,535.63,0.8086,-1,-1,-1
820,83,775.90,226.95,123.94,442.27,0.8552,-1,-1,-1
820,84,433.46,215.83,201.10,574.93,0.8549,-1,-1,-1
820,86,619.39,243.12,161.67,521.12,0.8117,-1,-1,-1
820,90,170.94,19.51,297.80,960.13,0.9026,-1,-1,-1
820,92,1059.54,304.79,75.49,260.95,0.5495,-1,-1,-1
821,78,1350.77,55.07,304.15,951.26,0.8477,-1,-1,-1
821,80,1113.10,98.52,367.50,981.59,0.8892,-1,-1,-1
821,74,903.89,181.21,140.02,538.37,0.8037,-1,-1,-1
821,83,769.68,225.19,126.06,443.47,0.8540,-1,-1,-1
821,84,426.37,214.80,203.99,581.99,0.8218,-1,-1,-1
821,86,618.91,240.54,164.69,527.02,0.8454,-1,-1,-1
821,90,159.75,13.94,305.96,985.00,0.8985,-1,-1,-1
821,92,1062.89,302.64,77.19,263.04,0.5681,-1,-1,-1
822,78,1358.31,40.07,309.40,968.11,0.8756,-1,-1,-1
822,80,1123.29,85.41,370.68,998.43,0.8873,-1,-1,-1
822,74,904.05,180.93,139.55,537.46,0.8125,-1,-1,-1
822,83,767.45,222.33,128.86,447.17,0.8419,-1,-1,-1
822,84,416.52,212.91,208.42,593.28,0.7860,-1,-1,-1
822,86,614.74,236.36,168.14,532.49,0.8640,-1,-1,-1
822,90,147.04,10.30,311.46,1002.33,0.9046,-1,-1,-1
822,92,1061.53,302.42,78.71,263.11,0.6552,-1,-1,-1
823,78,1370.21,17.25,308.03,965.18,0.8764,-1,-1,-1
823,80,1133.12,67.09,375.13,1016.23,0.8847,-1,-1,-1
823,74,904.75,180.30,139.06,535.39,0.8215,-1,-1,-1
823,83,763.42,217.02,131.86,452.12,0.8347,-1,-1,-1
823,84,410.25,210.58,211.92,603.08,0.8206,-1,-1,-1
823,86,611.68,232.48,172.01,540.52,0.8698,-1,-1,-1
823,90,133.76,4.66,317.97,1023.52,0.9097,-1,-1,-1
823,92,1060.14,301.85,80.43,263.46,0.6932,-1,-1,-1
824,78,1381.48,5.51,309.81,974.48,0.8887,-1,-1,-1
824,80,1137.95,48.21,380.41,1034.16,0.8800,-1,-1,-1
824,74,905.89,179.37,139.31,535.26,0.8135,-1,-1,-1
824,83,760.58,213.09,134.52,454.93,0.8342,-1,-1,-1
824,84,406.28,206.57,214.60,611.72,0.8359,-1,-1,-1
824,86,607.57,229.03,176.17,550.68,0.8526,-1,-1,-1
824,90,120.13,0.68,325.34,1047.83,0.9031,-1,-1,-1
824,92,1060.91,301.34,82.07,264.08,0.6942,-1,-1,-1
825,78,1392.10,0.41,316.89,1008.15,0.8785,-1,-1,-1
825,80,1143.50,29.91,387.98,1051.81,0.8809,-1,-1,-1
825,74,909.74,181.38,139.53,532.55,0.8197,-1,-1,-1
825,83,758.63,210.08,136.87,454.54,0.8215,-1,-1,-1
825,84,401.66,203.19,216.73,618.99,0.8375,-1,-1,-1
825,86,602.89,227.35,181.62,566.37,0.8474,-1,-1,-1
825,90,107.15,-0.59,327.37,1050.78,0.8822,-1,-1,-1
825,92,1062.48,300.89,83.48,264.49,0.6615,-1,-1,-1
826,78,1401.60,-1.04,323.45,1045.07,0.8552,-1,-1,-1
826,80,1151.01,14.68,398.00,1066.20,0.8883,-1,-1,-1
826,74,910.73,177.59,140.85,536.79,0.8175,-1,-1,-1
826,83,757.41,208.74,138.92,454.29,0.8245,-1,-1,-1
826,84,396.96,200.38,219.35,627.46,0.7983,-1,-1,-1
826,86,599.24,227.25,186.69,580.96,0.8609,-1,-1,-1
826,90,96.24,-1.16,327.10,1043.00,0.8825,-1,-1,-1
826,92,1064.69,300.06,85.20,265.04,0.6433,-1,-1,-1
827,78,1421.87,-1.85,324.27,1072.81,0.8656,-1,-1,-1
827,80,1159.08,4.17,409.42,1076.30,0.9006,-1,-1,-1
827,74,913.41,178.35,141.34,533.25,0.8199,-1,-1,-1
827,83,756.10,208.44,140.74,452.99,0.8215,-1,-1,-1
827,84,391.68,197.06,222.12,636.51,0.7826,-1,-1,-1
827,86,596.78,227.45,189.25,587.81,0.8583,-1,-1,-1
827,90,80.82,-0.03,334.44,1062.35,0.8937,-1,-1,-1
827,92,1066.92,298.83,87.02,266.02,0.6529,-1,-1,-1
828,78,1446.31,-2.25,317.95,1077.20,0.8726,-1,-1,-1
828,80,1173.10,0.31,421.09,1075.69,0.8980,-1,-1,-1
828,74,913.95,176.88,142.62,530.67,0.8061,-1,-1,-1
828,83,754.20,207.81,142.73,452.50,0.8277,-1,-1,-1
828,84,385.02,192.23,224.49,645.11,0.8686,-1,-1,-1
828,86,594.84,227.01,191.10,591.88,0.8644,-1,-1,-1
828,90,65.92,-0.54,340.08,1075.11,0.9080,-1,-1,-1
828,92,1068.76,295.67,89.84,270.00,0.6992,-1,-1,-1
829,78,1469.47,-0.26,310.12,1068.92,0.8184,-1,-1,-1
829,80,1187.28,1.85,434.00,1070.43,0.9010,-1,-1,-1
829,74,917.18,175.48,142.83,525.21,0.8102,-1,-1,-1
829,83,755.78,209.60,144.74,452.62,0.8201,-1,-1,-1
829,84,380.68,190.50,225.06,651.86,0.8678,-1,-1,-1
829,86,591.92,230.28,195.22,603.67,0.8412,-1,-1,-1
829,90,53.43,0.30,342.84,1074.70,0.9133,-1,-1,-1
829,92,1074.09,296.94,90.65,268.58,0.7449,-1,-1,-1
830,78,1498.30,-2.00,305.28,1070.21,0.8036,-1,-1,-1
830,80,1200.18,2.02,451.67,1070.30,0.9023,-1,-1,-1
830,74,924.05,179.44,141.46,514.81,0.7809,-1,-1,-1
830,83,760.24,212.94,147.42,452.06,0.7891,-1,-1,-1
830,84,379.52,189.81,225.68,658.12,0.8761,-1,-1,-1
830,86,589.55,230.44,199.88,617.23,0.8521,-1,-1,-1
830,90,39.47,0.38,347.30,1073.12,0.9188,-1,-1,-1
830,92,1078.13,297.61,91.90,268.71,0.7489,-1,-1,-1
831,78,1530.04,-0.88,301.44,1068.97,0.7660,-1,-1,-1
831,80,1214.72,1.25,472.86,1070.14,0.8983,-1,-1,-1
831,74,927.84,177.86,143.07,515.18,0.8060,-1,-1,-1
831,83,762.01,213.60,148.38,451.43,0.8243,-1,-1,-1
831,84,374.99,188.22,228.55,670.89,0.8743,-1,-1,-1
831,86,586.97,229.27,204.02,628.99,0.8535,-1,-1,-1
831,90,28.15,0.28,354.83,1078.06,0.9233,-1,-1,-1
831,92,1082.67,296.29,93.78,269.67,0.7000,-1,-1,-1
832,78,1561.15,-0.08,298.37,1066.94,0.7243,-1,-1,-1
832,80,1221.56,1.11,495.48,1070.76,0.9020,-1,-1,-1
832,74,935.08,178.28,143.42,513.86,0.8073,-1,-1,-1
832,83,763.31,215.32,149.03,449.96,0.8292,-1,-1,-1
832,84,372.67,188.29,230.12,680.08,0.8792,-1,-1,-1
832,86,584.18,227.99,206.25,635.64,0.8488,-1,-1,-1
832,90,24.17,0.15,362.59,1082.31,0.9281,-1,-1,-1
832,92,1086.28,295.38,97.64,278.35,0.6863,-1,-1,-1
833,78,1593.98,-1.22,297.90,1072.21,0.5174,-1,-1,-1
833,80,1234.84,0.31,521.71,1070.83,0.9097,-1,-1,-1
833,74,934.70,174.71,146.45,520.20,0.8088,-1,-1,-1
833,83,763.78,216.49,150.19,448.99,0.8277,-1,-1,-1
833,84,370.38,187.53,232.75,692.40,0.8858,-1,-1,-1
833,86,581.66,227.17,209.29,645.08,0.8505,-1,-1,-1
833,90,23.37,-0.34,368.80,1081.64,0.9265,-1,-1,-1
833,92,1091.64,293.95,98.90,279.32,0.7047,-1,-1,-1
834,78,1654.34,-1.03,225.21,747.13,0.6262,-1,-1,-1
834,80,1242.94,-0.56,548.07,1070.12,0.9190,-1,-1,-1
834,74,939.62,173.51,148.46,526.49,0.8125,-1,-1,-1
834,83,770.02,218.34,151.45,448.12,0.8216,-1,-1,-1
834,84,365.15,187.48,236.59,708.44,0.8657,-1,-1,-1
834,86,579.65,223.81,212.07,653.06,0.8448,-1,-1,-1
834,90,23.64,-0.52,374.18,1078.50,0.9224,-1,-1,-1
834,92,1097.15,296.78,98.45,275.72,0.6410,-1,-1,-1
835,80,1242.08,0.19,571.59,1071.47,0.9125,-1,-1,-1
835,74,941.28,178.25,150.02,525.31,0.7633,-1,-1,-1
835,83,775.47,220.01,153.23,449.30,0.8368,-1,-1,-1
835,84,362.35,188.75,239.07,720.80,0.8785,-1,-1,-1
835,86,579.15,221.43,214.98,661.27,0.8499,-1,-1,-1
835,90,23.47,0.70,378.49,1073.04,0.9278,-1,-1,-1
835,92,1101.68,295.37,101.42,283.00,0.7140,-1,-1,-1
836,80,1243.24,0.05,588.45,1066.35,0.9211,-1,-1,-1
836,74,945.88,182.01,151.55,524.89,0.7518,-1,-1,-1
836,83,782.40,222.91,152.99,448.06,0.8432,-1,-1,-1
836,84,360.58,189.73,240.91,734.21,0.8619,-1,-1,-1
836,86,578.49,220.53,219.39,671.22,0.8579,-1,-1,-1
836,90,21.99,1.38,383.35,1071.16,0.9284,-1,-1,-1
836,92,1111.15,296.07,101.60,283.02,0.7321,-1,-1,-1
837,80,1243.47,2.61,603.88,1065.30,0.9206,-1,-1,-1
837,74,952.07,187.46,151.59,521.32,0.7958,-1,-1,-1
837,83,787.57,224.51,155.01,452.06,0.8335,-1,-1,-1
837,84,360.53,188.88,242.56,746.63,0.8582,-1,-1,-1
837,86,578.33,217.68,223.95,680.60,0.8703,-1,-1,-1
837,90,20.87,1.14,388.38,1070.91,0.9301,-1,-1,-1
837,92,1118.09,296.64,102.62,286.61,0.7708,-1,-1,-1
838,80,1253.91,3.78,615.02,1066.40,0.8835,-1,-1,-1
838,74,959.63,192.45,152.04,518.48,0.8187,-1,-1,-1
838,83,795.15,225.34,157.03,453.13,0.8296,-1,-1,-1
838,84,360.37,186.28,244.71,759.13,0.8562,-1,-1,-1
838,86,578.67,216.08,227.01,686.32,0.8617,-1,-1,-1
838,90,20.15,0.18,393.11,1070.58,0.9264,-1,-1,-1
838,92,1124.11,298.49,102.31,286.49,0.7545,-1,-1,-1
839,80,1278.43,3.78,617.89,1064.94,0.8994,-1,-1,-1
839,74,966.40,193.15,152.96,521.23,0.8116,-1,-1,-1
839,83,804.52,226.59,157.96,450.93,0.8149,-1,-1,-1
839,84,358.72,184.62,248.17,776.70,0.8479,-1,-1,-1
839,86,581.57,212.23,230.18,693.28,0.8650,-1,-1,-1
839,90,19.79,-0.16,397.62,1069.94,0.9290,-1,-1,-1
839,92,1130.53,296.55,103.44,290.32,0.7150,-1,-1,-1
840,80,1321.77,2.03,612.36,1065.22,0.7781,-1,-1,-1
840,74,969.48,193.22,153.77,522.55,0.8093,-1,-1,-1
840,83,807.91,223.72,158.30,453.51,0.8147,-1,-1,-1
840,84,358.73,181.94,249.88,787.45,0.8263,-1,-1,-1
840,86,584.09,206.19,233.73,700.63,0.8679,-1,-1,-1
840,90,18.39,0.48,401.87,1069.69,0.9288,-1,-1,-1
840,92,1136.95,295.35,104.72,293.95,0.6737,-1,-1,-1
841,80,1369.91,1.67,598.25,1062.41,0.9259,-1,-1,-1
841,74,976.65,189.95,153.55,525.47,0.7971,-1,-1,-1
841,83,816.71,220.71,159.17,454.83,0.8180,-1,-1,-1
841,84,356.82,175.32,251.82,799.14,0.8172,-1,-1,-1
841,86,587.26,199.91,236.52,706.44,0.8622,-1,-1,-1
841,90,17.10,0.00,405.60,1068.82,0.9262,-1,-1,-1
841,92,1145.47,294.62,104.92,295.78,0.7113,-1,-1,-1
842,80,1425.79,1.59,578.33,1063.38,0.8668,-1,-1,-1
842,74,979.94,190.00,153.03,523.39,0.8123,-1,-1,-1
842,83,824.57,218.98,160.39,454.46,0.8483,-1,-1,-1
842,84,353.96,163.56,254.29,811.51,0.8333,-1,-1,-1
842,86,588.07,194.66,239.47,712.19,0.8605,-1,-1,-1
842,90,14.70,0.41,409.00,1069.19,0.9217,-1,-1,-1
842,92,1150.92,293.78,104.24,294.12,0.6732,-1,-1,-1
842,93,1375.52,229.28,222.47,628.74,0.8708,-1,-1,-1
843,80,1483.95,3.46,550.30,1060.12,0.6204,-1,-1,-1
843,74,987.97,186.78,153.12,523.40,0.8122,-1,-1,-1
843,83,831.41,216.41,159.56,448.96,0.8280,-1,-1,-1
843,84,351.92,151.65,258.97,833.06,0.8444,-1,-1,-1
843,86,585.55,189.22,245.83,728.91,0.8455,-1,-1,-1
843,90,12.80,1.05,411.02,1067.13,0.9231,-1,-1,-1
843,92,1160.39,291.37,103.84,295.17,0.6425,-1,-1,-1
843,93,1393.33,218.67,239.64,677.65,0.8931,-1,-1,-1
844,80,1538.41,1.05,522.53,1067.69,0.7025,-1,-1,-1
844,74,994.48,181.19,154.59,526.17,0.8173,-1,-1,-1
844,83,834.93,214.24,159.13,445.55,0.8342,-1,-1,-1
844,84,347.56,140.29,261.23,842.24,0.8522,-1,-1,-1
844,86,583.67,183.27,253.09,752.45,0.8478,-1,-1,-1
844,90,8.15,0.58,410.18,1061.36,0.8960,-1,-1,-1
844,92,1164.54,283.68,104.82,300.18,0.7411,-1,-1,-1
844,93,1410.27,207.03,256.60,726.24,0.8912,-1,-1,-1
844,94,763.40,227.86,79.16,257.64,0.5311,-1,-1,-1
845,80,1590.30,3.09,486.32,1062.50,0.6843,-1,-1,-1
845,74,996.44,176.33,154.93,528.39,0.7952,-1,-1,-1
845,83,837.30,206.73,161.38,448.13,0.8245,-1,-1,-1
845,84,340.62,130.56,263.86,847.83,0.8579,-1,-1,-1
845,86,584.13,175.03,259.99,773.99,0.8444,-1,-1,-1
845,90,2.23,2.49,410.26,1061.57,0.8187,-1,-1,-1
845,92,1167.33,277.35,105.73,304.62,0.7725,-1,-1,-1
845,93,1428.50,197.48,268.66,760.56,0.8910,-1,-1,-1
845,94,765.19,220.47,79.04,256.64,0.5540,-1,-1,-1
846,74,998.72,171.34,155.31,530.27,0.7934,-1,-1,-1
846,83,839.20,201.98,163.26,451.21,0.8092,-1,-1,-1
846,84,331.73,120.74,268.07,855.34,0.8413,-1,-1,-1
846,86,582.81,168.96,263.17,786.60,0.8257,-1,-1,-1
846,90,-6.17,4.69,409.60,1065.43,0.7565,-1,-1,-1
846,92,1170.41,276.50,104.78,302.27,0.8038,-1,-1,-1
846,93,1437.32,190.11,275.97,782.33,0.9032,-1,-1,-1
846,94,766.11,214.73,80.32,260.28,0.4685,-1,-1,-1
847,74,1001.57,163.55,154.93,527.65,0.8104,-1,-1,-1
847,83,840.27,195.91,164.17,452.39,0.8161,-1,-1,-1
847,84,325.69,110.65,274.24,867.97,0.8147,-1,-1,-1
847,86,581.73,158.87,267.49,803.31,0.8320,-1,-1,-1
847,90,-18.69,6.73,402.74,1061.36,0.7308,-1,-1,-1
847,92,1178.14,274.17,103.29,298.71,0.7055,-1,-1,-1
847,93,1445.81,184.80,278.40,792.74,0.8875,-1,-1,-1
847,94,765.84,210.08,80.58,259.35,0.5732,-1,-1,-1
848,74,1001.70,154.87,154.52,523.37,0.8076,-1,-1,-1
848,83,840.30,190.21,166.12,454.46,0.8487,-1,-1,-1
848,84,315.69,101.03,280.00,881.05,0.8661,-1,-1,-1
848,86,576.82,150.83,271.78,819.01,0.8343,-1,-1,-1
848,90,-43.69,6.65,387.73,1054.03,0.6479,-1,-1,-1
848,92,1180.09,269.85,103.10,299.40,0.7341,-1,-1,-1
848,93,1455.65,178.89,281.31,806.48,0.8942,-1,-1,-1
848,94,764.67,205.08,80.54,256.80,0.5192,-1,-1,-1
849,74,999.32,149.43,153.91,520.55,0.8045,-1,-1,-1
849,83,839.35,187.73,167.33,454.99,0.8703,-1,-1,-1
849,84,303.81,93.99,287.45,901.73,0.8927,-1,-1,-1
849,86,564.97,146.35,283.41,857.16,0.8622,-1,-1,-1
849,90,-66.25,8.16,371.96,1055.66,0.3988,-1,-1,-1
849,92,1179.02,267.56,103.27,301.34,0.8062,-1,-1,-1
849,93,1465.56,175.23,288.68,835.32,0.8941,-1,-1,-1
849,94,760.65,202.61,81.26,255.53,0.5248,-1,-1,-1
850,74,998.29,145.10,153.18,518.27,0.8063,-1,-1,-1
850,83,837.09,185.73,167.96,453.86,0.8742,-1,-1,-1
850,84,290.97,84.97,294.34,920.76,0.8839,-1,-1,-1
850,86,558.60,139.86,289.85,879.85,0.8501,-1,-1,-1
850,92,1179.26,262.92,103.00,303.46,0.7789,-1,-1,-1
850,93,1476.94,173.00,291.51,852.26,0.8931,-1,-1,-1
850,94,756.84,200.94,80.52,248.17,0.5509,-1,-1,-1
851,74,997.75,141.03,153.38,518.46,0.8044,-1,-1,-1
851,83,834.21,181.32,169.84,457.10,0.8676,-1,-1,-1
851,84,278.16,73.12,301.37,940.37,0.8966,-1,-1,-1
851,86,552.62,133.68,295.37,897.53,0.8685,-1,-1,-1
851,92,1176.04,256.30,105.17,308.42,0.7457,-1,-1,-1
851,93,1490.57,167.22,293.77,866.73,0.9020,-1,-1,-1
851,94,753.05,196.57,81.61,246.37,0.3524,-1,-1,-1
852,74,996.94,137.33,153.75,517.70,0.8071,-1,-1,-1
852,83,832.83,178.72,170.60,456.35,0.8515,-1,-1,-1
852,84,264.12,64.71,308.54,959.75,0.8918,-1,-1,-1
852,86,545.93,121.59,301.03,914.58,0.8787,-1,-1,-1
852,92,1177.44,251.42,104.65,310.07,0.7405,-1,-1,-1
852,93,1504.53,161.40,295.08,876.62,0.9033,-1,-1,-1
853,74,996.53,133.36,154.88,517.67,0.7998,-1,-1,-1
853,83,828.29,177.38,170.31,454.13,0.8416,-1,-1,-1
853,84,247.84,55.10,319.66,993.67,0.8974,-1,-1,-1
853,86,539.21,109.29,306.50,930.45,0.8870,-1,-1,-1
853,92,1179.51,245.16,105.42,314.57,0.7414,-1,-1,-1
853,93,1516.85,147.51,299.34,894.01,0.9014,-1,-1,-1
854,74,990.33,131.59,156.33,517.38,0.7998,-1,-1,-1
854,83,825.65,176.27,170.60,453.68,0.8468,-1,-1,-1
854,84,228.82,47.52,328.62,1019.30,0.9001,-1,-1,-1
854,86,533.90,99.70,312.44,949.15,0.8928,-1,-1,-1
854,92,1176.87,241.87,105.47,316.89,0.7037,-1,-1,-1
854,93,1525.88,137.62,303.94,910.70,0.9020,-1,-1,-1
855,74,987.23,128.85,159.02,520.53,0.8158,-1,-1,-1
855,83,823.35,173.73,170.50,454.46,0.8418,-1,-1,-1
855,84,213.40,38.63,333.60,1030.99,0.9008,-1,-1,-1
855,86,524.71,88.72,318.28,964.13,0.8941,-1,-1,-1
855,92,1172.14,238.40,105.49,318.96,0.6315,-1,-1,-1
855,93,1536.91,128.38,307.74,924.25,0.9083,-1,-1,-1
856,74,985.85,124.05,160.84,527.12,0.8352,-1,-1,-1
856,83,818.95,171.47,171.23,455.52,0.8454,-1,-1,-1
856,84,193.15,28.50,339.46,1044.34,0.9073,-1,-1,-1
856,86,516.46,76.08,325.33,981.34,0.9023,-1,-1,-1
856,92,1170.63,234.81,104.54,319.45,0.6546,-1,-1,-1
856,93,1545.40,114.24,314.94,942.91,0.9106,-1,-1,-1
857,74,982.52,121.19,161.98,528.34,0.8447,-1,-1,-1
857,83,813.21,168.36,172.81,456.49,0.8492,-1,-1,-1
857,84,184.09,19.58,342.39,1055.30,0.8868,-1,-1,-1
857,86,504.61,65.06,334.50,1003.69,0.9045,-1,-1,-1
857,92,1168.64,229.84,104.81,321.52,0.6999,-1,-1,-1
857,93,1549.80,104.84,321.89,956.26,0.9025,-1,-1,-1
858,74,980.06,120.92,161.11,527.17,0.8353,-1,-1,-1
858,83,804.38,161.93,174.34,461.11,0.8391,-1,-1,-1
858,84,147.35,7.69,350.29,1065.30,0.8998,-1,-1,-1
858,86,493.19,53.41,343.33,1023.74,0.9026,-1,-1,-1
858,92,1165.55,226.07,104.74,323.48,0.6962,-1,-1,-1
858,93,1550.18,91.34,334.38,980.10,0.8980,-1,-1,-1
859,74,971.42,123.12,160.88,523.18,0.8279,-1,-1,-1
859,83,800.52,156.41,174.52,462.59,0.8234,-1,-1,-1
859,84,122.20,2.42,355.27,1068.22,0.9068,-1,-1,-1
859,86,483.69,40.94,349.65,1036.08,0.9041,-1,-1,-1
859,92,1162.79,223.24,104.38,323.77,0.7110,-1,-1,-1
859,93,1560.97,78.83,342.78,996.41,0.8807,-1,-1,-1
860,74,966.50,123.62,161.91,521.68,0.8489,-1,-1,-1
860,83,798.18,150.11,174.73,464.84,0.8282,-1,-1,-1
860,84,95.01,-0.11,361.17,1070.82,0.9018,-1,-1,-1
860,86,472.89,28.48,356.71,1049.81,0.9163,-1,-1,-1
860,92,1158.79,218.63,104.68,325.93,0.6958,-1,-1,-1
860,93,1565.72,63.96,350.64,1015.90,0.9029,-1,-1,-1
861,74,963.27,121.87,163.06,520.65,0.8619,-1,-1,-1
861,83,794.02,145.51,174.66,465.11,0.8512,-1,-1,-1
861,84,67.34,-0.42,368.38,1073.33,0.8692,-1,-1,-1
861,86,461.19,16.66,363.85,1061.70,0.9101,-1,-1,-1
861,92,1157.74,214.40,105.00,327.82,0.6877,-1,-1,-1
861,93,1567.58,54.86,354.63,1025.59,0.9074,-1,-1,-1
862,74,961.05,119.60,164.25,519.56,0.8488,-1,-1,-1
862,83,794.46,142.91,173.47,461.79,0.8395,-1,-1,-1
862,84,39.27,-1.71,375.65,1073.42,0.7873,-1,-1,-1
862,86,452.04,7.02,369.75,1070.97,0.9137,-1,-1,-1
862,92,1158.09,212.16,103.97,326.18,0.6659,-1,-1,-1
862,93,1571.07,40.22,357.55,1037.05,0.9107,-1,-1,-1
863,74,964.30,115.16,165.46,521.27,0.8304,-1,-1,-1
863,83,793.72,140.28,172.96,460.35,0.8489,-1,-1,-1
863,84,28.27,-2.73,379.60,1075.20,0.8525,-1,-1,-1
863,86,442.20,1.30,374.73,1075.28,0.9201,-1,-1,-1
863,92,1158.57,210.45,103.07,324.47,0.6466,-1,-1,-1
863,93,1576.52,32.77,357.43,1043.45,0.9092,-1,-1,-1
864,74,965.82,112.34,166.92,523.44,0.8339,-1,-1,-1
864,83,792.13,138.47,172.67,459.49,0.8544,-1,-1,-1
864,84,17.98,-2.62,382.89,1075.24,0.8977,-1,-1,-1
864,86,429.86,-0.80,378.62,1076.65,0.9225,-1,-1,-1
864,92,1158.54,207.30,103.93,328.50,0.6392,-1,-1,-1
864,93,1581.14,19.43,358.65,1058.07,0.9040,-1,-1,-1
865,74,965.71,109.43,169.24,527.54,0.8287,-1,-1,-1
865,83,793.16,136.27,172.90,460.64,0.8499,-1,-1,-1
865,84,7.70,-2.64,384.71,1074.37,0.9118,-1,-1,-1
865,86,417.91,-1.42,382.66,1078.16,0.9202,-1,-1,-1
865,92,1158.53,205.04,105.06,331.68,0.6334,-1,-1,-1
865,93,1589.32,11.06,356.47,1067.06,0.9013,-1,-1,-1
866,74,967.05,107.29,170.46,528.84,0.8338,-1,-1,-1
866,83,794.27,134.66,173.72,464.11,0.8541,-1,-1,-1
866,84,-7.08,0.23,382.37,1072.30,0.9118,-1,-1,-1
866,86,403.13,-0.78,386.93,1076.99,0.9195,-1,-1,-1
866,92,1160.68,203.18,104.67,333.01,0.6827,-1,-1,-1
866,93,1607.59,1.38,350.61,1075.33,0.8884,-1,-1,-1
867,74,973.42,105.41,170.48,529.01,0.8221,-1,-1,-1
867,83,794.64,135.69,174.59,466.97,0.8571,-1,-1,-1
867,84,-19.71,1.21,377.73,1070.92,0.9207,-1,-1,-1
867,86,385.34,1.01,390.52,1073.02,0.9154,-1,-1,-1
867,92,1165.56,201.49,104.61,335.41,0.6991,-1,-1,-1
867,93,1630.61,-1.12,340.10,1077.84,0.8728,-1,-1,-1
868,74,979.32,106.93,167.26,523.26,0.8263,-1,-1,-1
868,83,794.27,138.90,175.59,469.45,0.8590,-1,-1,-1
868,84,-29.08,0.84,371.85,1071.14,0.9111,-1,-1,-1
868,86,362.24,-0.20,396.22,1073.18,0.9192,-1,-1,-1
868,92,1167.59,201.73,104.65,337.64,0.6995,-1,-1,-1
868,93,1665.42,109.60,297.00,965.26,0.7516,-1,-1,-1
869,74,980.41,106.05,165.67,521.11,0.8229,-1,-1,-1
869,83,793.48,141.41,175.91,471.08,0.8630,-1,-1,-1
869,84,-36.55,1.79,362.61,1065.76,0.9165,-1,-1,-1
869,86,337.03,0.05,402.73,1071.76,0.9161,-1,-1,-1
869,92,1169.38,202.38,104.68,339.77,0.7079,-1,-1,-1
870,74,978.95,107.94,163.66,518.63,0.8241,-1,-1,-1
870,83,793.16,143.34,176.05,472.73,0.8691,-1,-1,-1
870,84,-43.60,3.76,352.61,1062.68,0.9126,-1,-1,-1
870,86,308.86,0.55,411.20,1071.75,0.9113,-1,-1,-1
870,92,1170.04,202.57,105.23,342.67,0.7101,-1,-1,-1
870,93,1737.04,189.82,205.97,680.33,0.7601,-1,-1,-1
871,74,978.49,111.85,161.57,518.06,0.8178,-1,-1,-1
871,83,793.79,148.45,175.25,471.40,0.8587,-1,-1,-1
871,84,-50.48,5.00,341.97,1062.24,0.8959,-1,-1,-1
871,86,280.00,0.44,420.56,1072.58,0.9159,-1,-1,-1
871,92,1171.76,203.83,105.19,344.30,0.6878,-1,-1,-1
871,96,618.49,137.94,165.35,443.61,0.6070,-1,-1,-1
871,93,1770.16,241.30,174.36,594.23,0.5828,-1,-1,-1
872,74,980.43,114.93,159.97,517.84,0.8111,-1,-1,-1
872,83,794.60,154.11,174.63,470.86,0.8490,-1,-1,-1
872,84,-59.24,6.20,328.36,1059.85,0.8787,-1,-1,-1
872,86,252.70,0.27,430.09,1070.56,0.9146,-1,-1,-1
872,92,1176.18,205.12,104.69,346.51,0.7180,-1,-1,-1
872,96,611.26,142.33,173.10,465.12,0.7941,-1,-1,-1
873,74,980.30,119.06,157.67,515.77,0.8106,-1,-1,-1
873,83,795.41,158.65,174.94,472.76,0.8356,-1,-1,-1
873,84,-63.69,35.92,306.45,1032.30,0.8602,-1,-1,-1
873,86,219.99,1.08,441.64,1068.62,0.9237,-1,-1,-1
873,92,1177.23,206.93,104.83,348.66,0.7083,-1,-1,-1
873,96,602.72,145.66,179.47,483.87,0.7627,-1,-1,-1
874,74,979.94,122.52,156.91,519.51,0.7985,-1,-1,-1
874,83,796.28,163.47,174.51,472.98,0.8371,-1,-1,-1
874,84,-64.05,96.07,276.21,975.84,0.8119,-1,-1,-1
874,86,185.72,-0.61,454.92,1068.85,0.9102,-1,-1,-1
874,92,1177.24,208.72,105.01,349.70,0.7217,-1,-1,-1
874,96,598.28,149.54,181.28,490.29,0.7563,-1,-1,-1
875,74,980.54,127.70,154.81,518.33,0.7910,-1,-1,-1
875,83,798.31,164.75,174.36,474.12,0.8290,-1,-1,-1
875,86,159.37,-0.02,466.41,1066.35,0.9137,-1,-1,-1
875,92,1175.21,210.65,105.57,349.20,0.6493,-1,-1,-1
875,96,593.89,150.50,182.08,493.41,0.7741,-1,-1,-1
876,74,983.02,131.75,152.32,516.88,0.8014,-1,-1,-1
876,83,800.49,166.74,173.32,471.75,0.8373,-1,-1,-1
876,86,107.50,0.57,485.21,1068.29,0.8977,-1,-1,-1
876,92,1177.25,210.58,106.90,350.75,0.6063,-1,-1,-1
876,96,587.12,149.53,184.28,499.99,0.8000,-1,-1,-1
877,74,982.97,134.47,150.59,517.70,0.8115,-1,-1,-1
877,83,802.58,167.39,171.16,465.27,0.8343,-1,-1,-1
877,86,75.72,0.70,500.63,1068.44,0.9369,-1,-1,-1
877,92,1176.75,209.79,108.33,353.90,0.6403,-1,-1,-1
877,96,576.59,148.02,185.17,504.94,0.7881,-1,-1,-1
878,74,980.79,135.24,148.96,516.05,0.7997,-1,-1,-1
878,83,800.90,165.65,172.36,469.48,0.8295,-1,-1,-1
878,86,55.35,1.28,513.36,1069.56,0.9417,-1,-1,-1
878,92,1178.50,207.97,109.60,356.83,0.6438,-1,-1,-1
878,96,570.54,144.72,187.72,511.42,0.7966,-1,-1,-1
879,74,980.32,136.07,146.98,513.66,0.8163,-1,-1,-1
879,83,799.46,163.15,173.35,473.53,0.8388,-1,-1,-1
879,86,39.25,1.08,521.89,1068.79,0.9240,-1,-1,-1
879,92,1175.28,207.01,110.17,357.53,0.6911,-1,-1,-1
879,96,562.02,143.98,189.56,515.07,0.8391,-1,-1,-1
880,74,978.54,136.06,145.53,511.41,0.8103,-1,-1,-1
880,83,799.83,159.76,172.25,470.64,0.8507,-1,-1,-1
880,86,24.95,4.46,526.41,1066.27,0.9167,-1,-1,-1
880,92,1173.66,204.08,111.31,360.34,0.7163,-1,-1,-1
880,96,553.64,143.48,192.35,519.53,0.8515,-1,-1,-1
881,74,976.38,135.58,145.11,510.73,0.8070,-1,-1,-1
881,83,799.69,157.63,171.11,466.71,0.8605,-1,-1,-1
881,86,11.23,4.22,528.42,1064.49,0.9261,-1,-1,-1
881,92,1175.44,200.52,112.22,364.13,0.7112,-1,-1,-1
881,96,546.75,143.60,196.12,522.32,0.8297,-1,-1,-1
882,74,969.07,133.21,146.37,514.41,0.8413,-1,-1,-1
882,83,797.01,154.55,171.58,468.04,0.8555,-1,-1,-1
882,86,-0.21,4.96,528.64,1063.95,0.9208,-1,-1,-1
882,92,1176.56,199.36,112.53,364.94,0.7519,-1,-1,-1
882,96,535.55,141.90,201.81,531.64,0.8172,-1,-1,-1
882,97,697.50,223.37,95.92,360.21,0.6264,-1,-1,-1
883,74,962.07,126.93,147.38,520.87,0.8341,-1,-1,-1
883,83,795.09,152.56,171.11,466.31,0.8533,-1,-1,-1
883,86,-10.63,6.12,525.43,1061.06,0.9380,-1,-1,-1
883,92,1176.85,200.86,112.51,364.05,0.7630,-1,-1,-1
883,96,522.96,141.54,206.73,536.91,0.8178,-1,-1,-1
883,97,693.62,219.08,97.61,365.96,0.6266,-1,-1,-1
884,74,958.36,123.22,147.70,523.63,0.7682,-1,-1,-1
884,83,793.93,151.03,171.03,466.51,0.8348,-1,-1,-1
884,86,-25.77,6.11,518.68,1059.16,0.9146,-1,-1,-1
884,92,1177.48,199.91,113.34,366.98,0.7447,-1,-1,-1
884,96,507.82,139.71,211.24,542.97,0.7863,-1,-1,-1
884,97,685.11,224.90,96.14,357.88,0.4744,-1,-1,-1
885,74,956.74,119.18,147.69,525.74,0.7980,-1,-1,-1
885,83,789.97,149.43,171.85,469.46,0.8272,-1,-1,-1
885,86,-42.98,7.65,508.30,1058.13,0.9100,-1,-1,-1
885,92,1177.25,199.50,113.85,367.51,0.7263,-1,-1,-1
885,96,496.90,139.34,216.19,549.71,0.7694,-1,-1,-1
885,97,678.99,226.53,94.59,348.43,0.4696,-1,-1,-1
886,74,954.50,116.45,145.72,519.99,0.8178,-1,-1,-1
886,83,782.92,147.85,173.02,474.03,0.8347,-1,-1,-1
886,86,-61.49,5.40,495.41,1060.36,0.8796,-1,-1,-1
886,92,1175.37,200.88,114.60,368.45,0.7361,-1,-1,-1
886,96,475.48,136.84,221.97,558.92,0.7899,-1,-1,-1
886,97,673.35,217.15,88.59,320.91,0.3491,-1,-1,-1
887,74,952.91,115.71,144.49,515.79,0.8074,-1,-1,-1
887,83,775.41,151.26,173.04,472.18,0.8472,-1,-1,-1
887,86,-78.90,15.41,472.49,1049.72,0.4269,-1,-1,-1
887,92,1171.82,202.93,114.58,368.53,0.7784,-1,-1,-1
887,96,459.57,128.63,229.65,571.67,0.8619,-1,-1,-1
887,97,662.71,220.85,87.37,308.93,0.4475,-1,-1,-1
888,74,942.00,121.55,143.18,504.67,0.8171,-1,-1,-1
888,83,772.77,153.84,172.16,470.87,0.8299,-1,-1,-1
888,92,1169.02,204.35,114.67,367.45,0.7411,-1,-1,-1
888,96,443.81,120.72,236.81,583.78,0.8356,-1,-1,-1
888,97,650.49,214.70,90.13,312.71,0.4525,-1,-1,-1
889,74,934.17,117.52,145.09,508.61,0.7966,-1,-1,-1
889,83,764.36,155.95,172.15,470.93,0.7858,-1,-1,-1
889,92,1165.35,204.59,115.54,369.23,0.7053,-1,-1,-1
889,96,426.30,112.30,242.70,592.57,0.8579,-1,-1,-1
889,97,631.67,221.93,91.90,310.69,0.3007,-1,-1,-1
890,74,913.96,118.89,147.50,509.94,0.8088,-1,-1,-1
890,83,751.73,161.09,171.81,471.10,0.8132,-1,-1,-1
890,92,1156.73,207.11,115.90,370.31,0.7253,-1,-1,-1
890,96,400.56,106.33,248.31,604.57,0.8355,-1,-1,-1
890,97,601.58,199.02,112.58,379.95,0.4052,-1,-1,-1
891,74,906.64,119.95,149.38,513.18,0.8333,-1,-1,-1
891,83,735.85,163.60,172.26,470.08,0.8517,-1,-1,-1
891,92,1147.00,209.42,116.19,370.71,0.7855,-1,-1,-1
891,96,375.38,95.53,256.53,619.87,0.7532,-1,-1,-1
891,97,592.34,206.64,109.71,372.00,0.3734,-1,-1,-1
892,74,893.16,122.31,150.34,513.81,0.8481,-1,-1,-1
892,83,721.24,166.28,172.09,468.81,0.8357,-1,-1,-1
892,92,1136.20,212.21,116.02,371.21,0.7824,-1,-1,-1
892,96,352.15,87.47,264.04,633.70,0.8512,-1,-1,-1
893,74,881.59,125.48,151.43,514.70,0.8262,-1,-1,-1
893,83,707.75,166.36,172.90,470.85,0.8187,-1,-1,-1
893,92,1126.35,214.39,117.64,376.75,0.7904,-1,-1,-1
893,96,327.21,83.46,270.97,646.18,0.7572,-1,-1,-1
894,74,869.80,130.63,152.78,516.74,0.7594,-1,-1,-1
894,83,694.97,167.62,173.48,473.26,0.8463,-1,-1,-1
894,92,1118.47,217.57,117.51,377.10,0.7929,-1,-1,-1
894,96,307.76,81.69,276.53,654.23,0.8381,-1,-1,-1
895,74,854.12,134.49,153.97,518.71,0.7763,-1,-1,-1
895,83,682.23,169.99,172.71,472.20,0.8566,-1,-1,-1
895,92,1111.48,220.14,118.47,379.08,0.7965,-1,-1,-1
895,96,289.00,79.07,284.70,669.75,0.7094,-1,-1,-1
896,74,842.90,137.61,156.71,518.96,0.8283,-1,-1,-1
896,83,673.66,170.12,171.45,469.07,0.8336,-1,-1,-1
896,92,1106.55,224.17,118.55,376.92,0.7502,-1,-1,-1
896,96,264.55,76.44,290.25,683.11,0.8387,-1,-1,-1
897,74,833.98,143.06,158.26,515.39,0.8283,-1,-1,-1
897,83,666.16,170.29,170.48,467.22,0.8089,-1,-1,-1
897,92,1100.73,227.07,119.36,377.17,0.7875,-1,-1,-1
897,96,246.15,71.75,299.10,703.14,0.8677,-1,-1,-1
898,74,831.51,146.92,160.52,515.08,0.8318,-1,-1,-1
898,83,661.75,170.07,169.76,466.22,0.8207,-1,-1,-1
898,92,1097.75,228.30,121.02,380.78,0.8017,-1,-1,-1
898,96,230.07,67.07,311.30,733.28,0.8665,-1,-1,-1
898,97,485.14,177.55,137.46,471.20,0.5380,-1,-1,-1
899,74,829.19,149.37,163.09,515.56,0.8329,-1,-1,-1
899,83,655.34,169.95,172.60,473.57,0.7895,-1,-1,-1
899,92,1096.24,231.52,121.46,380.58,0.7908,-1,-1,-1
899,96,216.45,64.72,316.97,747.93,0.8346,-1,-1,-1
899,97,466.50,174.04,142.59,488.23,0.4795,-1,-1,-1
900,74,829.96,152.04,164.74,514.56,0.8239,-1,-1,-1
900,83,653.40,169.96,174.47,479.80,0.8100,-1,-1,-1
900,92,1098.59,231.21,123.26,384.19,0.8068,-1,-1,-1
900,96,198.65,60.15,318.93,761.10,0.7912,-1,-1,-1
900,97,454.62,170.42,147.35,504.07,0.5940,-1,-1,-1
