1,1,0.61,675.52,50.94,207.58,0.7037,-1,-1,-1
1,2,1370.39,514.35,33.77,100.00,0.6447,-1,-1,-1
1,3,1609.11,558.15,56.10,115.71,0.6023,-1,-1,-1
1,4,1526.19,561.34,46.58,112.37,0.4233,-1,-1,-1
1,5,121.73,708.25,52.92,96.51,0.4100,-1,-1,-1
1,6,500.83,551.07,35.87,89.52,0.3594,-1,-1,-1
2,1,-0.79,660.81,41.43,212.98,0.6570,-1,-1,-1
2,2,1372.54,513.44,33.56,101.18,0.6425,-1,-1,-1
2,3,1615.37,550.51,60.10,123.59,0.6602,-1,-1,-1
2,4,1531.89,558.98,48.23,115.40,0.5625,-1,-1,-1
2,5,109.43,699.20,50.61,95.81,0.5526,-1,-1,-1
2,6,500.16,536.22,38.59,94.58,0.3221,-1,-1,-1
3,1,-0.93,691.96,35.66,211.59,0.6504,-1,-1,-1
3,2,1374.11,508.47,37.35,105.51,0.5891,-1,-1,-1
3,3,1620.46,547.23,63.33,121.22,0.6539,-1,-1,-1
3,4,1537.85,552.57,49.66,117.67,0.6498,-1,-1,-1
3,5,105.34,724.54,45.90,97.02,0.5264,-1,-1,-1
3,6,499.49,550.95,37.96,92.96,0.3648,-1,-1,-1
3,8,171.42,583.27,49.23,157.85,0.4275,-1,-1,-1
4,1,-0.86,702.66,24.46,170.17,0.3936,-1,-1,-1
4,2,1379.93,506.15,36.61,108.88,0.7124,-1,-1,-1
4,3,1629.81,547.70,63.11,125.43,0.7595,-1,-1,-1
4,4,1548.70,552.52,44.61,120.83,0.6529,-1,-1,-1
4,5,92.96,722.71,43.54,100.53,0.5896,-1,-1,-1
4,6,498.71,547.25,36.83,93.78,0.4333,-1,-1,-1
5,2,1384.64,515.00,34.38,110.74,0.7115,-1,-1,-1
5,3,1636.25,563.39,62.22,124.03,0.6361,-1,-1,-1
5,4,1551.13,561.80,49.38,121.99,0.3998,-1,-1,-1
5,5,78.04,715.48,43.81,103.25,0.5019,-1,-1,-1
5,6,496.40,540.51,34.21,96.30,0.4487,-1,-1,-1
5,9,1460.72,496.89,27.48,87.00,0.5460,-1,-1,-1
6,2,1391.26,526.93,31.60,108.71,0.6359,-1,-1,-1
6,3,1643.20,574.21,65.21,124.57,0.7573,-1,-1,-1
6,5,67.19,731.55,42.01,105.14,0.4842,-1,-1,-1
6,6,497.64,552.10,36.81,98.50,0.4641,-1,-1,-1
6,9,1464.65,506.20,26.84,88.24,0.5390,-1,-1,-1
6,8,142.93,581.14,54.99,164.49,0.4572,-1,-1,-1
7,2,1392.83,518.62,32.12,111.37,0.5820,-1,-1,-1
7,3,1650.54,570.37,65.39,128.16,0.7406,-1,-1,-1
7,5,51.94,731.60,41.75,108.50,0.3332,-1,-1,-1
7,6,494.15,541.28,36.80,102.99,0.3786,-1,-1,-1
7,9,1466.50,498.98,26.94,90.15,0.4664,-1,-1,-1
7,8,132.17,580.13,58.26,164.11,0.3909,-1,-1,-1
7,4,1563.31,567.01,54.14,126.38,0.5744,-1,-1,-1
8,2,1394.93,530.84,33.33,109.10,0.6718,-1,-1,-1
8,3,1657.60,577.92,66.27,129.95,0.6627,-1,-1,-1
8,5,35.85,741.04,43.49,109.01,0.4952,-1,-1,-1
8,6,493.04,548.02,35.92,102.49,0.3599,-1,-1,-1
8,9,1467.57,508.91,30.66,88.51,0.5230,-1,-1,-1
8,4,1569.80,579.78,52.12,124.10,0.5488,-1,-1,-1
9,2,1397.36,533.69,34.52,107.66,0.6747,-1,-1,-1
9,3,1663.88,583.35,66.39,132.29,0.6920,-1,-1,-1
9,5,17.37,737.95,46.38,114.88,0.6126,-1,-1,-1
9,6,490.76,549.23,35.82,99.21,0.3189,-1,-1,-1
9,9,1469.40,512.30,31.97,88.46,0.4327,-1,-1,-1
9,4,1576.58,587.31,51.00,124.02,0.5052,-1,-1,-1
9,12,1514.77,521.85,28.89,86.68,0.3444,-1,-1,-1
9,13,219.27,613.57,42.38,136.86,0.4330,-1,-1,-1
10,2,1398.58,542.49,35.40,107.06,0.6591,-1,-1,-1
10,3,1669.08,601.53,64.78,129.41,0.7865,-1,-1,-1
10,5,0.73,727.41,47.43,116.08,0.6397,-1,-1,-1
10,6,489.55,543.00,35.37,99.55,0.4576,-1,-1,-1
10,9,1471.99,523.52,30.37,87.84,0.3215,-1,-1,-1
10,4,1581.84,603.26,49.72,123.17,0.6845,-1,-1,-1
10,13,210.29,611.02,42.02,133.55,0.5095,-1,-1,-1
11,2,1400.95,530.68,37.20,106.89,0.6749,-1,-1,-1
11,3,1678.76,579.26,66.24,133.75,0.7657,-1,-1,-1
11,5,-4.35,749.31,42.53,119.29,0.4077,-1,-1,-1
11,9,1472.49,510.81,33.09,87.02,0.3871,-1,-1,-1
11,4,1589.20,587.09,51.87,125.70,0.6553,-1,-1,-1
11,13,201.15,615.17,45.23,142.49,0.4303,-1,-1,-1
11,8,85.58,589.22,59.55,170.84,0.3530,-1,-1,-1
12,2,1402.99,532.92,37.60,109.72,0.6856,-1,-1,-1
12,3,1686.73,588.08,65.16,133.20,0.7709,-1,-1,-1
12,9,1474.35,514.27,36.61,89.39,0.3874,-1,-1,-1
12,4,1595.93,592.18,53.01,127.96,0.7065,-1,-1,-1
12,13,192.25,609.31,47.07,150.28,0.5128,-1,-1,-1
12,8,77.10,591.90,57.65,168.29,0.3983,-1,-1,-1
13,2,1407.80,529.73,35.65,106.58,0.7171,-1,-1,-1
13,3,1693.91,590.28,64.43,132.66,0.7226,-1,-1,-1
13,9,1476.29,511.53,39.34,90.89,0.4241,-1,-1,-1
13,4,1600.47,594.10,55.40,127.28,0.6664,-1,-1,-1
13,13,175.98,581.21,53.10,164.63,0.5474,-1,-1,-1
14,2,1408.55,528.42,36.33,103.55,0.6684,-1,-1,-1
14,3,1701.93,583.30,63.46,133.33,0.6837,-1,-1,-1
14,4,1609.73,586.86,55.80,129.08,0.6282,-1,-1,-1
14,13,166.95,596.62,53.01,165.50,0.3145,-1,-1,-1
14,8,53.46,584.52,56.61,175.45,0.3519,-1,-1,-1
15,2,1412.04,531.00,35.98,105.62,0.5294,-1,-1,-1
15,3,1710.77,584.99,62.36,137.25,0.7500,-1,-1,-1
15,4,1619.02,591.30,53.46,129.70,0.7189,-1,-1,-1
16,2,1416.37,533.29,34.74,105.02,0.5458,-1,-1,-1
16,3,1717.18,591.27,60.93,136.64,0.7422,-1,-1,-1
16,4,1626.55,594.41,55.14,130.54,0.6976,-1,-1,-1
16,15,515.92,536.82,35.88,106.41,0.4636,-1,-1,-1
16,6,477.91,540.57,34.70,102.76,0.3862,-1,-1,-1
16,8,33.14,583.03,54.83,176.24,0.4577,-1,-1,-1
17,2,1417.98,532.65,36.89,107.40,0.6035,-1,-1,-1
17,3,1723.52,589.31,62.02,138.63,0.7096,-1,-1,-1
17,4,1634.27,589.69,54.77,133.57,0.6952,-1,-1,-1
17,15,513.08,540.26,38.01,107.03,0.4907,-1,-1,-1
17,6,475.79,543.72,35.74,102.87,0.5147,-1,-1,-1
17,8,20.39,588.56,54.14,180.47,0.3848,-1,-1,-1
17,13,133.54,601.06,48.67,171.24,0.4308,-1,-1,-1
18,2,1420.48,533.27,37.15,108.53,0.6993,-1,-1,-1
18,3,1732.64,593.13,61.26,138.11,0.7042,-1,-1,-1
18,4,1643.51,591.06,54.51,134.83,0.6255,-1,-1,-1
18,15,513.08,540.83,38.04,106.48,0.5021,-1,-1,-1
18,6,474.64,541.60,37.54,104.56,0.5551,-1,-1,-1
18,8,8.73,589.30,54.24,184.83,0.3945,-1,-1,-1
19,2,1422.60,534.03,37.83,108.07,0.7342,-1,-1,-1
19,3,1741.22,594.70,62.57,139.06,0.7481,-1,-1,-1
19,4,1651.08,592.07,54.79,135.33,0.4434,-1,-1,-1
19,15,511.47,540.30,39.37,107.61,0.5126,-1,-1,-1
19,6,473.32,540.33,37.78,105.94,0.5131,-1,-1,-1
19,8,-0.15,588.54,50.68,186.04,0.3763,-1,-1,-1
20,2,1424.16,534.54,38.52,106.72,0.7477,-1,-1,-1
20,3,1749.70,596.25,62.67,139.77,0.7429,-1,-1,-1
20,4,1659.03,593.36,52.88,135.31,0.6052,-1,-1,-1
20,15,508.07,537.90,41.02,113.70,0.4847,-1,-1,-1
20,6,471.28,543.92,37.66,106.70,0.4014,-1,-1,-1
20,8,-3.42,595.22,41.65,185.28,0.4794,-1,-1,-1
21,2,1426.29,533.64,39.80,110.64,0.6908,-1,-1,-1
21,3,1758.39,598.12,62.75,140.61,0.7462,-1,-1,-1
21,4,1666.98,596.65,54.46,137.11,0.6871,-1,-1,-1
21,15,506.62,538.83,40.10,114.04,0.5237,-1,-1,-1
21,6,468.73,548.05,35.58,102.67,0.4583,-1,-1,-1
21,8,-3.58,610.87,28.62,171.21,0.3771,-1,-1,-1
22,2,1429.47,537.14,40.11,105.12,0.6691,-1,-1,-1
22,3,1770.54,601.31,60.76,139.04,0.7483,-1,-1,-1
22,4,1674.87,597.91,54.48,140.16,0.6264,-1,-1,-1
22,15,504.50,543.34,38.11,112.46,0.5124,-1,-1,-1
22,6,465.74,550.71,36.32,103.52,0.5558,-1,-1,-1
23,2,1431.30,538.54,40.32,108.45,0.6631,-1,-1,-1
23,3,1779.13,601.20,62.46,144.03,0.7717,-1,-1,-1
23,4,1681.47,600.38,55.88,142.59,0.7254,-1,-1,-1
23,15,500.16,547.05,41.03,109.76,0.5497,-1,-1,-1
23,6,465.25,549.73,34.73,105.62,0.4278,-1,-1,-1
24,2,1435.14,532.27,39.15,113.79,0.6539,-1,-1,-1
24,3,1788.23,595.07,64.64,149.76,0.7111,-1,-1,-1
24,4,1687.19,600.51,58.25,143.16,0.7311,-1,-1,-1
24,15,496.86,552.24,39.21,106.84,0.4579,-1,-1,-1
24,6,461.38,550.47,40.07,108.01,0.4739,-1,-1,-1
25,2,1438.06,535.89,40.43,119.23,0.6621,-1,-1,-1
25,3,1797.65,603.74,66.60,148.81,0.7095,-1,-1,-1
25,4,1695.93,607.57,56.64,147.42,0.7278,-1,-1,-1
25,15,496.13,553.10,38.90,108.67,0.4673,-1,-1,-1
25,6,458.45,548.11,43.00,113.22,0.4381,-1,-1,-1
26,2,1440.41,538.29,43.04,119.33,0.7230,-1,-1,-1
26,3,1807.37,607.93,68.35,147.61,0.5900,-1,-1,-1
26,4,1704.25,611.69,58.51,149.54,0.7248,-1,-1,-1
26,15,494.96,550.33,40.15,113.01,0.5505,-1,-1,-1
26,6,457.04,549.09,42.24,113.40,0.5107,-1,-1,-1
26,17,1530.23,519.90,27.96,86.07,0.4781,-1,-1,-1
27,2,1443.36,541.55,41.95,115.70,0.7473,-1,-1,-1
27,3,1814.57,611.39,73.07,150.31,0.6523,-1,-1,-1
27,4,1711.22,615.53,59.65,149.55,0.6736,-1,-1,-1
27,15,492.95,559.84,40.01,106.94,0.6101,-1,-1,-1
27,6,453.12,555.99,42.89,110.77,0.3937,-1,-1,-1
27,17,1531.39,521.15,31.81,86.36,0.6918,-1,-1,-1
28,2,1446.80,544.88,44.65,112.27,0.7280,-1,-1,-1
28,3,1823.04,611.48,74.63,155.48,0.7715,-1,-1,-1
28,4,1718.62,617.14,60.22,151.89,0.6737,-1,-1,-1
28,15,491.48,564.50,39.73,103.87,0.5865,-1,-1,-1
28,6,450.84,558.50,42.14,109.69,0.3524,-1,-1,-1
28,17,1534.32,525.17,33.89,84.07,0.5366,-1,-1,-1
29,2,1451.23,550.90,41.07,110.79,0.7081,-1,-1,-1
29,3,1830.09,620.43,75.27,159.03,0.6925,-1,-1,-1
29,4,1725.65,623.92,60.28,158.32,0.7233,-1,-1,-1
29,15,490.90,568.03,38.32,100.03,0.5287,-1,-1,-1
29,6,449.02,562.01,41.20,106.05,0.4895,-1,-1,-1
29,17,1536.34,527.30,34.24,89.55,0.5617,-1,-1,-1
30,2,1453.85,550.69,42.06,111.52,0.6417,-1,-1,-1
30,3,1836.79,621.03,78.51,153.63,0.6343,-1,-1,-1
30,4,1736.99,624.48,59.88,159.70,0.7528,-1,-1,-1
30,15,488.62,574.85,38.77,101.51,0.5004,-1,-1,-1
30,6,444.40,566.45,42.96,109.88,0.6151,-1,-1,-1
30,17,1538.73,525.79,34.79,91.52,0.5648,-1,-1,-1
31,2,1457.28,552.67,42.52,118.42,0.6285,-1,-1,-1
31,3,1850.76,626.40,71.98,151.11,0.6390,-1,-1,-1
31,4,1749.22,628.54,59.23,156.31,0.5785,-1,-1,-1
31,15,488.03,581.68,38.54,108.33,0.4165,-1,-1,-1
31,6,442.89,579.67,41.33,109.76,0.5757,-1,-1,-1
31,17,1542.93,526.35,34.23,96.21,0.4866,-1,-1,-1
32,2,1460.35,556.44,40.05,119.24,0.6370,-1,-1,-1
32,3,1857.70,634.57,63.69,158.47,0.6872,-1,-1,-1
32,4,1756.34,632.73,59.92,155.82,0.6769,-1,-1,-1
32,15,487.26,575.00,38.57,108.32,0.5267,-1,-1,-1
32,6,441.76,573.64,41.11,108.16,0.5729,-1,-1,-1
32,17,1545.52,529.58,33.63,93.25,0.5976,-1,-1,-1
33,2,1464.41,542.66,41.88,124.00,0.7429,-1,-1,-1
33,3,1869.64,622.32,53.24,166.84,0.6662,-1,-1,-1
33,4,1767.16,620.85,60.21,153.88,0.6461,-1,-1,-1
33,15,484.51,567.16,37.60,107.98,0.4873,-1,-1,-1
33,6,439.51,563.24,39.97,108.87,0.5151,-1,-1,-1
33,17,1549.68,517.86,33.62,91.53,0.6533,-1,-1,-1
34,2,1468.47,544.56,41.83,124.77,0.7610,-1,-1,-1
34,3,1880.76,631.34,41.68,151.84,0.5550,-1,-1,-1
34,4,1775.13,620.85,63.83,156.44,0.7453,-1,-1,-1
34,15,480.99,568.52,38.80,112.26,0.5207,-1,-1,-1
34,6,436.97,572.10,39.71,105.43,0.4813,-1,-1,-1
34,17,1553.28,518.21,33.01,93.00,0.5972,-1,-1,-1
35,2,1471.33,539.51,44.38,125.99,0.7299,-1,-1,-1
35,4,1784.64,621.10,65.77,158.05,0.6379,-1,-1,-1
35,15,478.85,559.66,38.62,111.59,0.3760,-1,-1,-1
35,6,435.55,564.76,39.65,103.77,0.4298,-1,-1,-1
35,17,1559.81,515.23,31.45,92.98,0.5334,-1,-1,-1
36,2,1476.74,536.26,43.86,128.82,0.7514,-1,-1,-1
36,4,1794.21,618.03,69.20,165.35,0.7064,-1,-1,-1
36,15,475.34,553.13,39.12,116.96,0.3022,-1,-1,-1
36,6,432.22,562.36,41.14,104.93,0.3527,-1,-1,-1
36,17,1565.10,514.46,30.96,91.65,0.3399,-1,-1,-1
37,2,1480.93,537.37,42.19,127.70,0.7195,-1,-1,-1
37,4,1801.31,621.62,73.86,168.79,0.7729,-1,-1,-1
37,15,470.73,541.63,41.71,123.84,0.4701,-1,-1,-1
37,6,429.67,553.87,39.22,109.27,0.3535,-1,-1,-1
37,17,1570.32,514.53,32.06,92.10,0.4271,-1,-1,-1
38,2,1484.66,532.71,41.52,129.71,0.7105,-1,-1,-1
38,4,1809.75,616.44,77.43,175.63,0.7811,-1,-1,-1
38,15,466.62,541.04,43.89,124.92,0.5374,-1,-1,-1
38,6,426.16,551.68,39.63,113.80,0.4980,-1,-1,-1
38,17,1574.79,504.83,31.57,95.97,0.4790,-1,-1,-1
39,2,1488.96,537.85,42.19,128.59,0.7030,-1,-1,-1
39,4,1821.93,627.89,76.29,175.48,0.7505,-1,-1,-1
39,15,465.55,530.54,43.45,127.64,0.4775,-1,-1,-1
39,6,423.90,542.80,39.15,115.11,0.4522,-1,-1,-1
39,17,1581.37,507.82,32.94,96.94,0.5142,-1,-1,-1
40,2,1492.00,535.98,41.96,127.41,0.7111,-1,-1,-1
40,4,1833.47,625.99,76.06,177.80,0.7794,-1,-1,-1
40,15,464.23,536.77,43.50,124.48,0.4696,-1,-1,-1
40,6,420.27,542.17,39.35,119.58,0.3850,-1,-1,-1
40,17,1583.33,501.12,35.46,102.15,0.3280,-1,-1,-1
41,2,1496.10,545.07,43.25,122.06,0.6972,-1,-1,-1
41,4,1845.44,633.23,74.67,180.15,0.7577,-1,-1,-1
41,15,463.39,536.99,44.37,122.57,0.4696,-1,-1,-1
41,6,419.52,536.54,39.92,123.70,0.4087,-1,-1,-1
41,17,1589.70,502.98,37.99,105.31,0.4960,-1,-1,-1
42,2,1500.81,547.74,43.26,120.96,0.6868,-1,-1,-1
42,4,1857.22,637.55,66.37,180.77,0.6916,-1,-1,-1
42,15,461.85,543.27,46.02,118.85,0.4622,-1,-1,-1
42,6,418.29,536.73,42.66,126.79,0.5487,-1,-1,-1
42,17,1594.57,506.33,36.00,102.71,0.5748,-1,-1,-1
43,2,1505.43,549.86,42.73,122.18,0.6678,-1,-1,-1
43,4,1869.57,644.16,53.77,174.10,0.6621,-1,-1,-1
43,15,458.07,534.82,47.19,130.00,0.4131,-1,-1,-1
43,6,415.74,536.24,44.72,129.97,0.5425,-1,-1,-1
43,17,1597.39,510.80,34.57,99.55,0.5064,-1,-1,-1
43,20,502.23,528.37,33.96,89.45,0.3720,-1,-1,-1
44,2,1510.81,552.05,42.77,120.93,0.6220,-1,-1,-1
44,4,1881.55,649.37,41.36,169.09,0.6409,-1,-1,-1
44,15,452.68,532.82,49.22,135.64,0.4002,-1,-1,-1
44,6,415.20,535.74,44.59,132.76,0.3814,-1,-1,-1
44,17,1600.28,510.12,37.43,100.97,0.5301,-1,-1,-1
45,2,1515.81,556.31,43.60,127.13,0.7575,-1,-1,-1
45,4,1892.90,669.47,28.67,162.32,0.4757,-1,-1,-1
45,15,451.64,530.72,48.37,135.86,0.3258,-1,-1,-1
45,6,415.97,533.43,42.63,132.56,0.3758,-1,-1,-1
45,17,1604.67,514.22,39.51,101.89,0.5885,-1,-1,-1
46,2,1519.69,554.88,43.16,132.63,0.7570,-1,-1,-1
46,15,448.82,533.44,47.81,137.09,0.3441,-1,-1,-1
46,6,408.71,538.77,46.83,128.90,0.3123,-1,-1,-1
46,17,1608.39,514.77,39.97,101.17,0.5480,-1,-1,-1
47,2,1524.69,558.60,43.33,132.07,0.7205,-1,-1,-1
47,15,448.99,536.16,45.02,133.75,0.3277,-1,-1,-1
47,17,1617.05,524.36,36.10,95.22,0.5303,-1,-1,-1
48,2,1527.81,560.01,44.72,133.30,0.7090,-1,-1,-1
48,15,447.60,542.94,45.27,132.32,0.3629,-1,-1,-1
48,17,1620.84,527.34,33.38,92.66,0.6493,-1,-1,-1
48,6,403.40,536.67,47.64,134.54,0.3399,-1,-1,-1
49,2,1533.07,560.28,44.82,135.82,0.7107,-1,-1,-1
49,15,446.11,548.33,44.31,128.27,0.5423,-1,-1,-1
49,17,1625.76,532.52,31.94,91.26,0.7157,-1,-1,-1
49,6,398.81,550.08,44.90,123.74,0.4164,-1,-1,-1
50,2,1537.54,557.34,45.76,137.29,0.6966,-1,-1,-1
50,15,444.98,556.06,43.52,120.39,0.5618,-1,-1,-1
50,17,1631.11,530.38,29.06,90.31,0.4166,-1,-1,-1
50,6,397.38,553.25,44.12,119.51,0.3637,-1,-1,-1
51,2,1542.09,561.11,46.24,137.82,0.6992,-1,-1,-1
51,15,442.58,564.41,43.07,112.24,0.5522,-1,-1,-1
51,17,1636.86,533.92,29.38,89.68,0.6433,-1,-1,-1
51,6,396.46,551.44,44.05,120.41,0.4896,-1,-1,-1
52,2,1546.03,558.69,49.35,145.65,0.7092,-1,-1,-1
52,15,441.50,568.25,41.52,109.74,0.5690,-1,-1,-1
52,17,1640.11,532.82,29.97,90.60,0.5623,-1,-1,-1
52,6,394.94,551.74,45.29,122.55,0.5372,-1,-1,-1
52,25,335.24,562.07,36.99,112.54,0.5025,-1,-1,-1
53,2,1550.31,557.28,51.08,150.78,0.6876,-1,-1,-1
53,15,439.19,566.78,43.55,112.89,0.5363,-1,-1,-1
53,17,1644.17,533.75,30.05,89.63,0.5337,-1,-1,-1
53,6,392.40,550.80,45.70,126.02,0.5311,-1,-1,-1
53,25,329.68,558.64,40.29,118.17,0.4316,-1,-1,-1
53,26,635.89,536.77,30.93,90.37,0.4406,-1,-1,-1
54,2,1553.23,556.80,52.36,153.36,0.7243,-1,-1,-1
54,15,436.53,567.41,44.24,112.75,0.5620,-1,-1,-1
54,17,1648.28,534.07,30.21,89.31,0.5927,-1,-1,-1
54,6,388.57,548.82,45.56,128.61,0.5157,-1,-1,-1
54,25,327.19,561.17,41.49,113.50,0.5001,-1,-1,-1
54,26,635.22,535.23,31.41,90.81,0.3953,-1,-1,-1
55,2,1557.56,554.48,52.65,157.52,0.7489,-1,-1,-1
55,15,434.70,563.98,44.47,116.98,0.4615,-1,-1,-1
55,17,1653.06,533.54,31.81,91.20,0.6041,-1,-1,-1
55,6,384.87,544.71,45.87,133.15,0.5710,-1,-1,-1
55,25,325.16,559.35,43.09,113.96,0.4942,-1,-1,-1
55,26,635.52,535.55,30.46,90.62,0.3400,-1,-1,-1
56,2,1562.18,553.95,52.23,157.48,0.7373,-1,-1,-1
56,15,431.23,563.52,43.60,118.22,0.3546,-1,-1,-1
56,17,1656.58,527.58,34.98,98.37,0.7227,-1,-1,-1
56,6,382.59,549.11,44.25,129.05,0.5221,-1,-1,-1
56,25,320.64,557.91,45.58,115.72,0.5542,-1,-1,-1
56,26,632.90,535.96,27.32,92.28,0.3524,-1,-1,-1
57,2,1567.07,551.53,53.26,157.80,0.7168,-1,-1,-1
57,15,426.75,561.59,43.96,119.28,0.4543,-1,-1,-1
57,17,1659.15,521.39,36.63,102.68,0.7179,-1,-1,-1
57,6,379.98,550.14,43.92,128.14,0.5247,-1,-1,-1
57,25,315.21,556.58,46.37,117.80,0.4610,-1,-1,-1
57,26,630.87,535.93,27.59,92.69,0.3481,-1,-1,-1
58,2,1571.20,555.22,53.20,153.76,0.6330,-1,-1,-1
58,15,422.00,559.28,44.71,120.33,0.4634,-1,-1,-1
58,17,1661.51,515.52,37.08,106.93,0.6824,-1,-1,-1
58,6,377.10,547.39,43.35,129.80,0.5754,-1,-1,-1
58,25,309.79,554.30,47.61,117.22,0.4667,-1,-1,-1
58,26,630.62,536.01,27.20,91.35,0.3272,-1,-1,-1
59,2,1577.39,561.02,51.15,149.03,0.6308,-1,-1,-1
59,15,418.79,559.64,45.41,118.20,0.4145,-1,-1,-1
59,17,1664.18,511.12,40.05,110.81,0.6578,-1,-1,-1
59,6,374.40,543.80,41.96,131.48,0.5620,-1,-1,-1
59,25,306.44,550.79,47.82,120.34,0.4357,-1,-1,-1
59,26,627.73,535.37,28.28,90.55,0.3698,-1,-1,-1
60,2,1581.29,560.08,51.48,151.16,0.6268,-1,-1,-1
60,15,416.52,562.80,47.02,115.38,0.3870,-1,-1,-1
60,17,1665.66,510.32,41.67,111.16,0.7210,-1,-1,-1
60,6,370.17,546.04,41.20,129.42,0.5510,-1,-1,-1
60,25,303.21,553.85,47.92,117.47,0.3951,-1,-1,-1
61,2,1585.16,549.95,52.74,156.65,0.6205,-1,-1,-1
61,15,414.12,562.21,47.86,117.52,0.4222,-1,-1,-1
61,17,1666.65,507.14,44.31,108.71,0.7169,-1,-1,-1
61,6,365.41,549.18,43.99,128.46,0.4771,-1,-1,-1
61,25,298.86,558.32,49.60,115.17,0.4345,-1,-1,-1
62,2,1589.89,556.08,53.44,156.30,0.7001,-1,-1,-1
62,15,412.92,552.55,44.12,124.28,0.3490,-1,-1,-1
62,17,1671.20,517.66,44.25,105.03,0.5488,-1,-1,-1
62,6,361.74,542.37,45.79,130.55,0.4603,-1,-1,-1
62,25,296.35,551.64,49.23,115.44,0.4384,-1,-1,-1
62,26,622.80,531.15,27.24,93.92,0.3752,-1,-1,-1
63,2,1596.08,543.02,55.06,155.39,0.6411,-1,-1,-1
63,15,411.48,571.10,45.93,120.41,0.3700,-1,-1,-1
63,17,1678.47,509.99,41.26,96.50,0.5719,-1,-1,-1
63,6,359.41,562.98,45.91,128.29,0.4003,-1,-1,-1
63,25,293.61,571.91,49.07,115.34,0.4958,-1,-1,-1
64,2,1600.25,562.63,55.41,153.44,0.6265,-1,-1,-1
64,15,404.58,549.62,45.16,127.47,0.3328,-1,-1,-1
64,17,1687.30,529.66,35.32,95.13,0.6374,-1,-1,-1
64,6,356.84,541.79,44.72,133.67,0.4848,-1,-1,-1
64,25,290.98,551.62,45.98,117.64,0.4852,-1,-1,-1
64,26,621.02,531.09,26.16,95.61,0.3509,-1,-1,-1
65,2,1603.14,561.70,56.61,151.07,0.7297,-1,-1,-1
65,15,401.14,559.29,45.48,123.32,0.3862,-1,-1,-1
65,17,1690.60,528.60,33.98,90.58,0.6811,-1,-1,-1
65,6,350.51,550.61,46.74,132.00,0.4789,-1,-1,-1
65,25,287.36,560.18,44.53,116.87,0.5095,-1,-1,-1
66,2,1609.68,559.92,56.72,149.92,0.7218,-1,-1,-1
66,15,397.40,567.22,48.19,123.62,0.5012,-1,-1,-1
66,17,1697.00,520.71,33.95,91.56,0.6913,-1,-1,-1
66,6,347.45,558.62,47.67,134.21,0.6009,-1,-1,-1
66,25,286.49,568.43,42.47,114.95,0.5079,-1,-1,-1
66,28,467.20,560.21,30.42,73.11,0.4145,-1,-1,-1
67,2,1613.93,570.34,55.61,153.79,0.7347,-1,-1,-1
67,15,394.21,556.69,46.09,121.82,0.5553,-1,-1,-1
67,17,1699.72,537.02,34.10,90.97,0.6537,-1,-1,-1
67,6,343.15,543.72,48.29,135.76,0.5524,-1,-1,-1
67,25,281.72,547.72,41.70,121.13,0.3359,-1,-1,-1
67,28,460.11,551.44,30.60,70.94,0.3430,-1,-1,-1
68,2,1617.12,564.27,57.16,152.56,0.7318,-1,-1,-1
68,15,388.85,563.46,49.57,123.02,0.5489,-1,-1,-1
68,17,1701.84,528.60,33.91,89.83,0.5779,-1,-1,-1
68,6,340.11,555.65,47.98,131.86,0.5780,-1,-1,-1
68,25,277.57,560.68,41.85,119.32,0.4448,-1,-1,-1
68,28,454.59,559.09,31.12,72.55,0.4476,-1,-1,-1
69,2,1621.41,572.33,57.94,156.14,0.7563,-1,-1,-1
69,15,385.96,557.51,46.99,123.31,0.4938,-1,-1,-1
69,17,1704.69,538.91,34.36,90.84,0.6500,-1,-1,-1
69,6,334.30,545.62,50.21,136.98,0.4394,-1,-1,-1
69,25,272.66,551.46,40.44,125.02,0.4400,-1,-1,-1
69,28,450.64,554.43,28.59,73.57,0.4046,-1,-1,-1
70,2,1625.20,567.30,59.30,156.80,0.7757,-1,-1,-1
70,15,380.64,556.48,47.96,127.03,0.5873,-1,-1,-1
70,17,1705.74,535.14,34.98,92.23,0.5962,-1,-1,-1
70,6,330.02,545.54,50.55,138.93,0.5193,-1,-1,-1
70,25,266.98,550.09,42.89,129.28,0.3747,-1,-1,-1
70,28,443.72,555.44,30.14,74.59,0.4612,-1,-1,-1
71,2,1629.63,571.38,58.94,158.90,0.7564,-1,-1,-1
71,15,375.14,553.76,48.42,128.57,0.5607,-1,-1,-1
71,17,1707.09,537.43,34.98,93.21,0.6897,-1,-1,-1
71,6,327.94,546.16,48.44,136.46,0.5147,-1,-1,-1
71,28,436.72,553.49,32.68,75.68,0.3959,-1,-1,-1
71,26,598.69,539.46,28.53,97.13,0.3385,-1,-1,-1
72,2,1632.97,562.32,60.31,169.29,0.7885,-1,-1,-1
72,15,370.90,554.84,47.95,130.11,0.6105,-1,-1,-1
72,17,1707.38,535.99,35.98,91.77,0.6906,-1,-1,-1
72,6,325.01,550.69,49.11,134.55,0.6164,-1,-1,-1
72,28,429.43,555.60,34.52,75.66,0.4245,-1,-1,-1
72,30,502.85,534.94,36.33,107.09,0.3700,-1,-1,-1
73,2,1637.71,564.76,60.25,171.82,0.6738,-1,-1,-1
73,15,366.55,549.04,47.69,132.75,0.5836,-1,-1,-1
73,17,1708.88,539.47,38.07,93.90,0.5833,-1,-1,-1
73,6,318.00,544.26,50.85,137.66,0.4709,-1,-1,-1
73,28,424.38,552.12,31.97,74.87,0.4058,-1,-1,-1
73,30,500.04,534.48,35.14,105.99,0.3436,-1,-1,-1
74,2,1641.50,568.22,63.68,169.08,0.7210,-1,-1,-1
74,15,362.89,548.82,48.79,134.47,0.4973,-1,-1,-1
74,17,1711.08,536.60,37.75,93.46,0.5858,-1,-1,-1
74,6,314.34,543.84,50.00,140.17,0.3724,-1,-1,-1
74,28,417.77,553.46,34.25,74.50,0.4468,-1,-1,-1
75,2,1643.60,575.82,64.68,165.50,0.7429,-1,-1,-1
75,15,356.05,553.73,47.59,130.26,0.6082,-1,-1,-1
75,17,1711.99,539.22,37.84,93.54,0.5706,-1,-1,-1
75,6,306.44,547.20,49.57,136.21,0.4164,-1,-1,-1
75,28,411.63,554.12,33.45,75.85,0.3757,-1,-1,-1
75,26,580.67,536.83,28.81,103.68,0.3460,-1,-1,-1
76,2,1647.52,578.04,64.47,164.42,0.7341,-1,-1,-1
76,15,351.26,551.54,48.33,131.11,0.4953,-1,-1,-1
76,17,1712.97,539.30,38.32,91.69,0.5478,-1,-1,-1
76,6,296.31,543.51,55.33,140.11,0.4755,-1,-1,-1
76,28,401.87,552.69,35.74,74.50,0.3273,-1,-1,-1
76,26,576.22,535.64,30.47,103.52,0.3407,-1,-1,-1
77,2,1649.33,580.70,67.08,163.61,0.7195,-1,-1,-1
77,15,343.98,550.36,48.55,132.54,0.6133,-1,-1,-1
77,17,1713.59,540.73,38.41,91.03,0.5368,-1,-1,-1
77,6,291.24,545.11,54.12,139.22,0.4480,-1,-1,-1
77,28,395.44,553.68,34.44,77.02,0.3709,-1,-1,-1
77,26,572.80,534.57,30.29,104.76,0.3860,-1,-1,-1
78,2,1652.65,581.55,68.20,164.42,0.7336,-1,-1,-1
78,15,339.78,551.76,48.06,132.89,0.5297,-1,-1,-1
78,17,1713.89,540.65,38.55,91.09,0.5829,-1,-1,-1
78,6,282.17,541.78,56.09,143.75,0.4271,-1,-1,-1
78,28,389.66,553.17,34.96,77.57,0.3429,-1,-1,-1
78,26,570.35,535.67,28.27,101.67,0.3059,-1,-1,-1
79,2,1653.83,584.55,71.61,162.87,0.7503,-1,-1,-1
79,15,333.76,548.78,49.59,135.60,0.5562,-1,-1,-1
79,17,1713.40,540.49,38.92,90.57,0.5743,-1,-1,-1
79,6,272.25,538.47,60.26,145.54,0.5009,-1,-1,-1
79,28,382.75,552.25,33.96,77.12,0.3437,-1,-1,-1
79,30,463.61,529.83,39.16,114.66,0.3435,-1,-1,-1
80,2,1654.29,582.15,74.70,166.38,0.7249,-1,-1,-1
80,15,326.93,552.41,50.01,134.71,0.6084,-1,-1,-1
80,17,1712.64,536.80,39.64,91.55,0.6115,-1,-1,-1
80,6,263.11,537.96,63.68,148.02,0.5575,-1,-1,-1
80,28,373.42,554.18,35.35,76.86,0.3363,-1,-1,-1
80,30,455.39,529.95,43.41,118.30,0.4903,-1,-1,-1
81,2,1657.02,582.23,73.57,166.92,0.7504,-1,-1,-1
81,15,319.64,552.82,51.00,133.97,0.5708,-1,-1,-1
81,17,1711.81,536.31,39.43,91.37,0.5704,-1,-1,-1
81,6,264.13,546.27,55.11,137.26,0.3501,-1,-1,-1
81,28,367.87,554.06,34.20,75.21,0.4967,-1,-1,-1
81,30,450.94,530.42,45.24,120.11,0.3342,-1,-1,-1
81,31,148.14,556.89,45.62,132.17,0.3818,-1,-1,-1
82,2,1659.69,583.12,72.83,170.07,0.7395,-1,-1,-1
82,15,312.23,554.65,49.85,132.38,0.4983,-1,-1,-1
82,17,1711.94,537.13,37.25,91.14,0.6128,-1,-1,-1
82,6,260.72,538.66,51.59,145.02,0.3820,-1,-1,-1
82,28,359.67,554.70,34.61,76.39,0.3522,-1,-1,-1
82,31,139.02,556.31,49.11,135.24,0.4349,-1,-1,-1
83,2,1665.10,582.53,68.92,171.90,0.7061,-1,-1,-1
83,15,304.92,558.20,51.36,131.15,0.6694,-1,-1,-1
83,17,1712.00,536.78,36.11,91.01,0.5894,-1,-1,-1
83,6,255.97,541.66,48.49,145.35,0.4586,-1,-1,-1
83,28,354.95,558.18,32.45,74.38,0.3571,-1,-1,-1
83,31,130.02,559.03,51.56,133.52,0.5458,-1,-1,-1
83,30,439.63,536.99,42.94,115.60,0.3829,-1,-1,-1
84,2,1665.21,580.09,72.71,176.77,0.7242,-1,-1,-1
84,15,296.53,561.88,54.23,128.54,0.5318,-1,-1,-1
84,17,1712.57,535.38,34.75,92.20,0.5715,-1,-1,-1
84,6,245.54,549.44,52.18,140.40,0.5413,-1,-1,-1
84,28,346.65,558.05,32.05,74.38,0.4252,-1,-1,-1
84,31,121.43,561.13,52.66,134.50,0.5341,-1,-1,-1
84,32,462.42,545.20,43.07,111.16,0.3908,-1,-1,-1
84,30,432.98,537.25,42.12,114.15,0.3586,-1,-1,-1
85,2,1667.66,581.33,72.72,179.66,0.7671,-1,-1,-1
85,15,290.71,562.57,51.51,129.12,0.5021,-1,-1,-1
85,17,1711.78,536.56,34.65,92.58,0.4764,-1,-1,-1
85,6,242.47,555.84,48.43,136.77,0.4785,-1,-1,-1
85,31,112.32,564.58,54.03,133.37,0.5264,-1,-1,-1
86,2,1671.39,580.83,71.18,179.82,0.7646,-1,-1,-1
86,15,284.28,561.78,49.91,131.33,0.5830,-1,-1,-1
86,17,1708.65,535.62,36.26,80.43,0.3145,-1,-1,-1
86,6,231.71,556.85,50.34,136.91,0.4305,-1,-1,-1
86,31,103.24,562.64,55.79,140.57,0.4138,-1,-1,-1
86,32,450.80,539.22,42.56,119.91,0.3605,-1,-1,-1
86,30,421.98,534.94,38.98,121.52,0.3419,-1,-1,-1
87,2,1672.57,584.17,72.24,180.33,0.7968,-1,-1,-1
87,15,279.00,563.68,51.53,132.27,0.5734,-1,-1,-1
87,6,224.77,556.53,50.39,139.10,0.4919,-1,-1,-1
87,31,95.52,562.24,59.02,137.73,0.5342,-1,-1,-1
87,34,383.02,554.42,35.55,97.45,0.5402,-1,-1,-1
87,32,442.39,545.10,42.26,117.78,0.3910,-1,-1,-1
87,30,414.78,537.47,39.98,121.03,0.3092,-1,-1,-1
88,2,1674.96,582.79,71.98,184.08,0.7977,-1,-1,-1
88,15,270.86,568.70,51.79,131.91,0.5029,-1,-1,-1
88,6,219.43,561.25,50.42,138.86,0.5733,-1,-1,-1
88,31,90.02,566.86,54.45,131.85,0.5030,-1,-1,-1
88,34,377.47,556.46,34.77,97.70,0.3989,-1,-1,-1
88,32,433.62,547.77,46.62,119.64,0.4156,-1,-1,-1
88,26,512.85,539.87,37.47,121.18,0.3389,-1,-1,-1
89,2,1678.51,584.27,70.42,188.56,0.8037,-1,-1,-1
89,15,265.06,567.27,51.59,132.18,0.4706,-1,-1,-1
89,6,214.59,558.47,48.70,142.67,0.3128,-1,-1,-1
89,31,83.28,563.04,54.37,135.53,0.4656,-1,-1,-1
89,34,368.83,554.84,31.67,98.37,0.4574,-1,-1,-1
89,32,429.76,546.32,43.69,122.53,0.5836,-1,-1,-1
90,2,1681.95,585.59,70.30,192.28,0.7568,-1,-1,-1
90,15,259.30,571.08,53.34,134.03,0.5301,-1,-1,-1
90,6,205.29,557.50,51.66,147.32,0.3254,-1,-1,-1
90,31,74.81,565.59,57.72,138.16,0.4846,-1,-1,-1
90,34,360.14,567.00,34.39,91.40,0.4281,-1,-1,-1
90,32,420.87,547.79,45.97,125.62,0.3054,-1,-1,-1
90,30,392.84,539.66,41.76,131.04,0.3598,-1,-1,-1
91,2,1684.61,595.26,72.46,188.67,0.7887,-1,-1,-1
91,15,249.98,558.83,63.60,149.01,0.4393,-1,-1,-1
91,6,199.76,559.94,51.00,146.30,0.3825,-1,-1,-1
91,31,67.54,566.68,56.60,141.21,0.4517,-1,-1,-1
91,34,354.04,570.98,33.57,89.08,0.3764,-1,-1,-1
91,32,413.94,550.43,46.32,125.40,0.5728,-1,-1,-1
91,30,385.30,545.58,42.55,124.93,0.3130,-1,-1,-1
92,2,1687.95,600.77,73.47,186.95,0.7964,-1,-1,-1
92,15,245.32,556.93,62.86,154.66,0.5456,-1,-1,-1
92,6,190.27,561.66,53.84,150.03,0.3345,-1,-1,-1
92,31,57.81,570.76,63.94,142.29,0.3359,-1,-1,-1
92,32,407.53,553.63,44.33,126.13,0.5375,-1,-1,-1
92,30,379.85,556.10,38.40,119.96,0.3352,-1,-1,-1
93,2,1689.28,605.34,73.98,187.00,0.8092,-1,-1,-1
93,15,241.01,566.95,56.23,146.06,0.5533,-1,-1,-1
93,6,184.59,555.33,53.60,159.98,0.5642,-1,-1,-1
93,32,400.95,556.08,44.21,127.23,0.5216,-1,-1,-1
93,30,371.13,555.02,36.78,125.83,0.3042,-1,-1,-1
93,34,338.96,579.98,33.12,88.40,0.4045,-1,-1,-1
94,2,1690.48,607.62,74.09,187.63,0.8040,-1,-1,-1
94,15,234.85,574.04,55.68,142.68,0.5421,-1,-1,-1
94,6,180.17,562.11,52.27,155.76,0.5233,-1,-1,-1
94,32,392.20,556.64,45.28,129.15,0.6202,-1,-1,-1
94,30,364.46,554.10,38.61,129.10,0.4128,-1,-1,-1
94,34,332.34,582.04,32.19,92.01,0.4827,-1,-1,-1
94,17,1697.43,540.86,38.87,82.62,0.3709,-1,-1,-1
95,2,1692.19,611.33,74.90,189.33,0.7915,-1,-1,-1
95,15,227.03,578.20,57.13,140.38,0.5212,-1,-1,-1
95,6,173.67,563.37,53.93,155.44,0.6019,-1,-1,-1
95,32,387.13,558.39,45.02,128.92,0.5344,-1,-1,-1
95,17,1694.64,542.37,40.74,90.73,0.4892,-1,-1,-1
96,2,1695.66,611.57,75.01,190.71,0.7886,-1,-1,-1
96,15,221.28,582.31,54.03,141.66,0.5758,-1,-1,-1
96,6,165.46,573.49,54.56,150.13,0.4634,-1,-1,-1
96,32,380.23,565.54,44.45,125.56,0.4838,-1,-1,-1
96,17,1693.32,541.62,43.16,94.50,0.5265,-1,-1,-1
96,30,352.76,558.22,35.05,130.07,0.3449,-1,-1,-1
96,34,316.82,584.74,32.23,89.78,0.4530,-1,-1,-1
97,2,1699.29,613.13,76.19,192.57,0.7860,-1,-1,-1
97,15,212.88,579.20,55.87,143.93,0.6522,-1,-1,-1
97,6,159.28,577.46,53.02,142.93,0.5563,-1,-1,-1
97,32,372.43,558.85,46.65,131.78,0.5171,-1,-1,-1
97,17,1692.26,544.16,42.83,94.58,0.5334,-1,-1,-1
97,30,344.00,553.06,38.38,133.74,0.4801,-1,-1,-1
97,34,308.65,578.68,33.87,96.98,0.5859,-1,-1,-1
98,2,1703.99,613.35,76.80,195.62,0.7919,-1,-1,-1
98,15,203.83,581.80,55.58,145.57,0.6216,-1,-1,-1
98,6,151.19,582.25,53.39,143.67,0.5599,-1,-1,-1
98,32,365.83,575.52,45.98,117.14,0.6109,-1,-1,-1
98,17,1690.88,545.52,41.58,95.47,0.5095,-1,-1,-1
98,30,335.99,560.10,39.39,131.01,0.3058,-1,-1,-1
99,2,1706.56,614.85,78.15,197.44,0.7603,-1,-1,-1
99,15,197.37,578.56,54.23,147.66,0.6654,-1,-1,-1
99,6,143.10,581.17,54.07,143.05,0.4824,-1,-1,-1
99,32,358.80,569.59,46.31,122.88,0.5577,-1,-1,-1
99,17,1688.55,546.08,42.13,100.84,0.5021,-1,-1,-1
99,30,329.54,557.12,37.37,132.45,0.4519,-1,-1,-1
99,34,290.59,587.21,34.39,90.16,0.4879,-1,-1,-1
100,2,1709.21,613.71,80.25,199.80,0.7946,-1,-1,-1
100,15,188.92,585.54,54.81,143.64,0.6085,-1,-1,-1
100,6,131.88,584.21,56.15,140.97,0.5672,-1,-1,-1
100,32,348.73,575.09,50.14,119.69,0.5459,-1,-1,-1
100,17,1685.74,547.52,42.55,101.71,0.6411,-1,-1,-1
100,30,319.99,560.69,38.98,132.03,0.4082,-1,-1,-1
100,34,281.26,587.93,35.33,94.89,0.5926,-1,-1,-1
100,26,441.85,562.77,32.77,105.86,0.4478,-1,-1,-1
101,2,1711.14,616.15,80.90,202.25,0.7865,-1,-1,-1
101,15,180.22,582.71,57.32,145.08,0.5850,-1,-1,-1
101,6,124.12,579.85,57.65,143.69,0.6033,-1,-1,-1
101,32,340.66,571.98,49.75,121.54,0.5708,-1,-1,-1
101,17,1684.57,550.11,40.07,103.23,0.7197,-1,-1,-1
101,30,310.35,572.08,37.79,119.27,0.3813,-1,-1,-1
101,34,273.00,588.31,34.06,92.35,0.4470,-1,-1,-1
101,26,434.53,561.37,34.01,107.05,0.3740,-1,-1,-1
102,2,1713.15,619.14,82.36,200.93,0.8136,-1,-1,-1
102,15,172.04,583.58,57.53,145.25,0.5693,-1,-1,-1
102,6,115.14,581.47,57.93,145.54,0.6262,-1,-1,-1
102,32,332.47,575.00,49.50,120.68,0.6190,-1,-1,-1
102,17,1683.92,550.11,38.00,103.67,0.7410,-1,-1,-1
102,30,302.26,578.64,36.20,114.43,0.3031,-1,-1,-1
102,34,262.83,592.61,35.59,89.34,0.5423,-1,-1,-1
102,26,430.90,561.74,31.72,109.42,0.3856,-1,-1,-1
102,39,389.34,573.71,43.17,126.20,0.3721,-1,-1,-1
103,2,1714.33,619.05,85.27,204.71,0.8262,-1,-1,-1
103,15,164.57,586.95,57.56,143.24,0.5183,-1,-1,-1
103,6,106.43,579.16,57.59,148.98,0.5525,-1,-1,-1
103,32,326.06,574.59,51.74,120.78,0.4853,-1,-1,-1
103,17,1683.18,550.11,36.76,103.08,0.7189,-1,-1,-1
103,34,255.69,590.23,36.25,96.55,0.4423,-1,-1,-1
103,26,423.74,561.70,31.52,108.08,0.3369,-1,-1,-1
103,39,384.95,571.12,40.26,128.21,0.3381,-1,-1,-1
103,40,1546.06,519.48,25.15,79.32,0.4540,-1,-1,-1
104,2,1715.64,623.92,86.60,207.04,0.8178,-1,-1,-1
104,15,154.96,589.01,52.87,139.15,0.4258,-1,-1,-1
104,6,95.99,576.68,58.26,149.79,0.5657,-1,-1,-1
104,32,316.23,576.85,50.98,117.40,0.3580,-1,-1,-1
104,17,1682.34,551.83,35.57,103.05,0.7075,-1,-1,-1
104,34,247.63,589.43,36.16,93.34,0.3085,-1,-1,-1
104,26,415.79,558.58,33.29,107.30,0.4466,-1,-1,-1
104,39,374.31,574.12,40.71,125.24,0.4726,-1,-1,-1
104,40,1545.39,521.73,23.10,77.01,0.3727,-1,-1,-1
105,2,1717.71,624.05,87.19,209.60,0.8057,-1,-1,-1
105,15,146.35,587.48,57.51,142.56,0.5509,-1,-1,-1
105,6,87.93,579.29,57.94,149.40,0.6009,-1,-1,-1
105,32,306.27,568.72,53.01,128.58,0.5166,-1,-1,-1
105,17,1681.20,549.89,34.85,103.75,0.6655,-1,-1,-1
105,34,238.42,591.86,37.24,92.17,0.4489,-1,-1,-1
105,26,408.87,559.31,34.27,113.85,0.4024,-1,-1,-1
105,39,367.60,570.44,40.96,131.77,0.3747,-1,-1,-1
106,2,1722.69,625.87,85.90,212.19,0.7799,-1,-1,-1
106,15,138.66,577.87,59.25,151.49,0.5310,-1,-1,-1
106,6,77.97,574.93,56.39,153.06,0.5599,-1,-1,-1
106,32,298.85,566.77,52.34,130.00,0.5016,-1,-1,-1
106,17,1678.97,549.66,34.20,105.65,0.6087,-1,-1,-1
106,34,228.15,589.64,36.68,95.29,0.3598,-1,-1,-1
106,39,360.52,567.06,39.99,135.21,0.5134,-1,-1,-1
106,40,1535.72,522.20,25.63,73.64,0.3972,-1,-1,-1
107,2,1726.25,623.24,85.10,216.13,0.7890,-1,-1,-1
107,15,130.60,583.35,56.87,147.08,0.4010,-1,-1,-1
107,6,68.64,573.13,58.23,155.51,0.5917,-1,-1,-1
107,32,288.65,560.29,53.48,137.42,0.4681,-1,-1,-1
107,17,1677.47,547.40,32.76,105.93,0.5536,-1,-1,-1
107,34,219.14,591.15,38.60,97.23,0.5192,-1,-1,-1
107,39,352.01,562.90,42.04,140.58,0.5354,-1,-1,-1
107,40,1532.80,520.61,27.84,76.31,0.4412,-1,-1,-1
107,30,257.79,588.87,36.88,114.00,0.3930,-1,-1,-1
107,26,394.05,560.58,34.59,107.38,0.5080,-1,-1,-1
108,2,1728.76,628.04,84.91,218.03,0.8030,-1,-1,-1
108,15,121.22,576.31,55.29,152.89,0.4990,-1,-1,-1
108,6,55.21,568.16,63.06,160.12,0.5359,-1,-1,-1
108,32,278.92,557.74,54.31,141.00,0.5478,-1,-1,-1
108,17,1676.61,549.30,31.21,106.70,0.4694,-1,-1,-1
108,34,210.01,587.08,37.52,100.39,0.5889,-1,-1,-1
108,39,342.57,561.79,44.37,141.92,0.5371,-1,-1,-1
108,40,1531.64,523.82,26.45,75.39,0.3922,-1,-1,-1
108,42,0.33,574.24,52.67,149.70,0.4789,-1,-1,-1
108,26,388.85,559.54,34.40,105.71,0.4565,-1,-1,-1
109,2,1730.86,628.34,86.07,221.44,0.8076,-1,-1,-1
109,15,113.41,574.79,57.84,156.60,0.4129,-1,-1,-1
109,6,45.00,569.34,63.62,160.20,0.4893,-1,-1,-1
109,32,268.19,566.96,55.36,136.78,0.4146,-1,-1,-1
109,17,1675.09,549.34,30.52,106.80,0.5373,-1,-1,-1
109,34,200.77,588.48,37.60,104.45,0.5079,-1,-1,-1
109,39,336.26,557.50,42.43,148.67,0.5920,-1,-1,-1
109,40,1527.36,522.81,27.00,74.85,0.3971,-1,-1,-1
109,42,-1.56,574.48,44.66,155.00,0.3691,-1,-1,-1
109,26,381.47,558.79,35.24,110.78,0.4563,-1,-1,-1
110,2,1732.28,629.39,86.37,224.93,0.8127,-1,-1,-1
110,15,103.76,571.96,56.40,158.53,0.5837,-1,-1,-1
110,6,32.22,567.05,68.18,162.19,0.5921,-1,-1,-1
110,32,254.83,556.41,58.94,146.89,0.5140,-1,-1,-1
110,17,1674.01,550.72,28.98,107.39,0.3544,-1,-1,-1
110,34,190.70,587.09,38.77,105.31,0.5302,-1,-1,-1
110,39,326.66,561.75,44.10,143.55,0.6133,-1,-1,-1
110,42,-0.80,571.62,33.97,155.06,0.3812,-1,-1,-1
110,26,374.15,557.21,35.07,108.95,0.4486,-1,-1,-1
111,2,1733.58,629.58,87.73,227.48,0.8115,-1,-1,-1
111,15,94.08,568.23,58.85,164.68,0.5886,-1,-1,-1
111,6,20.96,563.69,71.55,166.88,0.6223,-1,-1,-1
111,32,247.28,559.50,58.09,145.10,0.4755,-1,-1,-1
111,34,180.98,589.34,38.03,107.11,0.4031,-1,-1,-1
111,39,318.49,571.19,42.43,135.49,0.5317,-1,-1,-1
111,26,366.52,558.65,36.09,109.01,0.4498,-1,-1,-1
112,2,1734.86,632.26,89.63,228.24,0.8080,-1,-1,-1
112,15,84.35,572.65,59.56,161.69,0.5701,-1,-1,-1
112,6,9.35,566.56,76.44,166.06,0.5341,-1,-1,-1
112,32,238.54,567.49,56.27,138.85,0.5937,-1,-1,-1
112,34,170.82,592.62,36.60,103.56,0.4825,-1,-1,-1
112,39,307.84,570.88,41.50,138.64,0.5582,-1,-1,-1
112,26,357.56,559.58,36.81,111.46,0.5559,-1,-1,-1
113,2,1735.37,634.41,90.58,229.94,0.8039,-1,-1,-1
113,15,75.43,576.68,57.39,160.36,0.5790,-1,-1,-1
113,6,1.13,560.84,74.08,173.03,0.5961,-1,-1,-1
113,32,231.13,575.33,54.22,134.22,0.6197,-1,-1,-1
113,34,161.64,595.34,37.34,103.41,0.5199,-1,-1,-1
113,39,298.86,572.26,39.38,139.69,0.6007,-1,-1,-1
113,26,349.72,562.07,36.59,111.51,0.4348,-1,-1,-1
114,2,1737.52,635.06,90.23,230.99,0.7984,-1,-1,-1
114,15,63.16,567.92,59.62,169.22,0.6499,-1,-1,-1
114,6,1.00,571.47,62.79,164.21,0.5476,-1,-1,-1
114,32,218.74,580.93,55.01,129.34,0.5789,-1,-1,-1
114,34,151.52,597.45,34.88,102.94,0.6192,-1,-1,-1
114,39,290.23,571.95,41.48,141.17,0.4919,-1,-1,-1
114,26,341.34,564.53,36.67,109.45,0.5104,-1,-1,-1
115,2,1739.24,636.50,91.12,231.80,0.7915,-1,-1,-1
115,15,52.88,565.82,60.02,173.02,0.6516,-1,-1,-1
115,6,0.93,573.61,54.51,162.31,0.4662,-1,-1,-1
115,32,202.03,571.44,61.54,139.07,0.5423,-1,-1,-1
115,34,141.66,596.91,36.56,105.23,0.6164,-1,-1,-1
115,39,280.01,578.87,38.50,136.15,0.5716,-1,-1,-1
115,26,333.51,564.22,37.77,111.62,0.6417,-1,-1,-1
116,2,1741.08,636.44,91.70,234.96,0.7989,-1,-1,-1
116,15,43.76,571.81,58.28,170.22,0.6052,-1,-1,-1
116,6,-2.16,582.10,51.23,157.94,0.6271,-1,-1,-1
116,32,195.78,575.68,58.61,140.47,0.5416,-1,-1,-1
116,34,130.57,599.48,35.33,103.80,0.5737,-1,-1,-1
116,39,270.97,579.91,37.72,137.68,0.4738,-1,-1,-1
116,26,323.88,567.31,39.09,110.82,0.6120,-1,-1,-1
117,2,1741.45,638.67,93.75,238.29,0.8085,-1,-1,-1
117,15,32.66,573.70,59.38,170.38,0.5951,-1,-1,-1
117,6,-2.42,583.91,43.59,157.38,0.6280,-1,-1,-1
117,32,186.18,570.58,58.61,145.86,0.4908,-1,-1,-1
117,34,119.26,600.03,36.99,101.58,0.5760,-1,-1,-1
117,39,259.40,566.10,39.05,152.68,0.6098,-1,-1,-1
117,26,314.64,566.88,40.57,112.62,0.5427,-1,-1,-1
118,2,1742.78,637.40,95.80,243.99,0.8036,-1,-1,-1
118,15,22.09,577.24,60.22,169.60,0.5140,-1,-1,-1
118,6,-2.25,588.97,33.31,154.85,0.4959,-1,-1,-1
118,32,179.59,580.75,54.39,139.29,0.5471,-1,-1,-1
118,34,109.75,600.74,37.63,104.91,0.5085,-1,-1,-1
118,39,249.40,571.17,38.44,151.63,0.6612,-1,-1,-1
118,26,308.56,561.73,38.62,118.60,0.6467,-1,-1,-1
119,2,1745.56,639.71,99.19,246.02,0.8215,-1,-1,-1
119,15,11.27,572.64,61.60,177.63,0.5951,-1,-1,-1
119,32,169.46,579.35,54.18,144.48,0.4578,-1,-1,-1
119,34,100.10,601.74,35.10,105.55,0.4756,-1,-1,-1
119,39,239.65,565.41,40.21,159.65,0.6096,-1,-1,-1
119,26,299.71,563.45,39.67,118.42,0.5508,-1,-1,-1
119,43,1742.83,566.09,46.92,97.71,0.3530,-1,-1,-1
120,2,1747.87,643.77,103.24,245.56,0.8126,-1,-1,-1
120,15,4.92,565.42,58.00,188.08,0.5784,-1,-1,-1
120,32,158.53,582.83,53.50,143.94,0.6007,-1,-1,-1
120,34,89.54,601.67,34.11,111.07,0.4243,-1,-1,-1
120,39,226.80,571.38,42.33,157.35,0.6484,-1,-1,-1
120,26,290.79,561.74,39.97,123.12,0.5785,-1,-1,-1
120,43,1742.42,558.84,43.97,107.86,0.4102,-1,-1,-1
121,2,1751.44,645.23,104.15,248.33,0.8092,-1,-1,-1
121,15,-0.52,555.48,55.68,197.47,0.5797,-1,-1,-1
121,32,146.88,586.14,56.03,140.59,0.5885,-1,-1,-1
121,34,78.71,601.90,35.88,112.47,0.5915,-1,-1,-1
121,39,217.64,570.11,43.15,160.92,0.5591,-1,-1,-1
121,26,286.10,563.19,37.47,119.98,0.6308,-1,-1,-1
121,43,1741.32,555.31,43.67,113.84,0.4363,-1,-1,-1
122,2,1755.64,646.10,101.99,251.85,0.8083,-1,-1,-1
122,15,-3.44,555.82,48.82,200.03,0.6185,-1,-1,-1
122,32,138.87,592.88,53.55,140.78,0.5101,-1,-1,-1
122,34,67.29,605.17,36.01,110.90,0.4069,-1,-1,-1
122,39,205.11,573.47,46.90,159.91,0.6580,-1,-1,-1
122,26,275.53,564.22,40.14,120.56,0.6008,-1,-1,-1
122,43,1739.98,553.36,42.82,117.33,0.3941,-1,-1,-1
123,2,1760.08,649.72,98.70,254.49,0.8086,-1,-1,-1
123,15,-2.97,568.25,41.49,187.76,0.5678,-1,-1,-1
123,32,128.65,598.78,56.28,139.32,0.4503,-1,-1,-1
123,34,54.89,607.77,37.70,115.12,0.3156,-1,-1,-1
123,39,194.52,580.91,49.23,154.90,0.5960,-1,-1,-1
123,26,266.57,559.71,42.09,128.78,0.6607,-1,-1,-1
123,43,1739.54,554.67,42.11,119.61,0.4080,-1,-1,-1
124,2,1764.31,649.37,98.36,259.50,0.8160,-1,-1,-1
124,15,-2.98,587.88,30.42,170.59,0.4856,-1,-1,-1
124,34,42.61,608.96,37.72,116.69,0.3101,-1,-1,-1
124,39,184.43,587.77,48.29,150.08,0.6279,-1,-1,-1
124,26,260.29,567.46,39.34,123.03,0.5866,-1,-1,-1
124,43,1739.25,555.07,42.39,117.56,0.4155,-1,-1,-1
124,30,97.09,583.27,52.93,151.03,0.4444,-1,-1,-1
125,2,1768.96,648.54,102.03,262.12,0.8160,-1,-1,-1
125,34,31.58,611.35,36.20,114.37,0.4599,-1,-1,-1
125,39,173.78,590.34,50.97,149.20,0.6423,-1,-1,-1
125,26,251.35,570.18,39.93,121.22,0.5345,-1,-1,-1
125,43,1737.10,554.49,42.42,118.72,0.3317,-1,-1,-1
125,30,87.04,580.82,51.81,150.29,0.3180,-1,-1,-1
126,2,1773.22,650.70,103.76,263.11,0.8114,-1,-1,-1
126,34,20.43,614.44,38.13,113.39,0.4120,-1,-1,-1
126,39,161.34,595.75,53.56,146.75,0.5843,-1,-1,-1
126,26,243.08,567.64,39.92,126.28,0.5828,-1,-1,-1
127,2,1777.39,651.49,104.91,266.19,0.8200,-1,-1,-1
127,34,5.36,621.37,38.46,106.62,0.3591,-1,-1,-1
127,39,152.76,600.94,51.93,145.09,0.5949,-1,-1,-1
127,26,235.94,569.98,39.05,126.20,0.5794,-1,-1,-1
127,32,83.23,622.91,58.10,119.40,0.4737,-1,-1,-1
127,43,1729.08,556.09,42.60,109.51,0.3420,-1,-1,-1
128,2,1780.70,653.65,106.58,267.60,0.8193,-1,-1,-1
128,34,-2.10,621.38,32.15,109.33,0.3408,-1,-1,-1
128,39,141.53,603.01,54.15,144.49,0.5498,-1,-1,-1
128,26,225.43,563.19,40.53,133.37,0.6125,-1,-1,-1
128,50,546.70,527.85,32.41,68.72,0.4191,-1,-1,-1
128,32,71.49,623.46,59.13,119.41,0.4675,-1,-1,-1
128,43,1727.21,557.62,41.64,107.10,0.4015,-1,-1,-1
129,2,1785.41,656.08,110.79,269.47,0.8236,-1,-1,-1
129,34,-3.62,623.47,23.36,109.30,0.3118,-1,-1,-1
129,39,130.80,600.60,52.23,150.76,0.5154,-1,-1,-1
129,26,218.29,566.26,39.81,133.27,0.5914,-1,-1,-1
129,50,543.87,528.53,29.29,68.32,0.3434,-1,-1,-1
129,32,63.29,623.16,55.99,122.96,0.3575,-1,-1,-1
129,43,1726.46,557.12,39.54,108.41,0.3780,-1,-1,-1
130,2,1787.92,657.99,115.09,272.01,0.8219,-1,-1,-1
130,39,117.27,603.55,58.34,151.10,0.3295,-1,-1,-1
130,26,209.58,565.59,40.83,135.46,0.5546,-1,-1,-1
130,32,49.08,622.79,56.91,126.72,0.3906,-1,-1,-1
130,43,1724.53,557.04,36.85,113.73,0.3986,-1,-1,-1
130,30,29.17,586.20,52.24,159.11,0.4398,-1,-1,-1
131,2,1791.15,659.38,118.08,276.73,0.8319,-1,-1,-1
131,39,105.40,599.81,51.36,156.61,0.4307,-1,-1,-1
131,26,200.70,572.29,41.07,129.47,0.4724,-1,-1,-1
131,43,1717.52,557.56,41.83,117.99,0.4683,-1,-1,-1
131,30,14.60,587.75,53.90,153.62,0.4849,-1,-1,-1
131,50,533.35,526.39,29.26,71.64,0.4063,-1,-1,-1
132,2,1796.01,661.03,120.32,283.65,0.8652,-1,-1,-1
132,39,94.45,599.28,47.66,160.55,0.4306,-1,-1,-1
132,26,191.76,569.76,41.37,133.48,0.6432,-1,-1,-1
132,43,1714.44,555.87,43.74,119.73,0.4538,-1,-1,-1
132,30,2.52,585.53,52.57,159.09,0.5510,-1,-1,-1
133,2,1802.29,663.00,117.55,289.39,0.8824,-1,-1,-1
133,39,80.31,595.16,49.29,167.72,0.5457,-1,-1,-1
133,26,182.06,566.67,43.86,136.11,0.5320,-1,-1,-1
133,43,1712.37,557.13,45.36,120.15,0.4478,-1,-1,-1
133,30,-2.75,587.77,45.98,162.15,0.3456,-1,-1,-1
133,32,14.22,627.98,58.79,134.09,0.3583,-1,-1,-1
133,50,523.82,527.42,31.08,71.60,0.4532,-1,-1,-1
134,2,1807.22,665.03,113.99,294.75,0.8508,-1,-1,-1
134,39,50.73,580.90,66.55,188.11,0.4959,-1,-1,-1
134,26,173.43,567.22,42.18,138.30,0.5591,-1,-1,-1
134,43,1710.07,556.30,46.58,120.25,0.4811,-1,-1,-1
134,32,1.72,628.78,56.48,137.99,0.4838,-1,-1,-1
134,50,520.72,529.19,27.34,71.96,0.4260,-1,-1,-1
135,2,1811.14,665.92,110.24,301.32,0.8147,-1,-1,-1
135,39,32.43,574.44,74.08,198.22,0.5413,-1,-1,-1
135,26,165.74,569.83,40.82,138.19,0.5435,-1,-1,-1
135,43,1705.69,554.98,50.04,120.08,0.5032,-1,-1,-1
135,32,-3.25,620.76,49.98,147.45,0.5673,-1,-1,-1
135,50,514.98,528.34,28.81,73.36,0.5474,-1,-1,-1
136,2,1817.19,669.40,104.16,305.20,0.8375,-1,-1,-1
136,39,22.25,573.82,75.21,200.86,0.5249,-1,-1,-1
136,26,157.24,567.61,41.16,140.70,0.3930,-1,-1,-1
136,43,1701.42,556.00,50.84,115.91,0.4715,-1,-1,-1
136,32,-4.06,621.96,39.75,147.19,0.6005,-1,-1,-1
136,50,509.23,527.26,28.28,73.70,0.5365,-1,-1,-1
137,2,1823.68,677.43,97.88,307.36,0.7742,-1,-1,-1
137,39,15.82,573.29,70.58,204.60,0.6259,-1,-1,-1
137,26,148.54,572.95,40.33,137.77,0.4034,-1,-1,-1
137,43,1699.46,555.84,51.15,114.78,0.5034,-1,-1,-1
137,32,-3.32,634.50,29.32,138.21,0.4698,-1,-1,-1
137,50,503.49,527.43,29.28,75.28,0.5479,-1,-1,-1
138,2,1830.11,679.42,90.98,310.79,0.7835,-1,-1,-1
138,39,9.45,571.90,64.59,206.09,0.6375,-1,-1,-1
138,26,140.53,572.17,40.80,139.62,0.4940,-1,-1,-1
138,43,1697.69,556.28,51.08,113.50,0.4897,-1,-1,-1
138,50,499.74,529.71,29.97,73.23,0.5814,-1,-1,-1
138,53,1570.67,558.09,44.49,105.98,0.5702,-1,-1,-1
139,2,1833.52,680.03,87.33,315.55,0.7701,-1,-1,-1
139,39,2.06,575.43,59.12,203.07,0.6160,-1,-1,-1
139,43,1696.80,556.85,49.80,110.88,0.5073,-1,-1,-1
139,50,495.18,528.16,27.64,72.80,0.4401,-1,-1,-1
139,53,1568.73,554.75,39.65,108.85,0.5947,-1,-1,-1
140,2,1840.07,682.48,80.87,312.76,0.7505,-1,-1,-1
140,39,-2.67,574.89,51.66,210.80,0.6252,-1,-1,-1
140,43,1697.39,553.29,48.12,114.64,0.5277,-1,-1,-1
140,50,490.40,527.15,28.57,73.46,0.4968,-1,-1,-1
140,53,1566.70,550.76,37.21,111.42,0.6625,-1,-1,-1
140,26,122.26,562.71,42.05,152.68,0.3746,-1,-1,-1
141,2,1847.09,680.12,73.79,312.22,0.6799,-1,-1,-1
141,39,-3.80,579.13,41.44,208.72,0.5907,-1,-1,-1
141,43,1698.61,551.82,45.51,115.77,0.4524,-1,-1,-1
141,50,485.47,527.81,27.73,73.80,0.5268,-1,-1,-1
141,53,1563.40,549.75,38.21,111.66,0.7275,-1,-1,-1
142,2,1854.31,693.10,66.57,300.21,0.6423,-1,-1,-1
142,43,1700.90,554.84,41.94,114.58,0.4370,-1,-1,-1
142,50,480.80,527.38,28.45,75.13,0.4995,-1,-1,-1
142,53,1560.35,551.14,40.05,108.56,0.6806,-1,-1,-1
142,54,399.60,531.11,26.09,64.44,0.3643,-1,-1,-1
143,2,1860.22,703.43,59.75,297.16,0.5927,-1,-1,-1
143,43,1699.42,561.10,40.86,109.89,0.3686,-1,-1,-1
143,50,476.55,526.87,30.76,73.88,0.5369,-1,-1,-1
143,53,1556.93,553.32,40.26,109.26,0.5899,-1,-1,-1
144,2,1866.63,715.00,53.39,263.80,0.4746,-1,-1,-1
144,43,1696.83,566.47,41.92,107.61,0.4585,-1,-1,-1
144,50,473.22,527.57,28.45,74.94,0.5946,-1,-1,-1
144,53,1554.33,556.12,38.08,109.42,0.7093,-1,-1,-1
145,43,1694.26,570.22,42.45,106.97,0.6018,-1,-1,-1
145,50,467.93,527.15,28.54,74.15,0.5255,-1,-1,-1
145,53,1549.13,557.73,37.33,108.19,0.6957,-1,-1,-1
145,54,382.52,529.25,27.90,64.90,0.4090,-1,-1,-1
146,43,1693.33,573.14,42.65,102.26,0.6214,-1,-1,-1
146,50,463.66,526.15,28.00,74.62,0.5848,-1,-1,-1
146,53,1545.34,555.98,38.50,110.32,0.6497,-1,-1,-1
146,54,379.20,529.40,26.88,64.42,0.4055,-1,-1,-1
147,43,1691.37,574.62,41.60,103.17,0.5343,-1,-1,-1
147,50,457.19,526.69,29.26,75.67,0.5244,-1,-1,-1
147,53,1540.74,557.47,39.13,109.72,0.6766,-1,-1,-1
147,54,372.39,530.82,27.99,65.20,0.3213,-1,-1,-1
148,43,1684.78,571.39,45.84,105.31,0.4709,-1,-1,-1
148,50,452.73,528.88,29.99,74.21,0.5903,-1,-1,-1
148,53,1532.19,555.16,44.67,112.65,0.6901,-1,-1,-1
148,54,363.91,529.71,28.83,66.60,0.3125,-1,-1,-1
149,43,1681.03,570.56,44.26,105.32,0.6105,-1,-1,-1
149,50,447.95,529.37,29.16,74.85,0.5575,-1,-1,-1
149,53,1520.73,554.25,52.78,113.62,0.6863,-1,-1,-1
149,54,357.97,529.86,30.33,67.73,0.3715,-1,-1,-1
150,43,1679.34,567.40,43.05,106.93,0.6682,-1,-1,-1
150,50,442.75,528.59,29.82,76.40,0.5841,-1,-1,-1
150,53,1512.87,558.03,58.21,109.69,0.7187,-1,-1,-1
150,54,355.11,530.17,28.58,68.06,0.4075,-1,-1,-1
151,43,1675.67,567.12,43.11,107.46,0.5866,-1,-1,-1
151,50,435.47,527.90,30.45,77.93,0.5415,-1,-1,-1
151,53,1509.02,559.39,58.25,109.05,0.7009,-1,-1,-1
151,54,348.98,533.01,28.68,68.16,0.3415,-1,-1,-1
152,43,1672.61,566.78,43.12,105.69,0.5131,-1,-1,-1
152,50,429.13,529.79,30.97,76.96,0.5592,-1,-1,-1
152,53,1506.80,558.00,56.23,110.43,0.6990,-1,-1,-1
153,43,1672.99,566.41,38.58,96.99,0.4089,-1,-1,-1
153,50,424.03,530.24,28.87,75.38,0.5252,-1,-1,-1
153,53,1501.83,557.04,57.42,110.14,0.6614,-1,-1,-1
154,50,417.06,532.13,30.09,76.81,0.5157,-1,-1,-1
154,53,1497.16,553.73,53.82,113.19,0.6689,-1,-1,-1
155,50,410.84,530.35,29.74,79.27,0.5748,-1,-1,-1
155,53,1491.76,552.33,50.71,113.10,0.6495,-1,-1,-1
156,50,403.43,532.61,30.72,78.76,0.5339,-1,-1,-1
156,53,1487.59,550.47,46.88,115.38,0.6682,-1,-1,-1
157,50,397.74,534.95,30.29,77.76,0.5838,-1,-1,-1
157,53,1481.16,551.03,45.34,113.79,0.6720,-1,-1,-1
157,56,1301.64,521.33,30.35,72.48,0.3436,-1,-1,-1
158,50,392.88,535.84,29.10,78.74,0.5319,-1,-1,-1
158,53,1474.57,548.54,45.43,116.04,0.7304,-1,-1,-1
158,56,1297.31,520.90,31.02,73.92,0.3213,-1,-1,-1
158,57,1437.07,533.73,22.29,88.70,0.4271,-1,-1,-1
159,50,387.65,537.62,28.52,78.27,0.5667,-1,-1,-1
159,53,1469.84,546.23,44.28,117.87,0.7112,-1,-1,-1
160,50,380.43,538.81,30.43,79.48,0.5007,-1,-1,-1
160,53,1465.87,545.72,43.13,119.00,0.6753,-1,-1,-1
161,50,376.52,538.65,30.10,79.28,0.4978,-1,-1,-1
161,53,1461.41,546.39,43.37,117.94,0.6508,-1,-1,-1
162,50,371.16,539.58,31.25,78.40,0.5280,-1,-1,-1
162,53,1457.33,549.15,44.01,113.58,0.6770,-1,-1,-1
163,50,364.79,540.64,31.55,79.72,0.4652,-1,-1,-1
163,53,1451.13,549.73,46.43,113.45,0.6457,-1,-1,-1
164,50,360.42,540.19,32.25,80.06,0.5371,-1,-1,-1
164,53,1446.79,548.79,47.13,114.24,0.6249,-1,-1,-1
165,50,355.20,541.56,32.13,80.48,0.5057,-1,-1,-1
165,53,1439.37,547.96,50.37,115.53,0.6663,-1,-1,-1
166,50,350.23,543.11,30.00,79.50,0.5511,-1,-1,-1
166,53,1433.91,548.22,50.45,115.55,0.6798,-1,-1,-1
167,50,345.33,543.29,30.90,78.81,0.6244,-1,-1,-1
167,53,1431.61,545.04,47.03,117.18,0.6658,-1,-1,-1
168,50,339.13,543.08,32.96,79.41,0.5757,-1,-1,-1
168,53,1428.35,543.32,44.47,117.22,0.6641,-1,-1,-1
169,50,334.43,543.74,34.03,79.06,0.5617,-1,-1,-1
169,53,1424.96,543.95,42.52,117.47,0.6759,-1,-1,-1
170,50,330.48,543.18,32.19,78.93,0.5520,-1,-1,-1
170,53,1421.01,540.60,41.71,120.24,0.6740,-1,-1,-1
171,50,325.39,543.71,32.05,77.91,0.5632,-1,-1,-1
171,53,1415.40,539.47,43.84,123.27,0.5670,-1,-1,-1
172,50,320.77,541.94,31.56,78.11,0.5779,-1,-1,-1
172,53,1410.84,535.48,43.23,125.80,0.6204,-1,-1,-1
173,50,315.28,541.23,32.89,80.84,0.5737,-1,-1,-1
173,53,1406.13,532.80,43.79,128.47,0.5631,-1,-1,-1
174,50,310.99,542.79,34.19,79.40,0.6001,-1,-1,-1
174,53,1402.43,531.18,45.39,131.02,0.6384,-1,-1,-1
175,50,306.60,541.62,34.93,79.73,0.4848,-1,-1,-1
175,53,1393.87,532.07,52.21,131.50,0.6645,-1,-1,-1
176,50,302.01,542.07,34.36,80.60,0.5860,-1,-1,-1
176,53,1388.15,534.64,55.33,129.55,0.6767,-1,-1,-1
177,50,297.21,542.03,34.92,78.49,0.6517,-1,-1,-1
177,53,1384.55,534.34,56.30,130.39,0.7054,-1,-1,-1
178,50,293.25,542.40,34.38,80.92,0.6082,-1,-1,-1
178,53,1384.84,534.73,53.99,130.59,0.6719,-1,-1,-1
179,50,289.29,540.83,34.81,82.99,0.6119,-1,-1,-1
179,53,1385.32,535.93,50.73,129.47,0.6810,-1,-1,-1
180,50,284.45,543.52,35.91,81.93,0.5634,-1,-1,-1
180,53,1383.99,535.35,49.17,130.37,0.7040,-1,-1,-1
180,59,1608.24,543.46,38.63,128.57,0.4055,-1,-1,-1
181,50,280.76,543.43,35.75,83.24,0.5570,-1,-1,-1
181,53,1383.41,536.39,44.21,127.99,0.7124,-1,-1,-1
181,59,1601.00,544.77,49.36,128.30,0.3670,-1,-1,-1
182,50,275.47,543.86,35.43,83.42,0.5938,-1,-1,-1
182,53,1379.94,537.01,43.51,127.76,0.7275,-1,-1,-1
182,59,1602.59,545.84,48.10,127.50,0.4360,-1,-1,-1
183,50,271.91,544.54,34.08,84.80,0.6421,-1,-1,-1
183,53,1376.00,536.78,43.87,128.52,0.7399,-1,-1,-1
183,59,1606.81,549.63,44.25,124.53,0.4207,-1,-1,-1
183,43,1608.87,550.38,41.62,123.59,0.4207,-1,-1,-1
184,50,267.10,546.32,34.46,84.34,0.6225,-1,-1,-1
184,53,1373.17,536.03,43.10,129.44,0.7634,-1,-1,-1
184,59,1608.81,545.75,42.13,128.41,0.4364,-1,-1,-1
184,43,1609.08,545.79,41.20,128.32,0.4364,-1,-1,-1
185,50,262.52,547.83,34.94,83.53,0.5510,-1,-1,-1
185,53,1370.57,534.62,43.87,131.36,0.7475,-1,-1,-1
185,59,1608.58,543.74,41.92,131.19,0.4627,-1,-1,-1
185,43,1608.32,543.49,41.57,131.41,0.4627,-1,-1,-1
186,50,259.05,547.45,35.40,84.66,0.5228,-1,-1,-1
186,53,1369.20,534.22,42.64,132.37,0.7192,-1,-1,-1
186,59,1607.28,545.02,43.66,128.74,0.3661,-1,-1,-1
186,43,1606.92,544.53,43.45,129.30,0.3661,-1,-1,-1
187,50,254.74,548.58,34.99,85.64,0.5690,-1,-1,-1
187,53,1366.72,533.68,42.57,133.12,0.7051,-1,-1,-1
187,43,1599.13,542.53,50.83,132.21,0.3333,-1,-1,-1
188,50,250.27,549.83,34.96,86.24,0.5666,-1,-1,-1
188,53,1364.53,534.17,43.64,134.26,0.6752,-1,-1,-1
188,43,1595.45,545.88,55.87,131.18,0.4374,-1,-1,-1
189,50,246.48,550.21,34.74,89.17,0.5181,-1,-1,-1
189,53,1359.29,532.58,48.09,137.33,0.6417,-1,-1,-1
189,43,1594.67,544.79,58.23,133.05,0.4622,-1,-1,-1
190,50,241.83,549.70,36.31,90.45,0.5532,-1,-1,-1
190,53,1356.29,533.63,50.14,136.06,0.6758,-1,-1,-1
190,43,1594.14,541.44,60.33,136.06,0.5133,-1,-1,-1
191,50,238.22,553.10,36.48,88.30,0.5020,-1,-1,-1
191,53,1353.59,534.60,51.73,135.29,0.6663,-1,-1,-1
191,43,1594.90,539.82,62.51,137.30,0.5088,-1,-1,-1
192,50,234.19,552.95,37.90,88.04,0.5345,-1,-1,-1
192,53,1351.59,539.77,51.50,129.54,0.6262,-1,-1,-1
192,43,1601.77,540.02,55.43,135.27,0.4879,-1,-1,-1
193,50,228.73,555.82,38.36,86.69,0.6065,-1,-1,-1
193,53,1349.74,540.88,51.79,130.00,0.6603,-1,-1,-1
193,43,1602.91,539.38,56.33,136.13,0.5483,-1,-1,-1
194,50,225.29,559.14,36.10,85.57,0.5888,-1,-1,-1
194,53,1347.98,541.99,50.12,128.66,0.6725,-1,-1,-1
194,43,1605.96,547.18,55.67,128.37,0.5190,-1,-1,-1
195,50,222.25,559.79,34.82,84.57,0.5122,-1,-1,-1
195,53,1345.93,541.40,49.29,129.63,0.6875,-1,-1,-1
195,43,1604.12,547.41,58.95,128.08,0.5450,-1,-1,-1
196,50,218.50,561.08,35.12,86.33,0.4654,-1,-1,-1
196,53,1345.52,542.17,47.26,130.84,0.6782,-1,-1,-1
196,43,1606.90,548.20,57.90,127.51,0.5421,-1,-1,-1
197,50,214.15,561.74,35.70,86.40,0.4672,-1,-1,-1
197,53,1345.19,541.43,45.44,131.79,0.6293,-1,-1,-1
197,43,1610.66,549.04,54.26,125.79,0.4579,-1,-1,-1
198,50,211.31,562.64,34.47,85.85,0.5394,-1,-1,-1
198,53,1345.06,542.67,43.57,128.66,0.4941,-1,-1,-1
198,43,1617.08,551.33,49.07,123.06,0.5008,-1,-1,-1
199,50,207.23,562.73,34.92,86.66,0.5186,-1,-1,-1
199,53,1344.11,543.66,43.55,126.74,0.6218,-1,-1,-1
199,43,1620.88,553.60,45.67,121.17,0.5727,-1,-1,-1
200,50,202.51,563.73,37.04,88.45,0.4726,-1,-1,-1
200,53,1342.56,544.83,44.63,126.58,0.6267,-1,-1,-1
200,43,1621.33,555.04,45.65,120.01,0.5277,-1,-1,-1
201,50,200.25,563.82,35.21,89.14,0.4735,-1,-1,-1
201,53,1341.37,547.70,44.77,124.00,0.6503,-1,-1,-1
201,43,1619.72,553.85,49.53,121.77,0.6185,-1,-1,-1
202,50,194.66,563.60,36.96,91.60,0.6059,-1,-1,-1
202,53,1339.67,548.74,45.48,124.43,0.6763,-1,-1,-1
202,43,1621.23,553.91,50.81,123.07,0.6072,-1,-1,-1
203,50,189.83,564.03,39.81,92.24,0.5574,-1,-1,-1
203,53,1337.30,551.38,47.32,120.86,0.7051,-1,-1,-1
203,43,1624.06,553.89,49.74,124.22,0.5664,-1,-1,-1
204,50,187.01,565.65,39.65,91.84,0.5613,-1,-1,-1
204,53,1336.23,551.31,47.85,121.24,0.7168,-1,-1,-1
204,43,1629.98,553.03,47.48,123.39,0.6135,-1,-1,-1
205,50,182.70,566.66,38.44,91.18,0.5739,-1,-1,-1
205,53,1335.14,547.87,47.67,124.60,0.7263,-1,-1,-1
205,43,1631.41,554.43,47.28,120.85,0.6115,-1,-1,-1
206,50,178.03,567.64,39.52,90.73,0.5752,-1,-1,-1
206,53,1335.07,547.99,47.29,125.21,0.7371,-1,-1,-1
206,43,1628.36,555.13,52.51,122.40,0.5101,-1,-1,-1
207,50,173.16,570.07,39.40,92.11,0.5725,-1,-1,-1
207,53,1334.18,549.28,47.07,126.38,0.7599,-1,-1,-1
207,43,1627.69,557.13,55.65,122.64,0.4882,-1,-1,-1
208,50,168.76,570.51,39.03,92.40,0.5600,-1,-1,-1
208,53,1332.83,547.94,48.67,128.82,0.7474,-1,-1,-1
208,43,1641.26,557.28,45.48,122.17,0.4171,-1,-1,-1
209,50,165.47,569.69,39.15,93.01,0.5244,-1,-1,-1
209,53,1331.42,545.36,49.38,132.12,0.7468,-1,-1,-1
209,43,1646.22,558.36,43.34,123.06,0.6142,-1,-1,-1
210,50,162.56,570.78,37.86,93.36,0.4564,-1,-1,-1
210,53,1330.39,543.25,49.06,134.35,0.7449,-1,-1,-1
210,43,1647.72,559.86,45.31,123.48,0.5731,-1,-1,-1
211,50,158.83,571.21,40.92,94.90,0.5727,-1,-1,-1
211,53,1330.01,545.20,47.83,133.76,0.7634,-1,-1,-1
211,43,1653.62,566.05,43.55,119.73,0.5296,-1,-1,-1
212,50,155.82,570.66,40.80,95.38,0.6044,-1,-1,-1
212,53,1328.58,546.32,48.76,132.36,0.7383,-1,-1,-1
212,43,1657.86,560.54,46.04,126.32,0.5281,-1,-1,-1
213,50,153.42,571.85,40.76,95.26,0.5522,-1,-1,-1
213,53,1328.88,548.41,49.10,131.70,0.7345,-1,-1,-1
213,43,1651.99,561.46,57.72,128.52,0.4816,-1,-1,-1
214,50,150.87,573.90,40.97,94.56,0.5941,-1,-1,-1
214,53,1329.88,547.39,49.27,133.42,0.6757,-1,-1,-1
214,43,1653.97,560.15,60.30,128.39,0.5132,-1,-1,-1
215,50,149.02,571.26,40.09,95.07,0.5917,-1,-1,-1
215,53,1330.36,547.96,49.49,134.89,0.6778,-1,-1,-1
215,43,1667.07,559.70,51.73,129.74,0.5428,-1,-1,-1
216,50,147.14,574.08,37.52,93.02,0.4253,-1,-1,-1
216,53,1331.81,550.17,48.68,134.96,0.6689,-1,-1,-1
216,43,1675.10,562.51,47.20,126.36,0.6051,-1,-1,-1
217,50,143.62,572.99,36.60,94.80,0.4762,-1,-1,-1
217,53,1332.89,550.26,48.70,135.52,0.7014,-1,-1,-1
217,43,1681.02,561.47,45.72,124.87,0.4835,-1,-1,-1
218,50,140.37,573.24,37.42,94.36,0.4896,-1,-1,-1
218,53,1335.14,549.11,47.69,135.56,0.7457,-1,-1,-1
218,43,1677.24,561.31,60.15,127.26,0.4890,-1,-1,-1
218,63,-0.63,578.17,20.12,84.23,0.4196,-1,-1,-1
219,50,139.82,572.82,38.32,94.90,0.4862,-1,-1,-1
219,53,1337.19,549.90,47.18,136.30,0.7612,-1,-1,-1
219,43,1689.68,561.37,53.13,126.30,0.5400,-1,-1,-1
219,63,-0.62,579.17,18.36,84.66,0.3336,-1,-1,-1
219,64,23.08,580.96,34.96,84.95,0.4327,-1,-1,-1
220,50,138.07,575.80,38.44,95.12,0.4596,-1,-1,-1
220,53,1338.95,548.69,48.13,138.33,0.7627,-1,-1,-1
220,43,1695.89,562.62,51.79,124.81,0.5392,-1,-1,-1
220,64,16.41,580.55,38.41,90.62,0.5612,-1,-1,-1
221,50,134.22,574.05,39.35,96.69,0.4649,-1,-1,-1
221,53,1342.05,548.00,47.65,141.10,0.7531,-1,-1,-1
221,43,1704.26,565.76,46.97,123.13,0.5218,-1,-1,-1
221,64,11.77,579.93,40.31,88.40,0.5348,-1,-1,-1
222,50,130.88,573.82,40.04,98.46,0.4811,-1,-1,-1
222,53,1345.71,545.62,45.62,140.11,0.7572,-1,-1,-1
222,43,1701.26,560.63,60.94,127.13,0.5033,-1,-1,-1
222,64,10.56,580.09,40.06,89.31,0.5541,-1,-1,-1
223,50,129.19,574.10,39.52,98.28,0.5022,-1,-1,-1
223,53,1347.42,546.70,46.50,140.03,0.7557,-1,-1,-1
223,43,1714.73,563.11,52.60,126.17,0.5336,-1,-1,-1
223,64,9.43,579.56,38.26,89.65,0.4608,-1,-1,-1
224,50,128.39,577.55,40.65,97.11,0.4719,-1,-1,-1
224,53,1348.93,544.19,47.29,141.22,0.7570,-1,-1,-1
224,43,1721.46,560.93,50.51,126.02,0.4782,-1,-1,-1
225,50,127.41,577.58,40.43,97.25,0.4994,-1,-1,-1
225,53,1350.97,545.58,48.02,139.21,0.7485,-1,-1,-1
225,43,1728.69,556.76,54.27,129.14,0.5429,-1,-1,-1
226,50,125.84,584.99,42.05,94.32,0.4238,-1,-1,-1
226,53,1352.52,546.68,48.12,137.65,0.7008,-1,-1,-1
226,43,1731.99,556.93,58.66,126.78,0.5111,-1,-1,-1
226,64,0.52,597.48,34.72,82.02,0.3552,-1,-1,-1
227,50,121.93,584.93,40.93,95.62,0.3098,-1,-1,-1
227,53,1354.43,547.27,48.90,139.29,0.7483,-1,-1,-1
227,43,1743.32,558.53,52.67,126.39,0.5236,-1,-1,-1
227,64,-0.15,595.89,32.46,83.59,0.3347,-1,-1,-1
228,50,118.75,586.45,38.75,96.06,0.3373,-1,-1,-1
228,53,1356.56,548.26,48.50,141.51,0.7463,-1,-1,-1
228,43,1750.99,554.57,53.98,128.68,0.5434,-1,-1,-1
228,64,-0.67,592.05,31.64,89.17,0.3095,-1,-1,-1
229,50,117.16,586.43,37.11,96.41,0.4066,-1,-1,-1
229,53,1358.61,548.17,48.37,141.28,0.7454,-1,-1,-1
229,43,1753.81,557.20,58.92,128.08,0.5028,-1,-1,-1
230,50,116.88,587.09,34.75,97.17,0.3009,-1,-1,-1
230,53,1361.86,548.93,48.41,140.69,0.7491,-1,-1,-1
230,43,1763.85,555.40,55.56,127.36,0.5397,-1,-1,-1
231,50,115.92,587.59,35.30,97.31,0.3338,-1,-1,-1
231,53,1363.96,551.91,49.35,138.79,0.7345,-1,-1,-1
231,43,1774.56,554.48,56.20,130.31,0.5590,-1,-1,-1
232,53,1366.62,552.34,48.59,138.52,0.7349,-1,-1,-1
232,43,1778.27,553.24,62.16,131.32,0.5180,-1,-1,-1
233,53,1368.64,551.37,48.79,140.80,0.7661,-1,-1,-1
233,43,1789.64,556.29,59.22,128.92,0.5370,-1,-1,-1
234,53,1371.02,552.80,48.56,138.73,0.7041,-1,-1,-1
234,43,1793.67,558.77,64.36,128.96,0.4532,-1,-1,-1
234,50,109.06,590.06,39.42,97.14,0.3436,-1,-1,-1
235,53,1374.59,553.70,48.65,136.98,0.6636,-1,-1,-1
235,43,1807.03,559.26,59.36,128.97,0.4599,-1,-1,-1
236,53,1377.87,552.83,51.24,136.79,0.7028,-1,-1,-1
236,43,1822.66,553.72,56.81,126.10,0.5267,-1,-1,-1
237,53,1380.26,551.87,53.72,137.20,0.6999,-1,-1,-1
237,43,1834.35,549.57,57.44,126.43,0.5034,-1,-1,-1
238,53,1384.56,553.01,51.47,136.75,0.7134,-1,-1,-1
238,43,1845.73,546.87,57.87,134.81,0.5070,-1,-1,-1
238,50,105.05,583.04,41.82,103.79,0.3777,-1,-1,-1
239,53,1386.95,553.22,51.24,137.22,0.6842,-1,-1,-1
239,43,1850.57,544.95,63.02,139.85,0.4651,-1,-1,-1
239,50,104.52,579.12,44.34,105.28,0.3826,-1,-1,-1
240,53,1390.54,550.46,50.35,141.31,0.7217,-1,-1,-1
240,43,1863.36,543.20,57.68,134.66,0.4512,-1,-1,-1
240,50,103.92,578.09,44.85,105.95,0.3988,-1,-1,-1
241,53,1396.15,548.56,48.84,144.68,0.7552,-1,-1,-1
241,43,1871.81,545.95,52.05,136.70,0.4767,-1,-1,-1
241,50,103.46,576.59,43.58,107.76,0.4285,-1,-1,-1
242,53,1400.93,548.23,48.71,145.95,0.6746,-1,-1,-1
242,50,104.15,577.69,43.66,106.98,0.4135,-1,-1,-1
243,53,1405.32,550.29,47.95,143.48,0.6901,-1,-1,-1
243,50,104.46,576.27,45.55,108.48,0.4093,-1,-1,-1
244,53,1410.53,553.87,48.03,139.95,0.7140,-1,-1,-1
244,50,104.04,576.34,44.30,108.36,0.3628,-1,-1,-1
245,53,1416.88,555.90,46.57,139.24,0.7655,-1,-1,-1
245,50,105.24,577.03,43.67,109.33,0.3807,-1,-1,-1
246,53,1422.72,554.89,46.59,140.86,0.7619,-1,-1,-1
246,50,105.30,577.12,41.79,109.99,0.3632,-1,-1,-1
247,53,1427.83,555.55,46.86,141.17,0.7415,-1,-1,-1
247,50,104.69,579.26,41.64,110.08,0.4197,-1,-1,-1
247,70,1318.11,582.19,45.98,133.73,0.4750,-1,-1,-1
248,53,1434.13,556.28,47.16,141.68,0.7561,-1,-1,-1
248,50,105.08,581.39,40.56,109.07,0.3854,-1,-1,-1
248,70,1327.59,583.29,47.35,132.00,0.3796,-1,-1,-1
249,53,1440.48,554.64,46.71,144.93,0.7948,-1,-1,-1
249,50,105.56,584.02,42.39,109.32,0.4063,-1,-1,-1
249,70,1334.66,582.13,48.81,132.59,0.3824,-1,-1,-1
250,53,1446.59,549.48,47.61,148.82,0.7218,-1,-1,-1
250,50,106.07,586.24,43.49,108.48,0.4542,-1,-1,-1
250,70,1340.22,581.18,48.03,131.10,0.3014,-1,-1,-1
251,53,1455.15,545.57,44.36,155.73,0.7527,-1,-1,-1
251,50,107.19,587.29,42.60,108.48,0.3931,-1,-1,-1
252,53,1461.44,547.62,44.93,152.40,0.7404,-1,-1,-1
252,50,110.19,588.74,38.20,105.12,0.3095,-1,-1,-1
253,53,1468.83,541.84,45.08,156.73,0.7455,-1,-1,-1
253,50,115.22,591.33,38.68,105.29,0.4483,-1,-1,-1
254,53,1473.94,539.28,46.13,158.36,0.7033,-1,-1,-1
254,50,118.85,591.27,38.60,105.78,0.4651,-1,-1,-1
255,53,1481.31,536.11,45.09,157.21,0.7114,-1,-1,-1
255,50,119.81,593.87,40.54,107.76,0.3868,-1,-1,-1
256,53,1489.27,538.06,46.35,156.50,0.7257,-1,-1,-1
256,50,123.33,593.93,40.96,110.82,0.4109,-1,-1,-1
257,53,1498.02,537.43,45.14,154.16,0.7083,-1,-1,-1
257,50,127.98,595.19,45.23,110.03,0.3283,-1,-1,-1
258,53,1506.16,543.19,45.85,151.24,0.6423,-1,-1,-1
258,50,131.55,596.48,45.22,109.77,0.3460,-1,-1,-1
259,53,1512.98,549.62,49.40,145.95,0.5939,-1,-1,-1
259,50,132.83,595.05,43.73,111.11,0.3772,-1,-1,-1
259,64,0.08,610.34,26.51,94.90,0.4729,-1,-1,-1
260,53,1513.95,551.08,60.61,147.09,0.6694,-1,-1,-1
260,50,133.22,598.84,42.60,109.43,0.3197,-1,-1,-1
260,64,0.66,611.90,29.25,94.51,0.4129,-1,-1,-1
261,53,1520.98,553.34,64.48,145.47,0.5765,-1,-1,-1
261,50,135.58,600.94,42.27,108.09,0.3941,-1,-1,-1
261,64,0.49,612.01,30.79,96.24,0.5006,-1,-1,-1
262,53,1523.02,562.30,73.79,136.09,0.4398,-1,-1,-1
262,50,140.17,601.14,37.79,108.04,0.4578,-1,-1,-1
262,64,0.83,611.04,29.56,97.09,0.4984,-1,-1,-1
263,50,141.84,602.19,39.03,106.88,0.3133,-1,-1,-1
263,64,0.28,612.29,32.00,95.55,0.4663,-1,-1,-1
264,64,0.50,612.01,33.04,96.48,0.5156,-1,-1,-1
265,64,-0.01,614.52,33.58,93.82,0.4631,-1,-1,-1
265,50,147.15,600.41,44.35,109.61,0.3717,-1,-1,-1
266,64,0.54,613.83,37.20,94.12,0.4623,-1,-1,-1
266,76,997.01,512.92,29.39,85.20,0.4399,-1,-1,-1
266,53,1573.74,574.72,65.30,136.51,0.4049,-1,-1,-1
267,64,0.15,613.69,40.87,94.77,0.4943,-1,-1,-1
267,76,1003.83,517.38,27.15,80.68,0.3558,-1,-1,-1
267,50,151.44,599.75,44.58,112.11,0.4010,-1,-1,-1
268,64,2.53,612.61,42.13,98.35,0.4669,-1,-1,-1
268,76,1008.70,517.64,28.49,81.89,0.3297,-1,-1,-1
268,78,1050.40,510.91,36.81,99.22,0.4425,-1,-1,-1
269,64,4.01,610.61,44.32,99.88,0.4942,-1,-1,-1
269,76,1021.93,512.94,25.96,89.03,0.3662,-1,-1,-1
269,78,1058.66,507.72,40.61,99.93,0.4786,-1,-1,-1
269,50,154.83,598.77,44.01,113.59,0.3899,-1,-1,-1
270,64,6.13,608.48,46.13,99.24,0.4642,-1,-1,-1
270,76,1024.68,509.32,26.94,88.66,0.3831,-1,-1,-1
270,78,1065.55,504.67,38.93,96.66,0.4245,-1,-1,-1
270,50,157.16,594.82,43.14,114.32,0.3389,-1,-1,-1
270,70,1568.33,592.50,51.38,185.00,0.5122,-1,-1,-1
271,64,10.66,609.57,43.97,97.21,0.5401,-1,-1,-1
271,76,1027.20,510.14,27.73,87.16,0.3106,-1,-1,-1
271,78,1070.02,505.55,37.90,96.71,0.4254,-1,-1,-1
271,50,161.46,595.11,42.36,112.66,0.4304,-1,-1,-1
271,70,1584.84,592.43,53.36,188.01,0.4663,-1,-1,-1
272,64,11.92,605.69,43.89,99.66,0.5138,-1,-1,-1
272,76,1032.62,514.64,27.01,81.05,0.3015,-1,-1,-1
272,78,1075.13,508.45,36.64,97.38,0.3737,-1,-1,-1
273,64,13.50,606.39,44.85,100.44,0.5929,-1,-1,-1
273,78,1079.96,507.77,42.19,99.37,0.3637,-1,-1,-1
273,50,167.32,591.84,46.76,115.71,0.3818,-1,-1,-1
274,64,13.93,601.38,44.18,102.53,0.4455,-1,-1,-1
274,78,1088.37,506.70,41.19,95.85,0.4813,-1,-1,-1
274,80,1064.70,506.42,24.08,91.68,0.3772,-1,-1,-1
274,76,1053.92,507.17,23.35,89.51,0.3397,-1,-1,-1
275,64,15.36,598.91,46.93,106.31,0.6144,-1,-1,-1
275,78,1094.83,507.11,37.44,96.21,0.3927,-1,-1,-1
275,76,1052.26,509.33,28.10,88.09,0.3625,-1,-1,-1
275,70,1640.50,582.90,82.30,222.23,0.4295,-1,-1,-1
276,64,16.93,599.97,47.66,105.37,0.6279,-1,-1,-1
276,78,1100.66,506.87,35.40,96.76,0.3072,-1,-1,-1
276,70,1656.60,582.11,79.93,232.20,0.6511,-1,-1,-1
276,50,174.40,590.04,45.93,117.36,0.4254,-1,-1,-1
277,64,19.19,598.46,47.73,107.02,0.6056,-1,-1,-1
277,78,1103.38,503.74,38.08,98.91,0.3152,-1,-1,-1
277,70,1671.19,589.20,80.56,230.06,0.5055,-1,-1,-1
277,50,177.08,589.76,44.72,117.74,0.3450,-1,-1,-1
277,76,1058.67,504.44,33.20,92.74,0.3837,-1,-1,-1
278,64,20.88,598.67,48.03,108.86,0.5956,-1,-1,-1
278,78,1109.36,505.81,40.96,96.76,0.3398,-1,-1,-1
278,70,1683.56,594.80,83.95,229.44,0.4514,-1,-1,-1
278,50,177.12,591.04,46.30,118.75,0.3741,-1,-1,-1
278,81,1176.58,515.75,31.20,95.92,0.3973,-1,-1,-1
278,76,1070.74,505.16,28.36,93.88,0.3923,-1,-1,-1
279,64,23.39,598.23,48.43,109.81,0.6058,-1,-1,-1
279,78,1116.67,517.26,36.33,84.96,0.3125,-1,-1,-1
279,70,1696.36,595.71,87.86,234.55,0.5978,-1,-1,-1
279,50,178.95,591.28,46.51,118.91,0.4374,-1,-1,-1
279,76,1072.68,508.54,30.44,91.32,0.4359,-1,-1,-1
280,64,24.65,600.29,48.77,111.47,0.6286,-1,-1,-1
280,50,180.79,598.39,45.23,114.15,0.4650,-1,-1,-1
281,64,25.56,601.70,50.42,112.57,0.6286,-1,-1,-1
281,50,184.47,599.48,45.12,115.04,0.4178,-1,-1,-1
281,78,1124.37,507.51,39.37,96.12,0.3443,-1,-1,-1
281,70,1723.47,606.79,103.64,235.43,0.5484,-1,-1,-1
282,64,28.39,604.15,49.67,111.20,0.6182,-1,-1,-1
282,50,187.31,598.87,47.31,116.63,0.4728,-1,-1,-1
282,70,1734.18,610.21,114.62,236.66,0.6271,-1,-1,-1
283,64,30.47,608.88,48.71,109.05,0.6025,-1,-1,-1
283,50,188.89,600.00,50.63,117.77,0.4684,-1,-1,-1
283,70,1770.82,609.65,100.98,240.95,0.6215,-1,-1,-1
284,64,32.88,610.24,48.29,109.67,0.6394,-1,-1,-1
284,50,192.08,601.41,49.23,117.92,0.3813,-1,-1,-1
284,70,1796.32,609.92,101.01,244.49,0.7479,-1,-1,-1
284,87,1755.56,549.91,57.29,183.16,0.6228,-1,-1,-1
284,88,1293.42,535.08,41.64,121.69,0.3889,-1,-1,-1
285,64,35.43,611.84,47.33,110.09,0.6388,-1,-1,-1
285,50,194.81,601.40,50.88,119.59,0.4395,-1,-1,-1
285,70,1822.25,612.02,95.02,246.29,0.8108,-1,-1,-1
285,87,1768.00,550.03,59.88,183.32,0.6448,-1,-1,-1
285,88,1301.14,536.78,47.49,118.55,0.4237,-1,-1,-1
285,81,1254.83,536.26,44.17,122.56,0.3722,-1,-1,-1
286,64,36.67,612.98,47.80,111.45,0.6464,-1,-1,-1
286,50,197.46,601.59,51.87,121.23,0.4208,-1,-1,-1
286,70,1843.22,611.20,81.90,250.89,0.7455,-1,-1,-1
286,87,1779.75,546.98,62.08,188.65,0.7142,-1,-1,-1
286,88,1312.46,535.95,44.53,118.07,0.3429,-1,-1,-1
287,64,37.22,613.76,49.12,112.40,0.6323,-1,-1,-1
287,50,199.34,605.31,51.77,120.57,0.4334,-1,-1,-1
287,70,1865.11,614.79,61.71,251.81,0.7013,-1,-1,-1
287,87,1796.29,547.92,62.02,191.37,0.7020,-1,-1,-1
288,64,38.37,614.59,50.85,112.36,0.6126,-1,-1,-1
288,50,200.94,605.25,47.84,122.13,0.4925,-1,-1,-1
288,70,1888.27,640.13,37.32,227.19,0.5868,-1,-1,-1
288,87,1807.36,547.10,68.17,194.74,0.6716,-1,-1,-1
289,64,38.55,615.15,51.21,113.84,0.5697,-1,-1,-1
289,50,201.60,607.27,42.87,120.87,0.3893,-1,-1,-1
289,87,1821.70,545.21,67.18,198.05,0.7279,-1,-1,-1
290,64,40.25,613.14,52.38,116.04,0.6098,-1,-1,-1
290,50,203.33,605.88,45.84,122.92,0.4323,-1,-1,-1
290,87,1835.88,543.57,71.91,199.91,0.7608,-1,-1,-1
291,64,42.46,614.21,54.22,118.40,0.6152,-1,-1,-1
291,87,1851.78,539.82,65.02,204.24,0.7573,-1,-1,-1
292,64,43.18,613.41,54.47,121.50,0.6634,-1,-1,-1
292,87,1865.13,540.31,60.66,206.09,0.7129,-1,-1,-1
292,89,1212.57,519.96,46.84,80.40,0.3507,-1,-1,-1
292,50,209.10,608.85,53.73,124.49,0.3703,-1,-1,-1
293,64,44.85,615.16,54.00,123.17,0.6508,-1,-1,-1
293,87,1880.60,540.72,47.48,208.70,0.6244,-1,-1,-1
293,50,213.61,611.40,51.76,124.51,0.4317,-1,-1,-1
294,64,45.91,618.59,54.22,121.62,0.6003,-1,-1,-1
294,50,215.45,611.88,50.68,124.84,0.4650,-1,-1,-1
295,64,46.16,620.33,55.88,120.19,0.6144,-1,-1,-1
295,50,214.45,613.90,45.60,123.83,0.4390,-1,-1,-1
296,64,48.58,620.47,57.07,119.15,0.5635,-1,-1,-1
296,50,215.36,613.57,46.43,124.65,0.4413,-1,-1,-1
297,64,49.82,620.74,57.62,119.89,0.6090,-1,-1,-1
297,50,221.49,614.18,45.35,124.35,0.3719,-1,-1,-1
297,91,1382.89,555.49,40.10,109.14,0.4537,-1,-1,-1
298,64,50.90,620.50,57.37,119.92,0.6082,-1,-1,-1
298,50,225.20,611.72,46.55,126.40,0.4184,-1,-1,-1
298,91,1389.77,546.91,41.91,118.72,0.4214,-1,-1,-1
298,92,1351.86,534.52,43.17,137.57,0.4125,-1,-1,-1
299,64,51.27,621.95,57.17,119.20,0.6155,-1,-1,-1
299,50,227.65,614.42,45.88,124.53,0.4652,-1,-1,-1
299,91,1397.18,560.05,42.21,110.77,0.3227,-1,-1,-1
299,92,1354.86,533.66,49.95,146.93,0.3324,-1,-1,-1
300,64,50.84,620.43,57.83,122.36,0.5867,-1,-1,-1
300,50,229.24,614.55,48.09,125.48,0.4987,-1,-1,-1
300,91,1400.41,554.73,49.30,120.50,0.3037,-1,-1,-1
301,64,50.69,623.24,56.39,122.48,0.5044,-1,-1,-1
301,50,229.72,616.08,49.88,126.12,0.4830,-1,-1,-1
302,64,50.26,622.55,57.33,123.63,0.4920,-1,-1,-1
302,50,229.56,614.30,50.21,128.57,0.4957,-1,-1,-1
303,64,47.73,627.70,56.44,123.79,0.4652,-1,-1,-1
303,50,228.59,620.76,50.64,127.55,0.4471,-1,-1,-1
303,95,1292.53,525.72,35.35,93.90,0.3426,-1,-1,-1
304,64,47.73,627.38,55.66,123.68,0.4480,-1,-1,-1
304,50,229.08,621.69,50.18,127.14,0.5148,-1,-1,-1
305,64,49.14,634.79,57.70,119.52,0.4621,-1,-1,-1
305,50,228.42,627.55,50.95,125.70,0.4841,-1,-1,-1
306,64,48.32,635.54,57.50,117.86,0.4345,-1,-1,-1
306,50,229.70,627.42,50.23,126.32,0.4850,-1,-1,-1
307,64,46.67,635.03,59.01,120.54,0.4808,-1,-1,-1
307,50,229.39,627.08,50.23,127.91,0.4913,-1,-1,-1
307,95,1338.92,529.08,42.56,107.14,0.4425,-1,-1,-1
308,64,45.30,638.94,61.05,125.04,0.5546,-1,-1,-1
308,50,228.32,630.58,48.73,130.38,0.4620,-1,-1,-1
308,95,1345.44,527.68,41.56,109.96,0.3948,-1,-1,-1
309,64,44.92,636.37,60.95,126.38,0.6164,-1,-1,-1
309,50,227.49,627.53,47.61,132.62,0.4384,-1,-1,-1
310,64,43.74,638.93,61.35,126.56,0.5955,-1,-1,-1
310,50,226.27,630.38,49.16,132.88,0.4357,-1,-1,-1
311,64,41.59,641.05,62.89,126.80,0.6292,-1,-1,-1
311,50,228.20,631.65,52.41,132.93,0.3678,-1,-1,-1
312,64,40.34,640.90,62.42,126.61,0.5799,-1,-1,-1
312,50,226.91,630.51,52.65,133.54,0.3833,-1,-1,-1
313,64,39.11,643.32,63.57,128.68,0.6416,-1,-1,-1
313,50,228.19,635.20,55.12,133.22,0.3625,-1,-1,-1
314,64,37.96,645.10,61.98,128.74,0.5439,-1,-1,-1
314,50,228.01,637.79,52.43,134.30,0.3736,-1,-1,-1
315,64,37.26,644.38,60.51,129.06,0.5438,-1,-1,-1
315,50,228.09,636.80,51.30,136.15,0.4023,-1,-1,-1
316,64,35.36,645.32,58.62,129.87,0.4176,-1,-1,-1
316,50,226.98,637.49,50.64,136.90,0.3843,-1,-1,-1
316,99,1392.80,576.95,48.27,151.17,0.4471,-1,-1,-1
317,64,34.85,645.81,56.40,130.74,0.3997,-1,-1,-1
317,50,226.57,638.14,50.70,137.09,0.4154,-1,-1,-1
317,99,1395.96,553.89,55.58,182.57,0.4398,-1,-1,-1
318,64,34.32,647.07,56.06,131.32,0.4660,-1,-1,-1
318,50,226.47,639.77,48.54,136.17,0.3959,-1,-1,-1
318,99,1398.68,554.26,60.51,186.23,0.4633,-1,-1,-1
319,64,33.16,648.23,55.01,131.47,0.4419,-1,-1,-1
319,50,226.68,641.08,50.79,136.07,0.3736,-1,-1,-1
319,99,1400.50,576.57,59.38,167.09,0.4030,-1,-1,-1
319,91,1520.15,587.51,48.51,139.19,0.3924,-1,-1,-1
320,64,29.91,648.01,57.45,133.46,0.4502,-1,-1,-1
320,50,225.87,641.04,52.03,138.07,0.4202,-1,-1,-1
320,91,1525.31,590.18,48.05,134.55,0.4288,-1,-1,-1
321,64,27.03,648.35,59.62,135.29,0.5092,-1,-1,-1
321,50,224.92,639.97,53.15,140.15,0.4290,-1,-1,-1
321,91,1531.22,594.59,47.55,129.95,0.4018,-1,-1,-1
321,99,1403.96,596.98,59.99,148.52,0.3550,-1,-1,-1
322,64,24.52,648.38,60.20,136.21,0.4720,-1,-1,-1
322,50,223.97,638.34,53.68,142.16,0.4616,-1,-1,-1
322,91,1534.72,589.67,54.71,136.71,0.5018,-1,-1,-1
322,99,1405.08,605.98,62.12,140.96,0.3369,-1,-1,-1
323,64,21.18,647.89,61.20,137.71,0.5179,-1,-1,-1
323,50,222.88,636.20,54.52,145.07,0.3646,-1,-1,-1
323,91,1539.79,586.08,56.73,141.19,0.5776,-1,-1,-1
323,99,1405.65,596.15,66.47,152.58,0.4150,-1,-1,-1
324,64,17.25,646.12,61.39,138.31,0.5101,-1,-1,-1
324,50,215.53,634.22,49.62,145.02,0.3555,-1,-1,-1
324,91,1543.36,589.97,56.96,137.59,0.5380,-1,-1,-1
325,64,14.74,646.95,62.03,137.22,0.5181,-1,-1,-1
325,50,218.67,633.82,53.98,146.72,0.3881,-1,-1,-1
325,91,1548.47,603.98,53.65,126.92,0.4965,-1,-1,-1
325,99,1414.64,596.08,65.82,153.92,0.5530,-1,-1,-1
326,64,11.16,647.64,61.49,137.28,0.5601,-1,-1,-1
326,50,219.12,635.23,54.19,146.70,0.4113,-1,-1,-1
326,91,1551.31,596.02,51.53,136.15,0.4850,-1,-1,-1
326,99,1415.70,598.44,64.19,151.57,0.5391,-1,-1,-1
327,64,8.18,645.99,61.25,137.42,0.6158,-1,-1,-1
327,50,214.69,636.18,56.50,144.62,0.4917,-1,-1,-1
327,91,1555.38,601.06,52.37,132.92,0.4788,-1,-1,-1
327,99,1418.03,599.77,62.77,151.09,0.6185,-1,-1,-1
327,102,1780.80,539.62,40.23,111.90,0.4470,-1,-1,-1
328,64,5.73,652.30,61.04,134.46,0.6030,-1,-1,-1
328,50,209.32,638.21,60.79,147.00,0.4099,-1,-1,-1
328,91,1558.86,593.63,53.26,140.86,0.3883,-1,-1,-1
328,99,1419.15,596.35,64.41,154.91,0.6021,-1,-1,-1
328,102,1786.46,540.31,40.24,117.54,0.5422,-1,-1,-1
329,64,7.80,648.27,54.26,135.42,0.4845,-1,-1,-1
329,50,203.19,631.94,52.50,149.80,0.3333,-1,-1,-1
329,91,1562.48,588.10,53.38,148.97,0.4984,-1,-1,-1
329,99,1419.49,597.31,63.86,153.30,0.5802,-1,-1,-1
330,64,5.11,651.19,51.82,132.47,0.5153,-1,-1,-1
330,50,200.62,631.78,50.50,150.76,0.3513,-1,-1,-1
330,91,1563.09,587.13,57.27,155.47,0.4764,-1,-1,-1
330,99,1422.14,596.99,60.36,154.53,0.5070,-1,-1,-1
330,102,1797.73,541.56,44.31,121.65,0.4914,-1,-1,-1
331,64,3.23,651.11,50.88,132.76,0.5149,-1,-1,-1
331,50,197.08,631.30,49.78,152.67,0.3487,-1,-1,-1
331,91,1556.24,564.81,68.33,177.73,0.3547,-1,-1,-1
331,99,1427.85,596.22,57.19,154.77,0.6447,-1,-1,-1
331,102,1802.47,536.15,49.19,125.90,0.5363,-1,-1,-1
332,64,1.38,646.80,47.01,132.99,0.5161,-1,-1,-1
332,50,192.77,628.70,50.24,152.28,0.3297,-1,-1,-1
332,91,1566.34,583.06,61.27,154.83,0.4262,-1,-1,-1
332,99,1430.25,599.74,56.32,151.33,0.6267,-1,-1,-1
332,102,1805.45,534.45,49.14,126.92,0.3528,-1,-1,-1
333,64,-0.50,645.87,44.19,133.41,0.5680,-1,-1,-1
333,50,188.15,627.47,60.58,153.60,0.3902,-1,-1,-1
333,91,1571.58,575.07,58.35,164.18,0.3443,-1,-1,-1
333,99,1430.24,596.80,60.44,155.29,0.5239,-1,-1,-1
333,102,1812.36,528.65,49.05,129.23,0.4402,-1,-1,-1
334,64,-0.75,646.16,39.55,132.44,0.5768,-1,-1,-1
334,50,182.05,629.90,50.11,151.71,0.3490,-1,-1,-1
334,91,1578.61,580.32,56.35,156.85,0.4692,-1,-1,-1
334,99,1424.31,594.41,67.49,158.04,0.5211,-1,-1,-1
334,102,1819.23,524.31,49.60,129.83,0.5161,-1,-1,-1
335,64,-0.90,645.40,33.90,133.15,0.4921,-1,-1,-1
335,50,175.72,630.19,46.64,150.80,0.3750,-1,-1,-1
335,91,1583.05,586.80,57.66,148.77,0.3752,-1,-1,-1
335,99,1416.95,594.01,80.61,159.58,0.3427,-1,-1,-1
335,102,1825.19,520.12,49.30,134.38,0.6376,-1,-1,-1
336,64,-0.57,647.69,29.46,133.87,0.5375,-1,-1,-1
336,50,174.79,628.67,44.89,154.16,0.3996,-1,-1,-1
336,91,1578.80,552.24,61.24,191.46,0.3026,-1,-1,-1
336,99,1418.96,589.30,84.53,163.74,0.5722,-1,-1,-1
336,102,1828.36,514.50,52.70,136.27,0.5639,-1,-1,-1
337,64,-0.42,646.96,24.06,135.88,0.4218,-1,-1,-1
337,50,174.30,628.78,49.68,158.20,0.4052,-1,-1,-1
337,91,1575.57,539.54,65.86,211.11,0.4365,-1,-1,-1
337,99,1425.19,592.55,82.13,167.05,0.6618,-1,-1,-1
337,102,1836.36,517.81,50.66,137.56,0.4645,-1,-1,-1
338,64,-0.60,663.44,19.05,125.66,0.3363,-1,-1,-1
338,50,171.92,633.46,54.12,158.96,0.4139,-1,-1,-1
338,91,1574.31,532.60,68.84,217.35,0.3700,-1,-1,-1
338,99,1428.94,592.91,85.52,167.27,0.5655,-1,-1,-1
338,102,1841.73,517.72,50.92,133.96,0.5996,-1,-1,-1
339,50,168.16,637.85,57.07,158.29,0.4986,-1,-1,-1
339,91,1579.85,534.99,70.17,225.39,0.5213,-1,-1,-1
339,99,1427.29,598.13,92.54,167.70,0.7191,-1,-1,-1
339,102,1846.56,519.32,49.71,133.44,0.5667,-1,-1,-1
340,50,167.95,639.88,55.55,157.08,0.4730,-1,-1,-1
340,91,1577.23,535.02,77.77,230.21,0.5742,-1,-1,-1
340,99,1430.42,597.24,92.84,169.62,0.7526,-1,-1,-1
340,102,1850.34,518.28,50.28,132.47,0.5756,-1,-1,-1
341,50,158.69,640.83,49.53,160.82,0.3651,-1,-1,-1
341,91,1591.13,545.21,63.00,226.43,0.3670,-1,-1,-1
341,99,1433.84,601.78,90.02,171.66,0.7355,-1,-1,-1
342,50,156.85,643.12,47.08,161.32,0.4898,-1,-1,-1
342,91,1587.91,552.73,69.10,221.66,0.3157,-1,-1,-1
342,99,1426.77,603.24,92.87,175.49,0.6930,-1,-1,-1
343,50,148.27,649.19,49.30,162.25,0.5285,-1,-1,-1
343,91,1576.68,549.63,82.01,229.59,0.4119,-1,-1,-1
343,99,1437.83,612.66,78.03,172.12,0.6041,-1,-1,-1
344,50,140.44,653.36,55.12,163.26,0.4860,-1,-1,-1
344,91,1573.36,561.07,89.98,224.25,0.3273,-1,-1,-1
344,99,1441.47,617.78,73.18,171.73,0.6753,-1,-1,-1
344,102,1876.36,534.39,43.55,131.99,0.4552,-1,-1,-1
345,50,136.51,659.65,54.23,164.21,0.3694,-1,-1,-1
345,91,1572.24,585.09,67.00,191.80,0.3963,-1,-1,-1
345,99,1444.03,620.59,70.52,179.07,0.6134,-1,-1,-1
345,102,1878.29,537.63,42.61,133.00,0.4705,-1,-1,-1
346,50,129.50,663.66,55.32,168.42,0.3676,-1,-1,-1
346,91,1572.98,592.49,57.41,187.34,0.4138,-1,-1,-1
346,99,1441.87,623.51,68.95,181.83,0.5912,-1,-1,-1
346,102,1880.39,536.46,40.92,139.06,0.4743,-1,-1,-1
347,50,119.90,669.31,56.39,170.07,0.4566,-1,-1,-1
347,91,1573.44,595.61,57.60,191.92,0.5165,-1,-1,-1
347,99,1435.58,627.20,74.94,185.15,0.5993,-1,-1,-1
347,102,1884.76,540.50,36.31,137.94,0.3244,-1,-1,-1
347,108,1362.10,580.89,62.24,194.78,0.3553,-1,-1,-1
348,50,117.37,671.00,56.04,170.52,0.5843,-1,-1,-1
348,91,1574.96,599.17,61.65,190.01,0.5148,-1,-1,-1
348,99,1443.91,630.38,65.77,187.03,0.6564,-1,-1,-1
349,50,107.76,673.77,61.51,170.32,0.4650,-1,-1,-1
349,91,1577.28,609.61,63.16,185.16,0.4367,-1,-1,-1
349,99,1444.75,634.15,67.79,190.70,0.6875,-1,-1,-1
349,109,1395.32,595.51,65.21,190.36,0.5119,-1,-1,-1
349,108,1356.73,597.76,62.01,183.27,0.4163,-1,-1,-1
350,50,102.61,671.94,60.57,173.10,0.4883,-1,-1,-1
350,91,1579.62,614.52,69.91,183.86,0.5738,-1,-1,-1
350,99,1443.78,638.37,75.07,191.15,0.6503,-1,-1,-1
350,109,1395.76,597.88,60.92,190.24,0.4075,-1,-1,-1
350,108,1356.76,604.65,64.77,180.24,0.4028,-1,-1,-1
351,50,95.90,672.70,60.30,175.45,0.5600,-1,-1,-1
351,91,1581.15,611.17,70.17,187.22,0.4102,-1,-1,-1
351,99,1441.36,643.87,81.46,189.33,0.7042,-1,-1,-1
351,109,1393.75,600.39,63.06,190.93,0.3519,-1,-1,-1
351,108,1354.97,607.93,69.92,178.12,0.4139,-1,-1,-1
351,110,144.61,667.86,50.70,157.20,0.3899,-1,-1,-1
352,50,87.73,674.02,62.27,176.52,0.5697,-1,-1,-1
352,91,1583.23,609.45,77.34,200.18,0.5264,-1,-1,-1
352,99,1432.31,649.19,92.00,190.25,0.6594,-1,-1,-1
352,108,1357.10,607.32,66.17,182.17,0.4532,-1,-1,-1
353,50,80.62,678.11,65.36,173.31,0.4339,-1,-1,-1
353,91,1583.64,610.68,75.21,202.69,0.5756,-1,-1,-1
353,99,1435.07,651.75,92.98,191.69,0.6676,-1,-1,-1
353,108,1356.91,605.18,65.03,186.34,0.4916,-1,-1,-1
353,109,1397.95,600.53,51.24,192.63,0.4510,-1,-1,-1
353,110,136.21,671.09,51.59,161.69,0.3596,-1,-1,-1
354,50,77.98,681.81,66.23,172.74,0.5197,-1,-1,-1
354,91,1583.06,617.57,73.57,200.86,0.5588,-1,-1,-1
354,99,1442.93,655.64,86.50,195.76,0.6894,-1,-1,-1
354,108,1349.69,605.78,69.27,188.34,0.4860,-1,-1,-1
354,109,1395.33,601.85,60.64,193.36,0.3477,-1,-1,-1
354,110,129.87,671.47,53.50,164.28,0.3777,-1,-1,-1
355,50,81.85,679.48,55.41,177.46,0.4127,-1,-1,-1
355,91,1582.82,625.59,73.63,195.83,0.5786,-1,-1,-1
355,99,1444.89,657.45,85.04,196.66,0.6566,-1,-1,-1
355,108,1349.20,607.44,64.77,190.13,0.4303,-1,-1,-1
355,109,1392.32,604.21,61.12,196.80,0.4293,-1,-1,-1
355,110,122.95,668.27,49.87,166.72,0.4648,-1,-1,-1
356,50,64.46,681.40,63.68,177.96,0.4241,-1,-1,-1
356,91,1581.48,631.26,77.03,196.43,0.5770,-1,-1,-1
356,99,1441.66,659.04,91.89,198.68,0.6952,-1,-1,-1
356,108,1347.57,604.91,63.90,195.11,0.3902,-1,-1,-1
356,109,1391.22,608.79,60.94,199.21,0.3672,-1,-1,-1
356,110,115.99,666.11,53.63,171.44,0.3936,-1,-1,-1
357,50,69.44,680.15,54.06,177.49,0.3899,-1,-1,-1
357,91,1578.25,641.48,82.63,193.80,0.6404,-1,-1,-1
357,99,1445.91,665.32,88.51,198.21,0.7572,-1,-1,-1
357,108,1347.66,590.86,58.65,209.97,0.3654,-1,-1,-1
357,109,1386.61,611.94,65.21,200.45,0.3771,-1,-1,-1
358,50,61.73,682.74,57.26,180.38,0.5443,-1,-1,-1
358,91,1575.91,646.94,89.33,191.65,0.6255,-1,-1,-1
358,99,1448.75,670.37,84.31,194.99,0.7842,-1,-1,-1
358,108,1349.59,595.70,52.76,204.55,0.4392,-1,-1,-1
358,109,1386.12,614.09,68.45,199.92,0.5231,-1,-1,-1
359,50,50.53,690.30,57.58,177.34,0.3690,-1,-1,-1
359,91,1577.44,650.63,92.56,194.13,0.6683,-1,-1,-1
359,99,1450.17,679.32,80.61,193.69,0.6677,-1,-1,-1
359,108,1346.28,594.42,53.41,191.42,0.4115,-1,-1,-1
359,109,1385.72,615.31,70.93,202.15,0.4642,-1,-1,-1
359,110,97.16,672.89,48.06,172.70,0.4345,-1,-1,-1
360,50,41.54,691.57,58.39,178.25,0.4084,-1,-1,-1
360,91,1579.32,656.59,92.81,196.44,0.6186,-1,-1,-1
360,99,1452.89,684.48,76.41,193.73,0.7213,-1,-1,-1
360,108,1342.52,594.44,56.34,208.61,0.5521,-1,-1,-1
360,109,1380.49,620.72,76.80,200.06,0.4151,-1,-1,-1
360,110,92.89,674.21,48.57,170.55,0.3972,-1,-1,-1
361,50,34.20,690.53,59.91,181.88,0.4913,-1,-1,-1
361,91,1579.73,661.09,93.81,195.75,0.6780,-1,-1,-1
361,99,1454.20,686.38,72.57,197.83,0.7348,-1,-1,-1
361,108,1341.52,593.37,55.05,209.15,0.4559,-1,-1,-1
361,109,1376.74,621.16,78.38,201.54,0.4502,-1,-1,-1
361,110,84.59,679.97,52.31,170.66,0.4341,-1,-1,-1
362,50,25.16,691.88,65.44,184.22,0.4408,-1,-1,-1
362,91,1581.87,663.53,91.37,200.46,0.6443,-1,-1,-1
362,99,1453.87,685.71,75.32,203.77,0.7320,-1,-1,-1
362,108,1341.29,597.97,54.61,218.21,0.5294,-1,-1,-1
362,109,1374.75,623.57,84.06,205.86,0.4946,-1,-1,-1
362,110,77.66,682.57,49.66,171.88,0.4968,-1,-1,-1
363,50,17.44,694.23,66.96,189.01,0.3859,-1,-1,-1
363,91,1583.05,662.81,87.57,204.08,0.5625,-1,-1,-1
363,99,1454.54,682.15,75.35,215.01,0.7406,-1,-1,-1
363,108,1339.59,599.30,55.39,221.27,0.5457,-1,-1,-1
363,109,1375.94,620.06,84.13,212.25,0.4929,-1,-1,-1
363,110,69.28,684.37,51.19,175.95,0.4350,-1,-1,-1
364,50,10.14,695.60,66.35,188.70,0.4325,-1,-1,-1
364,91,1582.03,664.67,82.80,212.05,0.6292,-1,-1,-1
364,99,1452.46,688.07,80.40,220.45,0.7584,-1,-1,-1
364,108,1337.93,608.02,55.45,207.19,0.3122,-1,-1,-1
364,109,1374.37,627.85,68.91,211.43,0.4714,-1,-1,-1
364,110,63.39,684.98,51.21,177.91,0.3715,-1,-1,-1
365,50,4.01,700.78,64.64,192.06,0.4497,-1,-1,-1
365,91,1582.64,666.44,78.47,214.37,0.5975,-1,-1,-1
365,99,1449.55,692.08,88.47,221.29,0.6988,-1,-1,-1
365,108,1337.98,623.30,51.29,176.54,0.3369,-1,-1,-1
365,109,1372.66,630.20,70.49,215.57,0.5356,-1,-1,-1
365,110,54.28,691.85,54.85,178.42,0.3847,-1,-1,-1
366,50,4.46,704.36,57.13,190.54,0.5091,-1,-1,-1
366,91,1580.35,665.92,76.75,217.94,0.6737,-1,-1,-1
366,99,1448.46,697.02,94.17,223.58,0.7253,-1,-1,-1
366,108,1338.67,631.93,51.04,201.28,0.3635,-1,-1,-1
366,109,1372.09,632.65,69.69,217.74,0.6042,-1,-1,-1
366,110,48.54,693.99,53.83,175.75,0.5618,-1,-1,-1
367,50,1.31,713.09,53.92,187.87,0.5156,-1,-1,-1
367,91,1578.42,663.86,80.60,229.18,0.6498,-1,-1,-1
367,99,1451.98,704.38,93.26,222.73,0.7107,-1,-1,-1
367,108,1335.45,639.09,50.37,175.63,0.4946,-1,-1,-1
367,109,1372.89,637.54,68.78,215.97,0.5760,-1,-1,-1
367,110,43.13,701.96,51.52,173.57,0.5367,-1,-1,-1
368,50,-1.33,715.75,48.35,190.31,0.4644,-1,-1,-1
368,91,1576.43,664.90,85.05,235.04,0.6304,-1,-1,-1
368,99,1455.12,710.70,92.12,223.81,0.7127,-1,-1,-1
368,108,1333.85,644.54,49.80,169.88,0.4757,-1,-1,-1
368,109,1372.33,639.72,64.71,217.55,0.5891,-1,-1,-1
368,110,35.34,706.76,52.93,174.29,0.3835,-1,-1,-1
369,50,-1.70,716.74,43.86,195.38,0.4829,-1,-1,-1
369,91,1576.59,664.11,86.17,238.45,0.6316,-1,-1,-1
369,99,1459.51,711.23,90.72,227.87,0.5707,-1,-1,-1
369,108,1329.82,645.65,54.87,195.61,0.5574,-1,-1,-1
369,109,1373.03,641.60,63.03,217.90,0.5802,-1,-1,-1
369,110,26.18,709.28,55.34,178.45,0.6029,-1,-1,-1
370,50,-1.92,719.63,33.76,195.56,0.3763,-1,-1,-1
370,91,1568.14,663.67,96.97,241.08,0.6565,-1,-1,-1
370,99,1460.26,715.31,92.43,230.25,0.6383,-1,-1,-1
370,108,1326.87,645.62,58.01,211.69,0.3464,-1,-1,-1
370,109,1369.16,643.83,64.65,220.44,0.5170,-1,-1,-1
370,110,14.66,712.00,56.74,180.82,0.4460,-1,-1,-1
370,113,1505.25,576.56,42.58,67.49,0.3458,-1,-1,-1
371,50,-0.98,723.64,28.84,189.47,0.3568,-1,-1,-1
371,91,1560.73,666.13,107.78,239.18,0.6947,-1,-1,-1
371,99,1461.36,718.63,92.47,230.39,0.7186,-1,-1,-1
371,109,1366.54,645.05,66.88,222.45,0.4880,-1,-1,-1
371,110,9.19,714.48,55.85,185.09,0.5524,-1,-1,-1
371,113,1505.10,576.98,44.45,67.59,0.3103,-1,-1,-1
372,91,1556.09,668.03,113.99,241.32,0.6669,-1,-1,-1
372,99,1460.94,720.10,94.06,232.44,0.7244,-1,-1,-1
372,109,1362.89,646.22,69.72,224.14,0.5200,-1,-1,-1
372,110,1.68,717.23,57.52,184.06,0.6471,-1,-1,-1
373,91,1559.26,670.56,113.09,244.25,0.6847,-1,-1,-1
373,99,1460.07,720.60,96.03,235.02,0.7239,-1,-1,-1
373,109,1360.06,648.60,72.00,224.58,0.4941,-1,-1,-1
373,110,-2.06,725.46,53.80,181.01,0.5496,-1,-1,-1
374,91,1558.79,675.64,113.33,244.48,0.6547,-1,-1,-1
374,99,1456.54,722.26,96.61,237.28,0.7138,-1,-1,-1
374,109,1358.31,652.26,73.83,223.58,0.5884,-1,-1,-1
374,110,-2.80,729.60,45.64,177.84,0.6577,-1,-1,-1
375,91,1560.17,674.59,109.29,245.86,0.6330,-1,-1,-1
375,99,1455.47,723.86,90.25,239.38,0.7044,-1,-1,-1
375,109,1357.12,655.57,76.74,222.86,0.5840,-1,-1,-1
375,110,-2.53,733.09,37.80,179.18,0.5737,-1,-1,-1
376,91,1558.89,677.38,106.04,244.52,0.6108,-1,-1,-1
376,99,1455.78,725.49,84.44,241.58,0.7020,-1,-1,-1
376,109,1352.35,654.20,78.74,222.91,0.5088,-1,-1,-1
376,110,-2.13,734.96,26.84,174.82,0.5310,-1,-1,-1
376,114,1704.58,609.33,48.62,139.61,0.3564,-1,-1,-1
377,91,1555.68,681.23,102.00,239.14,0.5969,-1,-1,-1
377,99,1455.55,725.61,82.75,246.38,0.6784,-1,-1,-1
377,109,1347.14,650.69,85.28,226.72,0.5839,-1,-1,-1
377,114,1710.66,603.87,58.15,147.47,0.3323,-1,-1,-1
378,91,1551.02,683.08,101.56,242.68,0.6499,-1,-1,-1
378,99,1456.41,726.30,81.03,252.57,0.6445,-1,-1,-1
378,109,1341.54,648.19,86.99,231.13,0.4302,-1,-1,-1
378,114,1720.75,604.57,59.93,144.05,0.5157,-1,-1,-1
379,91,1547.64,679.80,95.44,247.62,0.7072,-1,-1,-1
379,99,1456.16,726.35,79.80,259.93,0.6688,-1,-1,-1
379,109,1336.79,648.34,72.01,199.56,0.3057,-1,-1,-1
379,114,1719.89,600.61,62.75,145.00,0.3526,-1,-1,-1
380,91,1541.57,679.77,95.80,251.29,0.6643,-1,-1,-1
380,99,1454.31,725.77,79.81,266.21,0.6928,-1,-1,-1
380,109,1331.41,648.09,64.10,184.06,0.4129,-1,-1,-1
380,114,1727.17,600.14,52.84,145.01,0.3179,-1,-1,-1
381,91,1532.66,679.52,90.32,257.48,0.6150,-1,-1,-1
381,99,1452.70,726.85,87.65,268.70,0.7050,-1,-1,-1
381,109,1327.35,647.47,60.32,182.39,0.4176,-1,-1,-1
382,91,1532.17,678.82,82.02,260.07,0.5855,-1,-1,-1
382,99,1449.94,731.00,89.79,269.66,0.6865,-1,-1,-1
382,109,1323.07,648.30,58.76,181.67,0.6209,-1,-1,-1
382,115,1444.83,559.64,44.53,82.93,0.3740,-1,-1,-1
382,114,1717.57,591.21,61.14,152.78,0.4632,-1,-1,-1
383,91,1528.34,684.60,82.24,254.21,0.5602,-1,-1,-1
383,99,1446.87,736.07,94.22,269.21,0.7161,-1,-1,-1
383,109,1320.05,648.82,55.17,184.77,0.6668,-1,-1,-1
383,114,1713.27,593.34,56.42,148.92,0.3534,-1,-1,-1
384,91,1520.77,684.76,87.66,258.00,0.5851,-1,-1,-1
384,99,1443.61,739.92,99.14,271.17,0.7348,-1,-1,-1
384,109,1316.70,647.95,53.00,186.78,0.6727,-1,-1,-1
384,114,1711.53,595.26,55.27,147.86,0.3830,-1,-1,-1
385,91,1517.52,687.98,90.57,253.99,0.6054,-1,-1,-1
385,99,1440.17,742.28,99.72,272.14,0.7481,-1,-1,-1
385,114,1714.96,592.93,65.24,153.28,0.4331,-1,-1,-1
385,115,1436.25,566.27,48.28,75.86,0.3919,-1,-1,-1
386,91,1512.29,693.42,94.64,253.47,0.5701,-1,-1,-1
386,99,1434.46,745.73,97.17,274.47,0.7487,-1,-1,-1
386,114,1717.23,594.06,66.98,156.25,0.3018,-1,-1,-1
386,115,1433.06,561.75,47.10,81.23,0.3879,-1,-1,-1
386,108,1243.55,643.75,59.97,220.20,0.3640,-1,-1,-1
386,113,1493.14,558.26,49.67,75.24,0.3481,-1,-1,-1
387,91,1506.37,693.29,96.92,256.10,0.6553,-1,-1,-1
387,99,1431.71,745.99,93.67,275.64,0.7025,-1,-1,-1
387,114,1724.04,589.18,66.34,155.79,0.3177,-1,-1,-1
387,108,1238.66,643.15,64.07,219.02,0.4951,-1,-1,-1
387,113,1492.24,554.84,51.75,76.37,0.4322,-1,-1,-1
388,91,1496.46,685.82,102.35,269.16,0.5974,-1,-1,-1
388,99,1428.50,747.40,91.93,280.89,0.6605,-1,-1,-1
388,108,1233.85,647.26,59.31,215.42,0.4926,-1,-1,-1
388,113,1488.92,558.01,54.49,75.40,0.3930,-1,-1,-1
389,91,1487.30,684.81,109.48,273.90,0.6406,-1,-1,-1
389,99,1425.87,748.01,93.05,287.95,0.5931,-1,-1,-1
389,108,1219.93,646.42,65.75,218.02,0.4830,-1,-1,-1
390,91,1484.59,689.00,108.77,269.49,0.5612,-1,-1,-1
390,99,1417.30,749.01,99.26,291.41,0.6095,-1,-1,-1
390,108,1220.80,647.13,61.17,222.87,0.4834,-1,-1,-1
390,109,1274.65,644.19,58.69,223.84,0.4331,-1,-1,-1
391,91,1480.65,707.14,108.42,250.47,0.5664,-1,-1,-1
391,99,1408.31,752.85,108.22,297.06,0.5774,-1,-1,-1
391,108,1214.66,650.18,59.07,222.44,0.3407,-1,-1,-1
391,118,1530.95,564.01,45.21,83.36,0.3900,-1,-1,-1
391,115,1413.44,554.63,45.40,89.65,0.5165,-1,-1,-1
391,113,1481.83,558.78,52.53,82.15,0.4340,-1,-1,-1
392,91,1471.01,707.93,112.13,251.56,0.5198,-1,-1,-1
392,99,1399.30,755.32,109.32,297.38,0.6735,-1,-1,-1
392,108,1198.73,647.93,66.83,227.06,0.4906,-1,-1,-1
392,118,1525.33,560.37,43.79,90.50,0.3366,-1,-1,-1
392,119,1339.13,553.06,52.33,112.53,0.3810,-1,-1,-1
392,115,1407.00,551.98,46.57,91.44,0.3670,-1,-1,-1
392,109,1251.54,646.83,65.99,233.38,0.4927,-1,-1,-1
393,91,1459.33,707.88,90.16,199.02,0.3620,-1,-1,-1
393,99,1393.61,761.06,111.27,297.88,0.6515,-1,-1,-1
393,108,1190.09,647.33,67.78,230.51,0.4799,-1,-1,-1
393,118,1519.55,562.81,43.86,91.21,0.4266,-1,-1,-1
393,119,1334.69,553.84,52.39,116.27,0.4282,-1,-1,-1
393,114,1730.45,606.03,60.41,157.86,0.4079,-1,-1,-1
393,113,1469.92,562.19,50.19,80.32,0.5495,-1,-1,-1
394,99,1387.45,764.17,107.98,299.60,0.5831,-1,-1,-1
394,108,1182.12,649.92,66.81,229.12,0.5015,-1,-1,-1
394,118,1516.41,563.43,43.54,91.93,0.3002,-1,-1,-1
394,119,1329.13,554.03,50.45,116.40,0.4489,-1,-1,-1
394,114,1729.83,604.79,56.86,157.97,0.4590,-1,-1,-1
394,113,1462.99,561.92,53.29,78.11,0.3512,-1,-1,-1
394,115,1386.30,549.66,55.46,96.22,0.4484,-1,-1,-1
395,99,1379.89,767.46,102.79,301.94,0.6790,-1,-1,-1
395,108,1170.61,649.34,69.41,235.74,0.6525,-1,-1,-1
395,118,1509.27,563.43,43.52,88.19,0.3352,-1,-1,-1
395,119,1321.76,556.06,51.38,121.13,0.5622,-1,-1,-1
395,114,1728.07,600.90,56.24,164.45,0.4611,-1,-1,-1
395,113,1458.53,560.70,47.39,80.04,0.3552,-1,-1,-1
395,115,1385.34,549.05,51.16,95.96,0.5514,-1,-1,-1
395,91,1442.66,709.65,84.87,245.60,0.5118,-1,-1,-1
396,99,1372.22,770.93,104.78,302.87,0.7461,-1,-1,-1
396,108,1161.36,648.77,70.38,226.49,0.5778,-1,-1,-1
396,119,1315.31,557.77,51.77,122.81,0.4676,-1,-1,-1
396,114,1726.43,598.34,56.74,169.48,0.4980,-1,-1,-1
396,113,1447.58,558.74,48.59,81.78,0.3514,-1,-1,-1
396,115,1381.89,548.32,46.95,97.91,0.4157,-1,-1,-1
396,91,1432.41,704.94,86.36,252.68,0.4948,-1,-1,-1
397,99,1365.02,772.79,103.20,305.46,0.6440,-1,-1,-1
397,108,1149.50,648.78,72.41,230.02,0.6025,-1,-1,-1
397,119,1311.60,561.41,49.85,122.45,0.4727,-1,-1,-1
397,114,1723.74,600.79,56.01,168.71,0.5076,-1,-1,-1
397,113,1443.99,561.24,50.46,82.72,0.5600,-1,-1,-1
397,115,1373.03,549.91,45.68,97.43,0.4724,-1,-1,-1
397,91,1419.53,712.23,87.35,261.73,0.4163,-1,-1,-1
397,118,1495.87,562.84,45.42,90.11,0.4560,-1,-1,-1
398,99,1356.45,771.37,109.93,306.46,0.5333,-1,-1,-1
398,108,1140.43,648.62,73.77,236.93,0.5449,-1,-1,-1
398,119,1302.21,558.91,48.15,125.31,0.6488,-1,-1,-1
398,114,1717.37,604.38,55.87,165.51,0.4393,-1,-1,-1
398,113,1436.65,559.48,51.34,86.04,0.3245,-1,-1,-1
398,115,1366.29,550.98,46.94,95.62,0.4548,-1,-1,-1
399,99,1348.00,769.73,111.57,310.79,0.3335,-1,-1,-1
399,108,1129.14,651.96,69.90,229.09,0.6109,-1,-1,-1
399,119,1293.54,554.46,49.77,128.22,0.5964,-1,-1,-1
399,114,1713.28,604.89,58.41,163.54,0.4787,-1,-1,-1
399,115,1360.55,554.50,41.27,92.77,0.3336,-1,-1,-1
399,118,1479.41,558.27,44.85,93.63,0.3647,-1,-1,-1
400,99,1339.39,770.93,111.75,310.87,0.3856,-1,-1,-1
400,108,1112.72,652.73,87.22,255.89,0.5451,-1,-1,-1
400,119,1288.45,556.64,43.38,126.90,0.6083,-1,-1,-1
400,114,1711.14,608.88,65.18,162.56,0.3388,-1,-1,-1
400,115,1350.14,550.90,42.69,97.11,0.5130,-1,-1,-1
400,118,1471.67,559.09,44.80,93.82,0.4436,-1,-1,-1
400,91,1380.82,717.46,77.96,173.62,0.4167,-1,-1,-1
400,113,1420.44,561.70,51.33,83.78,0.5254,-1,-1,-1
401,99,1324.96,772.20,114.29,309.04,0.5653,-1,-1,-1
401,108,1095.49,655.97,85.74,251.66,0.7007,-1,-1,-1
401,119,1278.18,554.05,45.84,130.26,0.6619,-1,-1,-1
401,114,1707.16,610.07,60.26,161.50,0.3395,-1,-1,-1
401,115,1340.69,547.07,44.16,99.99,0.4687,-1,-1,-1
401,118,1464.46,558.71,44.40,92.09,0.3094,-1,-1,-1
401,91,1374.01,724.29,69.44,152.37,0.3487,-1,-1,-1
401,113,1411.12,560.34,52.05,84.15,0.3437,-1,-1,-1
402,99,1314.49,775.64,115.44,305.24,0.6448,-1,-1,-1
402,108,1076.23,655.98,97.07,252.47,0.6523,-1,-1,-1
402,119,1268.17,552.31,46.94,129.97,0.4939,-1,-1,-1
402,115,1325.84,541.76,49.06,106.78,0.4397,-1,-1,-1
402,118,1454.93,556.54,45.28,96.41,0.3016,-1,-1,-1
403,99,1303.13,766.97,122.31,312.93,0.6407,-1,-1,-1
403,108,1059.07,656.22,107.69,273.27,0.6647,-1,-1,-1
403,119,1261.18,552.97,42.29,129.23,0.4628,-1,-1,-1
403,115,1315.18,542.06,50.75,105.99,0.5202,-1,-1,-1
403,118,1446.02,556.94,49.29,98.66,0.3681,-1,-1,-1
403,113,1394.70,559.56,53.96,86.16,0.4315,-1,-1,-1
404,99,1287.06,767.63,127.41,312.16,0.7311,-1,-1,-1
404,108,1058.71,659.12,99.50,280.54,0.6716,-1,-1,-1
404,119,1251.16,549.13,43.56,130.85,0.4947,-1,-1,-1
404,115,1308.67,542.54,47.81,106.10,0.5543,-1,-1,-1
404,118,1435.58,559.83,48.01,92.84,0.4463,-1,-1,-1
404,113,1384.90,557.61,54.38,88.69,0.4260,-1,-1,-1
405,99,1264.21,778.32,137.84,302.32,0.6210,-1,-1,-1
405,108,1041.26,660.08,103.91,282.13,0.6304,-1,-1,-1
405,119,1241.58,547.02,40.03,134.00,0.4920,-1,-1,-1
405,115,1296.80,541.66,49.12,108.26,0.4407,-1,-1,-1
405,118,1425.17,559.77,46.91,94.57,0.4478,-1,-1,-1
405,113,1374.67,558.76,52.31,88.01,0.3299,-1,-1,-1
406,99,1220.35,781.90,166.99,297.86,0.5779,-1,-1,-1
406,108,1016.38,661.27,113.84,284.11,0.7467,-1,-1,-1
406,119,1229.68,547.34,42.32,130.65,0.6197,-1,-1,-1
406,115,1289.58,541.70,45.75,106.25,0.6222,-1,-1,-1
406,118,1415.17,556.89,46.97,95.57,0.3943,-1,-1,-1
406,91,1295.24,724.64,65.34,132.56,0.3596,-1,-1,-1
407,99,1191.67,781.83,181.01,298.11,0.6123,-1,-1,-1
407,108,996.69,663.91,119.43,286.53,0.5517,-1,-1,-1
407,119,1218.17,544.06,43.41,137.40,0.5248,-1,-1,-1
407,115,1278.96,546.98,44.23,102.87,0.5676,-1,-1,-1
407,118,1404.30,554.01,46.99,101.97,0.4213,-1,-1,-1
407,114,1672.62,601.48,72.51,187.15,0.3394,-1,-1,-1
407,113,1352.41,558.36,47.27,90.73,0.3668,-1,-1,-1
408,99,1188.54,790.60,169.81,288.60,0.5678,-1,-1,-1
408,108,991.13,666.76,110.23,288.91,0.6287,-1,-1,-1
408,119,1205.15,545.45,45.33,134.36,0.5757,-1,-1,-1
408,115,1267.24,544.00,43.50,104.75,0.6265,-1,-1,-1
408,118,1394.36,555.93,45.00,97.67,0.4107,-1,-1,-1
408,113,1340.90,559.22,46.73,88.95,0.3600,-1,-1,-1
409,99,1185.65,792.31,154.08,287.68,0.7033,-1,-1,-1
409,108,967.43,665.98,117.67,292.35,0.6842,-1,-1,-1
409,119,1193.39,543.55,45.87,137.65,0.5569,-1,-1,-1
409,115,1252.36,546.30,47.31,104.51,0.4838,-1,-1,-1
409,118,1381.99,553.24,45.39,102.87,0.4233,-1,-1,-1
409,113,1328.46,558.49,46.07,91.23,0.3676,-1,-1,-1
409,114,1657.26,585.15,69.17,214.08,0.3448,-1,-1,-1
410,99,1182.24,804.89,137.25,275.42,0.5441,-1,-1,-1
410,108,945.07,668.02,117.85,294.40,0.7119,-1,-1,-1
410,119,1180.26,542.95,46.66,136.85,0.5673,-1,-1,-1
410,115,1239.58,542.90,48.01,106.77,0.5803,-1,-1,-1
410,118,1371.59,550.55,43.88,107.01,0.3417,-1,-1,-1
410,113,1323.10,559.19,48.67,90.70,0.3963,-1,-1,-1
410,114,1649.51,588.85,67.47,216.08,0.3474,-1,-1,-1
411,99,1164.52,813.54,136.92,265.92,0.7390,-1,-1,-1
411,108,930.68,669.41,115.38,294.14,0.5428,-1,-1,-1
411,119,1167.76,541.04,46.01,140.20,0.3982,-1,-1,-1
411,115,1227.47,544.41,47.40,107.40,0.5131,-1,-1,-1
411,118,1357.47,550.36,46.57,107.32,0.4497,-1,-1,-1
411,113,1307.02,558.30,48.58,92.61,0.4078,-1,-1,-1
412,99,1149.08,822.95,133.17,255.04,0.6996,-1,-1,-1
412,108,903.94,667.53,130.59,300.35,0.6780,-1,-1,-1
412,119,1152.38,540.46,47.98,137.58,0.5157,-1,-1,-1
412,115,1215.07,540.55,44.93,110.44,0.5604,-1,-1,-1
412,118,1345.39,552.40,44.21,103.20,0.5035,-1,-1,-1
412,113,1293.51,556.78,44.69,92.93,0.3485,-1,-1,-1
412,114,1632.80,600.75,59.84,201.52,0.4097,-1,-1,-1
413,99,1120.61,818.14,141.67,261.19,0.5992,-1,-1,-1
413,108,889.99,669.29,129.79,300.29,0.6614,-1,-1,-1
413,119,1138.39,541.29,45.64,138.29,0.4519,-1,-1,-1
413,115,1198.64,538.11,46.62,115.48,0.5650,-1,-1,-1
413,118,1331.21,550.31,43.92,107.47,0.4293,-1,-1,-1
413,113,1279.76,555.80,42.17,94.04,0.4545,-1,-1,-1
414,99,1111.03,824.76,130.75,254.78,0.6701,-1,-1,-1
414,108,866.60,671.30,120.18,302.14,0.7009,-1,-1,-1
414,115,1182.66,538.27,48.89,115.52,0.6610,-1,-1,-1
414,118,1318.04,551.70,45.50,105.05,0.4727,-1,-1,-1
414,113,1265.79,553.28,43.88,97.56,0.4608,-1,-1,-1
415,99,1080.06,822.81,138.30,256.47,0.5636,-1,-1,-1
415,108,840.11,671.73,120.35,304.81,0.7166,-1,-1,-1
415,115,1165.74,536.19,51.10,117.69,0.6299,-1,-1,-1
415,118,1304.55,550.31,44.14,108.21,0.5070,-1,-1,-1
415,113,1252.11,556.13,49.17,94.16,0.4585,-1,-1,-1
415,119,1109.79,543.33,46.52,135.09,0.4881,-1,-1,-1
416,99,1065.61,827.19,131.07,250.00,0.6422,-1,-1,-1
416,108,814.19,672.27,114.27,307.64,0.7553,-1,-1,-1
416,115,1148.48,535.21,51.60,118.18,0.5831,-1,-1,-1
416,118,1287.89,551.39,46.85,106.14,0.4722,-1,-1,-1
416,113,1237.71,554.04,43.98,94.81,0.4522,-1,-1,-1
416,119,1094.91,538.32,48.57,140.37,0.5351,-1,-1,-1
417,99,1029.21,830.69,142.14,246.52,0.5397,-1,-1,-1
417,108,785.45,674.83,113.07,308.68,0.7304,-1,-1,-1
417,115,1134.12,533.37,53.07,118.66,0.5393,-1,-1,-1
417,118,1274.24,551.40,44.53,107.21,0.3935,-1,-1,-1
417,113,1222.28,554.72,46.53,93.51,0.4343,-1,-1,-1
417,119,1081.42,538.84,48.69,132.61,0.4162,-1,-1,-1
418,99,1015.96,833.80,130.52,245.04,0.6615,-1,-1,-1
418,108,755.37,675.67,113.15,311.27,0.7946,-1,-1,-1
418,115,1117.04,531.54,55.76,118.76,0.7112,-1,-1,-1
418,118,1257.00,551.71,44.49,106.64,0.4058,-1,-1,-1
418,113,1207.09,556.60,43.01,91.72,0.5133,-1,-1,-1
418,119,1062.47,539.12,49.98,136.30,0.4719,-1,-1,-1
418,123,1796.74,583.38,84.71,199.03,0.4687,-1,-1,-1
418,124,1621.32,604.63,72.28,173.46,0.4241,-1,-1,-1
419,99,1004.31,836.43,116.51,242.86,0.6643,-1,-1,-1
419,108,720.46,676.70,120.40,315.20,0.7996,-1,-1,-1
419,115,1101.64,530.86,52.91,118.49,0.5705,-1,-1,-1
419,118,1240.72,549.82,46.27,106.13,0.3749,-1,-1,-1
419,113,1192.18,551.93,41.52,95.20,0.5641,-1,-1,-1
419,119,1047.02,538.96,50.54,133.77,0.4720,-1,-1,-1
419,123,1779.82,575.92,95.51,209.58,0.4980,-1,-1,-1
419,124,1608.18,610.94,75.69,168.86,0.5803,-1,-1,-1
420,99,976.17,837.54,116.86,242.21,0.7124,-1,-1,-1
420,108,688.68,679.32,125.69,315.86,0.7663,-1,-1,-1
420,115,1088.57,530.92,51.89,116.68,0.6096,-1,-1,-1
420,118,1225.24,551.78,45.83,105.86,0.3605,-1,-1,-1
420,113,1176.84,552.50,45.25,94.07,0.5381,-1,-1,-1
420,119,1032.12,533.19,51.04,135.43,0.4455,-1,-1,-1
420,123,1767.26,575.04,78.02,202.25,0.6185,-1,-1,-1
420,124,1590.74,613.18,78.23,166.24,0.4450,-1,-1,-1
420,125,904.57,782.83,110.00,296.96,0.5557,-1,-1,-1
421,99,946.97,835.78,118.27,244.36,0.6579,-1,-1,-1
421,108,657.88,680.56,128.95,317.87,0.7828,-1,-1,-1
421,115,1071.06,531.60,54.13,117.11,0.6502,-1,-1,-1
421,118,1206.88,550.45,46.50,107.29,0.4579,-1,-1,-1
421,113,1160.08,553.37,45.92,94.75,0.5058,-1,-1,-1
421,119,1011.68,535.63,52.24,138.06,0.5131,-1,-1,-1
421,123,1752.33,577.64,70.07,202.69,0.6453,-1,-1,-1
421,124,1580.05,611.70,77.66,168.03,0.4711,-1,-1,-1
421,125,872.21,773.09,118.14,307.17,0.3357,-1,-1,-1
422,99,915.55,843.05,120.66,236.78,0.7687,-1,-1,-1
422,108,625.39,679.25,138.37,325.59,0.8119,-1,-1,-1
422,115,1052.45,529.56,53.05,117.07,0.5807,-1,-1,-1
422,118,1189.16,547.67,49.22,109.69,0.3941,-1,-1,-1
422,113,1142.83,551.64,44.25,95.10,0.4906,-1,-1,-1
422,119,990.08,529.29,57.37,142.60,0.5408,-1,-1,-1
422,124,1558.66,609.55,83.25,171.13,0.5048,-1,-1,-1
422,125,851.81,786.63,107.43,292.53,0.5142,-1,-1,-1
423,99,882.75,848.47,122.07,231.45,0.7497,-1,-1,-1
423,108,597.61,682.31,136.83,325.30,0.7453,-1,-1,-1
423,115,1032.15,528.21,56.76,118.97,0.5553,-1,-1,-1
423,113,1123.99,552.20,48.38,94.92,0.3632,-1,-1,-1
423,119,970.03,528.14,56.06,140.97,0.5009,-1,-1,-1
423,124,1549.80,608.18,72.32,171.29,0.6357,-1,-1,-1
423,125,816.77,799.59,108.68,278.71,0.5449,-1,-1,-1
423,123,1718.83,577.93,66.89,203.63,0.5409,-1,-1,-1
424,99,855.48,855.91,118.29,224.13,0.7105,-1,-1,-1
424,108,562.75,686.95,143.94,325.05,0.7652,-1,-1,-1
424,115,1012.52,528.53,58.86,117.55,0.5796,-1,-1,-1
424,113,1105.18,551.73,45.51,94.68,0.4101,-1,-1,-1
424,119,953.21,527.10,53.69,140.07,0.5572,-1,-1,-1
424,124,1536.81,609.81,67.80,170.21,0.6043,-1,-1,-1
424,125,786.97,813.40,108.56,266.14,0.4699,-1,-1,-1
424,123,1694.77,573.45,69.63,206.53,0.5573,-1,-1,-1
425,99,821.82,861.95,119.13,218.12,0.7476,-1,-1,-1
425,108,522.71,687.25,149.27,329.57,0.7404,-1,-1,-1
425,115,993.71,527.86,57.14,120.70,0.5311,-1,-1,-1
425,119,933.20,526.15,54.41,141.84,0.4811,-1,-1,-1
425,124,1520.39,609.38,66.15,169.70,0.6158,-1,-1,-1
425,125,752.95,806.61,108.41,272.30,0.5018,-1,-1,-1
425,123,1672.63,572.31,72.35,208.04,0.6589,-1,-1,-1
426,99,790.11,867.43,118.40,212.58,0.7128,-1,-1,-1
426,108,484.14,691.52,137.21,329.79,0.6080,-1,-1,-1
426,115,975.49,527.24,56.92,121.51,0.5633,-1,-1,-1
426,119,914.99,523.07,54.98,145.11,0.5140,-1,-1,-1
426,124,1506.53,609.80,62.25,167.50,0.5682,-1,-1,-1
426,125,720.85,815.55,101.07,264.10,0.3794,-1,-1,-1
426,123,1653.68,575.90,72.05,203.20,0.6671,-1,-1,-1
426,118,1110.54,545.13,45.61,111.87,0.3401,-1,-1,-1
426,113,1067.96,549.39,45.23,97.28,0.3570,-1,-1,-1
427,99,755.73,873.59,119.10,206.87,0.4977,-1,-1,-1
427,108,440.81,696.53,168.00,333.64,0.6912,-1,-1,-1
427,115,956.67,529.91,54.94,121.27,0.5067,-1,-1,-1
427,119,895.10,526.30,55.26,140.69,0.4801,-1,-1,-1
427,124,1488.65,608.93,64.98,170.40,0.5369,-1,-1,-1
427,123,1631.77,579.41,74.66,203.71,0.5688,-1,-1,-1
427,118,1089.62,546.39,47.78,112.95,0.3189,-1,-1,-1
428,99,720.25,884.86,118.47,195.88,0.5370,-1,-1,-1
428,108,406.31,700.54,176.42,340.05,0.5711,-1,-1,-1
428,115,936.92,530.84,55.95,123.82,0.5224,-1,-1,-1
428,119,868.94,528.68,60.29,142.10,0.5738,-1,-1,-1
428,124,1470.74,609.20,65.34,172.55,0.4352,-1,-1,-1
428,123,1610.42,582.97,76.73,204.65,0.5802,-1,-1,-1
428,114,1413.23,636.76,80.13,198.76,0.3552,-1,-1,-1
429,99,684.82,893.38,116.49,186.82,0.6580,-1,-1,-1
429,108,382.75,703.76,145.29,323.35,0.4227,-1,-1,-1
429,115,917.53,531.01,54.43,125.44,0.4321,-1,-1,-1
429,119,852.04,530.99,54.89,137.71,0.4167,-1,-1,-1
429,124,1453.11,610.42,69.13,178.43,0.4652,-1,-1,-1
429,123,1585.15,586.72,82.24,203.92,0.4164,-1,-1,-1
429,127,655.00,780.05,81.44,148.24,0.4406,-1,-1,-1
429,114,1393.35,627.68,72.74,209.72,0.3097,-1,-1,-1
429,125,586.92,847.56,120.57,213.62,0.4489,-1,-1,-1
430,99,638.00,904.23,125.54,176.37,0.6652,-1,-1,-1
430,108,329.08,708.68,163.91,331.73,0.7221,-1,-1,-1
430,115,893.83,531.67,57.25,126.69,0.3252,-1,-1,-1
430,119,826.83,531.86,63.88,136.70,0.3031,-1,-1,-1
430,124,1437.19,612.35,70.35,184.27,0.6185,-1,-1,-1
430,123,1560.92,588.25,81.66,202.39,0.6544,-1,-1,-1
430,127,616.87,789.09,82.17,161.95,0.4113,-1,-1,-1
430,114,1370.21,634.37,80.27,203.12,0.3547,-1,-1,-1
430,125,540.38,858.63,122.74,211.11,0.5320,-1,-1,-1
430,118,1027.81,555.33,50.20,120.13,0.4406,-1,-1,-1
431,99,609.62,915.15,111.55,165.03,0.5316,-1,-1,-1
431,108,298.63,713.10,148.00,329.76,0.5726,-1,-1,-1
431,119,801.77,540.34,64.39,134.75,0.4177,-1,-1,-1
431,124,1415.01,616.66,73.39,183.66,0.4846,-1,-1,-1
431,123,1539.94,592.84,83.85,205.31,0.4344,-1,-1,-1
431,127,565.24,798.26,89.87,175.07,0.3681,-1,-1,-1
431,118,1011.28,560.45,47.67,121.30,0.4653,-1,-1,-1
431,113,976.70,560.51,38.47,107.38,0.4600,-1,-1,-1
432,99,572.53,925.53,105.34,154.45,0.6391,-1,-1,-1
432,108,249.17,716.27,161.78,345.05,0.3326,-1,-1,-1
432,124,1399.50,618.74,76.76,181.15,0.4413,-1,-1,-1
432,123,1515.95,592.81,84.88,206.05,0.6078,-1,-1,-1
432,127,520.75,806.14,93.44,172.44,0.4851,-1,-1,-1
432,118,988.75,559.09,51.20,127.31,0.5241,-1,-1,-1
432,113,959.56,563.35,36.16,106.09,0.4745,-1,-1,-1
432,125,443.75,870.90,141.96,208.55,0.5054,-1,-1,-1
433,99,528.92,937.20,107.18,143.37,0.6462,-1,-1,-1
433,108,210.70,724.74,156.96,332.03,0.5648,-1,-1,-1
433,124,1380.81,625.21,79.96,180.31,0.3765,-1,-1,-1
433,123,1495.44,595.86,91.04,210.38,0.5098,-1,-1,-1
433,127,480.70,814.51,87.98,162.93,0.5408,-1,-1,-1
433,118,964.64,561.72,54.67,130.55,0.4860,-1,-1,-1
433,113,938.88,566.30,34.72,105.23,0.4258,-1,-1,-1
433,125,354.00,872.09,186.83,209.81,0.6784,-1,-1,-1
433,119,758.07,540.48,61.10,137.61,0.4255,-1,-1,-1
434,99,484.60,947.92,106.43,130.41,0.6239,-1,-1,-1
434,108,164.38,728.87,118.15,338.47,0.6667,-1,-1,-1
434,124,1360.18,626.14,86.03,182.75,0.5637,-1,-1,-1
434,123,1474.25,595.33,82.80,210.86,0.5550,-1,-1,-1
434,127,434.73,818.81,92.39,171.60,0.5505,-1,-1,-1
434,118,938.99,562.34,58.51,131.06,0.5065,-1,-1,-1
434,125,299.83,878.68,194.19,203.46,0.7393,-1,-1,-1
434,119,737.58,539.20,59.76,136.00,0.3649,-1,-1,-1
434,114,1284.12,629.44,94.28,229.12,0.4436,-1,-1,-1
435,99,434.57,960.21,109.76,118.84,0.6150,-1,-1,-1
435,108,115.54,734.35,103.97,341.80,0.6873,-1,-1,-1
435,124,1342.03,629.25,84.37,181.60,0.5609,-1,-1,-1
435,123,1453.57,598.86,77.66,209.70,0.5298,-1,-1,-1
435,127,389.37,826.60,99.73,170.10,0.5314,-1,-1,-1
435,118,920.86,564.42,57.37,132.65,0.3001,-1,-1,-1
435,125,260.04,886.95,186.43,195.02,0.7124,-1,-1,-1
435,119,716.37,541.81,61.77,133.65,0.3425,-1,-1,-1
435,114,1264.88,636.51,88.80,227.85,0.4014,-1,-1,-1
436,99,383.99,968.32,111.60,111.23,0.5863,-1,-1,-1
436,108,61.41,736.18,105.67,343.44,0.7330,-1,-1,-1
436,124,1322.86,631.09,86.98,181.79,0.6079,-1,-1,-1
436,123,1430.61,600.41,75.42,209.14,0.6335,-1,-1,-1
436,127,340.91,832.18,99.89,176.48,0.5250,-1,-1,-1
436,118,897.58,565.36,58.17,131.45,0.4337,-1,-1,-1
436,125,227.81,892.86,168.11,188.61,0.7745,-1,-1,-1
436,119,693.65,542.01,58.19,134.34,0.4105,-1,-1,-1
436,114,1241.28,638.13,85.34,231.19,0.5580,-1,-1,-1
436,113,873.16,568.10,34.37,112.72,0.3414,-1,-1,-1
437,99,332.89,977.88,103.06,101.22,0.5183,-1,-1,-1
437,108,7.80,739.79,124.17,342.38,0.7426,-1,-1,-1
437,124,1301.60,633.35,89.07,182.70,0.6758,-1,-1,-1
437,123,1409.06,601.04,69.45,209.13,0.5367,-1,-1,-1
437,127,292.43,843.22,98.19,174.71,0.5842,-1,-1,-1
437,118,878.02,567.83,55.68,131.01,0.4127,-1,-1,-1
437,125,181.10,902.55,164.12,179.15,0.7789,-1,-1,-1
437,119,672.36,547.56,59.97,132.59,0.3874,-1,-1,-1
437,114,1223.04,643.82,77.90,232.95,0.5706,-1,-1,-1
437,129,921.56,558.84,44.43,129.60,0.5288,-1,-1,-1
437,113,846.90,568.69,38.24,117.69,0.3731,-1,-1,-1
438,99,275.36,991.84,94.24,86.74,0.4964,-1,-1,-1
438,108,-14.25,739.27,87.27,303.20,0.4103,-1,-1,-1
438,124,1282.27,631.69,85.49,184.56,0.5936,-1,-1,-1
438,123,1385.34,597.80,67.56,208.71,0.6426,-1,-1,-1
438,127,242.97,841.27,98.76,188.93,0.4770,-1,-1,-1
438,118,856.99,567.26,56.41,132.97,0.4911,-1,-1,-1
438,125,127.87,911.32,160.37,169.50,0.7473,-1,-1,-1
438,119,649.38,547.12,61.69,133.50,0.5398,-1,-1,-1
438,114,1204.34,644.21,74.80,237.12,0.5704,-1,-1,-1
439,99,214.52,1001.97,96.37,76.81,0.5590,-1,-1,-1
439,124,1263.44,632.44,79.57,183.66,0.5901,-1,-1,-1
439,123,1361.25,599.01,66.20,210.15,0.6038,-1,-1,-1
439,118,834.52,567.57,54.83,134.42,0.4638,-1,-1,-1
439,125,70.61,919.90,157.12,160.54,0.7723,-1,-1,-1
439,119,626.98,547.91,61.39,134.77,0.4494,-1,-1,-1
439,114,1180.35,646.03,83.26,240.29,0.6064,-1,-1,-1
440,99,153.15,1014.64,100.51,65.33,0.3626,-1,-1,-1
440,124,1242.82,633.76,79.84,189.93,0.5396,-1,-1,-1
440,123,1336.03,600.23,67.91,209.60,0.6070,-1,-1,-1
440,118,812.10,568.78,53.06,136.59,0.4419,-1,-1,-1
440,125,6.19,930.57,160.43,150.40,0.7368,-1,-1,-1
440,119,602.09,551.76,53.21,130.32,0.6285,-1,-1,-1
440,114,1153.98,652.88,90.19,240.32,0.6821,-1,-1,-1
440,115,671.23,544.86,53.49,133.91,0.3846,-1,-1,-1
440,127,136.25,861.42,96.23,184.33,0.4745,-1,-1,-1
441,124,1223.65,633.76,75.36,195.02,0.5350,-1,-1,-1
441,123,1308.55,598.97,71.32,217.49,0.5848,-1,-1,-1
441,118,791.22,568.62,50.63,137.45,0.3847,-1,-1,-1
441,125,-16.98,941.16,116.78,139.57,0.5770,-1,-1,-1
441,119,578.78,549.00,52.92,132.94,0.5486,-1,-1,-1
441,114,1129.13,656.42,95.49,240.79,0.7630,-1,-1,-1
441,115,645.65,540.21,55.63,137.79,0.3379,-1,-1,-1
441,127,77.28,870.63,106.83,200.77,0.4315,-1,-1,-1
441,113,758.32,567.31,37.99,127.21,0.3928,-1,-1,-1
442,124,1206.45,636.50,71.92,194.76,0.5192,-1,-1,-1
442,123,1284.87,600.52,69.77,216.07,0.6018,-1,-1,-1
442,118,769.03,568.39,49.53,139.05,0.4436,-1,-1,-1
442,119,554.97,549.93,51.21,130.98,0.5147,-1,-1,-1
442,114,1103.26,666.71,99.34,233.46,0.7682,-1,-1,-1
442,115,621.10,537.52,58.68,142.78,0.3751,-1,-1,-1
442,127,11.62,880.08,117.03,199.51,0.6595,-1,-1,-1
442,113,736.73,569.57,35.96,130.06,0.4355,-1,-1,-1
443,124,1185.39,636.86,72.21,197.39,0.6803,-1,-1,-1
443,123,1256.80,602.12,71.62,219.88,0.5905,-1,-1,-1
443,118,746.89,569.84,47.97,138.03,0.3591,-1,-1,-1
443,119,531.20,563.51,46.98,119.13,0.5186,-1,-1,-1
443,114,1079.07,673.21,105.69,228.49,0.7825,-1,-1,-1
443,115,595.41,528.94,62.71,149.67,0.3990,-1,-1,-1
443,113,713.31,570.92,36.13,132.47,0.4566,-1,-1,-1
444,124,1163.01,638.22,73.06,197.20,0.7124,-1,-1,-1
444,123,1230.04,603.70,73.82,217.51,0.6595,-1,-1,-1
444,118,722.16,568.39,48.74,140.52,0.3354,-1,-1,-1
444,119,505.08,566.30,45.69,117.18,0.5784,-1,-1,-1
444,114,1052.26,676.34,106.70,230.57,0.7158,-1,-1,-1
444,113,690.15,572.64,35.91,131.84,0.3760,-1,-1,-1
445,124,1139.85,637.43,75.39,202.45,0.6517,-1,-1,-1
445,123,1203.72,602.33,70.03,222.11,0.6144,-1,-1,-1
445,118,699.55,569.30,47.30,139.92,0.3693,-1,-1,-1
445,119,480.70,570.01,44.68,118.40,0.5718,-1,-1,-1
445,114,1027.33,677.60,102.00,233.62,0.7714,-1,-1,-1
445,113,665.55,573.40,36.64,135.46,0.4711,-1,-1,-1
445,115,550.00,516.79,61.34,159.85,0.3545,-1,-1,-1
446,124,1116.53,639.72,75.04,200.85,0.6798,-1,-1,-1
446,123,1178.43,602.85,73.05,221.81,0.6724,-1,-1,-1
446,118,674.37,567.95,47.73,143.03,0.4169,-1,-1,-1
446,119,454.20,570.82,46.34,118.52,0.5701,-1,-1,-1
446,114,999.54,676.62,99.25,239.76,0.7730,-1,-1,-1
446,113,640.51,573.49,37.65,136.04,0.3513,-1,-1,-1
446,115,524.41,515.02,60.84,161.44,0.4142,-1,-1,-1
447,124,1090.26,642.91,76.15,202.43,0.6834,-1,-1,-1
447,123,1152.97,601.26,72.66,223.39,0.6953,-1,-1,-1
447,119,427.57,572.77,46.94,117.62,0.5538,-1,-1,-1
447,114,974.20,673.21,95.26,248.95,0.6439,-1,-1,-1
447,113,616.52,573.16,40.10,137.65,0.3543,-1,-1,-1
447,115,498.99,515.06,61.37,160.52,0.3601,-1,-1,-1
448,124,1066.95,640.42,74.50,203.92,0.6315,-1,-1,-1
448,123,1125.12,602.82,68.64,220.85,0.6608,-1,-1,-1
448,119,399.84,574.25,48.24,116.07,0.4296,-1,-1,-1
448,114,943.42,671.12,94.61,253.40,0.6800,-1,-1,-1
448,115,477.47,515.90,57.83,160.86,0.3581,-1,-1,-1
448,132,1000.16,615.63,64.30,166.03,0.3890,-1,-1,-1
449,124,1041.08,639.06,78.36,207.70,0.6349,-1,-1,-1
449,123,1097.75,604.50,64.62,219.91,0.5668,-1,-1,-1
449,119,370.70,570.54,52.75,119.63,0.6232,-1,-1,-1
449,114,913.07,670.16,104.81,264.49,0.6896,-1,-1,-1
449,115,449.98,507.33,64.23,170.10,0.3373,-1,-1,-1
450,124,1019.28,641.17,72.81,203.23,0.5216,-1,-1,-1
450,123,1070.40,605.35,61.13,219.90,0.4625,-1,-1,-1
450,119,340.93,568.42,54.08,121.10,0.5484,-1,-1,-1
450,114,882.44,674.03,99.26,259.78,0.6483,-1,-1,-1
450,134,1833.61,775.81,79.45,303.14,0.7835,-1,-1,-1
450,132,942.62,614.40,71.00,209.32,0.4250,-1,-1,-1
451,124,990.25,636.53,83.05,212.95,0.5234,-1,-1,-1
451,123,1039.50,606.30,60.98,227.62,0.3174,-1,-1,-1
451,119,313.53,566.63,52.73,122.62,0.3530,-1,-1,-1
451,114,850.98,680.48,93.42,266.84,0.7650,-1,-1,-1
451,134,1804.17,774.39,104.72,304.32,0.8401,-1,-1,-1
451,132,916.06,616.32,70.71,218.74,0.4352,-1,-1,-1
452,124,964.31,620.73,86.78,232.37,0.4451,-1,-1,-1
452,119,284.77,567.42,48.43,123.17,0.4945,-1,-1,-1
452,114,818.59,685.79,100.44,270.24,0.8028,-1,-1,-1
452,134,1772.04,774.21,134.92,303.46,0.8553,-1,-1,-1
452,132,893.36,619.53,66.13,220.55,0.3655,-1,-1,-1
452,113,486.71,567.79,40.08,147.54,0.3986,-1,-1,-1
453,124,939.19,618.21,89.41,236.79,0.5614,-1,-1,-1
453,119,252.70,569.62,50.61,123.80,0.3510,-1,-1,-1
453,114,786.42,691.59,104.07,269.03,0.7357,-1,-1,-1
453,134,1739.72,773.44,167.29,304.59,0.8488,-1,-1,-1
453,113,458.89,567.41,40.82,152.43,0.3806,-1,-1,-1
454,124,914.44,614.35,84.13,244.91,0.6743,-1,-1,-1
454,119,224.23,570.94,50.89,124.06,0.3433,-1,-1,-1
454,114,751.50,695.34,104.06,271.65,0.7773,-1,-1,-1
454,134,1710.32,772.72,184.37,307.79,0.8562,-1,-1,-1
454,113,429.80,569.35,42.47,155.49,0.4400,-1,-1,-1
454,132,840.92,619.87,64.44,219.33,0.4261,-1,-1,-1
455,124,887.11,616.80,82.07,248.19,0.7287,-1,-1,-1
455,114,716.13,699.54,101.38,274.39,0.7854,-1,-1,-1
455,134,1680.22,773.37,192.70,308.36,0.8523,-1,-1,-1
455,113,400.67,571.42,43.69,158.42,0.4812,-1,-1,-1
455,132,813.42,629.73,62.24,218.69,0.6826,-1,-1,-1
456,124,860.00,614.34,78.99,251.36,0.6912,-1,-1,-1
456,114,679.89,697.41,94.26,288.85,0.7836,-1,-1,-1
456,134,1646.75,768.94,197.81,311.85,0.8585,-1,-1,-1
456,113,372.09,571.86,42.49,161.43,0.3424,-1,-1,-1
456,132,782.97,631.28,65.24,222.87,0.5982,-1,-1,-1
456,136,474.04,561.15,46.26,146.40,0.4926,-1,-1,-1
457,124,826.65,619.91,85.10,251.62,0.5786,-1,-1,-1
457,114,643.85,696.99,90.70,303.57,0.7722,-1,-1,-1
457,134,1612.39,763.18,198.95,316.82,0.8524,-1,-1,-1
457,113,342.59,570.31,42.35,158.93,0.3937,-1,-1,-1
457,132,755.03,632.22,70.61,225.97,0.6255,-1,-1,-1
457,136,442.64,562.32,51.61,145.71,0.4456,-1,-1,-1
458,124,795.50,621.59,88.32,256.16,0.7007,-1,-1,-1
458,114,607.07,700.51,99.03,314.11,0.7407,-1,-1,-1
458,134,1577.92,761.00,200.39,318.57,0.8505,-1,-1,-1
458,113,311.67,572.38,44.35,163.23,0.4708,-1,-1,-1
458,132,721.97,637.70,70.85,225.02,0.6316,-1,-1,-1
458,136,410.48,560.93,57.11,148.17,0.4301,-1,-1,-1
458,119,87.46,551.80,62.93,149.87,0.5286,-1,-1,-1
459,124,766.30,658.43,88.26,223.95,0.4768,-1,-1,-1
459,114,566.05,704.36,102.18,322.75,0.7353,-1,-1,-1
459,134,1543.43,756.69,200.78,323.91,0.8502,-1,-1,-1
459,113,279.25,575.23,46.99,164.63,0.4416,-1,-1,-1
459,132,691.08,646.58,70.80,217.50,0.5329,-1,-1,-1
459,119,53.58,555.03,60.39,150.63,0.4968,-1,-1,-1
460,124,729.71,668.47,94.76,219.13,0.6046,-1,-1,-1
460,114,521.49,707.20,104.39,333.59,0.7355,-1,-1,-1
460,134,1507.96,757.66,199.60,323.54,0.8536,-1,-1,-1
460,113,247.41,577.92,47.19,162.72,0.3299,-1,-1,-1
460,132,658.69,650.29,71.67,220.89,0.6612,-1,-1,-1
460,136,355.62,566.88,58.86,149.89,0.4218,-1,-1,-1
461,124,702.46,650.67,88.74,242.33,0.6979,-1,-1,-1
461,114,474.71,720.93,107.99,332.53,0.7103,-1,-1,-1
461,134,1473.29,759.69,196.16,321.10,0.8649,-1,-1,-1
461,113,217.57,580.46,46.17,161.85,0.3329,-1,-1,-1
461,132,624.04,653.53,72.89,225.59,0.6034,-1,-1,-1
461,136,327.75,565.18,51.50,154.37,0.3654,-1,-1,-1
461,119,-3.08,555.16,40.40,155.49,0.3966,-1,-1,-1
462,124,669.89,639.96,91.19,257.99,0.5890,-1,-1,-1
462,114,427.51,731.15,118.05,328.99,0.7560,-1,-1,-1
462,134,1439.39,769.88,193.95,310.66,0.8505,-1,-1,-1
462,113,183.51,580.39,48.76,167.55,0.4218,-1,-1,-1
462,132,591.33,654.02,73.55,229.49,0.5048,-1,-1,-1
462,136,298.28,567.04,52.61,153.44,0.3399,-1,-1,-1
462,139,133.28,582.35,64.20,165.05,0.3652,-1,-1,-1
463,124,634.37,646.09,102.12,259.44,0.7212,-1,-1,-1
463,114,382.40,739.38,124.72,330.06,0.7758,-1,-1,-1
463,134,1404.60,784.62,191.11,296.25,0.8486,-1,-1,-1
463,113,144.29,586.53,57.13,164.67,0.3593,-1,-1,-1
463,132,555.29,655.12,76.60,233.74,0.5829,-1,-1,-1
463,139,95.23,613.95,60.74,135.20,0.3795,-1,-1,-1
464,124,598.86,645.43,107.16,265.49,0.6788,-1,-1,-1
464,114,333.98,748.60,136.58,329.51,0.6680,-1,-1,-1
464,134,1370.00,799.31,190.22,281.91,0.8722,-1,-1,-1
464,113,106.59,588.91,59.82,167.63,0.3384,-1,-1,-1
464,132,519.34,659.18,84.67,235.57,0.5353,-1,-1,-1
465,124,559.62,647.36,112.54,268.48,0.7090,-1,-1,-1
465,114,282.90,750.98,152.55,331.76,0.7200,-1,-1,-1
465,134,1334.33,814.38,189.66,266.18,0.8568,-1,-1,-1
465,132,484.06,658.48,87.09,239.53,0.6626,-1,-1,-1
465,118,122.21,575.71,58.84,167.68,0.3645,-1,-1,-1
466,124,526.60,673.01,109.49,252.12,0.6716,-1,-1,-1
466,114,227.51,757.87,166.86,326.42,0.8048,-1,-1,-1
466,134,1299.33,827.22,188.64,253.58,0.8279,-1,-1,-1
466,132,445.47,654.51,93.81,249.37,0.6196,-1,-1,-1
467,124,488.79,681.50,113.06,251.48,0.6665,-1,-1,-1
467,114,172.97,763.48,174.94,320.86,0.8410,-1,-1,-1
467,134,1266.29,838.49,185.46,241.69,0.7981,-1,-1,-1
467,132,405.52,662.10,101.91,249.55,0.5689,-1,-1,-1
467,136,132.59,561.81,74.39,177.23,0.3775,-1,-1,-1
468,124,453.04,694.45,109.19,244.24,0.6066,-1,-1,-1
468,114,115.82,765.90,182.94,317.12,0.8536,-1,-1,-1
468,134,1233.51,848.62,182.78,231.27,0.8419,-1,-1,-1
468,132,369.83,664.86,91.23,252.28,0.3703,-1,-1,-1
468,136,105.76,573.75,67.26,171.62,0.3263,-1,-1,-1
469,124,413.09,697.26,112.32,245.92,0.5592,-1,-1,-1
469,114,56.26,772.60,189.52,308.91,0.8414,-1,-1,-1
469,134,1202.27,855.79,176.44,223.85,0.8573,-1,-1,-1
469,132,331.78,667.45,79.20,243.62,0.5330,-1,-1,-1
470,124,373.64,699.37,112.89,250.41,0.6652,-1,-1,-1
470,114,2.69,775.40,186.89,306.23,0.8448,-1,-1,-1
470,134,1168.44,856.32,174.38,222.93,0.8428,-1,-1,-1
470,132,290.06,662.53,98.45,262.56,0.5168,-1,-1,-1
471,124,337.77,699.55,110.91,254.64,0.6806,-1,-1,-1
471,114,-16.56,782.40,151.10,296.55,0.7705,-1,-1,-1
471,134,1131.32,854.39,174.40,224.24,0.8499,-1,-1,-1
471,132,250.39,660.60,98.22,274.01,0.5281,-1,-1,-1
472,124,298.57,698.64,109.83,257.11,0.6604,-1,-1,-1
472,134,1092.72,852.45,175.36,226.30,0.8267,-1,-1,-1
472,132,212.36,654.37,107.34,281.97,0.5760,-1,-1,-1
473,124,258.65,699.62,106.93,261.80,0.6885,-1,-1,-1
473,134,1052.62,852.52,178.64,227.58,0.8491,-1,-1,-1
473,132,166.35,658.61,111.26,287.97,0.5628,-1,-1,-1
474,124,218.60,703.37,101.62,261.80,0.6903,-1,-1,-1
474,134,1011.89,851.90,182.79,228.40,0.8508,-1,-1,-1
474,132,122.47,657.44,113.89,293.13,0.6520,-1,-1,-1
475,124,175.04,702.71,100.69,269.46,0.7059,-1,-1,-1
475,134,970.26,851.80,181.01,228.22,0.8338,-1,-1,-1
475,132,74.66,663.11,104.68,292.16,0.5921,-1,-1,-1
476,124,126.43,705.32,107.89,273.16,0.7533,-1,-1,-1
476,134,928.55,858.51,175.14,222.47,0.7548,-1,-1,-1
476,132,25.71,678.96,104.24,279.84,0.6379,-1,-1,-1
477,124,79.25,704.90,111.56,280.35,0.7144,-1,-1,-1
477,134,886.17,863.29,187.80,217.07,0.6598,-1,-1,-1
477,132,-6.81,704.75,87.33,251.67,0.3805,-1,-1,-1
478,124,26.72,713.79,98.42,255.94,0.3684,-1,-1,-1
478,134,842.51,869.32,193.67,211.33,0.7546,-1,-1,-1
479,134,798.14,880.82,193.70,199.84,0.6746,-1,-1,-1
480,134,750.07,890.70,192.96,190.38,0.6640,-1,-1,-1
481,134,703.13,885.71,189.47,195.94,0.7855,-1,-1,-1
482,134,681.60,881.25,164.01,199.39,0.7741,-1,-1,-1
483,134,621.74,878.93,171.35,200.51,0.8149,-1,-1,-1
483,142,1791.41,657.60,96.81,235.71,0.7170,-1,-1,-1
483,143,1722.13,649.14,81.64,139.85,0.4869,-1,-1,-1
484,134,566.03,877.44,175.03,201.61,0.8335,-1,-1,-1
484,142,1751.88,656.62,96.24,239.49,0.6562,-1,-1,-1
484,143,1682.22,646.88,81.22,251.97,0.4630,-1,-1,-1
485,134,512.78,878.26,173.97,200.95,0.8322,-1,-1,-1
485,142,1710.76,659.09,91.24,236.99,0.6314,-1,-1,-1
485,143,1646.45,647.17,74.55,220.00,0.5513,-1,-1,-1
486,134,461.85,878.98,173.03,198.25,0.8497,-1,-1,-1
486,142,1671.38,657.92,83.79,212.22,0.6011,-1,-1,-1
486,143,1599.86,644.65,82.72,210.17,0.4136,-1,-1,-1
487,134,407.28,886.90,172.85,190.40,0.8557,-1,-1,-1
487,142,1629.37,659.28,82.28,204.00,0.3948,-1,-1,-1
487,143,1554.99,645.59,82.85,279.49,0.3261,-1,-1,-1
488,134,353.50,898.08,172.56,179.85,0.8582,-1,-1,-1
488,142,1588.75,660.43,79.24,164.18,0.3911,-1,-1,-1
488,143,1512.38,647.10,87.06,270.59,0.3613,-1,-1,-1
489,134,302.94,913.51,167.91,165.10,0.8445,-1,-1,-1
489,142,1548.69,660.83,72.66,144.37,0.3816,-1,-1,-1
489,143,1457.55,649.75,98.59,263.51,0.6564,-1,-1,-1
490,134,253.86,927.02,159.13,151.94,0.8214,-1,-1,-1
490,142,1505.74,666.55,73.01,137.55,0.4470,-1,-1,-1
490,143,1408.50,657.96,104.71,255.48,0.6961,-1,-1,-1
491,134,204.16,943.15,153.05,136.96,0.8063,-1,-1,-1
491,142,1455.63,671.79,81.35,135.70,0.3424,-1,-1,-1
491,143,1363.76,663.32,103.16,252.34,0.7025,-1,-1,-1
492,134,154.65,951.19,149.42,128.48,0.8022,-1,-1,-1
492,142,1411.26,677.06,85.94,136.91,0.3353,-1,-1,-1
492,143,1325.49,667.55,98.95,251.23,0.6259,-1,-1,-1
493,134,99.29,960.58,149.96,120.57,0.8062,-1,-1,-1
493,142,1369.77,679.14,82.97,134.42,0.3803,-1,-1,-1
493,143,1286.65,669.04,93.40,256.28,0.6423,-1,-1,-1
494,134,42.36,965.80,147.75,114.18,0.7975,-1,-1,-1
494,142,1326.52,682.69,81.10,137.61,0.4807,-1,-1,-1
494,143,1250.05,672.22,83.53,262.18,0.6540,-1,-1,-1
495,134,-4.32,968.17,134.59,111.96,0.8047,-1,-1,-1
495,142,1283.31,687.88,78.66,139.98,0.4730,-1,-1,-1
495,143,1213.38,677.24,70.74,263.97,0.5880,-1,-1,-1
496,134,-18.42,968.76,80.15,111.24,0.5919,-1,-1,-1
496,143,1172.17,682.01,68.10,270.62,0.6292,-1,-1,-1
497,143,1128.88,681.03,64.94,271.80,0.5991,-1,-1,-1
498,143,1080.94,680.47,69.76,275.08,0.6583,-1,-1,-1
498,142,1134.00,690.17,91.64,236.91,0.4747,-1,-1,-1
499,143,1032.25,680.68,72.66,275.21,0.6608,-1,-1,-1
499,142,1095.73,687.30,89.67,256.86,0.5535,-1,-1,-1
500,143,981.81,678.80,79.19,275.81,0.7314,-1,-1,-1
500,142,1051.89,685.73,86.56,263.12,0.6235,-1,-1,-1
501,143,934.27,679.92,87.45,276.72,0.7282,-1,-1,-1
501,142,1008.95,685.77,85.79,273.63,0.6590,-1,-1,-1
502,143,883.28,680.18,92.44,275.40,0.6859,-1,-1,-1
502,142,962.15,684.24,83.07,279.63,0.5906,-1,-1,-1
503,143,833.55,682.49,97.02,272.58,0.6909,-1,-1,-1
503,142,914.19,683.49,81.32,279.35,0.5857,-1,-1,-1
504,143,786.09,682.25,99.30,275.50,0.7613,-1,-1,-1
504,142,871.63,684.81,80.65,283.48,0.5891,-1,-1,-1
504,145,1831.75,652.10,77.03,165.77,0.7213,-1,-1,-1
505,143,735.93,682.94,100.96,286.86,0.7849,-1,-1,-1
505,142,825.30,689.13,82.00,298.80,0.5896,-1,-1,-1
505,145,1798.65,647.22,80.12,174.44,0.6050,-1,-1,-1
506,143,688.14,686.95,95.63,292.79,0.7063,-1,-1,-1
506,142,774.07,693.74,87.70,302.86,0.5742,-1,-1,-1
506,145,1764.22,654.05,77.70,169.10,0.6666,-1,-1,-1
506,146,1844.71,660.15,57.44,177.37,0.6141,-1,-1,-1
507,143,638.39,692.29,92.09,293.98,0.7606,-1,-1,-1
507,142,700.35,699.05,109.90,314.34,0.7068,-1,-1,-1
507,145,1736.97,654.99,71.14,166.53,0.6425,-1,-1,-1
507,146,1813.07,654.00,74.00,181.64,0.7320,-1,-1,-1
508,143,591.27,699.10,86.37,296.76,0.7602,-1,-1,-1
508,142,642.60,708.88,117.99,325.97,0.7299,-1,-1,-1
508,145,1702.15,658.14,74.51,167.55,0.5621,-1,-1,-1
508,146,1780.63,661.45,78.07,179.84,0.6041,-1,-1,-1
509,143,541.66,707.43,82.46,303.88,0.6886,-1,-1,-1
509,142,591.63,716.21,116.45,326.82,0.7480,-1,-1,-1
509,145,1668.37,664.12,76.36,169.05,0.6941,-1,-1,-1
509,146,1746.17,660.84,78.61,180.87,0.7211,-1,-1,-1
510,143,488.41,713.10,85.32,306.28,0.6367,-1,-1,-1
510,142,544.94,723.98,110.99,332.44,0.6782,-1,-1,-1
510,145,1636.88,670.42,72.05,168.10,0.6838,-1,-1,-1
510,146,1710.81,666.95,77.74,181.47,0.6902,-1,-1,-1
511,143,433.79,720.59,87.50,301.01,0.6165,-1,-1,-1
511,142,494.02,733.31,109.31,333.01,0.7495,-1,-1,-1
511,145,1599.75,673.20,72.00,169.37,0.7165,-1,-1,-1
511,146,1676.82,668.61,73.39,182.69,0.7264,-1,-1,-1
512,143,380.40,727.10,87.47,311.07,0.5389,-1,-1,-1
512,142,425.46,742.35,127.65,326.75,0.7187,-1,-1,-1
512,145,1561.02,672.96,76.98,176.49,0.7047,-1,-1,-1
512,146,1641.08,672.81,75.54,184.41,0.6744,-1,-1,-1
513,143,293.96,732.82,117.90,315.56,0.6430,-1,-1,-1
513,142,372.99,747.87,127.62,332.61,0.7005,-1,-1,-1
513,145,1525.03,672.27,80.71,178.82,0.7514,-1,-1,-1
513,146,1607.57,672.82,71.23,188.52,0.6596,-1,-1,-1
513,148,1619.79,567.85,35.38,106.50,0.3501,-1,-1,-1
514,143,218.92,739.49,136.68,322.52,0.5430,-1,-1,-1
514,142,312.57,753.43,131.68,330.39,0.7654,-1,-1,-1
514,145,1492.49,675.78,77.05,179.36,0.6380,-1,-1,-1
514,146,1569.81,673.34,77.33,195.23,0.6805,-1,-1,-1
514,148,1590.59,569.74,35.88,112.03,0.5217,-1,-1,-1
515,143,156.93,747.00,148.83,326.56,0.3857,-1,-1,-1
515,142,261.75,758.04,128.49,324.95,0.6420,-1,-1,-1
515,145,1462.17,674.76,74.36,179.96,0.7028,-1,-1,-1
515,146,1536.85,673.51,73.00,198.30,0.6554,-1,-1,-1
515,148,1561.95,570.48,38.86,112.25,0.6315,-1,-1,-1
516,143,97.80,752.11,139.28,328.56,0.3563,-1,-1,-1
516,142,203.79,762.70,122.72,318.92,0.6316,-1,-1,-1
516,145,1430.27,674.14,72.50,180.07,0.7503,-1,-1,-1
516,146,1504.62,677.00,72.75,199.26,0.6131,-1,-1,-1
516,148,1535.29,570.96,39.36,113.22,0.6467,-1,-1,-1
517,143,70.34,755.23,102.94,282.07,0.3544,-1,-1,-1
517,142,124.61,766.85,146.96,313.32,0.7482,-1,-1,-1
517,145,1396.44,672.86,74.82,183.73,0.6918,-1,-1,-1
517,146,1472.53,674.02,74.01,200.89,0.6680,-1,-1,-1
517,148,1508.03,571.49,39.12,109.57,0.6152,-1,-1,-1
517,149,1849.73,738.06,63.92,268.51,0.6684,-1,-1,-1
518,143,8.30,758.76,101.01,302.53,0.4854,-1,-1,-1
518,142,65.08,774.52,143.07,307.12,0.6758,-1,-1,-1
518,145,1359.97,675.06,80.74,184.71,0.5467,-1,-1,-1
518,146,1442.55,679.66,60.34,194.85,0.6109,-1,-1,-1
518,148,1479.95,571.93,40.34,107.27,0.5770,-1,-1,-1
518,149,1822.58,734.67,83.01,272.59,0.6593,-1,-1,-1
519,142,1.88,782.55,148.30,299.74,0.8029,-1,-1,-1
519,145,1322.95,675.23,85.17,186.66,0.6924,-1,-1,-1
519,146,1411.15,677.83,60.43,195.33,0.6635,-1,-1,-1
519,148,1452.10,569.13,43.21,107.00,0.5473,-1,-1,-1
519,149,1785.15,733.05,100.74,272.42,0.7417,-1,-1,-1
520,142,-21.44,789.41,108.39,292.07,0.3791,-1,-1,-1
520,145,1288.23,675.43,87.02,188.54,0.7500,-1,-1,-1
520,146,1376.24,677.21,71.67,196.91,0.7171,-1,-1,-1
520,148,1426.65,570.00,43.02,103.44,0.5412,-1,-1,-1
520,149,1752.27,733.24,105.54,274.31,0.5995,-1,-1,-1
521,145,1253.94,679.81,88.28,185.45,0.7217,-1,-1,-1
521,146,1346.94,678.37,70.42,201.98,0.7112,-1,-1,-1
521,148,1400.88,570.43,43.50,101.94,0.5579,-1,-1,-1
521,149,1714.57,732.32,111.07,276.20,0.5822,-1,-1,-1
522,145,1224.21,679.98,83.98,185.68,0.7215,-1,-1,-1
522,146,1315.12,677.54,68.32,202.93,0.6762,-1,-1,-1
522,148,1375.01,569.63,46.52,101.29,0.5403,-1,-1,-1
522,149,1669.45,731.95,121.40,277.79,0.3797,-1,-1,-1
523,145,1193.83,683.23,79.39,182.32,0.7331,-1,-1,-1
523,146,1281.33,678.51,72.64,205.50,0.7021,-1,-1,-1
523,148,1350.03,569.16,50.28,101.44,0.5400,-1,-1,-1
523,149,1640.59,729.93,119.98,271.58,0.6685,-1,-1,-1
524,145,1164.93,685.74,76.45,184.35,0.7118,-1,-1,-1
524,146,1250.27,680.57,73.21,206.46,0.7239,-1,-1,-1
524,148,1323.97,570.05,53.12,100.54,0.5656,-1,-1,-1
524,149,1610.19,726.90,117.09,274.76,0.6905,-1,-1,-1
525,145,1133.40,682.49,72.51,191.89,0.6775,-1,-1,-1
525,146,1215.87,678.59,73.90,212.39,0.6373,-1,-1,-1
525,148,1299.23,570.05,53.91,101.18,0.5810,-1,-1,-1
525,149,1578.30,727.61,117.89,274.95,0.7927,-1,-1,-1
526,145,1101.03,684.46,71.23,194.43,0.7436,-1,-1,-1
526,146,1179.31,678.01,79.48,217.97,0.7257,-1,-1,-1
526,148,1275.52,572.11,50.95,99.42,0.5844,-1,-1,-1
526,149,1545.01,724.24,118.14,276.18,0.7742,-1,-1,-1
527,145,1071.55,684.29,69.51,195.47,0.6846,-1,-1,-1
527,146,1144.69,680.77,80.79,219.51,0.6787,-1,-1,-1
527,148,1253.06,572.93,48.38,99.05,0.5493,-1,-1,-1
527,149,1513.74,723.08,115.77,274.16,0.5372,-1,-1,-1
528,145,1038.04,685.79,70.35,200.67,0.6997,-1,-1,-1
528,146,1110.02,684.17,84.35,222.67,0.7574,-1,-1,-1
528,148,1229.41,573.16,49.39,99.70,0.6030,-1,-1,-1
528,149,1479.04,725.41,117.68,270.70,0.7009,-1,-1,-1
529,145,1004.42,687.39,72.76,206.86,0.7331,-1,-1,-1
529,146,1068.35,687.50,94.50,226.78,0.7584,-1,-1,-1
529,148,1206.61,572.78,48.76,100.54,0.5896,-1,-1,-1
529,149,1442.59,726.28,122.69,274.86,0.6292,-1,-1,-1
530,145,969.87,694.50,74.60,209.19,0.6681,-1,-1,-1
530,146,1031.88,690.45,99.10,229.88,0.6775,-1,-1,-1
530,148,1183.52,572.85,46.92,100.59,0.6145,-1,-1,-1
530,149,1409.84,728.29,126.48,283.70,0.7403,-1,-1,-1
531,145,936.93,698.74,75.85,207.22,0.6237,-1,-1,-1
531,146,996.81,695.73,104.82,231.24,0.7042,-1,-1,-1
531,148,1161.91,571.29,45.63,102.20,0.6201,-1,-1,-1
531,149,1379.38,727.02,130.41,290.19,0.8185,-1,-1,-1
532,145,899.31,702.35,82.47,211.42,0.6622,-1,-1,-1
532,146,962.48,701.49,106.98,237.23,0.6895,-1,-1,-1
532,148,1141.65,571.27,44.78,104.77,0.6682,-1,-1,-1
532,149,1351.34,731.97,135.04,291.15,0.7072,-1,-1,-1
533,145,862.45,706.69,85.24,210.03,0.6865,-1,-1,-1
533,146,935.40,702.55,102.98,241.66,0.7112,-1,-1,-1
533,148,1118.93,569.97,45.89,106.86,0.6541,-1,-1,-1
533,149,1325.72,734.49,122.44,292.97,0.7369,-1,-1,-1
534,145,832.65,706.16,84.41,212.44,0.6525,-1,-1,-1
534,146,910.20,705.82,97.72,236.94,0.7622,-1,-1,-1
534,148,1097.75,570.66,44.89,108.62,0.6534,-1,-1,-1
534,149,1299.12,737.12,116.09,294.09,0.7131,-1,-1,-1
535,145,801.99,706.13,83.44,220.86,0.6751,-1,-1,-1
535,146,880.89,707.73,93.05,242.81,0.7502,-1,-1,-1
535,148,1076.12,569.98,43.21,110.19,0.6551,-1,-1,-1
535,149,1273.91,738.88,112.95,294.90,0.7396,-1,-1,-1
536,145,770.80,706.58,78.88,226.70,0.6747,-1,-1,-1
536,146,846.86,707.73,94.19,249.61,0.8327,-1,-1,-1
536,148,1057.19,573.55,43.16,108.73,0.5825,-1,-1,-1
536,149,1249.52,738.60,110.21,294.39,0.7715,-1,-1,-1
537,145,738.98,705.14,69.31,235.13,0.6369,-1,-1,-1
537,146,818.06,709.72,89.01,252.11,0.7013,-1,-1,-1
537,148,1036.29,574.81,43.84,107.37,0.6602,-1,-1,-1
537,149,1223.72,734.22,106.93,297.09,0.6899,-1,-1,-1
538,145,703.49,708.89,66.35,234.65,0.5697,-1,-1,-1
538,146,779.86,711.06,88.93,259.22,0.6952,-1,-1,-1
538,148,1016.53,578.79,43.85,108.99,0.6525,-1,-1,-1
538,149,1196.59,737.22,104.57,295.77,0.7852,-1,-1,-1
539,145,666.98,713.12,70.84,233.07,0.7134,-1,-1,-1
539,146,744.80,713.77,91.12,267.14,0.7926,-1,-1,-1
539,148,995.74,577.81,43.45,110.21,0.6729,-1,-1,-1
539,149,1170.73,735.54,106.08,297.16,0.7507,-1,-1,-1
540,145,623.67,717.27,85.14,238.96,0.6407,-1,-1,-1
540,146,714.81,717.43,83.07,269.14,0.6594,-1,-1,-1
540,148,977.12,578.83,43.71,111.77,0.6849,-1,-1,-1
540,149,1141.92,737.86,105.57,302.11,0.7527,-1,-1,-1
541,145,577.38,722.65,99.83,246.71,0.7052,-1,-1,-1
541,146,673.60,723.71,95.79,274.55,0.6790,-1,-1,-1
541,148,956.70,580.17,43.77,112.73,0.6275,-1,-1,-1
541,149,1113.49,740.68,104.16,302.62,0.7251,-1,-1,-1
542,145,529.00,725.19,114.27,250.04,0.6912,-1,-1,-1
542,146,634.01,729.82,101.39,275.20,0.7086,-1,-1,-1
542,148,936.83,583.17,46.28,112.21,0.7009,-1,-1,-1
542,149,1073.77,749.02,114.79,310.48,0.6380,-1,-1,-1
543,145,489.70,731.27,125.56,255.10,0.7032,-1,-1,-1
543,146,598.87,735.64,102.64,280.49,0.7804,-1,-1,-1
543,148,917.27,584.50,47.75,111.26,0.6851,-1,-1,-1
543,149,1049.53,751.91,113.26,307.92,0.7283,-1,-1,-1
544,145,450.82,744.45,133.36,259.39,0.7274,-1,-1,-1
544,146,560.48,746.36,106.70,294.95,0.7091,-1,-1,-1
544,148,896.15,586.27,47.77,111.83,0.7090,-1,-1,-1
544,149,1024.23,758.44,112.28,309.19,0.7081,-1,-1,-1
545,145,420.07,745.94,135.29,252.20,0.7176,-1,-1,-1
545,146,527.75,746.64,107.48,295.83,0.7578,-1,-1,-1
545,148,877.95,583.82,49.58,112.12,0.7021,-1,-1,-1
545,149,993.61,755.90,114.81,314.14,0.7430,-1,-1,-1
546,145,385.83,745.43,128.40,258.58,0.7419,-1,-1,-1
546,146,488.75,748.74,111.17,302.88,0.7639,-1,-1,-1
546,148,857.62,583.64,48.81,112.17,0.7116,-1,-1,-1
546,149,969.39,756.47,113.67,311.91,0.6960,-1,-1,-1
547,145,357.47,747.58,112.54,263.03,0.7223,-1,-1,-1
547,146,456.91,752.89,105.56,300.58,0.8201,-1,-1,-1
547,148,838.65,584.15,50.44,112.29,0.7228,-1,-1,-1
547,149,937.96,755.30,120.74,313.29,0.7429,-1,-1,-1
548,145,319.15,750.95,105.50,271.74,0.7353,-1,-1,-1
548,146,417.75,753.68,101.63,305.70,0.7997,-1,-1,-1
548,148,819.00,584.71,51.87,112.34,0.7541,-1,-1,-1
548,149,913.07,760.04,118.15,306.84,0.7660,-1,-1,-1
549,145,282.82,758.79,104.54,271.67,0.7634,-1,-1,-1
549,146,377.94,758.27,107.74,310.87,0.7927,-1,-1,-1
549,148,798.71,582.79,53.76,113.35,0.7152,-1,-1,-1
549,149,885.55,754.93,121.77,310.13,0.7788,-1,-1,-1
550,145,243.67,759.45,100.92,281.31,0.7293,-1,-1,-1
550,146,336.72,759.96,114.82,313.90,0.7553,-1,-1,-1
550,148,779.82,583.02,53.54,115.29,0.7180,-1,-1,-1
550,149,860.57,757.11,119.17,310.03,0.7359,-1,-1,-1
551,145,200.47,762.57,100.18,294.40,0.7373,-1,-1,-1
551,146,293.99,764.77,111.41,310.31,0.7213,-1,-1,-1
551,148,761.77,584.70,52.06,116.00,0.6974,-1,-1,-1
551,149,843.01,769.22,112.19,299.22,0.6297,-1,-1,-1
552,145,157.73,767.51,100.69,304.86,0.6995,-1,-1,-1
552,146,247.17,768.24,113.97,311.60,0.7925,-1,-1,-1
552,148,743.06,584.60,54.54,115.26,0.7550,-1,-1,-1
552,149,807.78,731.91,122.63,342.84,0.7284,-1,-1,-1
553,145,111.10,773.42,101.95,307.44,0.6905,-1,-1,-1
553,146,198.07,775.76,117.90,306.43,0.7402,-1,-1,-1
553,148,724.59,583.14,55.81,117.42,0.7020,-1,-1,-1
553,149,789.04,739.39,119.15,339.12,0.7112,-1,-1,-1
554,145,66.08,780.84,104.14,301.99,0.7074,-1,-1,-1
554,146,147.53,782.19,124.59,300.72,0.7760,-1,-1,-1
554,148,704.88,582.48,56.67,118.96,0.7027,-1,-1,-1
554,149,765.51,751.73,118.91,328.08,0.7557,-1,-1,-1
555,145,19.78,789.81,107.19,293.33,0.7458,-1,-1,-1
555,146,101.25,794.02,133.35,288.91,0.7606,-1,-1,-1
555,148,688.24,583.96,53.77,118.67,0.7199,-1,-1,-1
555,149,726.35,757.34,134.51,317.84,0.7076,-1,-1,-1
555,154,765.96,546.68,38.49,78.98,0.4226,-1,-1,-1
556,145,-6.69,796.23,84.61,286.60,0.6618,-1,-1,-1
556,146,54.58,802.90,129.69,278.44,0.7983,-1,-1,-1
556,148,669.80,581.09,54.36,120.35,0.7647,-1,-1,-1
556,149,699.76,760.82,132.95,304.43,0.7482,-1,-1,-1
557,146,5.36,814.18,128.40,266.90,0.8289,-1,-1,-1
557,148,651.99,579.45,53.16,121.05,0.7397,-1,-1,-1
557,149,680.49,764.39,126.73,310.42,0.7032,-1,-1,-1
557,154,735.72,546.11,38.07,77.95,0.4042,-1,-1,-1
558,146,-12.02,817.74,86.75,259.04,0.7041,-1,-1,-1
558,148,633.21,576.70,54.90,124.23,0.7541,-1,-1,-1
558,149,653.39,763.87,126.40,310.78,0.7617,-1,-1,-1
559,148,616.16,575.94,53.98,125.82,0.7400,-1,-1,-1
559,149,627.52,764.78,127.62,310.98,0.8016,-1,-1,-1
559,154,701.59,539.99,36.96,82.28,0.3745,-1,-1,-1
560,148,598.25,579.48,53.42,125.89,0.7687,-1,-1,-1
560,149,606.91,761.68,124.59,317.26,0.7896,-1,-1,-1
560,154,687.75,537.61,39.08,83.89,0.3472,-1,-1,-1
561,148,580.20,576.05,57.13,129.97,0.7432,-1,-1,-1
561,149,579.71,758.57,125.56,320.99,0.8302,-1,-1,-1
562,148,562.43,579.60,58.28,129.89,0.7125,-1,-1,-1
562,149,552.65,758.30,127.32,322.12,0.7907,-1,-1,-1
563,148,545.33,582.58,60.35,130.48,0.7620,-1,-1,-1
563,149,529.49,757.19,123.03,323.06,0.8607,-1,-1,-1
564,148,530.83,585.17,60.25,128.42,0.6849,-1,-1,-1
564,149,503.47,758.64,124.45,321.86,0.8215,-1,-1,-1
565,148,513.92,584.24,60.81,131.31,0.7126,-1,-1,-1
565,149,474.81,760.50,129.55,319.52,0.7227,-1,-1,-1
566,148,496.39,585.48,64.21,130.95,0.7681,-1,-1,-1
566,149,440.63,765.17,141.14,315.08,0.7203,-1,-1,-1
567,148,481.43,587.82,63.47,132.27,0.7734,-1,-1,-1
567,149,416.53,775.47,141.81,305.01,0.8360,-1,-1,-1
568,148,463.45,588.25,64.59,134.08,0.7325,-1,-1,-1
568,149,382.59,783.45,150.76,296.06,0.7891,-1,-1,-1
569,148,443.78,588.58,69.83,136.08,0.6931,-1,-1,-1
569,149,356.74,789.10,154.75,290.80,0.7919,-1,-1,-1
570,148,428.87,588.50,69.01,138.52,0.7264,-1,-1,-1
570,149,330.16,790.79,156.59,288.48,0.7938,-1,-1,-1
571,148,413.56,591.13,68.77,138.90,0.7138,-1,-1,-1
571,149,304.48,795.25,157.70,284.92,0.8197,-1,-1,-1
572,148,397.13,594.34,69.50,138.08,0.6665,-1,-1,-1
572,149,282.07,798.04,153.77,279.71,0.5795,-1,-1,-1
572,155,1855.21,588.76,62.89,163.35,0.4283,-1,-1,-1
573,148,381.16,594.39,68.78,141.38,0.7178,-1,-1,-1
573,149,261.69,798.70,149.09,245.23,0.5712,-1,-1,-1
573,155,1860.98,590.32,56.67,161.60,0.4557,-1,-1,-1
574,148,365.89,597.21,70.55,141.46,0.7035,-1,-1,-1
574,149,226.93,800.18,156.34,267.85,0.5440,-1,-1,-1
574,155,1857.79,588.86,52.10,161.12,0.4108,-1,-1,-1
575,148,346.50,598.34,72.95,141.08,0.7106,-1,-1,-1
575,149,203.47,800.72,151.59,242.93,0.6270,-1,-1,-1
576,148,329.63,599.58,73.87,144.14,0.7441,-1,-1,-1
576,149,169.63,806.20,157.93,261.14,0.6867,-1,-1,-1
576,155,1835.69,587.62,63.24,172.65,0.3959,-1,-1,-1
577,148,312.75,599.17,75.52,144.54,0.6863,-1,-1,-1
577,149,144.46,807.97,155.65,231.26,0.5247,-1,-1,-1
577,155,1828.18,583.57,64.35,179.96,0.4354,-1,-1,-1
578,148,295.60,598.04,76.30,148.84,0.7531,-1,-1,-1
578,149,111.19,811.20,161.95,254.87,0.4211,-1,-1,-1
579,148,279.18,598.18,73.78,151.71,0.7546,-1,-1,-1
579,149,83.83,817.37,161.96,225.70,0.5873,-1,-1,-1
579,155,1815.43,586.19,59.88,180.75,0.5370,-1,-1,-1
580,148,263.91,600.34,74.09,151.17,0.6790,-1,-1,-1
580,149,54.19,822.96,162.62,238.30,0.4697,-1,-1,-1
580,155,1809.54,590.40,58.88,178.70,0.6318,-1,-1,-1
581,148,247.24,597.53,74.65,157.00,0.7598,-1,-1,-1
581,149,13.33,828.20,172.89,245.30,0.7612,-1,-1,-1
581,155,1803.71,590.80,59.89,180.66,0.4666,-1,-1,-1
582,148,231.14,598.91,72.92,158.15,0.7674,-1,-1,-1
582,149,-4.87,833.91,163.60,245.10,0.8050,-1,-1,-1
582,155,1796.49,589.69,62.67,183.35,0.5943,-1,-1,-1
583,148,212.67,599.72,77.71,159.98,0.7496,-1,-1,-1
583,149,-10.08,836.85,142.42,237.25,0.6352,-1,-1,-1
583,155,1790.08,600.63,64.27,173.31,0.5116,-1,-1,-1
584,148,196.76,598.95,79.42,165.80,0.7856,-1,-1,-1
584,149,-9.51,837.09,112.34,238.03,0.7330,-1,-1,-1
584,155,1784.30,611.58,64.04,163.14,0.4755,-1,-1,-1
585,148,184.72,600.99,77.07,170.83,0.8117,-1,-1,-1
585,149,-7.66,844.02,80.41,234.63,0.7105,-1,-1,-1
585,155,1779.08,608.72,64.82,164.80,0.3031,-1,-1,-1
586,148,168.81,604.37,79.09,170.58,0.7213,-1,-1,-1
586,155,1775.29,593.32,64.49,178.06,0.3876,-1,-1,-1
587,148,155.25,607.36,81.76,170.84,0.7766,-1,-1,-1
587,155,1774.09,591.22,57.49,168.14,0.3607,-1,-1,-1
588,148,141.78,609.51,82.40,173.45,0.7847,-1,-1,-1
588,155,1772.63,587.23,56.72,164.85,0.4643,-1,-1,-1
589,148,126.83,612.84,85.04,174.18,0.7694,-1,-1,-1
589,155,1768.47,583.97,55.78,163.20,0.5740,-1,-1,-1
590,148,114.46,614.01,85.65,177.22,0.7594,-1,-1,-1
590,155,1766.43,582.26,57.60,168.44,0.6646,-1,-1,-1
591,148,100.01,614.93,84.22,179.55,0.7862,-1,-1,-1
591,155,1765.49,582.09,60.07,169.41,0.7534,-1,-1,-1
591,160,1225.08,525.70,30.58,77.96,0.4291,-1,-1,-1
592,148,85.90,618.74,86.25,177.62,0.7912,-1,-1,-1
592,155,1764.39,578.68,61.98,168.20,0.7301,-1,-1,-1
592,160,1225.84,527.95,28.64,75.23,0.3662,-1,-1,-1
592,154,341.59,531.56,35.50,101.46,0.4487,-1,-1,-1
593,148,72.41,618.45,86.35,181.92,0.7663,-1,-1,-1
593,155,1764.48,581.90,62.43,168.38,0.7708,-1,-1,-1
593,160,1224.83,528.93,28.00,75.07,0.4409,-1,-1,-1
593,154,333.34,534.15,41.07,99.58,0.5746,-1,-1,-1
594,148,57.43,621.17,91.08,184.44,0.7571,-1,-1,-1
594,155,1762.21,580.07,66.02,171.53,0.7166,-1,-1,-1
594,160,1223.73,528.85,29.00,74.13,0.4172,-1,-1,-1
594,154,330.25,536.34,39.54,97.98,0.4646,-1,-1,-1
595,148,44.73,621.34,89.16,188.10,0.7899,-1,-1,-1
595,155,1753.83,581.89,76.89,175.82,0.7262,-1,-1,-1
595,160,1223.46,528.54,29.20,76.10,0.4104,-1,-1,-1
595,154,325.93,536.66,40.64,96.42,0.5058,-1,-1,-1
596,148,30.43,626.15,90.82,189.60,0.7928,-1,-1,-1
596,155,1751.05,579.69,82.39,177.48,0.7310,-1,-1,-1
596,160,1224.88,526.97,29.28,76.32,0.4221,-1,-1,-1
596,154,320.04,537.14,43.19,97.31,0.5003,-1,-1,-1
597,148,16.70,627.67,91.72,192.26,0.7592,-1,-1,-1
597,155,1755.40,584.84,80.27,173.18,0.7489,-1,-1,-1
597,160,1227.13,527.69,28.08,76.39,0.3632,-1,-1,-1
597,154,315.62,533.97,42.62,102.66,0.6774,-1,-1,-1
598,148,2.47,637.22,96.51,192.62,0.7891,-1,-1,-1
598,155,1758.83,584.28,81.70,171.40,0.7621,-1,-1,-1
598,160,1228.41,527.72,27.50,76.24,0.3452,-1,-1,-1
598,154,310.55,537.29,42.68,104.34,0.5361,-1,-1,-1
599,148,-2.90,640.62,88.65,193.15,0.7887,-1,-1,-1
599,155,1763.95,582.84,82.44,172.83,0.7710,-1,-1,-1
599,160,1230.52,525.85,27.94,78.72,0.4843,-1,-1,-1
599,154,308.10,541.82,42.19,100.51,0.4999,-1,-1,-1
600,148,-4.82,647.56,78.54,192.28,0.7799,-1,-1,-1
600,155,1766.62,582.25,82.77,176.25,0.7862,-1,-1,-1
600,160,1232.07,522.15,29.12,83.28,0.5879,-1,-1,-1
600,154,303.80,544.91,43.86,98.96,0.4881,-1,-1,-1
601,148,-4.81,651.42,65.75,192.70,0.7086,-1,-1,-1
601,155,1774.97,580.62,76.69,178.45,0.7812,-1,-1,-1
601,160,1233.74,522.77,29.11,82.99,0.4027,-1,-1,-1
601,154,298.52,541.90,47.07,103.12,0.4740,-1,-1,-1
602,148,-3.88,661.24,53.01,185.38,0.5064,-1,-1,-1
602,155,1783.91,577.77,69.99,181.51,0.7091,-1,-1,-1
602,160,1235.14,521.63,28.89,83.98,0.3458,-1,-1,-1
602,154,294.11,539.03,49.26,108.13,0.4386,-1,-1,-1
603,148,-2.73,671.64,37.71,178.72,0.4416,-1,-1,-1
603,155,1789.77,578.84,64.90,182.34,0.6265,-1,-1,-1
603,160,1236.04,519.82,30.51,87.26,0.4021,-1,-1,-1
603,154,290.40,527.99,49.40,120.44,0.5466,-1,-1,-1
604,155,1800.78,575.83,54.92,186.16,0.4709,-1,-1,-1
604,160,1237.76,519.91,30.44,88.40,0.5448,-1,-1,-1
604,154,287.97,540.98,48.66,109.51,0.6024,-1,-1,-1
605,155,1811.38,579.95,48.32,183.73,0.5071,-1,-1,-1
605,160,1240.10,518.66,30.11,88.71,0.6185,-1,-1,-1
605,154,284.72,524.22,51.39,125.41,0.4644,-1,-1,-1
606,160,1243.37,515.81,28.76,90.84,0.6174,-1,-1,-1
606,154,281.79,529.30,51.27,120.92,0.5505,-1,-1,-1
607,160,1245.17,515.29,29.17,91.62,0.6151,-1,-1,-1
607,154,279.36,538.44,51.20,112.65,0.5706,-1,-1,-1
608,160,1247.91,516.41,29.57,91.23,0.3066,-1,-1,-1
608,154,277.04,540.58,49.91,108.52,0.6194,-1,-1,-1
609,160,1250.88,517.55,31.08,90.60,0.5396,-1,-1,-1
609,154,275.54,545.77,49.12,101.38,0.4792,-1,-1,-1
610,160,1252.66,517.62,32.51,91.81,0.4888,-1,-1,-1
610,154,273.82,529.26,49.64,114.54,0.5587,-1,-1,-1
611,160,1255.74,516.79,30.77,95.79,0.4308,-1,-1,-1
611,154,270.67,516.50,51.06,127.66,0.5750,-1,-1,-1
612,160,1259.40,519.36,30.00,94.60,0.4562,-1,-1,-1
612,154,267.45,507.35,50.75,137.04,0.6361,-1,-1,-1
612,161,1826.22,591.16,45.05,181.00,0.4173,-1,-1,-1
613,160,1263.10,521.92,29.70,93.15,0.5649,-1,-1,-1
613,154,263.28,499.72,53.48,144.00,0.6912,-1,-1,-1
613,161,1830.80,595.48,49.67,180.27,0.5438,-1,-1,-1
614,160,1266.15,524.15,29.57,91.64,0.6230,-1,-1,-1
614,154,259.75,497.68,54.44,146.70,0.7440,-1,-1,-1
614,161,1835.90,597.42,60.05,187.21,0.5610,-1,-1,-1
615,160,1267.90,525.01,30.03,91.31,0.6180,-1,-1,-1
615,154,257.42,496.38,53.14,148.39,0.7417,-1,-1,-1
615,161,1840.55,601.28,63.97,194.72,0.5262,-1,-1,-1
616,160,1269.65,527.52,30.69,93.67,0.6309,-1,-1,-1
616,154,254.84,498.13,50.47,147.25,0.6219,-1,-1,-1
616,161,1847.48,604.91,61.79,194.27,0.5736,-1,-1,-1
617,160,1271.79,528.02,30.61,95.78,0.5778,-1,-1,-1
617,154,253.67,497.98,50.29,144.95,0.6405,-1,-1,-1
617,161,1851.01,610.84,56.93,192.07,0.5695,-1,-1,-1
618,160,1274.64,530.71,31.91,96.37,0.5522,-1,-1,-1
618,154,250.30,500.86,49.70,143.53,0.6317,-1,-1,-1
618,161,1855.02,611.67,63.14,197.07,0.6581,-1,-1,-1
619,160,1276.14,531.88,33.64,96.25,0.6064,-1,-1,-1
619,154,248.08,503.89,49.59,142.73,0.6438,-1,-1,-1
619,161,1860.94,609.95,60.66,202.93,0.6305,-1,-1,-1
620,160,1276.34,532.50,36.10,98.42,0.6345,-1,-1,-1
620,154,246.13,504.48,49.77,142.87,0.5905,-1,-1,-1
620,161,1867.47,610.35,53.98,207.05,0.6591,-1,-1,-1
621,160,1281.17,530.34,35.07,101.95,0.6011,-1,-1,-1
621,154,244.56,501.44,49.65,147.06,0.6202,-1,-1,-1
621,161,1875.47,609.64,45.62,207.46,0.5314,-1,-1,-1
622,160,1286.52,530.64,31.96,105.16,0.5723,-1,-1,-1
622,154,241.85,500.71,49.13,148.24,0.6673,-1,-1,-1
622,161,1880.93,611.39,39.78,202.38,0.6150,-1,-1,-1
623,160,1291.73,528.41,33.38,104.49,0.6337,-1,-1,-1
623,154,239.10,499.67,49.04,153.67,0.6347,-1,-1,-1
623,161,1887.52,604.87,33.27,197.71,0.3994,-1,-1,-1
624,160,1295.56,529.99,35.17,105.53,0.6203,-1,-1,-1
624,154,237.93,498.06,48.15,153.84,0.6679,-1,-1,-1
625,160,1300.31,534.66,35.77,103.63,0.6304,-1,-1,-1
625,154,236.51,509.03,48.40,148.74,0.6579,-1,-1,-1
626,160,1305.04,530.66,40.78,107.76,0.5578,-1,-1,-1
626,154,235.45,516.64,48.94,138.32,0.6768,-1,-1,-1
627,160,1311.24,529.38,39.61,109.34,0.6457,-1,-1,-1
627,154,235.04,533.11,48.28,128.55,0.6338,-1,-1,-1
628,160,1318.10,531.70,39.12,108.73,0.6342,-1,-1,-1
628,154,235.00,537.69,48.45,124.32,0.6426,-1,-1,-1
629,160,1324.13,529.59,39.83,107.08,0.7123,-1,-1,-1
629,154,234.61,551.08,47.93,117.56,0.7022,-1,-1,-1
630,160,1330.75,529.68,42.27,107.59,0.6755,-1,-1,-1
630,154,235.56,551.14,47.94,118.36,0.6715,-1,-1,-1
630,163,311.99,491.87,18.94,37.04,0.3589,-1,-1,-1
631,160,1339.88,528.90,39.81,109.34,0.6769,-1,-1,-1
631,154,236.42,552.04,50.59,117.35,0.6435,-1,-1,-1
632,160,1346.55,530.74,40.67,108.97,0.7132,-1,-1,-1
632,154,237.28,554.33,51.90,118.40,0.6209,-1,-1,-1
633,160,1354.15,534.63,42.71,108.95,0.6610,-1,-1,-1
633,154,238.51,551.88,53.85,122.18,0.6099,-1,-1,-1
634,160,1362.87,536.66,41.31,107.99,0.6405,-1,-1,-1
634,154,239.21,553.72,51.68,124.29,0.6022,-1,-1,-1
635,160,1370.08,533.77,43.63,115.93,0.7261,-1,-1,-1
635,154,241.90,549.28,52.41,127.37,0.5529,-1,-1,-1
636,160,1377.98,538.70,43.10,114.37,0.6076,-1,-1,-1
636,154,243.06,551.57,51.81,129.03,0.5862,-1,-1,-1
637,160,1389.01,539.48,41.24,115.56,0.4784,-1,-1,-1
637,154,245.25,543.00,53.42,138.09,0.5289,-1,-1,-1
638,160,1397.27,539.08,43.01,120.26,0.6066,-1,-1,-1
638,154,246.07,537.29,54.12,146.91,0.6135,-1,-1,-1
639,160,1411.09,548.88,38.61,114.61,0.4551,-1,-1,-1
639,154,248.70,536.21,54.28,149.04,0.6487,-1,-1,-1
640,160,1419.39,553.19,39.83,109.49,0.3656,-1,-1,-1
640,154,250.88,535.82,52.98,152.28,0.6525,-1,-1,-1
641,160,1430.62,554.39,38.33,106.41,0.5201,-1,-1,-1
641,154,254.31,537.45,52.38,152.35,0.6611,-1,-1,-1
642,160,1442.25,558.57,38.68,105.91,0.5630,-1,-1,-1
642,154,257.35,534.91,52.14,155.16,0.5651,-1,-1,-1
643,160,1454.93,562.32,36.80,98.78,0.3616,-1,-1,-1
643,154,260.06,530.94,51.16,160.85,0.5508,-1,-1,-1
644,154,263.07,529.56,48.85,163.11,0.4253,-1,-1,-1
645,154,266.64,556.94,47.78,137.46,0.3867,-1,-1,-1
645,160,1479.94,564.79,34.99,76.70,0.4168,-1,-1,-1
646,154,271.46,568.75,47.08,128.12,0.4154,-1,-1,-1
646,160,1489.98,563.92,39.49,72.03,0.4665,-1,-1,-1
647,154,275.54,545.97,44.56,150.65,0.4641,-1,-1,-1
648,154,279.68,558.96,46.15,138.67,0.5229,-1,-1,-1
649,154,284.09,541.13,45.40,149.53,0.4939,-1,-1,-1
650,154,285.94,535.41,48.08,158.62,0.5935,-1,-1,-1
651,154,290.87,532.91,49.98,164.57,0.4293,-1,-1,-1
652,154,300.26,543.13,46.83,141.00,0.5725,-1,-1,-1
653,154,306.93,553.35,44.21,132.06,0.3337,-1,-1,-1
654,154,312.72,557.12,42.67,133.70,0.5726,-1,-1,-1
655,154,319.94,530.67,42.27,156.52,0.4945,-1,-1,-1
655,160,1618.18,563.42,48.71,57.90,0.3542,-1,-1,-1
656,154,327.43,534.20,44.70,163.61,0.5395,-1,-1,-1
656,160,1634.75,563.13,49.48,55.07,0.3289,-1,-1,-1
657,154,334.98,532.68,45.20,170.08,0.5519,-1,-1,-1
657,160,1656.10,566.12,47.60,59.45,0.3427,-1,-1,-1
658,154,345.87,561.25,44.53,145.17,0.3959,-1,-1,-1
658,160,1675.33,570.72,45.64,60.96,0.3262,-1,-1,-1
659,154,349.55,585.69,49.37,136.47,0.3628,-1,-1,-1
660,154,356.78,588.03,47.24,131.91,0.4924,-1,-1,-1
661,154,360.26,591.47,49.96,131.76,0.5637,-1,-1,-1
661,160,1723.28,598.35,58.11,64.37,0.3983,-1,-1,-1
662,154,366.23,595.72,52.60,127.14,0.5369,-1,-1,-1
662,160,1745.69,606.67,56.97,61.56,0.3074,-1,-1,-1
663,154,377.63,598.53,49.12,121.73,0.5336,-1,-1,-1
664,154,382.68,593.03,53.18,124.10,0.6049,-1,-1,-1
665,154,389.15,596.84,55.84,119.37,0.4860,-1,-1,-1
666,154,394.72,593.70,62.05,119.43,0.6449,-1,-1,-1
667,154,398.26,588.69,71.38,124.70,0.5617,-1,-1,-1
668,154,400.06,584.30,83.18,133.18,0.6016,-1,-1,-1
669,154,406.48,576.80,93.24,138.86,0.4365,-1,-1,-1
669,168,394.85,518.42,25.63,77.16,0.3688,-1,-1,-1
670,154,414.86,572.00,98.38,142.05,0.6277,-1,-1,-1
670,168,400.72,513.67,28.32,80.02,0.6398,-1,-1,-1
671,154,426.17,568.37,98.19,144.27,0.5765,-1,-1,-1
671,168,405.34,511.58,28.06,78.10,0.4921,-1,-1,-1
672,168,411.29,509.11,28.00,76.39,0.4475,-1,-1,-1
674,154,494.50,558.35,65.35,140.60,0.3765,-1,-1,-1
675,154,482.78,557.37,91.72,144.09,0.3060,-1,-1,-1
675,168,428.17,492.72,32.02,82.96,0.3896,-1,-1,-1
676,168,431.41,498.16,31.49,82.22,0.5492,-1,-1,-1
677,168,437.41,493.36,33.73,84.95,0.4568,-1,-1,-1
678,168,442.16,495.62,35.71,86.65,0.3790,-1,-1,-1
679,168,447.91,510.03,36.61,84.01,0.3661,-1,-1,-1
679,154,533.41,573.61,99.77,145.21,0.5492,-1,-1,-1
680,154,564.76,568.45,82.09,141.60,0.3370,-1,-1,-1
681,154,582.82,595.55,80.39,140.81,0.4250,-1,-1,-1
682,154,602.96,618.54,76.26,137.95,0.3639,-1,-1,-1
683,154,618.13,593.28,62.25,137.53,0.3245,-1,-1,-1
683,168,463.22,521.45,32.56,88.86,0.3559,-1,-1,-1
685,168,470.29,516.84,32.71,82.72,0.4306,-1,-1,-1
686,168,475.23,509.06,31.30,82.38,0.4774,-1,-1,-1
686,154,661.89,572.89,50.88,128.45,0.4332,-1,-1,-1
687,168,481.86,507.36,32.07,80.53,0.4386,-1,-1,-1
688,168,486.71,506.04,30.14,80.61,0.3723,-1,-1,-1
690,172,678.07,564.64,110.30,151.69,0.4662,-1,-1,-1
690,168,495.76,502.49,27.76,82.11,0.4606,-1,-1,-1
691,172,695.29,565.74,108.79,152.38,0.5892,-1,-1,-1
691,173,652.68,475.24,20.06,49.81,0.3818,-1,-1,-1
691,168,500.69,504.16,26.51,80.49,0.3198,-1,-1,-1
692,172,716.46,570.04,101.39,147.95,0.4479,-1,-1,-1
692,173,658.69,475.69,17.74,48.18,0.3417,-1,-1,-1
692,168,507.78,501.53,26.91,81.80,0.5562,-1,-1,-1
693,172,762.14,573.72,71.71,145.29,0.5255,-1,-1,-1
693,173,666.45,475.76,19.95,47.52,0.3278,-1,-1,-1
693,168,511.08,497.74,31.95,86.81,0.3800,-1,-1,-1
694,172,775.73,581.46,78.72,141.53,0.4815,-1,-1,-1
694,173,672.16,476.75,19.74,51.03,0.3576,-1,-1,-1
694,168,512.84,499.34,35.03,88.09,0.4959,-1,-1,-1
695,172,792.89,585.90,77.81,145.21,0.3590,-1,-1,-1
695,173,677.37,476.95,20.02,53.01,0.4115,-1,-1,-1
695,168,517.04,500.65,33.77,87.94,0.5228,-1,-1,-1
696,168,526.41,500.90,32.10,83.84,0.4362,-1,-1,-1
697,168,529.31,503.69,32.31,82.83,0.4885,-1,-1,-1
698,168,533.24,501.35,32.12,87.32,0.4732,-1,-1,-1
698,173,695.16,477.59,19.35,52.61,0.3752,-1,-1,-1
699,168,535.44,500.48,33.88,89.60,0.3028,-1,-1,-1
699,173,699.88,477.15,20.34,53.33,0.4813,-1,-1,-1
699,172,843.66,584.20,95.02,157.48,0.5785,-1,-1,-1
700,168,537.44,502.17,35.32,92.09,0.5294,-1,-1,-1
700,173,703.07,479.59,20.21,52.83,0.4622,-1,-1,-1
700,172,855.11,584.68,102.67,159.50,0.5884,-1,-1,-1
701,168,543.30,504.24,33.55,91.09,0.4031,-1,-1,-1
701,172,878.72,589.43,96.25,158.73,0.4995,-1,-1,-1
702,168,549.68,506.09,33.23,88.14,0.3620,-1,-1,-1
702,172,917.53,596.39,76.23,155.92,0.5881,-1,-1,-1
702,173,717.89,478.65,19.09,54.17,0.4290,-1,-1,-1
703,168,554.23,504.67,32.41,89.85,0.5539,-1,-1,-1
703,172,947.21,602.63,64.10,155.24,0.5376,-1,-1,-1
703,173,722.12,474.52,21.11,58.75,0.4195,-1,-1,-1
704,168,555.62,509.10,33.99,91.14,0.5844,-1,-1,-1
704,172,958.18,610.81,70.69,155.29,0.6474,-1,-1,-1
704,173,725.61,477.02,21.10,60.32,0.3660,-1,-1,-1
705,168,555.06,508.58,38.80,93.68,0.5363,-1,-1,-1
705,172,976.58,612.55,68.97,155.98,0.6481,-1,-1,-1
705,173,727.92,476.33,21.19,60.26,0.4064,-1,-1,-1
706,168,560.92,510.27,35.53,93.58,0.6116,-1,-1,-1
706,172,987.50,616.62,76.76,158.70,0.7583,-1,-1,-1
706,173,736.37,482.67,22.59,55.74,0.3618,-1,-1,-1
707,168,563.61,513.23,34.42,95.07,0.6616,-1,-1,-1
707,172,997.32,615.14,86.84,165.97,0.7423,-1,-1,-1
707,173,739.57,487.67,22.25,53.10,0.3386,-1,-1,-1
708,168,566.60,517.83,33.45,95.77,0.6891,-1,-1,-1
708,172,1000.01,617.00,102.88,171.38,0.6746,-1,-1,-1
708,173,742.87,490.72,21.89,52.84,0.3710,-1,-1,-1
709,168,568.54,520.88,34.40,97.77,0.6430,-1,-1,-1
709,172,1005.75,611.79,119.11,177.32,0.7636,-1,-1,-1
709,173,745.59,492.66,22.42,53.56,0.3624,-1,-1,-1
710,168,573.59,528.85,33.86,92.95,0.6403,-1,-1,-1
710,172,1017.01,621.82,124.99,180.20,0.7748,-1,-1,-1
710,173,749.27,500.69,20.75,53.15,0.3888,-1,-1,-1
711,168,575.77,533.44,34.72,89.84,0.5305,-1,-1,-1
711,172,1041.58,619.76,122.24,177.89,0.7111,-1,-1,-1
711,173,750.77,503.00,20.23,52.22,0.4168,-1,-1,-1
712,168,575.95,536.68,36.30,92.38,0.7177,-1,-1,-1
712,172,1066.46,630.68,114.25,178.20,0.4789,-1,-1,-1
712,173,755.06,506.39,26.98,52.62,0.3848,-1,-1,-1
713,168,577.06,534.64,37.22,94.13,0.7372,-1,-1,-1
713,172,1111.80,629.93,88.28,172.26,0.5796,-1,-1,-1
713,173,760.35,504.94,25.29,50.94,0.3481,-1,-1,-1
714,168,578.59,544.27,37.92,97.58,0.6552,-1,-1,-1
714,172,1128.92,635.17,97.32,170.54,0.7374,-1,-1,-1
714,173,761.81,511.61,22.69,52.48,0.4318,-1,-1,-1
715,168,579.94,540.20,38.24,101.53,0.5902,-1,-1,-1
715,172,1142.06,635.76,99.30,173.38,0.7451,-1,-1,-1
715,173,764.64,505.79,20.94,58.62,0.4276,-1,-1,-1
716,168,580.87,543.46,38.37,101.53,0.5082,-1,-1,-1
716,172,1156.49,632.35,102.51,178.13,0.7684,-1,-1,-1
716,173,767.87,504.11,23.11,60.43,0.4151,-1,-1,-1
717,168,580.59,544.70,39.52,102.06,0.5572,-1,-1,-1
717,172,1173.01,631.07,104.10,183.34,0.7812,-1,-1,-1
717,173,771.34,508.33,22.32,55.82,0.3222,-1,-1,-1
718,168,583.69,551.54,37.01,98.79,0.4841,-1,-1,-1
718,172,1189.69,626.72,109.13,192.42,0.7914,-1,-1,-1
718,173,773.02,509.62,23.07,55.64,0.3734,-1,-1,-1
719,168,585.42,547.28,37.54,100.16,0.5349,-1,-1,-1
719,172,1209.36,632.31,109.92,194.54,0.6608,-1,-1,-1
720,168,585.33,552.18,39.36,101.62,0.5675,-1,-1,-1
720,172,1228.76,631.70,114.61,197.62,0.6718,-1,-1,-1
721,168,587.98,551.92,40.79,102.92,0.4913,-1,-1,-1
721,172,1257.13,635.45,103.45,180.97,0.4787,-1,-1,-1
721,173,783.07,512.93,25.14,55.67,0.3473,-1,-1,-1
722,168,591.31,553.54,38.89,102.94,0.5360,-1,-1,-1
722,172,1290.48,644.94,91.18,193.17,0.4726,-1,-1,-1
722,173,785.64,516.06,23.87,52.78,0.3642,-1,-1,-1
723,168,594.16,551.32,39.15,105.06,0.3706,-1,-1,-1
723,172,1311.60,653.61,98.97,194.37,0.4478,-1,-1,-1
723,173,790.53,514.44,25.33,54.53,0.3732,-1,-1,-1
724,168,594.73,562.76,38.24,103.86,0.4859,-1,-1,-1
724,172,1343.30,663.54,93.90,196.44,0.5486,-1,-1,-1
724,173,793.01,524.32,24.27,53.71,0.3642,-1,-1,-1
725,168,595.31,565.81,37.79,104.04,0.5707,-1,-1,-1
725,172,1370.47,663.99,92.73,203.14,0.7108,-1,-1,-1
725,173,796.70,525.30,23.34,53.22,0.4732,-1,-1,-1
726,168,597.60,565.24,37.25,103.71,0.5734,-1,-1,-1
726,172,1386.48,672.92,101.76,208.06,0.6203,-1,-1,-1
726,173,800.37,522.23,21.60,56.01,0.3632,-1,-1,-1
727,168,597.72,571.48,41.04,105.98,0.7153,-1,-1,-1
727,172,1424.60,672.88,85.40,184.17,0.4060,-1,-1,-1
728,168,598.45,568.90,42.12,106.39,0.6729,-1,-1,-1
728,172,1419.38,681.86,117.38,209.22,0.5803,-1,-1,-1
728,173,811.93,525.88,22.05,57.69,0.3867,-1,-1,-1
729,168,598.78,566.80,43.65,109.28,0.6381,-1,-1,-1
729,172,1434.17,680.87,131.94,218.75,0.7226,-1,-1,-1
729,173,814.65,524.42,21.04,57.37,0.3840,-1,-1,-1
730,168,599.01,570.40,45.37,111.19,0.5670,-1,-1,-1
730,172,1496.30,688.17,100.39,225.01,0.4556,-1,-1,-1
730,173,817.08,525.51,21.23,59.22,0.3511,-1,-1,-1
731,168,600.43,564.98,46.86,114.98,0.6680,-1,-1,-1
731,173,818.99,524.06,22.46,59.44,0.4066,-1,-1,-1
732,168,601.16,565.15,47.08,116.66,0.6757,-1,-1,-1
732,173,820.01,525.25,22.92,58.22,0.4915,-1,-1,-1
732,172,1560.83,701.32,84.61,229.76,0.5054,-1,-1,-1
733,168,602.30,567.10,46.85,116.07,0.6499,-1,-1,-1
733,173,821.31,522.92,23.97,60.09,0.5295,-1,-1,-1
733,172,1590.00,705.03,87.34,228.63,0.7019,-1,-1,-1
734,168,602.70,560.30,46.99,120.47,0.6868,-1,-1,-1
734,173,824.44,524.29,21.62,54.87,0.4011,-1,-1,-1
734,172,1599.81,709.07,106.07,230.51,0.6281,-1,-1,-1
735,168,602.26,562.43,47.65,121.79,0.6948,-1,-1,-1
735,172,1615.54,704.91,119.30,233.02,0.7441,-1,-1,-1
735,175,837.60,527.90,23.93,51.77,0.3768,-1,-1,-1
736,168,606.02,559.03,45.83,122.23,0.6750,-1,-1,-1
736,172,1632.14,705.53,131.52,244.30,0.7151,-1,-1,-1
736,175,835.68,524.63,23.25,52.13,0.3822,-1,-1,-1
736,173,832.59,523.54,22.81,52.69,0.3822,-1,-1,-1
737,168,606.90,560.56,46.15,122.34,0.6584,-1,-1,-1
737,172,1657.44,697.33,134.57,257.73,0.7946,-1,-1,-1
737,175,834.89,523.50,24.29,53.03,0.3775,-1,-1,-1
737,173,834.69,523.05,24.13,53.07,0.3775,-1,-1,-1
738,168,606.57,562.98,47.68,123.01,0.6593,-1,-1,-1
738,172,1684.82,705.85,139.04,262.81,0.7550,-1,-1,-1
738,175,835.93,525.66,22.94,53.16,0.3541,-1,-1,-1
738,173,836.49,525.50,23.09,53.07,0.3541,-1,-1,-1
739,168,606.83,564.30,49.22,123.79,0.6562,-1,-1,-1
739,172,1712.66,717.24,150.28,261.59,0.7532,-1,-1,-1
739,175,838.66,524.70,22.52,54.87,0.3574,-1,-1,-1
739,173,839.19,524.67,22.72,54.64,0.3574,-1,-1,-1
740,168,607.06,566.55,49.53,123.79,0.6847,-1,-1,-1
740,172,1741.84,732.67,148.92,254.12,0.7464,-1,-1,-1
740,175,839.83,524.26,22.19,56.56,0.4218,-1,-1,-1
740,173,840.32,524.28,22.40,56.27,0.4218,-1,-1,-1
741,168,607.98,568.66,49.36,124.25,0.6776,-1,-1,-1
741,172,1778.23,733.11,141.26,263.02,0.5816,-1,-1,-1
741,175,841.83,526.74,22.52,55.99,0.4783,-1,-1,-1
741,173,842.30,526.73,22.67,55.78,0.4783,-1,-1,-1
742,168,608.80,570.36,48.15,123.83,0.6455,-1,-1,-1
742,172,1822.28,749.40,106.69,258.19,0.4326,-1,-1,-1
742,175,842.61,528.08,22.40,56.43,0.5105,-1,-1,-1
742,173,843.04,528.08,22.54,56.25,0.5105,-1,-1,-1
743,168,607.38,571.41,50.84,125.24,0.6303,-1,-1,-1
743,175,843.78,528.86,22.17,55.71,0.4494,-1,-1,-1
743,173,844.14,528.84,22.29,55.58,0.4494,-1,-1,-1
744,168,605.83,571.64,51.04,126.96,0.6293,-1,-1,-1
744,175,844.26,528.62,21.93,56.06,0.4811,-1,-1,-1
744,173,844.56,528.60,22.04,55.94,0.4811,-1,-1,-1
745,168,604.29,573.22,52.37,128.55,0.6668,-1,-1,-1
745,175,844.18,526.31,22.19,59.85,0.4982,-1,-1,-1
745,173,844.44,526.32,22.28,59.71,0.4982,-1,-1,-1
746,168,603.12,573.85,51.37,130.38,0.6264,-1,-1,-1
746,175,844.01,525.33,22.92,62.71,0.5172,-1,-1,-1
746,173,844.25,525.35,22.99,62.57,0.5172,-1,-1,-1
747,168,603.06,574.96,51.29,132.33,0.6538,-1,-1,-1
747,175,844.25,524.88,23.80,64.09,0.5047,-1,-1,-1
747,173,844.46,524.90,23.85,63.96,0.5047,-1,-1,-1
748,168,602.87,575.17,51.38,133.35,0.6733,-1,-1,-1
749,168,602.77,576.77,51.35,132.30,0.6753,-1,-1,-1
749,173,846.67,526.98,22.69,61.70,0.3386,-1,-1,-1
750,168,602.29,578.73,51.48,130.78,0.6232,-1,-1,-1
750,173,848.22,528.21,22.50,58.29,0.3369,-1,-1,-1
