1,1,1338.48,417.88,163.01,358.61,0.8093,-1,-1,-1
1,2,584.16,443.38,91.76,264.69,0.7630,-1,-1,-1
1,3,439.99,445.88,112.20,273.42,0.6760,-1,-1,-1
1,4,1455.13,432.63,141.44,332.68,0.6426,-1,-1,-1
1,5,730.90,456.73,35.97,111.40,0.5625,-1,-1,-1
1,6,916.82,431.53,59.61,154.78,0.3894,-1,-1,-1
2,1,1342.76,417.60,160.35,359.17,0.8313,-1,-1,-1
2,2,584.51,442.91,92.31,264.19,0.7656,-1,-1,-1
2,3,437.66,445.28,116.80,274.27,0.6901,-1,-1,-1
2,4,1452.15,436.86,146.67,331.72,0.6726,-1,-1,-1
2,5,731.47,457.28,36.30,110.28,0.5322,-1,-1,-1
2,6,916.38,432.17,60.16,154.63,0.3999,-1,-1,-1
3,1,1343.63,423.32,175.81,365.87,0.8358,-1,-1,-1
3,2,584.48,443.04,93.55,263.65,0.7561,-1,-1,-1
3,3,437.22,443.75,117.93,276.33,0.6979,-1,-1,-1
3,4,1466.13,441.59,138.80,327.08,0.7325,-1,-1,-1
3,5,731.30,460.21,36.82,106.78,0.5315,-1,-1,-1
3,6,915.96,432.68,60.92,153.92,0.4033,-1,-1,-1
4,1,1348.57,421.73,179.33,375.82,0.8240,-1,-1,-1
4,2,584.44,443.81,93.19,264.26,0.7670,-1,-1,-1
4,3,438.60,442.96,119.11,276.70,0.7436,-1,-1,-1
4,4,1478.41,434.62,126.14,333.26,0.7303,-1,-1,-1
4,5,732.04,459.15,36.84,109.28,0.5187,-1,-1,-1
4,6,916.39,432.05,60.99,154.18,0.4196,-1,-1,-1
5,1,1351.71,419.43,178.44,385.08,0.8483,-1,-1,-1
5,2,584.71,444.03,93.12,264.05,0.7658,-1,-1,-1
5,3,442.38,443.59,119.27,274.36,0.6899,-1,-1,-1
5,4,1485.91,429.52,116.05,338.50,0.7403,-1,-1,-1
5,5,732.67,459.01,35.89,109.28,0.5181,-1,-1,-1
5,6,916.02,431.29,61.39,154.51,0.4083,-1,-1,-1
6,1,1357.99,418.60,174.37,388.34,0.8471,-1,-1,-1
6,2,584.12,443.51,92.55,266.94,0.7617,-1,-1,-1
6,3,448.71,443.81,117.46,274.34,0.6951,-1,-1,-1
6,4,1494.98,426.49,107.82,342.02,0.7237,-1,-1,-1
6,5,733.36,457.57,34.52,110.22,0.5346,-1,-1,-1
6,6,915.74,430.52,62.07,155.97,0.4202,-1,-1,-1
7,1,1368.03,419.05,160.35,385.22,0.8559,-1,-1,-1
7,2,584.46,443.02,91.76,268.09,0.7671,-1,-1,-1
7,3,447.32,444.57,119.97,274.33,0.7308,-1,-1,-1
7,4,1500.63,430.35,102.39,339.34,0.7679,-1,-1,-1
7,5,733.52,457.85,33.88,109.91,0.5489,-1,-1,-1
7,6,914.97,430.63,61.92,155.87,0.3742,-1,-1,-1
8,1,1385.37,415.30,142.28,386.75,0.8056,-1,-1,-1
8,2,584.70,442.96,91.83,267.36,0.7823,-1,-1,-1
8,3,448.67,444.07,119.50,274.59,0.7468,-1,-1,-1
8,4,1505.57,422.73,98.90,347.94,0.7695,-1,-1,-1
8,5,733.48,457.17,34.27,109.68,0.5422,-1,-1,-1
8,6,914.72,428.49,61.41,157.94,0.3851,-1,-1,-1
9,1,1400.69,409.61,130.08,392.08,0.7453,-1,-1,-1
9,2,585.14,442.65,90.88,268.12,0.7793,-1,-1,-1
9,3,454.78,444.16,114.63,274.29,0.7434,-1,-1,-1
9,4,1512.02,422.00,94.55,347.94,0.7485,-1,-1,-1
9,5,733.12,457.02,35.07,110.99,0.5346,-1,-1,-1
10,1,1416.27,413.50,120.40,382.63,0.7915,-1,-1,-1
10,2,585.36,442.79,91.41,268.21,0.7823,-1,-1,-1
10,3,457.15,443.88,114.11,274.35,0.7179,-1,-1,-1
10,4,1507.35,418.07,109.05,355.35,0.6691,-1,-1,-1
10,5,732.78,457.47,35.88,109.78,0.5202,-1,-1,-1
11,1,1426.75,412.61,119.34,385.72,0.7691,-1,-1,-1
11,2,585.91,442.83,91.17,267.06,0.7705,-1,-1,-1
11,3,455.63,442.76,115.24,275.85,0.6894,-1,-1,-1
11,4,1525.73,418.81,97.88,350.61,0.7954,-1,-1,-1
11,5,732.59,458.51,37.08,110.58,0.5668,-1,-1,-1
12,1,1438.36,409.16,117.20,388.30,0.7273,-1,-1,-1
12,2,585.72,442.28,91.73,266.93,0.7667,-1,-1,-1
12,3,451.61,442.23,119.26,276.27,0.6674,-1,-1,-1
12,4,1537.11,418.84,94.20,353.07,0.7732,-1,-1,-1
12,5,731.65,456.76,38.07,112.95,0.6052,-1,-1,-1
13,1,1446.25,411.86,121.77,386.79,0.7015,-1,-1,-1
13,2,585.37,442.04,92.48,267.28,0.7539,-1,-1,-1
13,3,446.84,442.92,123.50,276.33,0.7038,-1,-1,-1
13,4,1540.10,420.20,104.26,357.62,0.7515,-1,-1,-1
13,5,730.77,456.29,38.75,117.02,0.5822,-1,-1,-1
14,1,1453.66,410.24,128.36,387.34,0.5769,-1,-1,-1
14,2,584.35,442.17,93.98,268.00,0.7504,-1,-1,-1
14,3,447.05,442.03,122.01,280.35,0.6394,-1,-1,-1
14,4,1538.74,416.60,130.65,370.01,0.6144,-1,-1,-1
14,5,730.25,456.45,39.43,118.47,0.5513,-1,-1,-1
15,1,1461.70,415.49,108.39,382.04,0.4908,-1,-1,-1
15,2,583.99,442.43,93.22,269.26,0.7700,-1,-1,-1
15,3,446.43,442.85,120.93,282.07,0.6578,-1,-1,-1
15,4,1539.18,421.85,160.18,373.43,0.5959,-1,-1,-1
15,5,730.37,453.31,39.87,123.60,0.6068,-1,-1,-1
16,1,1464.04,422.22,105.96,377.18,0.4018,-1,-1,-1
16,2,583.63,443.69,92.96,267.45,0.7683,-1,-1,-1
16,3,445.86,442.66,117.80,283.48,0.6511,-1,-1,-1
16,4,1547.74,421.11,176.65,381.49,0.6740,-1,-1,-1
16,5,730.83,453.85,38.23,123.16,0.4916,-1,-1,-1
17,1,1459.17,420.93,130.45,381.37,0.3625,-1,-1,-1
17,2,583.36,445.39,93.01,267.31,0.7652,-1,-1,-1
17,3,446.19,442.69,116.12,284.55,0.6589,-1,-1,-1
17,4,1556.50,420.98,186.38,385.26,0.7724,-1,-1,-1
17,5,729.61,454.82,37.60,121.50,0.4490,-1,-1,-1
18,1,1459.41,420.78,181.46,388.46,0.6832,-1,-1,-1
18,2,583.58,445.05,93.02,268.36,0.7898,-1,-1,-1
18,3,448.03,442.96,114.08,284.66,0.7161,-1,-1,-1
18,4,1570.56,426.26,181.75,383.23,0.7103,-1,-1,-1
18,5,728.36,456.79,37.61,119.09,0.4405,-1,-1,-1
19,1,1460.58,414.76,173.86,390.47,0.4640,-1,-1,-1
19,2,584.20,445.13,94.18,269.27,0.7677,-1,-1,-1
19,3,450.16,444.57,112.76,284.60,0.7092,-1,-1,-1
19,4,1566.71,451.87,191.07,361.86,0.6827,-1,-1,-1
19,5,726.66,458.73,38.62,117.19,0.4066,-1,-1,-1
19,10,1254.70,435.95,35.23,108.03,0.4019,-1,-1,-1
20,1,1461.79,411.58,170.13,394.38,0.3684,-1,-1,-1
20,2,584.52,445.77,97.93,267.63,0.7783,-1,-1,-1
20,3,451.45,448.59,113.96,279.94,0.7097,-1,-1,-1
20,4,1587.28,457.30,186.32,349.52,0.6328,-1,-1,-1
20,5,725.54,455.31,39.73,119.36,0.4105,-1,-1,-1
20,10,1254.67,436.45,35.20,107.06,0.3275,-1,-1,-1
21,1,1462.10,412.45,225.13,403.61,0.7286,-1,-1,-1
21,2,584.77,444.50,101.31,269.09,0.7905,-1,-1,-1
21,3,452.41,448.09,112.85,279.27,0.6969,-1,-1,-1
21,4,1612.16,455.46,157.66,348.90,0.6553,-1,-1,-1
21,5,726.02,453.42,39.68,121.81,0.3840,-1,-1,-1
21,10,1252.94,439.35,35.44,101.99,0.3351,-1,-1,-1
22,1,1463.02,411.91,230.44,405.74,0.5296,-1,-1,-1
22,2,584.77,444.12,103.21,269.12,0.7777,-1,-1,-1
22,3,454.15,447.21,112.81,280.36,0.5988,-1,-1,-1
22,4,1627.27,436.60,152.29,364.48,0.7015,-1,-1,-1
22,5,723.11,458.52,42.82,114.78,0.3667,-1,-1,-1
22,10,1253.71,438.02,40.11,107.26,0.3680,-1,-1,-1
23,1,1469.31,411.60,201.04,395.12,0.4805,-1,-1,-1
23,2,583.90,443.84,105.29,269.03,0.7759,-1,-1,-1
23,3,461.34,446.36,109.95,281.48,0.6875,-1,-1,-1
23,4,1633.95,427.11,131.96,374.41,0.6267,-1,-1,-1
23,5,720.66,463.84,46.59,107.12,0.3625,-1,-1,-1
23,10,1251.88,440.20,38.49,103.29,0.3386,-1,-1,-1
24,1,1476.80,408.06,215.96,408.43,0.7030,-1,-1,-1
24,2,584.38,443.83,105.42,268.56,0.7548,-1,-1,-1
24,3,466.98,445.37,109.41,284.98,0.6836,-1,-1,-1
24,4,1644.15,421.25,123.11,378.27,0.6253,-1,-1,-1
24,5,721.17,461.90,48.42,107.92,0.4308,-1,-1,-1
25,1,1485.00,406.78,216.62,411.67,0.6348,-1,-1,-1
25,2,585.07,443.72,105.17,268.72,0.7430,-1,-1,-1
25,3,467.30,444.77,111.17,288.26,0.6333,-1,-1,-1
25,4,1655.83,417.19,122.31,384.66,0.6677,-1,-1,-1
25,5,720.09,462.87,49.38,104.74,0.4016,-1,-1,-1
26,1,1493.76,408.63,232.83,411.22,0.5970,-1,-1,-1
26,2,586.22,444.08,103.15,268.69,0.7238,-1,-1,-1
26,3,467.95,442.04,112.29,293.44,0.6586,-1,-1,-1
26,4,1662.62,419.53,115.18,381.92,0.6618,-1,-1,-1
26,5,719.82,463.31,50.28,104.24,0.4402,-1,-1,-1
26,11,497.62,465.82,82.40,256.56,0.3485,-1,-1,-1
27,1,1508.75,410.36,223.82,411.75,0.5632,-1,-1,-1
27,2,587.88,443.58,100.79,269.91,0.7290,-1,-1,-1
27,3,469.25,443.51,112.16,290.47,0.6226,-1,-1,-1
27,4,1674.26,414.34,112.45,384.15,0.6655,-1,-1,-1
27,5,720.34,458.62,46.80,108.99,0.3559,-1,-1,-1
27,11,503.91,460.97,78.37,249.73,0.3789,-1,-1,-1
28,1,1528.77,405.00,191.41,422.95,0.5830,-1,-1,-1
28,2,591.52,443.41,98.45,270.64,0.7387,-1,-1,-1
28,3,471.76,442.00,110.93,292.65,0.6030,-1,-1,-1
28,4,1682.88,411.13,114.25,385.21,0.6566,-1,-1,-1
28,5,720.53,460.54,48.59,107.79,0.3628,-1,-1,-1
28,11,506.45,451.70,76.59,254.96,0.3061,-1,-1,-1
29,1,1547.15,396.66,170.85,432.71,0.7036,-1,-1,-1
29,2,593.72,443.54,97.29,270.65,0.7305,-1,-1,-1
29,3,474.25,442.07,110.08,292.07,0.5853,-1,-1,-1
29,4,1684.70,418.81,128.15,381.57,0.7144,-1,-1,-1
29,5,720.74,460.40,50.10,110.77,0.3503,-1,-1,-1
29,11,507.06,449.13,77.45,255.94,0.3578,-1,-1,-1
29,12,1426.90,436.15,54.43,121.99,0.5400,-1,-1,-1
30,1,1573.86,391.94,153.01,437.37,0.7467,-1,-1,-1
30,2,595.20,443.49,97.13,271.23,0.7479,-1,-1,-1
30,3,476.45,442.17,109.46,292.13,0.6444,-1,-1,-1
30,4,1680.15,426.38,152.84,374.56,0.6397,-1,-1,-1
30,5,721.84,458.70,46.66,113.90,0.3648,-1,-1,-1
30,11,504.72,448.60,81.39,258.63,0.3127,-1,-1,-1
30,12,1432.21,433.20,49.29,124.55,0.5942,-1,-1,-1
31,1,1593.74,390.70,157.89,437.64,0.7353,-1,-1,-1
31,2,597.91,443.19,95.56,272.11,0.7511,-1,-1,-1
31,3,477.02,443.17,111.11,288.63,0.6511,-1,-1,-1
31,4,1694.76,418.87,182.59,387.23,0.6599,-1,-1,-1
31,5,721.70,457.58,45.02,117.79,0.4385,-1,-1,-1
31,11,485.28,444.25,102.84,278.38,0.6511,-1,-1,-1
31,12,1440.83,430.32,43.42,127.31,0.5751,-1,-1,-1
32,1,1605.68,393.87,164.19,441.35,0.7909,-1,-1,-1
32,2,599.78,443.08,94.94,272.77,0.7619,-1,-1,-1
32,3,478.55,444.27,110.59,288.64,0.6380,-1,-1,-1
32,4,1715.50,417.86,184.88,389.60,0.7325,-1,-1,-1
32,5,721.25,458.69,43.04,119.27,0.4237,-1,-1,-1
32,11,479.76,443.48,109.31,286.72,0.6380,-1,-1,-1
32,12,1446.78,430.69,39.99,126.59,0.5304,-1,-1,-1
33,1,1611.82,394.27,172.30,450.33,0.8077,-1,-1,-1
33,2,601.20,443.89,94.72,271.68,0.7666,-1,-1,-1
33,3,479.58,444.08,110.01,292.81,0.7036,-1,-1,-1
33,4,1730.93,414.38,185.28,396.80,0.6489,-1,-1,-1
33,5,720.11,458.82,42.59,119.01,0.3715,-1,-1,-1
33,11,478.08,442.77,111.44,293.89,0.7036,-1,-1,-1
33,12,1450.70,431.13,39.22,126.24,0.5779,-1,-1,-1
33,14,1079.69,451.70,54.15,144.17,0.3797,-1,-1,-1
34,1,1615.51,394.33,182.86,448.30,0.8033,-1,-1,-1
34,2,604.26,443.48,91.99,271.87,0.7622,-1,-1,-1
34,3,479.56,443.99,110.43,298.45,0.7295,-1,-1,-1
34,4,1742.40,447.13,181.08,368.95,0.3172,-1,-1,-1
34,5,718.15,457.16,42.41,120.64,0.3647,-1,-1,-1
34,11,477.25,442.60,112.66,300.51,0.7295,-1,-1,-1
34,12,1454.58,430.85,39.41,126.58,0.6021,-1,-1,-1
35,1,1621.31,393.20,195.08,454.29,0.8494,-1,-1,-1
35,2,605.52,443.93,91.43,271.21,0.7727,-1,-1,-1
35,3,478.68,443.91,111.24,300.12,0.7405,-1,-1,-1
35,4,1758.35,431.26,166.06,394.44,0.4109,-1,-1,-1
35,5,718.63,458.40,41.21,119.45,0.3464,-1,-1,-1
35,11,476.27,442.59,113.58,302.37,0.7405,-1,-1,-1
35,12,1456.47,431.76,38.93,124.95,0.5704,-1,-1,-1
36,1,1628.30,394.71,212.21,466.08,0.8186,-1,-1,-1
36,2,607.03,444.21,90.33,270.68,0.7727,-1,-1,-1
36,3,477.46,443.97,112.67,302.03,0.7073,-1,-1,-1
36,4,1765.60,420.15,158.18,403.16,0.5498,-1,-1,-1
36,5,716.56,457.07,42.74,120.04,0.3124,-1,-1,-1
36,11,475.18,442.79,114.88,304.18,0.7073,-1,-1,-1
36,12,1457.55,432.71,40.96,124.79,0.5763,-1,-1,-1
37,1,1633.36,396.53,243.25,471.69,0.7919,-1,-1,-1
37,2,608.48,444.77,89.96,270.11,0.7701,-1,-1,-1
37,3,477.36,444.49,112.64,296.97,0.6661,-1,-1,-1
37,4,1774.42,419.99,148.97,401.81,0.6041,-1,-1,-1
37,5,716.57,454.61,42.84,122.94,0.3143,-1,-1,-1
37,11,475.27,443.45,114.68,298.92,0.6661,-1,-1,-1
37,12,1460.98,433.11,42.18,125.30,0.5472,-1,-1,-1
38,1,1634.49,400.63,252.99,473.66,0.8537,-1,-1,-1
38,2,608.97,444.22,90.34,271.03,0.7670,-1,-1,-1
38,3,477.56,444.70,113.92,291.40,0.6848,-1,-1,-1
38,5,713.76,453.17,44.80,128.50,0.3084,-1,-1,-1
38,11,475.68,443.79,115.74,293.10,0.6848,-1,-1,-1
38,12,1463.03,432.29,43.44,126.02,0.6036,-1,-1,-1
39,1,1635.19,403.10,261.76,473.20,0.8708,-1,-1,-1
39,2,609.25,443.39,91.74,272.12,0.7798,-1,-1,-1
39,3,478.03,444.56,114.29,293.43,0.7065,-1,-1,-1
39,11,476.35,443.78,115.92,294.89,0.7065,-1,-1,-1
39,12,1464.37,431.91,44.96,125.77,0.5842,-1,-1,-1
39,10,1256.22,430.83,40.57,114.76,0.4197,-1,-1,-1
39,4,1808.70,428.34,113.87,380.50,0.5196,-1,-1,-1
40,1,1635.38,404.10,270.57,474.27,0.8623,-1,-1,-1
40,2,610.00,443.65,91.69,272.30,0.7745,-1,-1,-1
40,3,477.32,445.54,116.27,295.01,0.6819,-1,-1,-1
40,11,475.84,444.85,117.69,296.30,0.6819,-1,-1,-1
40,12,1466.11,432.82,46.66,124.12,0.5641,-1,-1,-1
40,10,1256.33,431.43,39.34,114.28,0.4412,-1,-1,-1
40,4,1819.05,424.55,102.93,386.57,0.5961,-1,-1,-1
41,1,1639.29,401.83,280.40,482.12,0.8655,-1,-1,-1
41,2,612.04,443.59,91.77,272.68,0.7916,-1,-1,-1
41,3,478.71,446.88,114.48,295.04,0.6836,-1,-1,-1
41,11,477.37,446.27,115.78,296.17,0.6836,-1,-1,-1
41,12,1466.20,434.00,50.20,121.72,0.5075,-1,-1,-1
41,10,1256.49,430.66,39.69,115.12,0.4799,-1,-1,-1
41,4,1831.24,405.57,90.54,409.38,0.6854,-1,-1,-1
42,1,1644.55,401.31,276.92,480.70,0.8417,-1,-1,-1
42,2,613.67,443.01,90.64,272.30,0.7989,-1,-1,-1
42,3,476.18,447.36,117.36,300.97,0.6607,-1,-1,-1
42,11,475.04,446.83,118.47,301.97,0.6607,-1,-1,-1
42,12,1467.84,434.50,50.70,121.07,0.5558,-1,-1,-1
42,10,1256.55,430.08,40.34,115.63,0.4901,-1,-1,-1
42,4,1841.98,395.53,79.28,421.67,0.6497,-1,-1,-1
43,1,1653.74,402.90,269.17,480.90,0.8501,-1,-1,-1
43,2,615.28,443.34,89.95,271.82,0.7886,-1,-1,-1
43,3,470.12,446.10,121.83,306.42,0.6241,-1,-1,-1
43,11,469.12,445.63,122.81,307.31,0.6241,-1,-1,-1
43,12,1469.63,433.55,51.57,121.75,0.5799,-1,-1,-1
43,10,1256.82,427.30,41.76,118.21,0.4712,-1,-1,-1
43,4,1852.10,393.91,68.69,424.99,0.5920,-1,-1,-1
44,1,1664.85,396.13,255.66,485.23,0.8458,-1,-1,-1
44,2,615.60,443.57,90.58,271.40,0.7992,-1,-1,-1
44,3,468.98,446.14,123.77,312.17,0.6486,-1,-1,-1
44,11,468.06,445.71,124.66,312.97,0.6486,-1,-1,-1
44,12,1472.62,434.90,50.10,120.66,0.5326,-1,-1,-1
44,10,1256.84,426.84,41.80,118.78,0.4573,-1,-1,-1
44,4,1863.61,410.56,56.73,404.93,0.4901,-1,-1,-1
44,14,1082.67,450.12,49.81,148.27,0.3550,-1,-1,-1
45,1,1684.65,394.14,232.48,485.24,0.7946,-1,-1,-1
45,2,616.58,443.11,90.95,271.52,0.7777,-1,-1,-1
45,3,468.01,444.23,123.65,314.77,0.6357,-1,-1,-1
45,11,467.18,443.86,124.46,315.48,0.6357,-1,-1,-1
45,12,1477.78,433.99,44.44,121.28,0.4938,-1,-1,-1
45,10,1257.52,426.01,41.96,119.52,0.4573,-1,-1,-1
45,4,1870.45,420.66,49.58,394.37,0.3503,-1,-1,-1
45,14,1081.67,449.39,50.73,148.88,0.3824,-1,-1,-1
45,5,699.20,454.47,55.76,201.82,0.3503,-1,-1,-1
46,1,1708.36,392.26,211.88,487.44,0.6319,-1,-1,-1
46,2,617.21,442.38,93.08,272.39,0.7591,-1,-1,-1
46,3,466.42,444.78,125.94,318.03,0.6338,-1,-1,-1
46,11,465.69,444.45,126.64,318.66,0.6338,-1,-1,-1
46,12,1483.52,434.98,37.76,119.87,0.5208,-1,-1,-1
46,10,1258.18,424.33,42.12,121.24,0.4613,-1,-1,-1
46,4,1877.80,402.28,42.05,427.32,0.3963,-1,-1,-1
46,14,1081.54,448.99,50.48,148.25,0.3022,-1,-1,-1
47,1,1757.65,387.15,162.09,493.69,0.7059,-1,-1,-1
47,2,617.18,441.74,93.11,272.75,0.7759,-1,-1,-1
47,3,464.74,444.44,127.61,320.14,0.6297,-1,-1,-1
47,11,464.09,444.15,128.25,320.70,0.6297,-1,-1,-1
47,12,1488.23,432.57,34.34,120.72,0.5143,-1,-1,-1
47,10,1258.61,424.05,42.84,121.22,0.4921,-1,-1,-1
47,5,696.67,456.04,57.04,206.01,0.5477,-1,-1,-1
48,1,1775.44,386.09,145.09,492.03,0.7899,-1,-1,-1
48,2,618.44,441.27,93.55,272.59,0.7453,-1,-1,-1
48,3,468.21,443.93,123.53,319.41,0.6478,-1,-1,-1
48,11,467.61,443.66,124.11,319.91,0.6478,-1,-1,-1
48,10,1259.02,426.05,41.33,119.11,0.4474,-1,-1,-1
48,5,697.54,455.10,60.74,207.31,0.3822,-1,-1,-1
49,1,1795.74,385.23,125.41,492.86,0.8007,-1,-1,-1
49,2,619.10,441.23,94.11,272.06,0.7551,-1,-1,-1
49,3,470.62,444.22,120.58,318.46,0.6377,-1,-1,-1
49,11,470.10,443.99,121.09,318.91,0.6377,-1,-1,-1
49,10,1259.23,431.86,40.68,114.63,0.4593,-1,-1,-1
49,5,697.94,456.00,62.77,207.16,0.4384,-1,-1,-1
50,1,1810.34,385.17,111.09,496.60,0.8414,-1,-1,-1
50,2,618.54,441.52,97.64,272.23,0.7557,-1,-1,-1
50,3,465.83,443.77,124.15,317.09,0.6202,-1,-1,-1
50,11,465.39,443.57,124.57,317.48,0.6202,-1,-1,-1
50,10,1259.56,436.35,39.46,110.61,0.4423,-1,-1,-1
50,5,701.09,453.60,63.68,209.85,0.3771,-1,-1,-1
50,12,1498.64,436.40,38.47,119.45,0.3530,-1,-1,-1
51,1,1818.87,383.91,101.65,498.79,0.8291,-1,-1,-1
51,2,618.72,441.45,99.41,272.33,0.7625,-1,-1,-1
51,3,455.85,443.46,133.74,315.51,0.6074,-1,-1,-1
51,11,455.47,443.28,134.10,315.86,0.6074,-1,-1,-1
51,10,1259.69,435.55,39.39,111.52,0.4812,-1,-1,-1
51,5,701.50,457.35,65.54,206.45,0.3362,-1,-1,-1
51,15,582.19,439.58,50.09,145.34,0.3439,-1,-1,-1
51,12,1500.66,438.00,41.44,117.00,0.4200,-1,-1,-1
52,1,1826.98,385.10,92.96,495.76,0.8109,-1,-1,-1
52,2,619.73,442.30,99.17,271.63,0.7491,-1,-1,-1
52,3,463.40,444.45,127.29,315.21,0.6583,-1,-1,-1
52,11,463.02,444.29,127.65,315.51,0.6583,-1,-1,-1
52,10,1259.64,433.38,38.60,112.78,0.4705,-1,-1,-1
52,5,701.55,457.67,68.21,206.21,0.3014,-1,-1,-1
52,15,587.32,444.02,46.72,140.41,0.3522,-1,-1,-1
52,12,1501.68,437.23,45.04,118.10,0.4076,-1,-1,-1
52,14,1080.31,452.44,52.28,142.80,0.3608,-1,-1,-1
53,1,1829.21,383.94,90.76,499.88,0.7787,-1,-1,-1
53,2,620.78,443.18,97.42,270.47,0.7479,-1,-1,-1
53,3,463.72,445.79,127.60,313.04,0.6521,-1,-1,-1
53,11,463.40,445.65,127.91,313.30,0.6521,-1,-1,-1
53,10,1259.49,431.30,40.03,114.69,0.5284,-1,-1,-1
53,5,696.23,456.26,69.77,206.82,0.4763,-1,-1,-1
53,15,590.65,448.72,44.49,135.72,0.3016,-1,-1,-1
53,12,1501.39,434.58,50.42,120.49,0.3675,-1,-1,-1
53,16,1523.70,434.39,37.14,117.81,0.3648,-1,-1,-1
54,1,1825.91,388.62,94.43,497.79,0.7337,-1,-1,-1
54,2,622.84,442.76,96.52,271.81,0.7377,-1,-1,-1
54,3,466.58,445.91,125.36,313.96,0.6934,-1,-1,-1
54,11,466.29,445.79,125.64,314.19,0.6934,-1,-1,-1
54,10,1259.46,430.64,40.12,114.98,0.5063,-1,-1,-1
54,5,694.20,454.45,76.89,208.32,0.3682,-1,-1,-1
54,16,1526.67,441.33,35.48,111.83,0.4731,-1,-1,-1
55,1,1825.73,411.23,94.73,476.45,0.7186,-1,-1,-1
55,2,623.55,442.21,93.62,272.69,0.7448,-1,-1,-1
55,3,469.25,445.30,122.22,315.01,0.7045,-1,-1,-1
55,11,469.00,445.19,122.46,315.22,0.7045,-1,-1,-1
55,10,1259.63,429.83,40.22,116.02,0.5005,-1,-1,-1
55,5,693.12,455.98,76.29,207.07,0.3818,-1,-1,-1
55,16,1529.57,438.31,36.59,114.43,0.4749,-1,-1,-1
55,15,587.10,449.23,47.98,135.05,0.3505,-1,-1,-1
56,1,1827.26,429.17,92.76,458.43,0.5919,-1,-1,-1
56,2,623.82,441.68,92.80,273.32,0.7329,-1,-1,-1
56,3,471.56,445.43,119.84,314.41,0.7116,-1,-1,-1
56,11,471.34,445.33,120.05,314.60,0.7116,-1,-1,-1
56,10,1259.89,427.30,40.45,118.27,0.5103,-1,-1,-1
56,5,694.39,456.42,70.76,206.40,0.4708,-1,-1,-1
56,16,1531.63,441.43,35.08,111.09,0.4985,-1,-1,-1
56,15,585.42,446.66,49.88,137.51,0.3661,-1,-1,-1
57,1,1829.65,407.86,90.18,479.64,0.3788,-1,-1,-1
57,2,623.92,442.33,91.26,272.95,0.7314,-1,-1,-1
57,3,470.92,446.69,120.90,313.11,0.6682,-1,-1,-1
57,11,470.73,446.61,121.07,313.27,0.6682,-1,-1,-1
57,10,1260.18,430.64,39.94,114.58,0.5175,-1,-1,-1
57,5,694.49,456.22,69.74,208.69,0.5811,-1,-1,-1
57,16,1533.46,438.59,35.21,113.53,0.4886,-1,-1,-1
57,15,583.69,442.66,49.34,142.50,0.4223,-1,-1,-1
58,1,1831.36,429.65,88.44,457.38,0.3319,-1,-1,-1
58,2,625.52,443.35,92.58,271.82,0.7337,-1,-1,-1
58,3,473.17,445.78,119.31,312.57,0.6648,-1,-1,-1
58,11,473.01,445.71,119.47,312.71,0.6648,-1,-1,-1
58,10,1260.53,432.26,40.40,113.08,0.5224,-1,-1,-1
58,16,1534.25,436.35,34.09,115.84,0.4184,-1,-1,-1
58,15,582.83,445.56,48.73,139.88,0.3945,-1,-1,-1
59,2,626.32,443.04,92.63,271.96,0.7172,-1,-1,-1
59,3,474.55,443.97,119.50,315.66,0.7116,-1,-1,-1
59,11,474.41,443.90,119.64,315.78,0.7116,-1,-1,-1
59,10,1260.29,432.66,42.16,112.60,0.5377,-1,-1,-1
59,16,1536.75,434.72,32.92,118.28,0.3591,-1,-1,-1
59,15,583.57,448.13,49.47,136.31,0.3648,-1,-1,-1
59,5,696.48,459.34,69.53,211.27,0.4736,-1,-1,-1
60,2,625.85,443.15,92.92,274.04,0.7132,-1,-1,-1
60,3,473.55,442.16,125.07,318.32,0.7233,-1,-1,-1
60,11,473.42,442.11,125.19,318.42,0.7233,-1,-1,-1
60,10,1260.02,434.46,42.35,111.30,0.5482,-1,-1,-1
60,15,583.81,449.93,50.16,134.30,0.3243,-1,-1,-1
60,5,697.57,457.01,68.70,214.91,0.5750,-1,-1,-1
61,2,624.95,443.63,93.54,276.42,0.7075,-1,-1,-1
61,3,473.76,443.16,131.56,316.80,0.6856,-1,-1,-1
61,11,473.65,443.11,131.66,316.90,0.6856,-1,-1,-1
61,10,1259.65,430.02,42.53,115.76,0.5334,-1,-1,-1
61,5,698.92,456.48,67.91,216.34,0.5448,-1,-1,-1
62,2,624.18,444.48,91.65,275.77,0.7224,-1,-1,-1
62,3,478.16,442.92,134.79,318.20,0.7249,-1,-1,-1
62,11,478.05,442.88,134.88,318.28,0.7249,-1,-1,-1
62,10,1259.49,430.27,41.41,115.20,0.5512,-1,-1,-1
62,5,698.95,455.02,67.33,218.24,0.6201,-1,-1,-1
63,2,621.51,444.01,92.99,278.97,0.7393,-1,-1,-1
63,3,479.17,441.15,138.14,319.68,0.7251,-1,-1,-1
63,11,479.08,441.11,138.23,319.76,0.7251,-1,-1,-1
63,10,1259.61,431.10,40.68,113.88,0.5324,-1,-1,-1
63,5,697.47,457.66,69.01,215.25,0.6620,-1,-1,-1
64,2,619.78,444.22,93.21,278.78,0.7432,-1,-1,-1
64,3,483.02,441.85,139.04,318.90,0.7205,-1,-1,-1
64,11,482.93,441.81,139.12,318.96,0.7205,-1,-1,-1
64,10,1259.41,433.21,40.23,111.15,0.5248,-1,-1,-1
64,5,697.08,453.89,69.37,219.88,0.6377,-1,-1,-1
65,2,619.34,446.48,92.61,277.11,0.7429,-1,-1,-1
65,3,491.98,444.44,134.72,316.95,0.7891,-1,-1,-1
65,11,491.91,444.41,134.79,317.01,0.7891,-1,-1,-1
65,10,1259.15,437.35,40.21,107.16,0.5287,-1,-1,-1
65,5,696.31,451.19,69.09,224.63,0.6806,-1,-1,-1
66,2,620.12,447.70,91.34,276.19,0.7595,-1,-1,-1
66,3,494.99,446.53,138.34,317.04,0.7284,-1,-1,-1
66,11,494.93,446.50,138.40,317.09,0.7284,-1,-1,-1
66,10,1259.00,438.89,40.35,105.76,0.5299,-1,-1,-1
66,5,697.56,452.68,68.93,223.61,0.6783,-1,-1,-1
67,2,619.43,447.43,92.22,275.49,0.7469,-1,-1,-1
67,3,490.02,447.16,146.48,320.74,0.6449,-1,-1,-1
67,11,489.96,447.14,146.53,320.79,0.6449,-1,-1,-1
67,10,1259.86,440.93,39.05,103.44,0.5143,-1,-1,-1
67,5,698.09,453.52,70.47,223.78,0.6747,-1,-1,-1
67,12,1542.75,422.40,41.04,128.77,0.4049,-1,-1,-1
68,2,617.05,446.69,95.11,275.46,0.7347,-1,-1,-1
68,3,488.57,448.53,150.62,318.49,0.6441,-1,-1,-1
68,11,488.51,448.51,150.67,318.54,0.6441,-1,-1,-1
68,10,1259.97,437.56,39.28,106.98,0.4908,-1,-1,-1
68,5,699.36,455.08,70.95,221.36,0.6769,-1,-1,-1
68,12,1544.34,427.81,39.79,123.64,0.3741,-1,-1,-1
69,2,614.97,446.89,96.94,275.26,0.7571,-1,-1,-1
69,3,488.84,446.92,153.42,320.45,0.6178,-1,-1,-1
69,11,488.80,446.90,153.47,320.49,0.6178,-1,-1,-1
69,10,1259.92,437.16,39.18,107.27,0.5127,-1,-1,-1
69,5,698.22,456.22,72.14,221.02,0.6660,-1,-1,-1
69,12,1543.30,422.64,42.61,129.05,0.4737,-1,-1,-1
70,2,612.12,446.19,99.57,275.17,0.7602,-1,-1,-1
70,3,491.58,444.32,150.57,322.10,0.7277,-1,-1,-1
70,11,491.53,444.31,150.61,322.13,0.7277,-1,-1,-1
70,10,1259.75,437.75,39.14,106.70,0.5124,-1,-1,-1
70,5,698.29,457.47,71.89,220.37,0.6304,-1,-1,-1
70,12,1543.39,420.63,45.17,131.70,0.5866,-1,-1,-1
71,2,611.14,445.77,100.02,276.06,0.7686,-1,-1,-1
71,3,495.97,443.37,147.40,323.61,0.7339,-1,-1,-1
71,11,495.93,443.36,147.44,323.64,0.7339,-1,-1,-1
71,10,1259.66,437.38,39.20,107.10,0.5172,-1,-1,-1
71,5,698.57,458.68,69.39,219.94,0.5866,-1,-1,-1
71,12,1543.22,420.38,46.72,132.32,0.5760,-1,-1,-1
72,2,611.82,444.80,98.37,277.15,0.7655,-1,-1,-1
72,3,498.22,443.79,145.66,323.44,0.7412,-1,-1,-1
72,11,498.19,443.78,145.69,323.46,0.7412,-1,-1,-1
72,10,1259.68,432.16,39.94,112.30,0.5145,-1,-1,-1
72,5,698.96,458.65,70.13,220.96,0.5837,-1,-1,-1
72,12,1543.37,420.38,46.30,132.19,0.5699,-1,-1,-1
73,2,614.26,443.90,96.32,278.02,0.7676,-1,-1,-1
73,3,501.97,444.43,142.07,323.50,0.7758,-1,-1,-1
73,11,501.94,444.42,142.10,323.52,0.7758,-1,-1,-1
73,10,1259.79,431.25,40.22,112.97,0.5074,-1,-1,-1
73,5,700.11,458.60,70.75,220.47,0.5996,-1,-1,-1
73,12,1545.52,419.36,44.53,132.80,0.5323,-1,-1,-1
74,2,617.63,442.86,92.88,280.10,0.7757,-1,-1,-1
74,3,506.02,444.18,139.96,326.28,0.7379,-1,-1,-1
74,11,505.99,444.17,139.98,326.30,0.7379,-1,-1,-1
74,10,1260.19,429.06,40.49,115.48,0.5172,-1,-1,-1
74,5,701.55,455.97,74.69,222.08,0.5739,-1,-1,-1
75,2,619.65,441.01,89.43,282.44,0.7706,-1,-1,-1
75,3,507.13,442.67,138.94,326.34,0.7339,-1,-1,-1
75,11,507.10,442.67,138.96,326.35,0.7339,-1,-1,-1
75,10,1259.72,428.35,40.93,116.70,0.5276,-1,-1,-1
75,5,702.31,455.07,75.82,221.74,0.6329,-1,-1,-1
76,2,621.74,441.36,87.20,282.09,0.7708,-1,-1,-1
76,3,512.38,445.34,132.24,321.82,0.7659,-1,-1,-1
76,11,512.36,445.33,132.26,321.83,0.7659,-1,-1,-1
76,10,1259.79,427.84,41.24,117.03,0.5213,-1,-1,-1
76,5,702.42,452.17,79.22,224.51,0.6644,-1,-1,-1
77,2,622.52,441.09,85.27,283.85,0.7672,-1,-1,-1
77,3,517.38,446.54,127.07,320.32,0.7638,-1,-1,-1
77,11,517.36,446.53,127.09,320.34,0.7638,-1,-1,-1
77,10,1259.86,427.64,41.27,117.12,0.5267,-1,-1,-1
77,5,701.74,448.41,82.82,228.21,0.6311,-1,-1,-1
78,2,626.61,441.40,81.59,281.91,0.7763,-1,-1,-1
78,3,517.08,445.69,126.85,321.60,0.7205,-1,-1,-1
78,11,517.06,445.68,126.86,321.61,0.7205,-1,-1,-1
78,10,1260.76,438.59,40.01,105.75,0.4773,-1,-1,-1
78,5,702.39,451.46,86.09,225.76,0.6610,-1,-1,-1
79,2,629.16,440.62,78.93,282.34,0.7683,-1,-1,-1
79,3,515.96,446.08,127.37,322.47,0.5523,-1,-1,-1
79,11,548.60,447.45,99.94,318.70,0.4502,-1,-1,-1
79,10,1260.91,438.89,40.43,105.45,0.4630,-1,-1,-1
79,5,703.84,455.70,90.89,221.37,0.6625,-1,-1,-1
80,2,630.26,439.70,79.26,283.79,0.7412,-1,-1,-1
80,3,511.58,445.78,133.45,324.72,0.5070,-1,-1,-1
80,11,553.17,448.51,98.30,318.77,0.3769,-1,-1,-1
80,10,1260.94,437.29,40.92,107.09,0.4883,-1,-1,-1
80,5,706.25,457.60,95.14,219.96,0.7267,-1,-1,-1
81,2,631.53,437.30,80.46,287.73,0.7146,-1,-1,-1
81,3,508.44,445.57,137.90,327.69,0.4905,-1,-1,-1
81,11,551.22,448.55,96.21,324.79,0.4597,-1,-1,-1
81,10,1260.96,435.43,41.15,108.90,0.4970,-1,-1,-1
81,5,707.64,458.34,98.53,220.16,0.7116,-1,-1,-1
82,2,632.55,438.59,79.73,288.26,0.6814,-1,-1,-1
82,3,503.91,448.72,114.31,310.69,0.4511,-1,-1,-1
82,11,557.16,448.00,89.58,329.99,0.5208,-1,-1,-1
82,10,1261.13,438.47,40.73,106.14,0.5000,-1,-1,-1
82,5,708.35,458.64,103.43,220.45,0.7306,-1,-1,-1
82,19,487.99,447.85,51.66,132.07,0.3795,-1,-1,-1
83,2,633.57,440.40,80.34,288.26,0.6484,-1,-1,-1
83,3,502.57,450.40,103.68,305.01,0.5310,-1,-1,-1
83,11,563.41,445.61,83.58,334.81,0.4476,-1,-1,-1
83,10,1261.63,435.34,41.29,109.52,0.4573,-1,-1,-1
83,5,710.44,458.33,104.88,222.09,0.7128,-1,-1,-1
83,19,489.40,448.19,50.06,128.01,0.3089,-1,-1,-1
84,2,633.18,441.89,85.25,288.33,0.5866,-1,-1,-1
84,3,505.79,451.26,95.97,294.47,0.4673,-1,-1,-1
84,11,566.46,443.19,82.34,338.61,0.5377,-1,-1,-1
84,10,1262.21,435.63,40.62,109.42,0.4270,-1,-1,-1
84,5,711.68,460.02,107.74,221.10,0.7028,-1,-1,-1
84,19,487.99,448.59,50.69,131.28,0.3263,-1,-1,-1
85,2,632.66,443.58,86.72,288.13,0.5711,-1,-1,-1
85,3,509.14,451.89,92.97,298.54,0.4013,-1,-1,-1
85,11,559.96,439.73,88.91,344.95,0.4759,-1,-1,-1
85,10,1262.99,439.08,39.82,105.79,0.3931,-1,-1,-1
85,5,716.60,458.79,104.44,223.56,0.7238,-1,-1,-1
85,19,487.18,448.17,52.62,133.36,0.3928,-1,-1,-1
86,2,632.60,444.10,91.47,288.49,0.5456,-1,-1,-1
86,3,513.84,452.41,91.19,302.75,0.4522,-1,-1,-1
86,11,554.95,440.47,91.19,343.87,0.3968,-1,-1,-1
86,10,1263.41,440.09,39.37,104.49,0.4200,-1,-1,-1
86,5,719.31,457.31,102.12,225.26,0.7347,-1,-1,-1
86,19,488.18,448.95,52.46,134.86,0.4018,-1,-1,-1
87,2,634.32,443.81,90.26,288.58,0.5310,-1,-1,-1
87,3,514.49,452.67,92.59,306.13,0.4478,-1,-1,-1
87,11,551.90,440.89,94.89,343.38,0.4050,-1,-1,-1
87,10,1262.87,434.45,39.51,109.69,0.4075,-1,-1,-1
87,5,720.38,456.41,101.69,225.40,0.7198,-1,-1,-1
87,19,488.19,450.57,51.07,134.11,0.3494,-1,-1,-1
88,2,635.99,446.11,93.08,286.61,0.5827,-1,-1,-1
88,3,514.10,451.69,93.76,306.94,0.4861,-1,-1,-1
88,11,554.85,441.05,94.04,342.78,0.4498,-1,-1,-1
88,10,1262.75,431.52,40.03,112.60,0.4245,-1,-1,-1
88,5,723.19,454.37,99.34,227.66,0.6862,-1,-1,-1
88,21,590.12,449.49,72.91,280.67,0.3929,-1,-1,-1
89,2,638.41,448.72,93.68,284.53,0.5881,-1,-1,-1
89,3,511.16,450.86,94.91,306.19,0.5514,-1,-1,-1
89,11,562.69,443.15,86.72,340.08,0.4145,-1,-1,-1
89,10,1262.58,431.22,40.58,113.22,0.4326,-1,-1,-1
89,5,724.60,452.12,99.00,230.13,0.7351,-1,-1,-1
89,21,588.72,450.15,74.03,280.23,0.4552,-1,-1,-1
90,2,641.67,446.62,90.65,286.19,0.6022,-1,-1,-1
90,3,514.13,449.56,94.98,305.47,0.5634,-1,-1,-1
90,11,563.91,440.30,85.46,343.63,0.3946,-1,-1,-1
90,10,1262.19,434.59,40.88,109.66,0.4309,-1,-1,-1
90,5,728.11,451.75,96.22,230.63,0.7265,-1,-1,-1
90,21,591.11,449.27,72.76,281.11,0.4331,-1,-1,-1
91,2,643.62,443.27,91.75,290.68,0.6814,-1,-1,-1
91,3,513.19,449.38,96.54,300.44,0.6319,-1,-1,-1
91,11,572.12,444.68,79.19,341.12,0.4092,-1,-1,-1
91,10,1261.69,437.00,39.07,108.43,0.3939,-1,-1,-1
91,5,731.61,453.41,93.21,229.03,0.6912,-1,-1,-1
91,21,584.65,447.06,79.90,284.33,0.5621,-1,-1,-1
91,14,1074.15,462.95,57.07,132.35,0.3910,-1,-1,-1
92,2,642.76,439.52,94.53,294.93,0.6772,-1,-1,-1
92,3,511.88,448.42,97.87,301.43,0.6139,-1,-1,-1
92,11,569.75,438.34,80.43,351.85,0.4848,-1,-1,-1
92,10,1260.69,436.65,39.64,108.97,0.4563,-1,-1,-1
92,5,732.84,453.99,93.15,228.16,0.6874,-1,-1,-1
92,21,582.89,445.68,82.02,286.22,0.4986,-1,-1,-1
92,14,1075.90,458.87,55.27,135.51,0.3438,-1,-1,-1
93,2,641.80,438.69,96.54,296.06,0.6733,-1,-1,-1
93,3,511.82,448.04,98.45,302.15,0.6227,-1,-1,-1
93,11,571.28,436.04,78.52,357.60,0.4810,-1,-1,-1
93,10,1260.36,436.12,39.78,109.53,0.4624,-1,-1,-1
93,5,735.28,456.54,91.96,225.24,0.7076,-1,-1,-1
93,21,583.56,445.54,81.37,286.42,0.4922,-1,-1,-1
93,14,1076.65,458.51,54.90,136.23,0.4071,-1,-1,-1
94,2,643.48,439.44,95.08,297.30,0.7237,-1,-1,-1
94,3,515.19,448.57,94.93,302.28,0.5699,-1,-1,-1
94,11,567.76,434.57,81.91,362.39,0.4398,-1,-1,-1
94,10,1260.25,436.95,39.97,108.82,0.4625,-1,-1,-1
94,5,737.89,454.89,91.30,226.84,0.7048,-1,-1,-1
94,21,588.43,446.06,75.94,287.36,0.4786,-1,-1,-1
94,14,1076.26,462.64,54.37,132.22,0.3343,-1,-1,-1
95,2,643.28,439.92,97.43,297.95,0.7413,-1,-1,-1
95,3,513.18,448.36,96.42,301.93,0.5600,-1,-1,-1
95,11,561.79,433.54,87.17,365.62,0.4046,-1,-1,-1
95,10,1258.71,435.92,41.67,110.16,0.5238,-1,-1,-1
95,5,740.10,453.00,90.15,229.69,0.6683,-1,-1,-1
95,21,587.51,446.30,77.16,283.70,0.4523,-1,-1,-1
96,2,642.65,440.90,98.31,297.42,0.7595,-1,-1,-1
96,3,510.41,447.20,97.53,303.35,0.5007,-1,-1,-1
96,11,551.81,438.33,102.35,362.01,0.3816,-1,-1,-1
96,10,1258.15,435.22,41.71,111.18,0.4772,-1,-1,-1
96,5,744.08,454.47,87.68,228.67,0.6825,-1,-1,-1
96,21,587.04,446.37,78.19,280.77,0.4054,-1,-1,-1
97,2,644.28,441.34,98.08,296.87,0.7520,-1,-1,-1
97,3,509.18,446.69,98.64,303.32,0.5032,-1,-1,-1
97,11,536.83,443.99,119.63,350.00,0.3685,-1,-1,-1
97,10,1257.99,433.51,41.37,112.62,0.4491,-1,-1,-1
97,5,747.15,455.77,87.61,229.16,0.6975,-1,-1,-1
97,21,586.09,446.30,78.73,281.00,0.3891,-1,-1,-1
98,2,645.99,442.29,98.76,296.15,0.7792,-1,-1,-1
98,3,506.48,446.58,100.18,304.34,0.5049,-1,-1,-1
98,11,545.60,441.90,117.18,355.83,0.5219,-1,-1,-1
98,10,1257.54,436.69,41.99,109.76,0.5486,-1,-1,-1
98,5,751.02,457.42,87.42,228.58,0.7152,-1,-1,-1
98,21,583.99,445.67,81.49,293.75,0.3297,-1,-1,-1
99,2,647.23,442.59,99.41,295.89,0.7606,-1,-1,-1
99,3,502.22,444.79,104.69,304.83,0.5339,-1,-1,-1
99,11,556.50,442.93,108.84,356.25,0.5669,-1,-1,-1
99,10,1257.78,439.37,41.09,107.14,0.5311,-1,-1,-1
99,5,751.55,456.68,89.06,229.65,0.7761,-1,-1,-1
99,21,570.19,444.08,95.78,335.11,0.5669,-1,-1,-1
100,2,648.29,442.11,100.99,296.91,0.6840,-1,-1,-1
100,3,498.49,441.33,105.04,304.09,0.5654,-1,-1,-1
100,11,545.06,445.10,118.48,348.88,0.3600,-1,-1,-1
100,10,1257.89,441.12,40.50,105.64,0.5535,-1,-1,-1
100,5,753.67,454.53,87.00,231.73,0.7635,-1,-1,-1
100,21,570.17,444.11,97.06,348.79,0.5904,-1,-1,-1
101,2,648.39,442.50,104.23,296.87,0.7108,-1,-1,-1
101,3,496.53,442.33,108.31,305.08,0.5476,-1,-1,-1
101,11,554.39,443.12,113.30,355.83,0.6094,-1,-1,-1
101,10,1257.80,441.73,39.74,105.00,0.5546,-1,-1,-1
101,5,755.11,455.60,85.38,232.14,0.7579,-1,-1,-1
101,21,580.66,444.17,85.66,347.70,0.4163,-1,-1,-1
102,2,650.09,441.89,103.36,294.44,0.7176,-1,-1,-1
102,3,497.18,441.23,104.08,305.30,0.5780,-1,-1,-1
102,11,561.81,443.95,107.27,357.26,0.6214,-1,-1,-1
102,10,1256.91,441.00,37.78,105.93,0.5570,-1,-1,-1
102,5,754.82,456.59,87.60,231.08,0.7433,-1,-1,-1
102,21,570.35,444.12,97.95,356.35,0.6214,-1,-1,-1
103,2,650.95,440.89,105.63,294.54,0.7067,-1,-1,-1
103,3,498.19,443.34,101.11,302.39,0.5501,-1,-1,-1
103,11,565.13,444.29,106.35,357.84,0.5751,-1,-1,-1
103,10,1257.88,442.73,37.27,104.02,0.4840,-1,-1,-1
103,5,754.51,457.07,87.56,228.72,0.7246,-1,-1,-1
103,21,567.30,444.14,103.48,359.57,0.5751,-1,-1,-1
104,2,653.57,440.54,105.54,295.64,0.7207,-1,-1,-1
104,3,498.79,444.75,105.94,305.33,0.3812,-1,-1,-1
104,11,552.44,440.76,120.48,361.68,0.6641,-1,-1,-1
104,10,1256.80,442.54,36.65,104.80,0.4853,-1,-1,-1
104,5,755.41,457.78,87.35,229.44,0.7326,-1,-1,-1
104,21,552.82,440.57,119.54,364.15,0.6641,-1,-1,-1
105,2,655.40,439.97,105.74,297.30,0.7537,-1,-1,-1
105,11,541.46,437.88,132.72,363.51,0.7286,-1,-1,-1
105,10,1256.71,442.86,36.62,104.59,0.4586,-1,-1,-1
105,5,758.62,459.32,85.61,231.73,0.7589,-1,-1,-1
105,21,540.97,437.69,132.72,366.12,0.7286,-1,-1,-1
106,2,656.89,441.24,105.94,295.40,0.7511,-1,-1,-1
106,11,535.89,438.17,139.67,363.53,0.6724,-1,-1,-1
106,10,1255.58,442.40,38.16,105.76,0.4402,-1,-1,-1
106,5,760.08,459.06,85.40,233.69,0.7376,-1,-1,-1
106,21,534.98,437.97,140.14,366.02,0.6724,-1,-1,-1
107,2,658.19,441.22,108.77,295.28,0.7627,-1,-1,-1
107,11,533.98,438.51,143.97,362.77,0.6664,-1,-1,-1
107,10,1255.84,444.75,34.19,101.87,0.3549,-1,-1,-1
107,5,761.84,459.57,85.10,235.26,0.7348,-1,-1,-1
107,21,532.93,438.31,144.61,365.07,0.6664,-1,-1,-1
108,2,659.95,439.29,107.10,296.30,0.7569,-1,-1,-1
108,11,536.92,437.33,143.32,365.98,0.6895,-1,-1,-1
108,5,761.23,455.88,87.32,242.03,0.7147,-1,-1,-1
108,21,535.82,437.16,144.04,368.00,0.6895,-1,-1,-1
109,2,660.83,438.54,108.35,298.21,0.7368,-1,-1,-1
109,11,539.19,437.11,144.45,367.42,0.6967,-1,-1,-1
109,5,762.06,455.29,87.66,243.52,0.6722,-1,-1,-1
109,21,538.15,436.95,145.15,369.24,0.6967,-1,-1,-1
110,2,662.17,437.91,105.46,301.04,0.7534,-1,-1,-1
110,11,540.19,437.82,145.52,367.49,0.6860,-1,-1,-1
110,5,761.22,456.76,88.96,242.56,0.7076,-1,-1,-1
110,21,539.22,437.67,146.18,369.11,0.6860,-1,-1,-1
111,2,662.87,437.86,106.63,305.17,0.7663,-1,-1,-1
111,11,540.32,440.11,148.43,366.94,0.6626,-1,-1,-1
111,5,761.02,455.83,88.89,243.17,0.7134,-1,-1,-1
111,21,539.43,439.97,149.02,368.39,0.6626,-1,-1,-1
111,3,503.01,446.79,92.60,300.46,0.3627,-1,-1,-1
111,10,1247.49,439.97,34.42,105.76,0.4356,-1,-1,-1
112,2,665.54,437.88,105.34,306.70,0.7777,-1,-1,-1
112,11,540.55,437.66,147.93,368.45,0.6822,-1,-1,-1
112,5,761.48,452.87,88.32,246.81,0.7238,-1,-1,-1
112,21,539.74,437.55,148.49,369.72,0.6822,-1,-1,-1
112,10,1244.79,439.50,36.59,106.62,0.4787,-1,-1,-1
113,2,666.89,437.85,105.93,311.95,0.7861,-1,-1,-1
113,11,546.68,436.17,141.43,370.16,0.6970,-1,-1,-1
113,5,763.37,451.71,87.09,247.81,0.7145,-1,-1,-1
113,21,545.93,436.07,141.97,371.28,0.6970,-1,-1,-1
113,10,1244.37,440.21,36.18,105.99,0.4759,-1,-1,-1
113,14,1075.96,441.61,56.93,155.48,0.3533,-1,-1,-1
114,2,668.69,438.89,103.56,314.71,0.7899,-1,-1,-1
114,11,540.39,434.66,148.70,371.56,0.6817,-1,-1,-1
114,5,764.64,453.22,87.54,245.71,0.7038,-1,-1,-1
114,21,569.34,438.87,116.22,363.44,0.3397,-1,-1,-1
114,10,1243.29,440.71,36.53,104.85,0.5743,-1,-1,-1
114,14,1077.45,440.74,56.15,155.74,0.3853,-1,-1,-1
115,2,670.00,438.90,101.56,314.38,0.7876,-1,-1,-1
115,11,557.26,435.61,132.31,370.82,0.6533,-1,-1,-1
115,5,766.54,454.40,88.62,244.52,0.6930,-1,-1,-1
115,21,567.99,437.16,120.24,368.27,0.6533,-1,-1,-1
115,10,1242.09,440.81,36.90,103.38,0.5540,-1,-1,-1
115,14,1080.50,439.74,54.88,155.70,0.3433,-1,-1,-1
116,2,672.37,438.89,98.23,312.43,0.7857,-1,-1,-1
116,11,559.46,435.35,130.13,372.26,0.6312,-1,-1,-1
116,5,767.52,451.97,88.79,247.36,0.6743,-1,-1,-1
116,21,562.97,435.87,126.10,371.78,0.6312,-1,-1,-1
116,10,1240.69,441.18,37.48,102.49,0.5973,-1,-1,-1
116,14,1082.50,441.32,53.22,154.08,0.4029,-1,-1,-1
117,2,672.80,439.90,98.45,311.98,0.7957,-1,-1,-1
117,11,550.07,434.53,139.12,373.05,0.6800,-1,-1,-1
117,5,770.23,452.20,86.84,246.68,0.6473,-1,-1,-1
117,21,551.18,434.67,137.80,373.31,0.6800,-1,-1,-1
117,10,1241.10,441.39,36.11,101.14,0.5698,-1,-1,-1
117,14,1082.68,442.49,52.73,151.99,0.4225,-1,-1,-1
118,2,674.67,440.14,94.94,313.75,0.7995,-1,-1,-1
118,11,543.18,435.19,145.69,376.94,0.6853,-1,-1,-1
118,5,770.02,454.36,83.44,244.87,0.6584,-1,-1,-1
118,21,543.24,435.19,145.53,377.43,0.6853,-1,-1,-1
118,10,1240.86,442.20,35.96,99.90,0.5427,-1,-1,-1
118,14,1082.51,440.79,53.55,154.45,0.4554,-1,-1,-1
119,2,675.27,440.62,94.51,317.94,0.8141,-1,-1,-1
119,11,528.69,439.40,161.78,379.11,0.7319,-1,-1,-1
119,5,769.20,452.50,88.78,245.56,0.7127,-1,-1,-1
119,21,528.43,439.34,161.96,379.65,0.7319,-1,-1,-1
119,10,1239.54,442.85,36.78,98.00,0.5295,-1,-1,-1
119,14,1083.03,443.09,53.17,151.64,0.4186,-1,-1,-1
120,2,677.25,441.33,94.31,319.51,0.8120,-1,-1,-1
120,11,524.09,442.55,167.62,378.72,0.7667,-1,-1,-1
120,5,770.19,451.96,92.05,246.91,0.7124,-1,-1,-1
120,21,523.64,442.48,168.00,379.24,0.7667,-1,-1,-1
120,10,1237.95,442.94,37.39,100.10,0.5371,-1,-1,-1
120,14,1082.70,444.26,52.86,150.55,0.3525,-1,-1,-1
121,2,678.59,441.28,93.81,320.72,0.8157,-1,-1,-1
121,11,521.12,444.61,173.17,378.74,0.7730,-1,-1,-1
121,5,769.01,453.45,98.15,245.84,0.6841,-1,-1,-1
121,21,520.62,444.54,173.60,379.21,0.7730,-1,-1,-1
121,10,1238.46,443.17,35.09,101.03,0.4970,-1,-1,-1
121,14,1082.92,445.41,52.66,149.75,0.3513,-1,-1,-1
122,2,680.54,440.42,95.28,320.80,0.8005,-1,-1,-1
122,11,521.99,445.92,174.98,380.36,0.8126,-1,-1,-1
122,5,773.72,452.72,102.71,248.12,0.5888,-1,-1,-1
122,21,521.49,445.86,175.42,380.78,0.8126,-1,-1,-1
122,10,1236.89,445.44,34.37,99.92,0.4612,-1,-1,-1
122,14,1083.89,449.05,51.58,145.93,0.3730,-1,-1,-1
123,2,683.05,439.52,93.87,322.81,0.8127,-1,-1,-1
123,11,524.59,443.76,174.98,385.99,0.8010,-1,-1,-1
123,5,773.99,456.67,107.92,244.98,0.7214,-1,-1,-1
123,21,524.11,443.70,175.41,386.37,0.8010,-1,-1,-1
123,10,1236.04,450.52,35.01,96.22,0.5373,-1,-1,-1
123,14,1084.53,448.60,50.72,146.25,0.3629,-1,-1,-1
124,2,684.76,438.56,92.94,325.18,0.8053,-1,-1,-1
124,11,526.55,442.69,174.95,391.38,0.6876,-1,-1,-1
124,5,774.78,456.99,109.93,245.42,0.7236,-1,-1,-1
124,21,526.11,442.65,175.34,391.71,0.6876,-1,-1,-1
124,10,1235.39,453.78,35.48,93.43,0.5575,-1,-1,-1
124,14,1085.79,449.12,49.44,144.93,0.3515,-1,-1,-1
125,2,685.28,437.77,92.36,327.07,0.8170,-1,-1,-1
125,11,526.53,442.26,176.97,391.84,0.7677,-1,-1,-1
125,5,778.60,459.54,108.77,244.07,0.7425,-1,-1,-1
125,21,526.14,442.22,177.32,392.14,0.7677,-1,-1,-1
125,10,1233.52,454.62,36.24,93.94,0.5475,-1,-1,-1
125,14,1083.51,453.81,49.96,140.14,0.3691,-1,-1,-1
126,2,685.55,437.73,94.23,327.39,0.8111,-1,-1,-1
126,11,544.60,442.19,156.48,391.45,0.6423,-1,-1,-1
126,5,780.26,457.78,105.73,246.33,0.7282,-1,-1,-1
126,21,544.20,442.15,156.85,391.72,0.6423,-1,-1,-1
126,10,1230.42,453.39,38.28,95.97,0.5450,-1,-1,-1
126,14,1082.43,456.66,48.99,137.47,0.3073,-1,-1,-1
127,2,684.81,437.99,96.65,328.21,0.8122,-1,-1,-1
127,11,548.77,440.87,152.54,392.53,0.6704,-1,-1,-1
127,5,782.16,456.96,102.86,248.16,0.7183,-1,-1,-1
127,21,548.45,440.83,152.84,392.76,0.6704,-1,-1,-1
127,10,1227.43,452.46,40.80,97.83,0.5223,-1,-1,-1
127,14,1081.16,458.31,49.82,136.10,0.3095,-1,-1,-1
128,2,684.80,437.71,101.07,329.03,0.8132,-1,-1,-1
128,11,556.58,440.70,147.81,392.24,0.6721,-1,-1,-1
128,5,783.30,461.51,100.91,243.26,0.6857,-1,-1,-1
128,21,556.29,440.67,148.07,392.45,0.6721,-1,-1,-1
128,10,1225.31,454.28,42.44,98.19,0.5056,-1,-1,-1
128,14,1079.72,459.22,52.42,135.50,0.3465,-1,-1,-1
129,2,683.51,437.72,103.43,328.84,0.8329,-1,-1,-1
129,11,557.87,441.46,149.61,391.22,0.6805,-1,-1,-1
129,5,785.39,460.00,101.69,244.19,0.6778,-1,-1,-1
129,21,557.63,441.44,149.83,391.40,0.6805,-1,-1,-1
129,10,1223.18,461.76,44.11,92.47,0.4230,-1,-1,-1
129,14,1082.70,458.54,51.46,136.89,0.3197,-1,-1,-1
130,2,682.38,437.51,105.14,328.98,0.8316,-1,-1,-1
130,11,551.77,441.99,157.97,390.29,0.6633,-1,-1,-1
130,5,787.00,459.42,101.10,244.95,0.7440,-1,-1,-1
130,21,551.57,441.96,158.15,390.45,0.6633,-1,-1,-1
130,10,1222.76,456.54,43.31,97.93,0.4340,-1,-1,-1
130,14,1081.22,460.67,52.39,134.56,0.3687,-1,-1,-1
131,2,682.15,437.05,104.88,330.40,0.8231,-1,-1,-1
131,11,566.38,440.70,144.93,391.16,0.5515,-1,-1,-1
131,5,789.87,459.03,100.58,246.73,0.7644,-1,-1,-1
131,21,566.18,440.68,145.11,391.31,0.5515,-1,-1,-1
131,10,1222.50,462.40,44.56,92.77,0.3967,-1,-1,-1
131,14,1084.24,458.74,51.29,136.65,0.3088,-1,-1,-1
132,2,683.63,436.16,102.99,331.47,0.8129,-1,-1,-1
132,11,570.77,440.35,144.72,390.36,0.5694,-1,-1,-1
132,5,792.16,457.22,100.61,248.89,0.7880,-1,-1,-1
132,21,570.61,440.33,144.86,390.49,0.5694,-1,-1,-1
133,2,684.18,435.71,102.34,331.84,0.8010,-1,-1,-1
133,11,545.09,440.56,169.44,391.23,0.3429,-1,-1,-1
133,5,793.41,457.94,99.81,248.62,0.7891,-1,-1,-1
133,21,584.00,438.83,133.04,391.55,0.6248,-1,-1,-1
133,19,491.08,461.06,41.29,109.38,0.3529,-1,-1,-1
134,2,685.19,434.52,102.99,333.01,0.7910,-1,-1,-1
134,11,568.06,440.22,150.21,390.59,0.6258,-1,-1,-1
134,5,794.98,454.87,101.02,251.11,0.7736,-1,-1,-1
134,21,584.03,439.55,135.36,390.78,0.6258,-1,-1,-1
134,19,491.06,457.58,41.71,112.69,0.3044,-1,-1,-1
135,2,685.38,433.08,104.26,333.25,0.7845,-1,-1,-1
135,11,574.95,440.18,145.76,391.35,0.6394,-1,-1,-1
135,5,793.45,451.89,103.32,254.66,0.7166,-1,-1,-1
135,21,580.67,439.92,140.43,391.48,0.6394,-1,-1,-1
135,19,489.27,460.31,42.08,109.77,0.3709,-1,-1,-1
136,2,685.70,433.06,104.98,332.48,0.7736,-1,-1,-1
136,11,573.82,439.56,148.11,395.59,0.6531,-1,-1,-1
136,5,794.49,450.98,101.22,256.19,0.7076,-1,-1,-1
136,21,575.90,439.46,146.18,395.69,0.6531,-1,-1,-1
136,19,489.83,457.72,41.02,112.58,0.3798,-1,-1,-1
137,2,691.83,433.62,103.05,329.97,0.7812,-1,-1,-1
137,11,585.61,437.44,136.12,408.48,0.6708,-1,-1,-1
137,5,796.80,452.43,98.39,255.62,0.7601,-1,-1,-1
137,21,586.12,437.40,135.70,408.56,0.6708,-1,-1,-1
137,19,490.29,459.78,40.20,110.06,0.3790,-1,-1,-1
138,2,691.30,433.92,106.17,330.62,0.7634,-1,-1,-1
138,11,588.32,437.03,134.40,417.74,0.6509,-1,-1,-1
138,5,801.30,451.24,95.04,258.69,0.7548,-1,-1,-1
138,21,588.34,437.02,134.41,417.81,0.6509,-1,-1,-1
138,19,490.23,459.93,40.28,109.81,0.3530,-1,-1,-1
139,2,693.45,433.50,106.87,331.98,0.7558,-1,-1,-1
139,11,575.57,438.52,148.03,417.77,0.6134,-1,-1,-1
139,5,806.21,450.03,92.42,261.30,0.7271,-1,-1,-1
139,21,575.55,438.52,148.08,417.82,0.6134,-1,-1,-1
139,19,491.89,459.74,39.30,110.73,0.4722,-1,-1,-1
140,2,692.99,433.95,111.22,331.81,0.7594,-1,-1,-1
140,11,569.65,438.36,154.81,417.74,0.5618,-1,-1,-1
140,5,811.58,451.61,82.81,262.86,0.6994,-1,-1,-1
140,21,569.57,438.36,154.90,417.79,0.5618,-1,-1,-1
140,19,492.13,460.20,38.72,111.27,0.4331,-1,-1,-1
140,10,1216.74,450.40,34.72,102.88,0.3417,-1,-1,-1
141,2,692.58,433.13,114.68,334.05,0.7575,-1,-1,-1
141,11,563.35,438.40,160.68,419.05,0.5603,-1,-1,-1
141,5,815.37,451.63,82.41,262.40,0.6511,-1,-1,-1
141,21,563.28,438.40,160.78,419.10,0.5603,-1,-1,-1
141,19,491.74,459.55,39.55,112.04,0.3644,-1,-1,-1
141,10,1214.01,448.71,36.55,104.82,0.4119,-1,-1,-1
142,2,693.08,433.37,122.51,332.49,0.7614,-1,-1,-1
142,11,557.49,438.68,166.37,415.43,0.5183,-1,-1,-1
142,5,816.53,448.30,86.09,267.79,0.6417,-1,-1,-1
142,21,557.42,438.68,166.46,415.47,0.5183,-1,-1,-1
142,19,491.09,460.60,39.28,111.05,0.3089,-1,-1,-1
142,10,1211.56,448.00,36.95,104.93,0.4058,-1,-1,-1
143,2,694.48,435.37,127.46,330.74,0.7707,-1,-1,-1
143,11,571.81,435.56,150.72,427.24,0.5327,-1,-1,-1
143,5,818.12,447.62,85.68,268.03,0.6267,-1,-1,-1
143,21,571.70,435.57,150.85,427.27,0.5327,-1,-1,-1
143,10,1210.19,445.71,36.38,106.96,0.3844,-1,-1,-1
144,2,693.99,436.27,135.30,331.49,0.7510,-1,-1,-1
144,11,550.05,436.98,173.52,433.38,0.5175,-1,-1,-1
144,5,820.60,448.38,84.82,265.60,0.5448,-1,-1,-1
144,21,550.02,436.99,173.57,433.40,0.5175,-1,-1,-1
144,10,1208.02,444.11,35.27,109.29,0.3247,-1,-1,-1
145,2,694.00,437.89,141.24,330.69,0.7511,-1,-1,-1
145,11,543.38,437.08,180.01,439.52,0.6339,-1,-1,-1
145,5,823.44,453.28,82.80,258.81,0.5678,-1,-1,-1
145,21,543.34,437.08,180.07,439.54,0.6339,-1,-1,-1
145,10,1206.76,443.19,34.33,110.21,0.3647,-1,-1,-1
145,19,478.60,469.51,47.23,104.51,0.3476,-1,-1,-1
146,2,696.26,438.30,142.28,331.12,0.7430,-1,-1,-1
146,11,540.64,438.39,182.26,444.18,0.7284,-1,-1,-1
146,5,826.05,454.32,81.77,256.48,0.6558,-1,-1,-1
146,21,540.60,438.39,182.31,444.20,0.7284,-1,-1,-1
146,10,1206.55,443.36,33.48,108.14,0.4385,-1,-1,-1
146,23,877.73,434.05,79.64,247.41,0.3552,-1,-1,-1
146,19,476.67,472.29,47.64,101.68,0.3686,-1,-1,-1
147,2,699.77,437.93,139.77,333.59,0.7977,-1,-1,-1
147,11,540.14,439.89,181.66,448.05,0.7202,-1,-1,-1
147,5,827.68,456.89,81.48,253.44,0.6119,-1,-1,-1
147,21,540.11,439.89,181.71,448.07,0.7202,-1,-1,-1
147,10,1203.93,446.34,34.95,103.28,0.4762,-1,-1,-1
147,23,879.08,432.76,80.78,248.40,0.4328,-1,-1,-1
147,19,475.19,470.08,47.89,103.29,0.3377,-1,-1,-1
147,14,1081.54,460.08,49.55,134.79,0.3542,-1,-1,-1
148,2,701.93,437.68,137.94,333.54,0.7744,-1,-1,-1
148,11,539.19,440.52,182.44,451.70,0.7250,-1,-1,-1
148,5,828.45,456.93,83.26,254.07,0.6526,-1,-1,-1
148,21,539.16,440.52,182.49,451.72,0.7250,-1,-1,-1
148,10,1203.06,446.39,35.08,104.40,0.4493,-1,-1,-1
148,23,881.94,432.04,80.89,247.55,0.3675,-1,-1,-1
148,19,474.67,470.86,47.36,102.74,0.3711,-1,-1,-1
148,14,1082.01,458.40,49.55,136.27,0.3643,-1,-1,-1
149,2,705.70,437.54,134.47,336.10,0.8076,-1,-1,-1
149,11,541.74,439.30,176.40,455.24,0.7301,-1,-1,-1
149,5,830.35,456.45,83.49,253.41,0.6589,-1,-1,-1
149,21,541.71,439.30,176.45,455.26,0.7301,-1,-1,-1
149,10,1200.39,447.62,37.61,102.03,0.4544,-1,-1,-1
149,23,884.91,438.00,84.63,241.48,0.5616,-1,-1,-1
149,14,1080.06,459.34,49.22,135.70,0.3016,-1,-1,-1
150,2,709.25,436.53,130.57,338.17,0.8110,-1,-1,-1
150,11,543.98,437.54,174.43,458.39,0.7688,-1,-1,-1
150,5,831.64,452.84,84.90,257.11,0.6492,-1,-1,-1
150,21,543.95,437.54,174.47,458.40,0.7688,-1,-1,-1
150,10,1197.51,449.59,40.19,99.35,0.4432,-1,-1,-1
150,23,888.49,440.05,80.54,239.04,0.6119,-1,-1,-1
150,14,1079.77,458.88,49.64,135.55,0.3430,-1,-1,-1
151,2,713.08,436.57,128.29,339.71,0.8001,-1,-1,-1
151,11,543.57,438.18,171.99,458.02,0.7591,-1,-1,-1
151,5,831.15,449.90,88.06,261.60,0.6711,-1,-1,-1
151,21,543.55,438.18,172.03,458.03,0.7591,-1,-1,-1
151,10,1196.76,450.77,40.28,98.46,0.4640,-1,-1,-1
151,23,890.47,439.05,83.18,238.91,0.6622,-1,-1,-1
151,14,1079.63,456.92,50.75,137.11,0.3181,-1,-1,-1
151,19,470.94,472.37,44.13,101.03,0.3664,-1,-1,-1
152,2,714.86,436.15,121.40,339.76,0.8059,-1,-1,-1
152,11,543.70,438.27,174.56,458.93,0.7525,-1,-1,-1
152,5,830.90,446.25,89.09,270.10,0.7111,-1,-1,-1
152,21,543.68,438.27,174.59,458.94,0.7525,-1,-1,-1
152,10,1195.45,451.05,40.82,98.24,0.4819,-1,-1,-1
152,23,891.20,438.49,81.99,240.18,0.4460,-1,-1,-1
153,2,715.50,435.41,122.84,341.32,0.8437,-1,-1,-1
153,11,539.80,437.71,167.86,458.27,0.7399,-1,-1,-1
153,5,831.36,445.46,89.19,271.37,0.7249,-1,-1,-1
153,21,539.78,437.72,167.89,458.28,0.7399,-1,-1,-1
153,10,1194.12,451.38,39.95,96.82,0.4862,-1,-1,-1
154,2,717.30,435.48,122.53,341.09,0.8570,-1,-1,-1
154,11,537.62,433.69,164.85,461.91,0.7486,-1,-1,-1
154,5,832.48,448.63,87.44,274.31,0.6949,-1,-1,-1
154,21,537.61,433.70,164.88,461.91,0.7486,-1,-1,-1
154,10,1193.47,451.54,38.63,96.16,0.5308,-1,-1,-1
154,23,894.53,436.86,75.82,240.59,0.5447,-1,-1,-1
155,2,719.27,436.22,123.16,340.66,0.8591,-1,-1,-1
155,11,533.07,433.56,167.83,462.87,0.7408,-1,-1,-1
155,5,833.48,448.25,87.11,278.09,0.6800,-1,-1,-1
155,21,533.06,433.56,167.85,462.88,0.7408,-1,-1,-1
155,10,1192.42,452.02,38.15,96.14,0.5442,-1,-1,-1
155,23,896.99,436.47,74.45,243.62,0.6243,-1,-1,-1
156,2,721.86,434.40,121.70,341.93,0.8377,-1,-1,-1
156,11,531.48,434.12,165.79,462.47,0.7565,-1,-1,-1
156,5,834.33,445.72,88.45,282.43,0.6884,-1,-1,-1
156,21,531.47,434.12,165.81,462.47,0.7565,-1,-1,-1
156,10,1191.45,450.25,37.10,96.99,0.5351,-1,-1,-1
156,23,899.36,436.79,71.31,247.35,0.5882,-1,-1,-1
157,2,723.07,433.69,125.37,342.19,0.8118,-1,-1,-1
157,11,529.53,434.47,166.06,462.83,0.7262,-1,-1,-1
157,5,837.33,444.80,87.95,282.75,0.6966,-1,-1,-1
157,21,529.52,434.47,166.08,462.84,0.7262,-1,-1,-1
157,10,1190.82,452.45,34.78,94.99,0.4867,-1,-1,-1
157,23,902.59,437.16,70.97,249.94,0.4400,-1,-1,-1
157,25,660.63,439.39,85.48,340.80,0.4326,-1,-1,-1
158,2,725.88,433.25,128.42,341.57,0.7642,-1,-1,-1
158,11,529.85,432.54,168.00,464.85,0.7492,-1,-1,-1
158,5,841.13,444.66,90.14,284.19,0.7171,-1,-1,-1
158,21,529.84,432.54,168.01,464.86,0.7492,-1,-1,-1
158,10,1191.12,456.80,31.55,90.51,0.3838,-1,-1,-1
158,23,905.80,438.51,70.01,179.00,0.4436,-1,-1,-1
158,25,664.17,438.43,82.33,343.20,0.5344,-1,-1,-1
159,2,730.82,434.68,128.89,339.59,0.7617,-1,-1,-1
159,11,524.52,431.67,174.40,464.96,0.7795,-1,-1,-1
159,5,843.83,444.83,87.63,285.49,0.7386,-1,-1,-1
159,21,524.51,431.67,174.42,464.96,0.7795,-1,-1,-1
159,23,902.39,441.28,83.61,226.44,0.4174,-1,-1,-1
159,25,667.16,437.47,82.45,345.09,0.5173,-1,-1,-1
160,2,736.77,431.85,122.08,343.04,0.7588,-1,-1,-1
160,11,525.86,432.19,171.70,462.93,0.7844,-1,-1,-1
160,5,845.61,446.64,86.10,282.88,0.7413,-1,-1,-1
160,21,525.85,432.19,171.71,462.93,0.7844,-1,-1,-1
160,23,909.98,440.05,74.85,173.93,0.3848,-1,-1,-1
160,25,668.87,437.57,81.73,345.84,0.5323,-1,-1,-1
161,2,740.71,430.39,118.88,344.89,0.7790,-1,-1,-1
161,11,526.81,433.87,170.72,459.48,0.7808,-1,-1,-1
161,5,847.43,447.49,86.65,281.87,0.7504,-1,-1,-1
161,21,526.80,433.87,170.73,459.48,0.7808,-1,-1,-1
161,23,916.11,440.11,71.05,150.28,0.4000,-1,-1,-1
161,25,669.00,439.44,82.74,347.22,0.6252,-1,-1,-1
162,2,743.96,429.73,116.85,347.72,0.7779,-1,-1,-1
162,11,525.70,433.17,176.42,460.06,0.7730,-1,-1,-1
162,5,848.91,448.67,88.39,282.10,0.7437,-1,-1,-1
162,21,525.69,433.17,176.43,460.07,0.7730,-1,-1,-1
162,23,917.89,441.26,76.97,141.86,0.3191,-1,-1,-1
162,25,669.95,440.44,82.32,349.96,0.6213,-1,-1,-1
163,2,746.23,431.01,115.96,347.71,0.7899,-1,-1,-1
163,11,526.99,432.75,178.78,461.78,0.8000,-1,-1,-1
163,5,851.31,449.47,91.26,282.17,0.7396,-1,-1,-1
163,21,526.98,432.75,178.79,461.78,0.8000,-1,-1,-1
163,23,921.17,440.09,79.64,223.35,0.5735,-1,-1,-1
163,25,671.00,440.62,81.32,358.06,0.5952,-1,-1,-1
163,10,1188.79,445.02,30.44,101.07,0.4379,-1,-1,-1
164,2,748.88,431.47,115.87,350.32,0.7863,-1,-1,-1
164,11,527.09,431.73,183.20,465.54,0.7893,-1,-1,-1
164,5,852.69,449.84,98.15,283.17,0.7081,-1,-1,-1
164,21,527.08,431.73,183.21,465.54,0.7893,-1,-1,-1
164,23,922.74,439.98,82.12,245.39,0.5582,-1,-1,-1
164,25,671.73,439.46,83.31,362.11,0.5993,-1,-1,-1
164,27,1137.96,438.01,45.96,108.16,0.3954,-1,-1,-1
164,10,1187.33,443.48,31.32,101.91,0.5076,-1,-1,-1
165,2,749.87,430.79,116.08,352.30,0.7890,-1,-1,-1
165,11,528.08,431.29,187.22,468.27,0.8058,-1,-1,-1
165,5,854.95,450.60,107.68,282.69,0.6614,-1,-1,-1
165,21,528.07,431.29,187.23,468.27,0.8058,-1,-1,-1
165,23,922.32,439.12,85.41,258.27,0.5198,-1,-1,-1
165,25,672.58,440.83,87.83,352.57,0.6939,-1,-1,-1
165,10,1186.70,451.52,30.91,93.90,0.3335,-1,-1,-1
166,2,751.25,430.68,116.05,355.57,0.7908,-1,-1,-1
166,11,528.39,431.42,190.26,470.53,0.7935,-1,-1,-1
166,5,856.61,452.92,108.76,283.92,0.6399,-1,-1,-1
166,21,528.39,431.42,190.27,470.54,0.7935,-1,-1,-1
166,23,926.18,436.66,82.50,260.48,0.5078,-1,-1,-1
166,25,673.37,441.69,90.76,351.54,0.7229,-1,-1,-1
167,2,751.55,431.05,116.21,356.43,0.7970,-1,-1,-1
167,11,529.70,432.22,194.49,471.36,0.8015,-1,-1,-1
167,5,859.40,451.11,120.68,283.62,0.7054,-1,-1,-1
167,21,529.70,432.22,194.49,471.37,0.8015,-1,-1,-1
167,23,930.90,436.27,78.33,256.84,0.5910,-1,-1,-1
167,25,674.23,441.92,91.24,351.77,0.7096,-1,-1,-1
168,2,752.78,432.11,116.18,356.93,0.7932,-1,-1,-1
168,11,530.93,433.66,205.73,469.23,0.8078,-1,-1,-1
168,5,861.81,448.19,126.57,285.94,0.7508,-1,-1,-1
168,21,530.93,433.66,205.73,469.23,0.8078,-1,-1,-1
168,23,936.42,434.97,74.54,251.83,0.5948,-1,-1,-1
168,25,674.61,442.38,91.14,353.54,0.7276,-1,-1,-1
168,27,1145.25,440.94,45.98,104.04,0.3479,-1,-1,-1
169,2,753.59,433.85,115.26,356.18,0.8001,-1,-1,-1
169,11,531.66,430.32,218.31,471.22,0.8084,-1,-1,-1
169,5,864.13,447.02,124.01,288.26,0.7801,-1,-1,-1
169,21,531.65,430.32,218.32,471.22,0.8084,-1,-1,-1
169,23,941.43,434.36,70.46,245.90,0.5910,-1,-1,-1
169,25,675.74,442.60,90.65,354.80,0.7356,-1,-1,-1
169,27,1146.99,440.98,44.75,103.93,0.3555,-1,-1,-1
170,2,755.82,434.81,114.47,356.06,0.7810,-1,-1,-1
170,11,531.96,429.67,229.72,471.36,0.8299,-1,-1,-1
170,5,868.06,446.44,120.81,289.94,0.7985,-1,-1,-1
170,21,531.96,429.67,229.72,471.36,0.8299,-1,-1,-1
170,23,943.99,434.10,69.89,240.75,0.6173,-1,-1,-1
170,25,677.48,442.46,88.89,356.08,0.7284,-1,-1,-1
170,27,1147.63,442.23,44.56,102.86,0.4363,-1,-1,-1
171,2,757.61,435.39,113.05,350.85,0.7896,-1,-1,-1
171,11,533.77,430.00,237.80,471.14,0.8574,-1,-1,-1
171,5,870.57,446.54,118.63,291.25,0.7918,-1,-1,-1
171,21,533.77,430.00,237.80,471.14,0.8574,-1,-1,-1
171,23,946.42,435.27,71.04,246.98,0.6678,-1,-1,-1
171,25,678.13,442.38,89.67,359.61,0.7301,-1,-1,-1
171,27,1146.97,444.27,45.94,100.96,0.4404,-1,-1,-1
172,2,759.97,436.21,115.61,347.62,0.8126,-1,-1,-1
172,11,535.75,432.35,240.54,470.56,0.8476,-1,-1,-1
172,5,871.19,447.05,118.45,291.40,0.7947,-1,-1,-1
172,21,535.75,432.35,240.54,470.56,0.8476,-1,-1,-1
172,23,950.24,435.30,73.29,251.77,0.6841,-1,-1,-1
172,25,679.85,444.28,86.46,358.12,0.7007,-1,-1,-1
172,27,1147.31,445.53,44.01,100.32,0.4060,-1,-1,-1
173,2,761.80,437.16,117.07,345.48,0.8189,-1,-1,-1
173,11,537.63,432.41,236.49,470.23,0.8566,-1,-1,-1
173,5,872.90,445.56,117.78,293.35,0.7873,-1,-1,-1
173,21,537.63,432.41,236.49,470.23,0.8566,-1,-1,-1
173,23,952.14,434.69,75.34,258.00,0.6615,-1,-1,-1
173,25,681.21,446.10,88.33,352.62,0.6240,-1,-1,-1
173,27,1147.62,446.44,41.74,99.96,0.3464,-1,-1,-1
173,14,1085.98,455.04,44.68,140.28,0.3410,-1,-1,-1
174,2,762.59,438.77,119.74,347.70,0.8228,-1,-1,-1
174,11,541.56,432.63,233.17,471.68,0.8522,-1,-1,-1
174,5,874.76,444.99,118.43,293.98,0.7876,-1,-1,-1
174,21,541.56,432.63,233.18,471.68,0.8522,-1,-1,-1
174,23,954.28,435.29,74.90,260.36,0.6312,-1,-1,-1
174,25,685.56,449.60,85.45,349.66,0.4749,-1,-1,-1
174,14,1085.07,455.35,46.02,140.26,0.4153,-1,-1,-1
175,2,766.36,439.67,117.97,349.66,0.8434,-1,-1,-1
175,11,548.40,433.49,227.83,471.62,0.8355,-1,-1,-1
175,5,876.41,444.30,117.46,294.57,0.7924,-1,-1,-1
175,21,548.39,433.49,227.83,471.63,0.8355,-1,-1,-1
175,23,957.24,435.21,75.75,262.16,0.6014,-1,-1,-1
175,14,1084.92,455.99,45.77,139.79,0.3226,-1,-1,-1
175,10,1151.81,453.07,54.35,94.45,0.4228,-1,-1,-1
176,2,768.03,441.19,116.15,354.23,0.8305,-1,-1,-1
176,11,556.58,433.14,219.39,474.17,0.7968,-1,-1,-1
176,5,877.95,443.88,115.73,294.70,0.7983,-1,-1,-1
176,21,556.58,433.14,219.39,474.17,0.7968,-1,-1,-1
176,23,960.23,434.75,79.66,261.44,0.5874,-1,-1,-1
176,14,1082.57,455.63,47.87,139.85,0.3475,-1,-1,-1
176,10,1151.80,455.21,54.06,91.34,0.4384,-1,-1,-1
177,2,768.44,441.31,117.56,355.26,0.8228,-1,-1,-1
177,11,558.69,435.68,216.32,473.12,0.7982,-1,-1,-1
177,5,880.28,445.47,115.17,293.08,0.7898,-1,-1,-1
177,21,558.69,435.68,216.32,473.12,0.7982,-1,-1,-1
177,23,962.48,434.44,83.22,262.63,0.5190,-1,-1,-1
177,10,1153.30,451.63,52.28,96.29,0.3973,-1,-1,-1
178,2,772.44,440.89,113.47,356.09,0.8096,-1,-1,-1
178,11,561.45,434.22,214.35,474.56,0.8392,-1,-1,-1
178,5,885.75,446.89,110.85,290.89,0.7653,-1,-1,-1
178,21,561.45,434.22,214.35,474.56,0.8392,-1,-1,-1
178,23,963.53,433.32,90.04,265.91,0.4584,-1,-1,-1
178,10,1153.29,448.20,48.42,98.85,0.4758,-1,-1,-1
179,2,774.53,439.84,113.47,355.67,0.7901,-1,-1,-1
179,11,568.92,433.12,207.55,477.00,0.8621,-1,-1,-1
179,5,890.35,446.01,106.92,291.94,0.7734,-1,-1,-1
179,21,568.92,433.12,207.55,477.00,0.8621,-1,-1,-1
179,23,964.82,434.30,93.55,265.64,0.5232,-1,-1,-1
179,10,1155.23,450.31,46.26,97.22,0.4627,-1,-1,-1
180,2,777.10,438.63,116.93,357.30,0.7649,-1,-1,-1
180,11,575.85,431.07,200.95,479.01,0.8399,-1,-1,-1
180,5,895.46,445.34,101.50,292.84,0.7770,-1,-1,-1
180,21,575.85,431.08,200.95,479.01,0.8399,-1,-1,-1
180,23,968.66,434.21,101.65,263.89,0.4865,-1,-1,-1
180,10,1156.18,449.91,42.44,98.01,0.4494,-1,-1,-1
180,28,465.27,464.14,38.80,111.67,0.4746,-1,-1,-1
181,2,778.92,437.05,116.21,358.30,0.7561,-1,-1,-1
181,11,581.56,426.24,197.06,484.64,0.8645,-1,-1,-1
181,5,901.48,444.01,97.34,295.09,0.7278,-1,-1,-1
181,21,581.56,426.24,197.06,484.64,0.8645,-1,-1,-1
181,23,971.39,436.06,94.86,264.46,0.6196,-1,-1,-1
181,10,1155.59,446.33,41.46,100.56,0.4800,-1,-1,-1
181,28,466.57,467.04,37.32,107.67,0.3696,-1,-1,-1
181,29,571.39,449.13,58.85,110.70,0.4076,-1,-1,-1
181,14,1078.83,445.87,51.63,151.02,0.3509,-1,-1,-1
182,2,781.02,435.83,116.36,362.59,0.7532,-1,-1,-1
182,11,583.97,424.51,197.62,486.28,0.8653,-1,-1,-1
182,5,910.19,445.22,91.32,296.37,0.7130,-1,-1,-1
182,21,583.97,424.51,197.62,486.28,0.8653,-1,-1,-1
182,23,976.23,435.28,91.01,268.22,0.6124,-1,-1,-1
182,10,1156.28,446.27,39.11,100.49,0.5447,-1,-1,-1
182,28,467.11,470.94,37.28,103.52,0.4221,-1,-1,-1
182,29,571.10,445.22,59.07,119.57,0.4496,-1,-1,-1
182,14,1080.64,444.79,50.46,152.54,0.3727,-1,-1,-1
183,2,783.19,434.81,117.55,366.18,0.7695,-1,-1,-1
183,11,587.29,424.39,195.42,486.53,0.8583,-1,-1,-1
183,5,916.09,443.64,89.94,297.84,0.7463,-1,-1,-1
183,21,587.29,424.39,195.42,486.53,0.8583,-1,-1,-1
183,23,980.01,436.44,88.21,263.92,0.6249,-1,-1,-1
183,10,1157.21,448.09,36.83,98.65,0.5412,-1,-1,-1
183,28,466.78,472.48,38.50,102.65,0.3812,-1,-1,-1
183,29,570.58,446.98,60.09,129.60,0.4806,-1,-1,-1
183,14,1081.97,444.59,49.32,152.66,0.3258,-1,-1,-1
184,2,784.41,434.04,118.35,367.80,0.7829,-1,-1,-1
184,11,591.17,425.18,192.50,485.38,0.8523,-1,-1,-1
184,5,922.91,441.94,87.11,299.31,0.7691,-1,-1,-1
184,21,591.17,425.18,192.51,485.38,0.8523,-1,-1,-1
184,23,983.02,439.26,86.52,251.60,0.6323,-1,-1,-1
184,10,1155.33,449.96,39.30,98.28,0.6062,-1,-1,-1
184,28,466.37,472.85,38.74,102.20,0.4025,-1,-1,-1
184,29,571.24,444.44,59.77,145.39,0.4361,-1,-1,-1
184,14,1082.40,442.60,50.04,154.38,0.3371,-1,-1,-1
185,2,786.12,434.28,118.35,369.07,0.7814,-1,-1,-1
185,11,597.86,426.87,187.30,483.52,0.8411,-1,-1,-1
185,5,926.29,441.53,86.02,302.15,0.7595,-1,-1,-1
185,21,597.86,426.87,187.30,483.52,0.8411,-1,-1,-1
185,23,986.13,440.58,85.39,252.77,0.6331,-1,-1,-1
185,10,1155.21,451.18,39.65,96.12,0.5556,-1,-1,-1
185,28,466.45,474.78,40.07,100.86,0.4629,-1,-1,-1
185,29,571.03,444.40,61.29,156.73,0.4478,-1,-1,-1
185,14,1082.14,439.16,50.66,157.98,0.3222,-1,-1,-1
186,2,787.12,434.72,116.28,368.41,0.8028,-1,-1,-1
186,11,602.93,426.26,184.49,484.03,0.8440,-1,-1,-1
186,5,929.16,443.89,85.19,304.84,0.7452,-1,-1,-1
186,21,602.93,426.26,184.50,484.03,0.8440,-1,-1,-1
186,23,988.94,442.11,84.58,246.26,0.5728,-1,-1,-1
186,10,1153.78,448.86,43.59,97.93,0.5952,-1,-1,-1
186,28,467.05,477.37,40.98,98.38,0.4710,-1,-1,-1
186,29,571.38,439.34,58.37,172.72,0.4861,-1,-1,-1
187,2,789.85,435.04,114.63,368.34,0.8032,-1,-1,-1
187,11,608.52,427.58,179.41,484.02,0.8413,-1,-1,-1
187,5,930.18,444.74,88.46,307.13,0.7313,-1,-1,-1
187,21,608.52,427.58,179.41,484.02,0.8413,-1,-1,-1
187,23,994.27,442.54,82.86,249.93,0.6250,-1,-1,-1
187,10,1154.34,449.88,44.49,96.43,0.5453,-1,-1,-1
187,28,467.13,477.77,41.32,97.94,0.4649,-1,-1,-1
187,29,572.10,435.25,57.05,177.93,0.4801,-1,-1,-1
188,2,792.28,434.68,114.27,365.98,0.8122,-1,-1,-1
188,11,610.56,426.82,179.53,491.92,0.8356,-1,-1,-1
188,5,932.59,442.76,91.35,309.75,0.6870,-1,-1,-1
188,21,610.56,426.82,179.53,491.92,0.8356,-1,-1,-1
188,23,997.82,443.87,80.25,250.06,0.5058,-1,-1,-1
188,10,1155.33,451.35,43.48,96.09,0.5013,-1,-1,-1
188,28,467.45,478.33,38.99,96.92,0.3660,-1,-1,-1
188,29,571.29,434.11,59.59,182.76,0.4445,-1,-1,-1
189,2,794.66,433.59,112.71,367.47,0.8100,-1,-1,-1
189,11,612.63,426.23,178.48,501.24,0.7960,-1,-1,-1
189,5,934.10,442.07,101.44,311.59,0.7793,-1,-1,-1
189,21,612.63,426.23,178.48,501.24,0.7960,-1,-1,-1
189,23,1004.07,439.99,81.61,261.49,0.5323,-1,-1,-1
189,10,1155.91,448.05,43.05,99.55,0.4804,-1,-1,-1
189,28,466.75,477.54,39.76,98.40,0.4110,-1,-1,-1
189,29,570.23,433.17,59.37,183.43,0.5280,-1,-1,-1
190,2,796.93,432.75,116.45,371.19,0.8022,-1,-1,-1
190,11,616.38,426.23,180.64,509.06,0.7025,-1,-1,-1
190,5,936.94,442.56,107.18,310.78,0.7576,-1,-1,-1
190,21,616.38,426.23,180.64,509.06,0.7025,-1,-1,-1
190,23,1009.17,440.41,80.01,266.10,0.4651,-1,-1,-1
190,10,1153.46,448.75,45.19,99.42,0.4187,-1,-1,-1
190,28,467.63,477.36,38.26,98.38,0.3897,-1,-1,-1
190,29,569.89,436.87,61.47,178.05,0.5402,-1,-1,-1
191,2,799.07,432.54,115.99,371.60,0.7813,-1,-1,-1
191,11,620.32,425.97,179.09,515.23,0.7482,-1,-1,-1
191,5,940.83,443.17,112.99,311.02,0.7603,-1,-1,-1
191,21,620.32,425.97,179.09,515.23,0.7482,-1,-1,-1
191,23,1012.11,437.30,78.24,272.01,0.3265,-1,-1,-1
191,10,1152.52,446.66,47.88,101.54,0.4997,-1,-1,-1
191,28,466.25,477.49,36.80,97.97,0.3553,-1,-1,-1
191,29,569.07,443.58,60.90,173.38,0.5801,-1,-1,-1
192,2,800.87,430.18,115.54,377.75,0.7872,-1,-1,-1
192,11,624.69,426.21,177.03,523.67,0.7261,-1,-1,-1
192,5,943.57,447.23,114.29,306.67,0.7593,-1,-1,-1
192,21,624.69,426.21,177.03,523.67,0.7261,-1,-1,-1
192,10,1150.76,447.00,49.65,101.76,0.4782,-1,-1,-1
192,28,465.16,477.31,36.47,97.30,0.3430,-1,-1,-1
192,29,568.41,443.08,63.39,174.06,0.5892,-1,-1,-1
193,2,803.04,427.27,113.40,380.29,0.7858,-1,-1,-1
193,11,630.40,426.73,170.39,527.42,0.7649,-1,-1,-1
193,5,945.38,444.21,115.37,310.05,0.7560,-1,-1,-1
193,21,630.40,426.73,170.39,527.42,0.7649,-1,-1,-1
193,10,1149.43,443.70,50.15,105.16,0.4476,-1,-1,-1
193,28,464.00,477.79,38.30,97.50,0.3081,-1,-1,-1
193,29,569.56,442.77,62.91,174.39,0.6286,-1,-1,-1
193,23,1015.80,437.84,89.37,265.37,0.5388,-1,-1,-1
194,2,804.73,425.42,117.13,383.17,0.7888,-1,-1,-1
194,11,633.00,425.85,177.00,536.47,0.7598,-1,-1,-1
194,5,947.23,443.78,111.26,310.68,0.7482,-1,-1,-1
194,21,633.00,425.85,177.00,536.47,0.7598,-1,-1,-1
194,10,1148.02,446.79,47.32,101.83,0.3701,-1,-1,-1
194,28,461.73,476.47,37.40,99.38,0.3317,-1,-1,-1
194,29,570.14,442.54,62.84,175.59,0.6697,-1,-1,-1
194,23,1016.87,435.42,94.37,273.32,0.6466,-1,-1,-1
195,2,805.74,424.29,123.49,383.36,0.7892,-1,-1,-1
195,11,636.58,423.50,177.68,540.74,0.7844,-1,-1,-1
195,5,946.98,446.80,115.03,309.53,0.7594,-1,-1,-1
195,21,636.58,423.50,177.68,540.74,0.7844,-1,-1,-1
195,10,1147.26,445.02,43.39,103.36,0.4054,-1,-1,-1
195,29,569.82,441.81,63.82,176.37,0.6821,-1,-1,-1
195,23,1020.48,434.16,95.85,276.68,0.6926,-1,-1,-1
196,2,807.40,425.43,132.03,381.48,0.8252,-1,-1,-1
196,11,642.64,423.97,173.57,539.18,0.8010,-1,-1,-1
196,5,947.71,448.45,115.61,308.74,0.7276,-1,-1,-1
196,21,642.64,423.97,173.57,539.18,0.8010,-1,-1,-1
196,10,1146.30,441.84,43.05,106.18,0.4139,-1,-1,-1
196,29,569.83,442.43,64.93,175.76,0.6701,-1,-1,-1
196,23,1024.94,433.00,96.75,279.13,0.6812,-1,-1,-1
196,30,512.63,439.79,38.70,121.70,0.4384,-1,-1,-1
196,28,457.10,473.95,44.00,101.61,0.3466,-1,-1,-1
197,2,809.75,426.91,143.39,380.06,0.8145,-1,-1,-1
197,11,646.35,422.46,166.94,548.53,0.8226,-1,-1,-1
197,5,951.07,447.61,112.79,309.86,0.7515,-1,-1,-1
197,21,646.35,422.46,166.94,548.53,0.8226,-1,-1,-1
197,10,1145.84,443.23,42.87,104.63,0.3621,-1,-1,-1
197,29,569.62,441.40,66.36,175.99,0.6701,-1,-1,-1
197,23,1029.62,432.14,96.43,280.75,0.4672,-1,-1,-1
197,30,512.89,439.86,38.63,121.28,0.4483,-1,-1,-1
197,28,455.82,471.75,44.30,103.67,0.3352,-1,-1,-1
198,2,813.18,430.94,149.62,376.45,0.8300,-1,-1,-1
198,11,649.63,422.74,164.67,544.57,0.8328,-1,-1,-1
198,5,957.09,447.51,107.54,311.06,0.7685,-1,-1,-1
198,21,649.63,422.74,164.67,544.57,0.8328,-1,-1,-1
198,10,1146.10,441.48,42.75,106.35,0.3869,-1,-1,-1
198,29,570.24,441.71,66.67,175.65,0.6822,-1,-1,-1
198,23,1035.55,433.20,93.69,280.43,0.6462,-1,-1,-1
198,30,515.28,443.65,36.93,118.58,0.3382,-1,-1,-1
198,28,457.58,471.52,39.83,103.48,0.3185,-1,-1,-1
199,2,816.08,432.73,156.31,375.64,0.8462,-1,-1,-1
199,11,649.57,423.24,169.81,541.64,0.8391,-1,-1,-1
199,5,964.01,447.89,104.90,312.59,0.7579,-1,-1,-1
199,21,649.56,423.24,169.81,541.64,0.8391,-1,-1,-1
199,10,1144.95,443.10,40.96,105.37,0.3757,-1,-1,-1
199,29,571.47,443.29,65.04,173.48,0.6885,-1,-1,-1
199,23,1040.02,436.22,93.21,279.59,0.6358,-1,-1,-1
199,30,514.87,447.30,37.09,115.46,0.3016,-1,-1,-1
200,2,817.49,434.96,159.08,374.71,0.8426,-1,-1,-1
200,11,651.78,422.61,171.56,541.32,0.8591,-1,-1,-1
200,5,969.54,448.53,103.43,312.09,0.7219,-1,-1,-1
200,21,651.78,422.61,171.56,541.32,0.8591,-1,-1,-1
200,10,1145.07,442.34,37.35,106.51,0.3230,-1,-1,-1
200,29,571.81,445.57,64.80,171.70,0.6769,-1,-1,-1
200,23,1042.57,434.73,93.76,283.47,0.6057,-1,-1,-1
200,30,512.70,445.30,38.02,116.73,0.3385,-1,-1,-1
201,2,820.10,436.89,159.21,373.86,0.8389,-1,-1,-1
201,11,656.81,422.89,173.00,539.64,0.8445,-1,-1,-1
201,5,977.47,450.80,94.95,310.24,0.7077,-1,-1,-1
201,21,656.81,422.89,173.00,539.64,0.8445,-1,-1,-1
201,10,1143.07,440.78,36.64,108.41,0.3228,-1,-1,-1
201,29,573.21,444.81,63.93,170.77,0.6632,-1,-1,-1
201,23,1047.08,435.72,92.91,286.82,0.6135,-1,-1,-1
202,2,822.15,437.64,156.78,374.71,0.8450,-1,-1,-1
202,11,658.51,421.79,177.25,542.09,0.8548,-1,-1,-1
202,5,985.11,449.96,90.46,312.41,0.7740,-1,-1,-1
202,21,658.51,421.79,177.25,542.09,0.8548,-1,-1,-1
202,10,1141.98,438.95,35.35,109.51,0.3481,-1,-1,-1
202,29,573.20,446.47,65.68,168.80,0.6782,-1,-1,-1
202,23,1050.13,436.29,94.81,283.66,0.6830,-1,-1,-1
203,2,823.91,437.91,153.65,375.62,0.8434,-1,-1,-1
203,11,665.72,424.74,175.61,547.36,0.8228,-1,-1,-1
203,5,988.66,449.74,91.87,313.83,0.7718,-1,-1,-1
203,21,665.72,424.74,175.61,547.36,0.8228,-1,-1,-1
203,29,573.55,444.59,67.46,170.78,0.7086,-1,-1,-1
203,23,1053.74,435.14,95.22,283.37,0.6935,-1,-1,-1
203,30,509.01,440.58,40.83,121.99,0.3393,-1,-1,-1
204,2,824.88,437.59,152.19,376.02,0.8423,-1,-1,-1
204,11,664.95,424.17,179.54,555.59,0.8435,-1,-1,-1
204,5,992.08,449.49,91.95,315.83,0.7722,-1,-1,-1
204,21,664.95,424.17,179.54,555.59,0.8435,-1,-1,-1
204,29,575.76,448.20,66.05,167.48,0.7258,-1,-1,-1
204,23,1059.48,434.95,90.86,283.26,0.6989,-1,-1,-1
205,2,825.83,435.09,151.64,378.33,0.8316,-1,-1,-1
205,11,668.86,424.06,176.93,564.98,0.8479,-1,-1,-1
205,5,995.12,448.17,93.02,317.01,0.7864,-1,-1,-1
205,21,668.86,424.06,176.93,564.98,0.8479,-1,-1,-1
205,29,575.65,447.03,66.20,169.47,0.7469,-1,-1,-1
205,23,1063.51,438.20,88.53,278.74,0.7152,-1,-1,-1
206,2,829.52,435.45,149.79,377.63,0.8325,-1,-1,-1
206,11,673.58,423.23,173.95,569.70,0.8388,-1,-1,-1
206,5,999.79,447.82,92.58,317.51,0.7752,-1,-1,-1
206,21,673.58,423.23,173.95,569.70,0.8388,-1,-1,-1
206,29,575.92,447.05,66.76,170.41,0.7255,-1,-1,-1
206,23,1066.25,437.03,87.16,281.06,0.6802,-1,-1,-1
207,2,831.28,435.51,149.53,377.14,0.8277,-1,-1,-1
207,11,676.38,420.64,173.32,573.74,0.8416,-1,-1,-1
207,5,1005.49,448.54,94.14,315.18,0.7192,-1,-1,-1
207,21,676.38,420.64,173.32,573.74,0.8416,-1,-1,-1
207,29,579.09,452.94,64.67,164.45,0.7391,-1,-1,-1
207,23,1072.96,435.75,81.28,283.99,0.6520,-1,-1,-1
208,2,833.24,434.88,148.57,379.05,0.8236,-1,-1,-1
208,11,679.33,420.26,172.40,574.04,0.8346,-1,-1,-1
208,5,1009.23,450.14,92.83,311.89,0.6928,-1,-1,-1
208,21,679.33,420.26,172.40,574.04,0.8346,-1,-1,-1
208,29,580.94,454.33,63.62,163.34,0.7305,-1,-1,-1
208,23,1076.79,434.19,77.30,297.66,0.5922,-1,-1,-1
208,32,1187.40,447.76,40.34,102.74,0.4098,-1,-1,-1
208,30,510.23,444.27,40.39,117.31,0.3968,-1,-1,-1
209,2,835.82,434.59,146.72,380.24,0.8075,-1,-1,-1
209,11,683.29,416.97,171.26,577.71,0.8193,-1,-1,-1
209,5,1011.88,446.69,123.23,316.02,0.5993,-1,-1,-1
209,21,683.29,416.97,171.26,577.71,0.8193,-1,-1,-1
209,29,582.24,456.76,65.43,160.98,0.7433,-1,-1,-1
209,23,1082.60,433.80,77.10,287.96,0.6136,-1,-1,-1
209,32,1188.71,448.45,40.25,102.99,0.4842,-1,-1,-1
209,30,510.72,444.10,40.58,117.60,0.4144,-1,-1,-1
210,2,839.61,429.93,147.73,384.48,0.8139,-1,-1,-1
210,11,686.05,415.84,171.53,578.69,0.7953,-1,-1,-1
210,5,1016.30,444.63,141.07,318.55,0.8152,-1,-1,-1
210,21,686.05,415.84,171.53,578.69,0.7953,-1,-1,-1
210,29,584.07,457.31,66.60,160.04,0.7272,-1,-1,-1
210,32,1189.98,446.01,39.99,106.11,0.4825,-1,-1,-1
210,30,510.82,442.94,40.40,118.12,0.4126,-1,-1,-1
211,2,845.57,430.19,148.80,385.83,0.7886,-1,-1,-1
211,11,686.31,418.57,174.06,576.42,0.8112,-1,-1,-1
211,5,1019.47,443.71,152.74,319.74,0.8007,-1,-1,-1
211,21,686.31,418.57,174.06,576.42,0.8112,-1,-1,-1
211,29,584.87,453.59,69.67,163.50,0.7423,-1,-1,-1
211,32,1191.87,445.15,38.87,107.49,0.4640,-1,-1,-1
211,30,510.77,441.78,40.15,119.26,0.4344,-1,-1,-1
212,2,851.56,430.50,147.51,386.04,0.7878,-1,-1,-1
212,11,688.18,416.43,173.59,578.40,0.8253,-1,-1,-1
212,5,1020.23,445.89,125.35,319.29,0.5379,-1,-1,-1
212,21,688.18,416.43,173.59,578.40,0.8253,-1,-1,-1
212,29,587.16,451.95,68.57,164.45,0.7129,-1,-1,-1
212,32,1193.25,446.48,38.60,105.92,0.5083,-1,-1,-1
212,30,510.95,440.70,40.59,119.91,0.4645,-1,-1,-1
212,23,1096.23,430.31,80.05,256.66,0.3555,-1,-1,-1
213,2,860.47,430.58,141.45,386.68,0.8084,-1,-1,-1
213,11,688.72,414.55,176.32,579.73,0.8220,-1,-1,-1
213,5,1021.64,447.85,118.40,320.71,0.4471,-1,-1,-1
213,21,688.72,414.55,176.32,579.73,0.8220,-1,-1,-1
213,29,588.14,452.27,68.26,164.56,0.7383,-1,-1,-1
213,32,1194.51,446.84,38.01,104.04,0.3673,-1,-1,-1
213,30,510.84,439.54,41.25,120.96,0.4532,-1,-1,-1
213,33,1019.53,447.72,163.53,318.55,0.8067,-1,-1,-1
213,23,1099.86,433.00,79.84,267.28,0.5038,-1,-1,-1
214,2,869.13,429.69,137.82,385.93,0.8162,-1,-1,-1
214,11,690.13,413.71,175.96,580.04,0.8243,-1,-1,-1
214,5,1025.93,448.78,114.35,319.89,0.4356,-1,-1,-1
214,21,690.13,413.71,175.96,580.04,0.8243,-1,-1,-1
214,29,589.25,451.41,67.62,166.40,0.7260,-1,-1,-1
214,32,1195.30,445.60,39.96,104.05,0.3776,-1,-1,-1
214,30,510.55,439.22,42.25,120.89,0.4716,-1,-1,-1
214,33,1019.19,448.33,164.11,319.01,0.7728,-1,-1,-1
214,23,1104.80,431.73,79.04,274.65,0.5416,-1,-1,-1
215,2,877.38,429.19,130.51,387.11,0.8101,-1,-1,-1
215,11,692.92,412.12,176.11,582.12,0.8178,-1,-1,-1
215,5,1022.98,447.42,145.32,321.32,0.8160,-1,-1,-1
215,21,692.92,412.12,176.11,582.12,0.8178,-1,-1,-1
215,29,591.01,453.96,66.96,163.62,0.6824,-1,-1,-1
215,32,1197.19,441.99,40.88,108.58,0.3530,-1,-1,-1
215,30,510.39,438.55,42.73,121.31,0.4793,-1,-1,-1
215,33,1019.51,447.06,161.14,321.16,0.8160,-1,-1,-1
215,23,1111.46,427.91,77.70,286.14,0.5558,-1,-1,-1
216,2,882.21,427.80,126.59,388.61,0.8191,-1,-1,-1
216,11,695.25,414.04,176.38,580.04,0.7933,-1,-1,-1
216,5,1022.72,446.47,159.87,323.51,0.8255,-1,-1,-1
216,21,695.25,414.04,176.38,580.04,0.7933,-1,-1,-1
216,29,593.87,455.55,65.58,165.55,0.6857,-1,-1,-1
216,32,1198.85,440.27,41.16,111.32,0.4075,-1,-1,-1
216,30,510.18,438.15,43.11,121.17,0.4926,-1,-1,-1
216,33,1020.28,446.16,164.91,323.73,0.8255,-1,-1,-1
216,23,1119.96,429.65,71.52,288.13,0.4628,-1,-1,-1
217,2,884.59,428.40,125.19,390.86,0.8152,-1,-1,-1
217,11,694.99,413.45,180.64,580.11,0.7479,-1,-1,-1
217,5,1024.14,446.49,164.48,323.30,0.7896,-1,-1,-1
217,21,694.99,413.45,180.64,580.11,0.7479,-1,-1,-1
217,29,595.22,457.09,65.64,165.58,0.7145,-1,-1,-1
217,32,1199.66,437.88,42.03,113.72,0.4761,-1,-1,-1
217,30,509.88,438.12,43.29,120.88,0.4861,-1,-1,-1
217,33,1022.54,446.30,164.35,323.44,0.7896,-1,-1,-1
217,23,1126.24,430.82,64.56,226.06,0.3340,-1,-1,-1
218,2,887.71,427.47,124.74,395.27,0.8202,-1,-1,-1
218,11,697.94,411.33,184.24,582.72,0.7671,-1,-1,-1
218,5,1027.54,442.69,163.82,327.46,0.7870,-1,-1,-1
218,21,697.94,411.33,184.24,582.72,0.7671,-1,-1,-1
218,29,597.59,457.75,64.79,165.29,0.6982,-1,-1,-1
218,32,1201.31,440.03,42.96,111.82,0.4354,-1,-1,-1
218,30,509.36,438.98,42.74,120.20,0.5038,-1,-1,-1
218,33,1026.62,442.30,161.52,327.82,0.7870,-1,-1,-1
219,2,890.25,426.04,126.57,400.16,0.8411,-1,-1,-1
219,11,701.30,411.12,186.55,582.79,0.7602,-1,-1,-1
219,5,1035.25,438.79,156.55,331.07,0.7945,-1,-1,-1
219,21,701.30,411.12,186.55,582.79,0.7602,-1,-1,-1
219,29,596.45,460.27,65.49,165.38,0.6769,-1,-1,-1
219,32,1202.08,439.41,43.48,112.26,0.4275,-1,-1,-1
219,30,509.11,439.09,42.81,119.89,0.5114,-1,-1,-1
219,33,1035.06,438.32,153.11,331.50,0.7945,-1,-1,-1
220,2,892.59,425.91,126.98,405.20,0.8422,-1,-1,-1
220,11,708.86,410.02,191.10,583.28,0.8118,-1,-1,-1
220,5,1044.03,438.73,148.69,330.87,0.8068,-1,-1,-1
220,21,708.86,410.02,191.10,583.28,0.8118,-1,-1,-1
220,29,596.92,461.35,65.41,165.04,0.7001,-1,-1,-1
220,32,1206.10,444.22,41.03,106.89,0.3048,-1,-1,-1
220,30,508.75,438.70,43.08,120.14,0.5422,-1,-1,-1
220,33,1044.31,438.36,145.03,331.17,0.8068,-1,-1,-1
221,2,895.71,424.97,128.14,407.97,0.8386,-1,-1,-1
221,11,714.54,410.30,205.61,583.81,0.8604,-1,-1,-1
221,5,1052.42,438.44,141.21,331.08,0.8092,-1,-1,-1
221,21,714.54,410.30,205.61,583.81,0.8604,-1,-1,-1
221,29,598.22,460.93,63.04,163.93,0.7230,-1,-1,-1
221,30,508.89,439.22,42.75,120.27,0.5023,-1,-1,-1
221,33,1052.89,438.14,137.73,331.32,0.8092,-1,-1,-1
221,23,1149.24,436.40,67.90,287.30,0.5497,-1,-1,-1
222,2,897.14,424.82,130.03,409.32,0.8379,-1,-1,-1
222,11,716.91,410.45,219.35,584.03,0.8614,-1,-1,-1
222,5,1064.34,439.29,129.58,330.30,0.8168,-1,-1,-1
222,21,716.91,410.45,219.35,584.03,0.8614,-1,-1,-1
222,29,600.30,461.21,60.14,163.41,0.7403,-1,-1,-1
222,30,508.88,439.13,42.49,120.81,0.4928,-1,-1,-1
222,33,1065.07,439.07,126.20,330.47,0.8168,-1,-1,-1
222,23,1154.78,433.91,75.95,295.12,0.5986,-1,-1,-1
223,2,899.99,426.40,129.96,411.02,0.8240,-1,-1,-1
223,11,717.71,407.54,239.39,587.39,0.8502,-1,-1,-1
223,5,1077.43,439.28,116.57,331.03,0.7982,-1,-1,-1
223,21,717.71,407.54,239.39,587.39,0.8502,-1,-1,-1
223,29,601.45,459.15,58.75,166.92,0.6914,-1,-1,-1
223,30,507.71,439.49,44.59,120.96,0.4910,-1,-1,-1
223,33,1078.26,439.10,113.48,331.18,0.7982,-1,-1,-1
224,2,901.68,427.32,128.52,412.81,0.8212,-1,-1,-1
224,11,721.29,406.77,256.08,587.11,0.8502,-1,-1,-1
224,5,1092.87,440.63,109.14,333.03,0.7632,-1,-1,-1
224,21,721.29,406.77,256.08,587.11,0.8502,-1,-1,-1
224,29,603.37,459.47,57.03,165.60,0.6905,-1,-1,-1
224,30,507.19,439.97,45.90,120.74,0.5185,-1,-1,-1
224,33,1093.78,440.49,106.70,333.17,0.7632,-1,-1,-1
225,2,903.40,428.01,128.80,414.37,0.8180,-1,-1,-1
225,11,724.65,408.66,267.37,586.80,0.8309,-1,-1,-1
225,5,1102.41,440.06,99.23,335.73,0.7244,-1,-1,-1
225,21,724.65,408.66,267.37,586.80,0.8309,-1,-1,-1
225,29,603.73,460.62,58.21,166.48,0.6750,-1,-1,-1
225,30,507.85,440.13,45.41,120.64,0.4953,-1,-1,-1
225,33,1103.11,439.94,97.13,335.86,0.7244,-1,-1,-1
226,2,904.91,428.54,132.30,415.48,0.8178,-1,-1,-1
226,11,727.57,405.31,279.81,590.85,0.8566,-1,-1,-1
226,5,1108.94,437.94,95.40,340.37,0.6919,-1,-1,-1
226,21,727.57,405.31,279.81,590.85,0.8566,-1,-1,-1
226,29,604.50,461.94,57.57,167.17,0.6738,-1,-1,-1
226,30,507.41,439.87,45.76,120.92,0.5070,-1,-1,-1
226,33,1109.41,437.82,93.84,340.52,0.6919,-1,-1,-1
226,23,1174.67,433.05,65.37,303.42,0.5215,-1,-1,-1
227,2,906.36,428.44,135.63,416.67,0.8113,-1,-1,-1
227,11,729.94,404.93,289.92,590.51,0.8732,-1,-1,-1
227,5,1114.61,438.10,97.17,342.36,0.7436,-1,-1,-1
227,21,729.94,404.93,289.92,590.51,0.8732,-1,-1,-1
227,29,606.48,460.05,55.71,168.07,0.6644,-1,-1,-1
227,30,506.80,438.90,46.00,121.89,0.4668,-1,-1,-1
227,33,1114.96,438.00,96.00,342.49,0.7436,-1,-1,-1
227,23,1178.91,430.15,67.80,308.18,0.5511,-1,-1,-1
228,2,907.36,426.26,138.31,418.59,0.7918,-1,-1,-1
228,11,734.18,406.83,293.30,588.47,0.8740,-1,-1,-1
228,5,1117.99,438.49,99.63,348.31,0.7538,-1,-1,-1
228,21,734.18,406.83,293.30,588.47,0.8740,-1,-1,-1
228,29,607.55,460.61,54.34,167.09,0.6634,-1,-1,-1
228,30,506.07,439.01,46.20,122.18,0.4947,-1,-1,-1
228,33,1118.25,438.40,98.65,348.44,0.7538,-1,-1,-1
228,23,1184.79,430.03,68.64,306.93,0.4416,-1,-1,-1
229,2,907.45,426.48,139.75,418.52,0.7790,-1,-1,-1
229,11,738.58,407.84,297.69,587.75,0.8633,-1,-1,-1
229,5,1119.24,440.50,101.31,348.45,0.7591,-1,-1,-1
229,21,738.58,407.84,297.69,587.75,0.8633,-1,-1,-1
229,29,608.47,457.46,55.31,173.09,0.6667,-1,-1,-1
229,30,506.37,438.74,46.30,122.74,0.4472,-1,-1,-1
229,33,1119.43,440.43,100.47,348.57,0.7591,-1,-1,-1
229,23,1189.87,423.31,73.12,230.17,0.5812,-1,-1,-1
229,28,425.69,477.36,44.13,101.07,0.3821,-1,-1,-1
230,2,908.26,425.96,143.42,417.90,0.7787,-1,-1,-1
230,11,744.35,410.65,295.18,584.49,0.8321,-1,-1,-1
230,5,1120.70,441.95,107.56,349.09,0.7168,-1,-1,-1
230,21,744.35,410.65,295.18,584.49,0.8321,-1,-1,-1
230,29,610.72,457.61,56.12,174.64,0.6641,-1,-1,-1
230,30,506.51,439.99,45.55,121.24,0.4376,-1,-1,-1
230,33,1120.84,441.89,106.86,349.19,0.7168,-1,-1,-1
230,23,1194.52,419.34,73.63,199.55,0.5678,-1,-1,-1
230,28,425.54,478.17,45.68,99.78,0.4626,-1,-1,-1
231,2,910.84,425.53,138.69,417.61,0.7764,-1,-1,-1
231,11,750.55,411.15,289.96,585.21,0.8498,-1,-1,-1
231,5,1125.98,440.66,120.58,350.63,0.7973,-1,-1,-1
231,21,750.55,411.15,289.96,585.21,0.8498,-1,-1,-1
231,29,610.93,461.41,58.90,170.58,0.6846,-1,-1,-1
231,30,507.57,439.92,44.57,121.30,0.4875,-1,-1,-1
231,33,1126.14,440.60,120.00,350.72,0.7973,-1,-1,-1
231,23,1199.45,418.74,72.92,188.42,0.5553,-1,-1,-1
231,28,425.35,477.58,45.45,100.49,0.4684,-1,-1,-1
232,2,913.34,425.11,134.02,419.05,0.7990,-1,-1,-1
232,11,759.24,410.18,282.63,586.21,0.8219,-1,-1,-1
232,5,1132.20,440.37,127.91,351.52,0.7951,-1,-1,-1
232,21,759.24,410.18,282.63,586.21,0.8219,-1,-1,-1
232,29,611.41,457.05,60.08,174.52,0.6764,-1,-1,-1
232,30,507.92,440.56,43.83,120.90,0.5419,-1,-1,-1
232,33,1132.36,440.32,127.34,351.59,0.7951,-1,-1,-1
232,23,1204.34,418.61,70.66,182.68,0.4756,-1,-1,-1
232,28,425.38,477.78,45.92,100.12,0.4858,-1,-1,-1
233,2,918.91,424.85,128.96,421.97,0.7580,-1,-1,-1
233,11,766.44,411.58,276.62,585.09,0.8234,-1,-1,-1
233,5,1134.28,442.01,132.44,351.59,0.8316,-1,-1,-1
233,21,766.44,411.58,276.62,585.09,0.8234,-1,-1,-1
233,29,611.60,454.75,62.54,176.57,0.6711,-1,-1,-1
233,30,508.56,440.53,42.06,120.64,0.5223,-1,-1,-1
233,33,1134.41,441.97,131.91,351.65,0.8316,-1,-1,-1
233,23,1208.89,424.86,68.98,176.48,0.3829,-1,-1,-1
233,28,425.51,477.82,43.71,99.40,0.4406,-1,-1,-1
234,2,922.96,424.57,126.11,424.97,0.7377,-1,-1,-1
234,11,775.06,415.60,269.96,581.91,0.7897,-1,-1,-1
234,5,1135.21,444.10,134.09,352.99,0.8436,-1,-1,-1
234,21,775.06,415.60,269.96,581.91,0.7897,-1,-1,-1
234,29,612.64,456.08,63.90,173.57,0.6641,-1,-1,-1
234,30,508.57,440.32,41.97,120.79,0.5272,-1,-1,-1
234,33,1135.32,444.06,133.59,353.05,0.8436,-1,-1,-1
234,23,1212.78,424.12,68.75,178.77,0.3032,-1,-1,-1
234,28,425.00,477.02,42.05,99.79,0.4593,-1,-1,-1
234,25,725.95,426.55,157.22,435.22,0.4176,-1,-1,-1
235,2,924.82,423.88,125.34,430.66,0.6978,-1,-1,-1
235,11,786.25,417.88,259.00,579.44,0.8166,-1,-1,-1
235,5,1135.21,444.75,137.21,355.68,0.8149,-1,-1,-1
235,21,786.25,417.88,259.00,579.44,0.8166,-1,-1,-1
235,29,615.56,454.78,61.25,175.44,0.6713,-1,-1,-1
235,30,508.67,440.54,40.89,120.49,0.5102,-1,-1,-1
235,33,1135.30,444.72,136.77,355.74,0.8149,-1,-1,-1
235,23,1216.48,428.23,68.26,175.25,0.4326,-1,-1,-1
235,28,424.75,476.69,40.69,99.16,0.4737,-1,-1,-1
235,25,732.65,426.87,157.17,436.08,0.5507,-1,-1,-1
236,2,932.47,423.36,117.86,430.14,0.6907,-1,-1,-1
236,11,790.22,413.16,254.84,584.27,0.8125,-1,-1,-1
236,5,1135.63,444.43,138.77,358.03,0.8209,-1,-1,-1
236,21,790.22,413.16,254.84,584.27,0.8125,-1,-1,-1
236,29,619.53,456.47,57.56,173.96,0.6884,-1,-1,-1
236,30,508.49,440.32,40.27,120.34,0.4780,-1,-1,-1
236,33,1135.72,444.40,138.37,358.07,0.8209,-1,-1,-1
236,23,1221.41,430.26,66.84,175.53,0.4839,-1,-1,-1
236,28,424.73,475.13,39.20,100.04,0.4677,-1,-1,-1
236,25,741.06,429.83,146.12,434.95,0.5302,-1,-1,-1
237,2,938.75,423.09,116.22,422.47,0.5452,-1,-1,-1
237,11,792.69,415.63,251.12,582.04,0.8147,-1,-1,-1
237,5,1137.49,442.72,139.54,360.76,0.8085,-1,-1,-1
237,21,792.69,415.63,251.12,582.04,0.8147,-1,-1,-1
237,29,621.51,455.20,55.76,175.13,0.6499,-1,-1,-1
237,30,509.09,440.09,39.93,119.61,0.4445,-1,-1,-1
237,33,1137.57,442.69,139.17,360.80,0.8085,-1,-1,-1
237,23,1229.56,430.14,64.93,178.54,0.4660,-1,-1,-1
237,25,751.45,432.06,134.96,432.34,0.5870,-1,-1,-1
238,2,943.11,422.04,116.22,411.57,0.5794,-1,-1,-1
238,11,791.52,411.86,251.92,585.69,0.8136,-1,-1,-1
238,5,1140.70,438.96,138.24,365.02,0.7699,-1,-1,-1
238,21,791.52,411.86,251.92,585.69,0.8136,-1,-1,-1
238,29,623.99,458.07,52.06,175.19,0.6747,-1,-1,-1
238,30,509.59,441.35,39.46,117.09,0.3341,-1,-1,-1
238,33,1140.78,438.93,137.91,365.05,0.7699,-1,-1,-1
238,23,1233.58,429.82,70.97,180.30,0.4721,-1,-1,-1
238,25,757.02,435.43,128.26,430.04,0.4338,-1,-1,-1
239,2,948.72,423.03,113.73,375.21,0.4359,-1,-1,-1
239,11,793.15,409.02,249.06,589.05,0.8386,-1,-1,-1
239,5,1147.05,437.91,132.50,366.80,0.7496,-1,-1,-1
239,21,793.15,409.02,249.06,589.05,0.8386,-1,-1,-1
239,29,625.89,460.16,52.51,174.21,0.6684,-1,-1,-1
239,30,509.54,441.58,39.49,116.66,0.3981,-1,-1,-1
239,33,1147.12,437.89,132.20,366.84,0.7496,-1,-1,-1
239,23,1238.68,432.75,75.00,272.21,0.4480,-1,-1,-1
239,25,728.84,437.71,149.92,428.67,0.5458,-1,-1,-1
240,2,954.27,424.39,114.52,402.55,0.6240,-1,-1,-1
240,11,796.40,410.89,245.56,587.67,0.8480,-1,-1,-1
240,5,1158.38,437.47,122.22,370.48,0.7143,-1,-1,-1
240,21,796.40,410.89,245.56,587.67,0.8480,-1,-1,-1
240,29,627.62,460.59,51.64,172.97,0.5954,-1,-1,-1
240,30,509.28,441.35,39.67,117.27,0.4040,-1,-1,-1
240,33,1158.45,437.46,121.95,370.51,0.7143,-1,-1,-1
240,23,1244.22,432.69,72.44,305.17,0.5407,-1,-1,-1
240,25,721.12,438.04,159.09,430.15,0.6310,-1,-1,-1
241,2,959.80,425.15,110.48,411.95,0.6740,-1,-1,-1
241,11,807.39,414.47,235.73,585.13,0.8196,-1,-1,-1
241,5,1169.76,437.78,113.18,371.23,0.7354,-1,-1,-1
241,21,807.39,414.47,235.73,585.13,0.8196,-1,-1,-1
241,29,628.97,458.20,55.04,174.37,0.5834,-1,-1,-1
241,30,509.06,441.82,39.67,116.92,0.4083,-1,-1,-1
241,33,1169.82,437.77,112.95,371.26,0.7354,-1,-1,-1
241,23,1251.01,431.40,67.30,321.61,0.5438,-1,-1,-1
241,25,721.36,437.60,161.33,429.78,0.6225,-1,-1,-1
242,2,959.66,425.66,113.06,411.99,0.5606,-1,-1,-1
242,11,820.19,420.71,221.96,581.56,0.8240,-1,-1,-1
242,5,1179.43,437.46,110.72,368.72,0.6818,-1,-1,-1
242,21,820.19,420.71,221.96,581.56,0.8240,-1,-1,-1
242,29,629.18,459.10,56.99,171.79,0.5867,-1,-1,-1
242,30,508.69,443.84,39.62,115.19,0.3896,-1,-1,-1
242,33,1179.48,437.44,110.53,368.75,0.6818,-1,-1,-1
242,25,744.13,437.56,140.47,433.30,0.6463,-1,-1,-1
243,2,972.50,427.10,101.37,409.50,0.4631,-1,-1,-1
243,11,828.35,409.06,214.52,595.31,0.8007,-1,-1,-1
243,5,1187.89,435.94,108.11,368.87,0.6389,-1,-1,-1
243,21,828.35,409.06,214.52,595.31,0.8007,-1,-1,-1
243,29,630.36,460.82,59.60,169.06,0.5670,-1,-1,-1
243,30,508.25,448.32,39.96,110.68,0.3382,-1,-1,-1
243,33,1187.94,435.93,107.95,368.89,0.6389,-1,-1,-1
243,25,738.34,437.32,149.13,433.04,0.6695,-1,-1,-1
244,2,979.87,424.10,96.91,415.00,0.4868,-1,-1,-1
244,11,838.85,399.72,205.70,607.80,0.7915,-1,-1,-1
244,5,1197.60,434.07,111.79,370.06,0.7684,-1,-1,-1
244,21,838.85,399.72,205.70,607.80,0.7915,-1,-1,-1
244,29,631.35,461.92,63.83,168.90,0.5952,-1,-1,-1
244,30,507.76,447.94,40.52,111.28,0.3742,-1,-1,-1
244,33,1197.64,434.06,111.66,370.08,0.7684,-1,-1,-1
244,25,735.72,436.58,152.68,433.14,0.6903,-1,-1,-1
245,11,847.31,400.13,201.76,613.43,0.7382,-1,-1,-1
245,5,1204.54,432.34,115.19,372.01,0.7983,-1,-1,-1
245,21,847.31,400.13,201.76,613.43,0.7382,-1,-1,-1
245,29,631.72,462.81,65.35,168.67,0.5915,-1,-1,-1
245,30,507.18,447.08,41.21,111.82,0.3848,-1,-1,-1
245,33,1204.57,432.33,115.08,372.03,0.7983,-1,-1,-1
245,25,735.45,437.40,156.64,434.38,0.6435,-1,-1,-1
246,11,855.69,407.91,197.57,615.61,0.7832,-1,-1,-1
246,5,1209.19,431.51,113.36,371.59,0.7652,-1,-1,-1
246,21,855.69,407.91,197.57,615.61,0.7832,-1,-1,-1
246,29,632.60,461.73,64.87,169.23,0.5923,-1,-1,-1
246,30,507.41,443.25,41.35,115.76,0.3772,-1,-1,-1
246,33,1209.22,431.50,113.25,371.61,0.7652,-1,-1,-1
246,25,735.42,438.81,162.43,434.12,0.5698,-1,-1,-1
246,23,1278.24,425.18,60.85,229.38,0.4107,-1,-1,-1
247,11,865.65,416.60,190.00,615.37,0.7729,-1,-1,-1
247,5,1212.55,430.66,118.03,370.61,0.7320,-1,-1,-1
247,21,865.65,416.60,190.00,615.37,0.7729,-1,-1,-1
247,29,632.51,459.25,68.00,172.22,0.5075,-1,-1,-1
247,30,505.31,441.91,43.45,117.24,0.4357,-1,-1,-1
247,33,1212.57,430.66,117.94,370.62,0.7320,-1,-1,-1
247,25,758.85,437.23,145.72,438.61,0.5569,-1,-1,-1
248,11,876.27,419.09,185.91,618.90,0.7379,-1,-1,-1
248,5,1216.36,430.95,130.07,371.32,0.8024,-1,-1,-1
248,21,876.27,419.09,185.91,618.90,0.7379,-1,-1,-1
248,29,636.49,460.58,62.54,171.42,0.5894,-1,-1,-1
248,30,504.25,440.77,44.60,118.43,0.3943,-1,-1,-1
248,33,1216.38,430.95,129.99,371.33,0.8024,-1,-1,-1
248,25,768.25,435.22,139.67,442.02,0.5747,-1,-1,-1
249,11,884.66,421.90,182.15,620.90,0.7133,-1,-1,-1
249,5,1218.16,432.61,116.23,368.16,0.5182,-1,-1,-1
249,21,884.66,421.90,182.15,620.90,0.7133,-1,-1,-1
249,29,637.35,455.11,61.98,177.66,0.5774,-1,-1,-1
249,30,504.79,442.50,44.51,116.96,0.4016,-1,-1,-1
249,33,1219.28,431.00,145.80,371.81,0.6993,-1,-1,-1
249,25,777.11,432.37,141.10,445.44,0.7505,-1,-1,-1
250,11,891.29,423.06,208.39,617.92,0.7204,-1,-1,-1
250,5,1218.50,437.25,120.01,364.50,0.3573,-1,-1,-1
250,21,891.29,423.06,208.39,617.92,0.7204,-1,-1,-1
250,29,641.86,451.53,64.60,181.98,0.6447,-1,-1,-1
250,30,506.93,443.78,42.78,115.73,0.3396,-1,-1,-1
250,33,1221.10,431.78,165.06,372.46,0.7418,-1,-1,-1
250,25,780.19,429.07,145.36,449.14,0.7529,-1,-1,-1
251,11,901.05,414.34,213.80,629.61,0.7894,-1,-1,-1
251,5,1218.96,432.46,167.43,371.45,0.8487,-1,-1,-1
251,21,901.05,414.34,213.80,629.61,0.7894,-1,-1,-1
251,29,646.57,450.11,66.68,182.26,0.6700,-1,-1,-1
251,30,507.47,445.27,42.79,114.65,0.3449,-1,-1,-1
251,33,1220.42,430.43,183.30,374.38,0.8487,-1,-1,-1
251,25,784.21,428.68,142.48,449.87,0.7635,-1,-1,-1
252,11,909.17,407.05,216.47,634.97,0.8474,-1,-1,-1
252,5,1219.63,428.75,189.78,376.71,0.8414,-1,-1,-1
252,21,909.17,407.05,216.47,634.97,0.8474,-1,-1,-1
252,29,649.42,448.30,67.39,183.72,0.7185,-1,-1,-1
252,30,507.42,443.78,43.58,116.51,0.3642,-1,-1,-1
252,33,1220.16,428.00,196.71,377.77,0.8414,-1,-1,-1
252,25,785.57,429.15,143.07,450.50,0.7428,-1,-1,-1
252,38,1848.14,519.28,71.39,261.52,0.4945,-1,-1,-1
252,28,410.69,472.26,44.11,99.99,0.3845,-1,-1,-1
253,11,917.35,405.05,212.98,636.91,0.8429,-1,-1,-1
253,5,1220.15,427.58,201.17,379.45,0.8539,-1,-1,-1
253,21,917.35,405.05,212.98,636.91,0.8429,-1,-1,-1
253,29,651.80,447.04,66.47,185.27,0.6938,-1,-1,-1
253,30,508.04,444.07,43.44,116.69,0.3318,-1,-1,-1
253,33,1220.40,427.33,203.57,379.79,0.8539,-1,-1,-1
253,25,789.01,431.14,138.54,447.01,0.7412,-1,-1,-1
253,38,1848.11,486.67,71.46,292.27,0.5930,-1,-1,-1
253,28,410.27,471.30,44.64,100.59,0.3768,-1,-1,-1
254,11,922.66,407.59,206.85,634.09,0.8355,-1,-1,-1
254,5,1219.82,424.99,204.17,383.89,0.8595,-1,-1,-1
254,21,922.66,407.59,206.85,634.09,0.8355,-1,-1,-1
254,29,654.85,447.61,63.96,184.51,0.7196,-1,-1,-1
254,30,508.49,445.81,42.94,115.25,0.3833,-1,-1,-1
254,33,1219.96,424.93,204.55,383.97,0.8595,-1,-1,-1
254,25,788.47,432.43,138.82,445.46,0.7462,-1,-1,-1
254,38,1841.51,410.87,77.96,368.93,0.5196,-1,-1,-1
254,28,410.71,468.80,42.36,103.20,0.3536,-1,-1,-1
254,39,730.99,484.76,45.64,112.42,0.3836,-1,-1,-1
255,11,926.76,405.73,196.34,637.29,0.8328,-1,-1,-1
255,5,1219.84,426.38,209.81,384.69,0.8621,-1,-1,-1
255,21,926.76,405.73,196.34,637.29,0.8328,-1,-1,-1
255,29,656.87,448.55,64.06,183.97,0.6826,-1,-1,-1
255,30,510.81,446.09,40.91,114.79,0.3656,-1,-1,-1
255,33,1219.95,426.39,209.46,384.67,0.8621,-1,-1,-1
255,25,796.86,431.23,135.36,446.14,0.7032,-1,-1,-1
255,38,1820.72,382.45,98.65,397.19,0.7462,-1,-1,-1
255,28,410.22,470.20,41.11,102.88,0.3801,-1,-1,-1
255,39,731.03,483.81,46.02,113.61,0.3561,-1,-1,-1
256,11,930.06,407.23,195.43,633.87,0.8421,-1,-1,-1
256,5,1223.07,427.35,210.82,385.83,0.8679,-1,-1,-1
256,21,930.06,407.23,195.43,633.87,0.8421,-1,-1,-1
256,29,658.14,449.59,67.32,183.88,0.7103,-1,-1,-1
256,30,510.57,442.37,41.93,118.88,0.4503,-1,-1,-1
256,33,1223.19,427.39,210.19,385.78,0.8679,-1,-1,-1
256,25,804.61,431.94,130.84,448.57,0.7444,-1,-1,-1
256,38,1808.25,377.79,110.99,401.98,0.7645,-1,-1,-1
256,28,408.67,473.38,41.46,100.63,0.3763,-1,-1,-1
256,39,730.51,483.48,45.20,114.94,0.3395,-1,-1,-1
257,11,932.17,407.40,190.65,634.24,0.8272,-1,-1,-1
257,5,1227.44,428.19,210.22,386.04,0.8663,-1,-1,-1
257,21,932.17,407.40,190.65,634.24,0.8272,-1,-1,-1
257,29,658.54,451.39,70.21,183.05,0.7086,-1,-1,-1
257,30,510.21,440.87,42.32,120.21,0.4334,-1,-1,-1
257,33,1227.57,428.23,209.50,385.98,0.8663,-1,-1,-1
257,25,809.53,433.08,128.67,456.94,0.7060,-1,-1,-1
257,38,1807.09,378.50,112.18,401.91,0.7880,-1,-1,-1
257,28,407.61,474.20,42.08,100.79,0.3681,-1,-1,-1
257,39,730.57,483.96,44.51,114.03,0.3060,-1,-1,-1
258,11,936.08,400.94,186.34,640.45,0.8026,-1,-1,-1
258,5,1237.08,427.61,202.47,386.10,0.8651,-1,-1,-1
258,21,936.08,400.94,186.34,640.45,0.8026,-1,-1,-1
258,29,659.58,449.05,71.78,189.06,0.7454,-1,-1,-1
258,33,1237.24,427.64,201.71,386.04,0.8651,-1,-1,-1
258,25,799.90,433.12,139.57,468.32,0.6284,-1,-1,-1
258,38,1803.76,382.18,115.01,397.47,0.7381,-1,-1,-1
258,40,1101.19,434.27,51.99,122.14,0.3991,-1,-1,-1
259,11,936.78,396.53,183.15,645.69,0.7606,-1,-1,-1
259,5,1247.50,427.29,192.36,386.00,0.8004,-1,-1,-1
259,21,936.78,396.53,183.15,645.69,0.7606,-1,-1,-1
259,29,660.13,449.77,73.11,188.54,0.7307,-1,-1,-1
259,33,1247.67,427.33,191.62,385.95,0.8004,-1,-1,-1
259,25,807.37,432.41,131.77,472.83,0.6528,-1,-1,-1
259,38,1786.88,387.16,131.59,390.20,0.7976,-1,-1,-1
259,40,1101.55,432.82,52.72,123.35,0.4000,-1,-1,-1
260,11,938.67,395.75,178.26,645.33,0.7713,-1,-1,-1
260,5,1258.62,426.34,182.20,386.91,0.7872,-1,-1,-1
260,21,938.67,395.75,178.26,645.33,0.7713,-1,-1,-1
260,29,662.33,451.32,71.60,186.37,0.7028,-1,-1,-1
260,33,1258.79,426.37,181.52,386.87,0.7872,-1,-1,-1
260,25,811.95,432.49,128.96,477.00,0.5791,-1,-1,-1
260,38,1759.85,391.23,158.78,385.66,0.7756,-1,-1,-1
261,11,940.58,398.25,176.25,643.09,0.7815,-1,-1,-1
261,5,1273.34,426.24,167.32,387.21,0.7394,-1,-1,-1
261,21,940.58,398.25,176.25,643.09,0.7815,-1,-1,-1
261,29,663.55,451.00,70.96,188.26,0.7249,-1,-1,-1
261,33,1273.52,426.26,166.68,387.17,0.7394,-1,-1,-1
261,25,790.50,439.29,146.96,475.24,0.5593,-1,-1,-1
261,38,1725.54,391.04,193.30,386.98,0.7868,-1,-1,-1
262,11,941.09,396.56,175.04,645.16,0.7996,-1,-1,-1
262,5,1297.79,424.83,145.26,390.38,0.7774,-1,-1,-1
262,21,941.09,396.56,175.04,645.16,0.7996,-1,-1,-1
262,29,664.27,450.67,70.60,189.35,0.6880,-1,-1,-1
262,33,1298.00,424.85,144.66,390.34,0.7774,-1,-1,-1
262,25,809.18,435.78,134.57,479.75,0.6393,-1,-1,-1
262,38,1694.59,401.66,223.20,377.25,0.8118,-1,-1,-1
262,30,505.64,438.95,45.97,121.47,0.4139,-1,-1,-1
263,11,943.41,396.02,174.93,645.67,0.8203,-1,-1,-1
263,5,1312.56,424.47,138.30,391.52,0.7907,-1,-1,-1
263,21,943.41,396.02,174.93,645.67,0.8203,-1,-1,-1
263,29,664.62,452.11,71.96,187.32,0.6493,-1,-1,-1
263,33,1312.73,424.49,137.86,391.49,0.7907,-1,-1,-1
263,25,817.87,434.54,128.30,481.92,0.6634,-1,-1,-1
263,38,1673.90,413.46,243.86,365.02,0.8338,-1,-1,-1
263,30,503.78,438.77,47.36,121.77,0.4045,-1,-1,-1
264,11,945.55,398.03,178.58,643.15,0.8215,-1,-1,-1
264,5,1328.38,421.67,129.47,395.91,0.8137,-1,-1,-1
264,21,945.55,398.03,178.58,643.15,0.8215,-1,-1,-1
264,29,666.06,452.40,73.13,186.99,0.6317,-1,-1,-1
264,33,1328.52,421.69,129.10,395.88,0.8137,-1,-1,-1
264,25,822.71,433.80,122.09,482.37,0.6325,-1,-1,-1
264,38,1661.94,419.44,254.34,359.04,0.8500,-1,-1,-1
264,30,504.23,439.28,47.45,121.12,0.4164,-1,-1,-1
264,41,1297.03,431.99,42.76,118.49,0.3474,-1,-1,-1
264,28,402.51,468.73,44.44,99.86,0.3457,-1,-1,-1
265,11,947.07,400.52,181.34,641.25,0.8286,-1,-1,-1
265,5,1339.99,421.63,121.91,398.06,0.8056,-1,-1,-1
265,21,947.07,400.52,181.34,641.25,0.8286,-1,-1,-1
265,29,668.74,452.18,73.26,187.12,0.6308,-1,-1,-1
265,33,1340.10,421.64,121.60,398.03,0.8056,-1,-1,-1
265,25,825.09,433.27,120.52,483.73,0.5963,-1,-1,-1
265,38,1655.76,422.92,253.85,354.75,0.8360,-1,-1,-1
265,30,504.53,438.90,47.57,121.45,0.4094,-1,-1,-1
265,41,1298.23,434.21,45.64,114.49,0.3183,-1,-1,-1
265,28,401.28,468.00,47.40,101.88,0.3569,-1,-1,-1
266,11,949.10,402.08,177.98,639.79,0.8176,-1,-1,-1
266,5,1347.48,421.85,121.46,403.09,0.8193,-1,-1,-1
266,21,949.10,402.08,177.98,639.79,0.8176,-1,-1,-1
266,29,673.13,453.46,71.48,185.49,0.5930,-1,-1,-1
266,33,1347.56,421.86,121.22,403.07,0.8193,-1,-1,-1
266,25,826.05,432.22,119.97,485.45,0.6313,-1,-1,-1
266,38,1652.44,415.19,245.78,360.36,0.8503,-1,-1,-1
266,30,504.91,438.69,47.57,121.69,0.4104,-1,-1,-1
266,28,401.44,467.34,47.68,105.12,0.3041,-1,-1,-1
266,40,1110.42,437.63,52.08,120.96,0.4104,-1,-1,-1
267,11,950.73,402.33,175.96,639.46,0.8105,-1,-1,-1
267,5,1353.30,419.64,121.00,411.37,0.8201,-1,-1,-1
267,21,950.73,402.33,175.96,639.46,0.8105,-1,-1,-1
267,29,674.99,453.90,71.13,183.99,0.6218,-1,-1,-1
267,33,1353.36,419.66,120.80,411.35,0.8201,-1,-1,-1
267,25,826.02,429.46,119.65,489.85,0.7041,-1,-1,-1
267,38,1650.76,415.86,232.05,353.36,0.8300,-1,-1,-1
267,30,504.95,438.85,47.62,121.42,0.4299,-1,-1,-1
267,28,400.42,465.10,49.36,108.27,0.3753,-1,-1,-1
267,40,1114.20,438.49,48.79,119.32,0.3499,-1,-1,-1
268,11,951.49,403.33,172.76,638.80,0.8181,-1,-1,-1
268,5,1356.46,422.25,133.71,410.17,0.8309,-1,-1,-1
268,21,951.49,403.33,172.76,638.80,0.8181,-1,-1,-1
268,29,677.00,454.08,69.41,183.21,0.6810,-1,-1,-1
268,33,1356.50,422.26,133.56,410.15,0.8309,-1,-1,-1
268,25,825.38,429.62,123.58,489.41,0.5945,-1,-1,-1
268,38,1651.69,414.50,206.43,345.64,0.8203,-1,-1,-1
268,30,505.61,438.01,46.95,122.94,0.4164,-1,-1,-1
268,28,397.74,463.69,51.70,110.45,0.3047,-1,-1,-1
269,11,951.86,403.50,175.89,639.06,0.8197,-1,-1,-1
269,5,1360.64,423.39,152.55,412.89,0.8576,-1,-1,-1
269,21,951.86,403.50,175.89,639.06,0.8197,-1,-1,-1
269,29,678.83,453.60,67.84,183.04,0.6683,-1,-1,-1
269,33,1360.68,423.40,152.42,412.87,0.8576,-1,-1,-1
269,25,823.86,428.87,125.39,491.68,0.5654,-1,-1,-1
269,38,1651.86,415.35,182.31,341.38,0.8101,-1,-1,-1
269,30,505.26,436.62,47.20,124.41,0.4431,-1,-1,-1
269,40,1120.72,442.85,41.83,113.56,0.3672,-1,-1,-1
270,11,953.10,404.23,173.51,638.78,0.8080,-1,-1,-1
270,5,1363.84,423.85,169.47,414.75,0.8497,-1,-1,-1
270,21,953.10,404.23,173.51,638.78,0.8080,-1,-1,-1
270,29,681.38,452.65,66.41,185.46,0.6998,-1,-1,-1
270,33,1363.89,423.86,169.34,414.74,0.8497,-1,-1,-1
270,25,825.81,427.26,131.76,493.96,0.5995,-1,-1,-1
270,38,1652.83,410.93,151.87,343.15,0.8015,-1,-1,-1
270,30,505.56,436.16,47.00,124.90,0.4103,-1,-1,-1
271,11,955.51,404.93,168.14,638.57,0.7717,-1,-1,-1
271,5,1364.41,423.60,187.55,415.26,0.8316,-1,-1,-1
271,21,955.51,404.93,168.14,638.57,0.7717,-1,-1,-1
271,29,684.84,449.38,65.37,190.75,0.6160,-1,-1,-1
271,33,1364.45,423.61,187.43,415.25,0.8316,-1,-1,-1
271,25,826.64,426.41,135.50,495.40,0.6076,-1,-1,-1
271,38,1653.48,412.98,121.13,340.22,0.7669,-1,-1,-1
271,30,506.77,437.14,46.95,123.83,0.3776,-1,-1,-1
272,11,959.35,404.30,161.30,638.99,0.8078,-1,-1,-1
272,5,1364.54,425.09,196.89,415.82,0.8649,-1,-1,-1
272,21,959.35,404.30,161.30,638.99,0.8078,-1,-1,-1
272,29,687.44,446.76,66.42,195.82,0.6513,-1,-1,-1
272,33,1364.58,425.09,196.76,415.81,0.8649,-1,-1,-1
272,25,829.01,426.45,134.37,495.03,0.6614,-1,-1,-1
272,38,1643.70,414.34,101.18,337.29,0.7026,-1,-1,-1
272,30,507.15,439.74,47.64,121.24,0.3849,-1,-1,-1
273,11,962.84,403.51,158.78,639.76,0.8123,-1,-1,-1
273,5,1365.17,426.77,201.34,418.95,0.8805,-1,-1,-1
273,21,962.84,403.51,158.78,639.76,0.8123,-1,-1,-1
273,29,688.57,444.35,67.22,200.05,0.6531,-1,-1,-1
273,33,1365.21,426.78,201.23,418.94,0.8805,-1,-1,-1
273,25,830.67,424.72,133.58,496.09,0.6601,-1,-1,-1
273,38,1637.23,424.47,87.03,327.67,0.7103,-1,-1,-1
273,28,393.46,464.05,53.20,109.26,0.3625,-1,-1,-1
274,11,964.76,403.32,155.82,640.16,0.8158,-1,-1,-1
274,5,1366.79,425.97,205.09,425.69,0.8754,-1,-1,-1
274,21,964.76,403.32,155.82,640.16,0.8158,-1,-1,-1
274,29,689.08,447.93,67.45,194.27,0.5838,-1,-1,-1
274,33,1366.82,425.97,204.99,425.68,0.8754,-1,-1,-1
274,25,832.09,424.53,133.89,495.65,0.6800,-1,-1,-1
274,38,1624.44,433.94,92.59,316.58,0.7957,-1,-1,-1
274,28,393.73,466.66,52.35,106.33,0.3265,-1,-1,-1
275,11,966.33,404.26,153.62,639.56,0.7983,-1,-1,-1
275,5,1370.39,424.76,205.08,429.54,0.8780,-1,-1,-1
275,21,966.33,404.26,153.62,639.56,0.7983,-1,-1,-1
275,29,691.79,448.71,71.64,194.09,0.5685,-1,-1,-1
275,33,1370.42,424.76,204.98,429.53,0.8780,-1,-1,-1
275,25,832.66,422.99,134.34,496.36,0.7002,-1,-1,-1
275,38,1596.29,437.35,118.61,313.60,0.7846,-1,-1,-1
275,28,392.89,465.53,54.60,107.60,0.3167,-1,-1,-1
275,2,1067.68,425.52,104.23,225.65,0.4189,-1,-1,-1
276,11,967.81,402.25,154.21,641.46,0.8142,-1,-1,-1
276,5,1375.49,425.14,200.07,430.16,0.8333,-1,-1,-1
276,21,967.81,402.25,154.21,641.46,0.8142,-1,-1,-1
276,29,696.79,449.05,68.49,192.99,0.5449,-1,-1,-1
276,33,1375.51,425.14,199.98,430.15,0.8333,-1,-1,-1
276,25,831.39,423.28,132.47,495.88,0.7021,-1,-1,-1
276,38,1573.46,437.92,138.59,314.84,0.8035,-1,-1,-1
276,2,1071.11,423.16,102.64,227.93,0.4046,-1,-1,-1
276,41,1304.67,427.88,56.98,123.06,0.4031,-1,-1,-1
277,11,970.74,403.19,155.19,640.95,0.8281,-1,-1,-1
277,5,1379.60,425.40,196.32,430.41,0.8147,-1,-1,-1
277,21,970.74,403.19,155.19,640.95,0.8281,-1,-1,-1
277,29,696.11,451.81,66.29,192.25,0.4532,-1,-1,-1
277,33,1379.63,425.40,196.25,430.40,0.8147,-1,-1,-1
277,25,828.90,423.36,131.67,496.02,0.6845,-1,-1,-1
277,38,1554.46,424.68,156.54,328.46,0.8513,-1,-1,-1
277,2,1076.29,425.78,98.66,224.84,0.3676,-1,-1,-1
278,11,971.11,402.02,158.17,642.68,0.8239,-1,-1,-1
278,5,1387.13,425.68,205.17,428.08,0.8073,-1,-1,-1
278,21,971.11,402.02,158.17,642.68,0.8239,-1,-1,-1
278,29,703.14,451.72,68.20,193.25,0.4961,-1,-1,-1
278,33,1387.15,425.68,205.10,428.07,0.8073,-1,-1,-1
278,25,830.17,423.09,130.56,496.09,0.7099,-1,-1,-1
278,38,1537.96,447.43,172.77,303.51,0.8507,-1,-1,-1
279,11,973.81,401.28,158.41,644.22,0.8244,-1,-1,-1
279,5,1427.02,429.45,164.33,421.99,0.5474,-1,-1,-1
279,21,973.81,401.28,158.41,644.22,0.8244,-1,-1,-1
279,29,707.54,452.19,73.76,192.87,0.4307,-1,-1,-1
279,33,1427.04,429.46,164.25,421.98,0.5474,-1,-1,-1
279,25,829.15,421.32,132.04,498.12,0.7356,-1,-1,-1
279,38,1530.73,429.66,178.50,319.78,0.8376,-1,-1,-1
280,11,975.55,401.14,162.35,643.75,0.8128,-1,-1,-1
280,5,1447.44,428.92,144.84,422.38,0.7809,-1,-1,-1
280,21,975.55,401.14,162.35,643.75,0.8128,-1,-1,-1
280,29,711.97,452.18,75.29,193.29,0.5381,-1,-1,-1
280,33,1447.46,428.92,144.79,422.38,0.7809,-1,-1,-1
280,25,826.76,419.87,135.25,499.56,0.7231,-1,-1,-1
280,38,1542.25,443.60,162.03,302.20,0.7798,-1,-1,-1
280,39,705.31,456.22,66.05,186.99,0.3414,-1,-1,-1
280,28,387.56,461.68,56.59,113.41,0.3620,-1,-1,-1
281,11,977.61,399.15,165.29,645.14,0.8157,-1,-1,-1
281,5,1458.11,428.63,128.40,421.85,0.7883,-1,-1,-1
281,21,977.61,399.15,165.29,645.14,0.8157,-1,-1,-1
281,29,714.83,454.97,76.49,191.55,0.6095,-1,-1,-1
281,33,1458.13,428.63,128.36,421.84,0.7883,-1,-1,-1
281,25,826.89,419.85,141.58,499.51,0.7255,-1,-1,-1
281,38,1546.00,424.11,148.69,323.83,0.6383,-1,-1,-1
281,39,710.60,455.80,72.86,190.35,0.6095,-1,-1,-1
281,28,387.05,461.02,59.16,113.06,0.3627,-1,-1,-1
282,11,979.12,399.88,168.31,644.17,0.7954,-1,-1,-1
282,5,1466.99,432.98,122.39,418.37,0.7364,-1,-1,-1
282,21,979.12,399.88,168.31,644.17,0.7954,-1,-1,-1
282,29,714.81,458.29,80.21,187.11,0.5087,-1,-1,-1
282,33,1467.00,432.98,122.36,418.37,0.7364,-1,-1,-1
282,25,826.45,419.40,149.88,498.36,0.7456,-1,-1,-1
282,38,1542.94,420.45,135.67,322.77,0.5455,-1,-1,-1
282,39,711.95,457.85,78.86,188.07,0.5087,-1,-1,-1
282,28,385.88,462.83,54.56,111.78,0.3588,-1,-1,-1
283,11,982.64,399.51,168.69,644.50,0.7813,-1,-1,-1
283,5,1472.33,432.18,136.06,420.99,0.7704,-1,-1,-1
283,21,982.64,399.51,168.69,644.50,0.7813,-1,-1,-1
283,29,716.58,458.76,80.35,185.85,0.6083,-1,-1,-1
283,33,1472.33,432.18,136.04,420.98,0.7704,-1,-1,-1
283,25,825.78,420.29,162.82,497.69,0.7567,-1,-1,-1
283,39,714.30,458.01,80.08,187.40,0.6083,-1,-1,-1
283,28,385.48,463.22,52.76,112.00,0.4533,-1,-1,-1
283,30,504.23,455.15,43.53,104.21,0.3480,-1,-1,-1
284,11,989.40,400.70,160.81,642.49,0.7639,-1,-1,-1
284,5,1479.42,429.54,143.13,422.76,0.7981,-1,-1,-1
284,21,989.40,400.70,160.81,642.49,0.7639,-1,-1,-1
284,29,717.86,457.98,80.58,186.87,0.6897,-1,-1,-1
284,33,1479.42,429.55,143.11,422.76,0.7981,-1,-1,-1
284,25,825.34,420.64,174.74,498.52,0.7645,-1,-1,-1
284,39,715.99,457.20,80.73,188.48,0.6897,-1,-1,-1
284,28,384.12,465.50,55.72,109.80,0.4321,-1,-1,-1
284,30,505.01,456.52,42.07,103.38,0.3518,-1,-1,-1
285,11,992.65,403.29,156.75,639.86,0.7923,-1,-1,-1
285,5,1487.57,433.91,142.25,418.62,0.7758,-1,-1,-1
285,21,992.65,403.29,156.75,639.86,0.7923,-1,-1,-1
285,29,717.13,456.37,82.88,188.41,0.7342,-1,-1,-1
285,33,1487.57,433.91,142.23,418.62,0.7758,-1,-1,-1
285,25,825.77,425.66,182.93,496.87,0.7774,-1,-1,-1
285,39,715.55,455.65,83.14,189.92,0.7342,-1,-1,-1
285,28,382.15,466.82,56.25,108.33,0.4211,-1,-1,-1
285,30,504.64,456.78,42.18,103.32,0.3971,-1,-1,-1
285,42,1346.09,444.29,36.17,102.15,0.4819,-1,-1,-1
286,11,995.27,405.59,154.67,637.82,0.7906,-1,-1,-1
286,5,1495.51,434.47,152.50,417.83,0.8168,-1,-1,-1
286,21,995.27,405.59,154.67,637.82,0.7906,-1,-1,-1
286,29,716.98,454.77,86.13,189.99,0.7743,-1,-1,-1
286,33,1495.52,434.47,152.48,417.83,0.8168,-1,-1,-1
286,25,825.87,425.39,189.26,498.49,0.7843,-1,-1,-1
286,39,715.59,454.13,86.39,191.38,0.7743,-1,-1,-1
286,28,380.77,468.21,55.07,106.73,0.3749,-1,-1,-1
286,30,504.52,457.39,42.10,102.72,0.3725,-1,-1,-1
286,42,1348.78,443.04,35.93,103.02,0.4343,-1,-1,-1
286,23,1472.86,442.67,57.14,194.43,0.4093,-1,-1,-1
287,11,995.66,406.41,155.62,637.19,0.7841,-1,-1,-1
287,5,1499.28,431.45,175.03,421.12,0.8299,-1,-1,-1
287,21,995.66,406.41,155.62,637.19,0.7841,-1,-1,-1
287,29,718.55,454.93,85.62,189.26,0.7627,-1,-1,-1
287,33,1499.29,431.46,175.01,421.12,0.8299,-1,-1,-1
287,25,828.34,422.43,192.17,500.07,0.8053,-1,-1,-1
287,39,717.27,454.33,85.91,190.55,0.7627,-1,-1,-1
287,28,380.31,469.54,51.77,104.76,0.3052,-1,-1,-1
287,30,504.48,457.54,41.87,102.92,0.3371,-1,-1,-1
287,42,1350.79,443.72,35.07,104.31,0.4865,-1,-1,-1
287,23,1477.96,442.22,58.91,193.67,0.5657,-1,-1,-1
288,11,997.30,406.62,154.41,637.54,0.7845,-1,-1,-1
288,5,1503.21,429.99,200.02,426.06,0.8567,-1,-1,-1
288,21,997.30,406.62,154.41,637.54,0.7845,-1,-1,-1
288,29,721.41,449.45,83.24,193.73,0.7396,-1,-1,-1
288,33,1503.22,429.99,200.00,426.06,0.8567,-1,-1,-1
288,25,830.10,421.47,193.28,500.61,0.8140,-1,-1,-1
288,39,720.26,448.99,83.55,194.82,0.7396,-1,-1,-1
288,28,380.80,470.59,48.75,103.97,0.3560,-1,-1,-1
288,30,504.71,456.81,41.46,103.98,0.3750,-1,-1,-1
289,11,999.32,407.83,152.99,635.97,0.7846,-1,-1,-1
289,5,1505.70,435.35,219.48,423.31,0.8817,-1,-1,-1
289,21,999.32,407.83,152.99,635.97,0.7846,-1,-1,-1
289,29,725.49,447.27,81.32,196.44,0.6597,-1,-1,-1
289,33,1505.70,435.35,219.46,423.31,0.8817,-1,-1,-1
289,25,834.38,422.94,190.14,497.97,0.8089,-1,-1,-1
289,39,724.46,446.86,81.61,197.42,0.6597,-1,-1,-1
289,30,505.97,456.48,40.33,104.27,0.3565,-1,-1,-1
289,38,1476.48,414.70,107.27,309.39,0.3407,-1,-1,-1
290,11,1002.33,405.91,151.45,637.95,0.8122,-1,-1,-1
290,5,1505.70,436.16,235.80,427.89,0.8746,-1,-1,-1
290,21,1002.33,405.91,151.45,637.95,0.8122,-1,-1,-1
290,29,729.84,448.16,80.21,195.62,0.6345,-1,-1,-1
290,33,1505.70,436.16,235.79,427.89,0.8746,-1,-1,-1
290,25,839.13,419.12,185.27,501.87,0.8087,-1,-1,-1
290,39,728.92,447.77,80.48,196.53,0.6345,-1,-1,-1
290,30,506.37,456.58,39.10,102.64,0.3480,-1,-1,-1
290,38,1440.84,414.86,132.26,309.07,0.4380,-1,-1,-1
291,11,1003.77,404.03,153.28,639.16,0.7856,-1,-1,-1
291,5,1504.03,434.76,249.97,433.30,0.8359,-1,-1,-1
291,21,1003.77,404.03,153.28,639.16,0.7856,-1,-1,-1
291,29,733.38,452.61,78.77,192.55,0.6253,-1,-1,-1
291,33,1504.03,434.76,249.96,433.30,0.8359,-1,-1,-1
291,25,835.18,420.50,189.73,501.14,0.8189,-1,-1,-1
291,39,732.56,452.23,79.02,193.37,0.6253,-1,-1,-1
291,38,1419.54,421.46,146.31,297.66,0.6329,-1,-1,-1
291,43,677.70,483.12,52.64,121.24,0.3435,-1,-1,-1
292,11,1003.47,403.76,155.03,638.86,0.7559,-1,-1,-1
292,5,1502.46,435.42,256.14,436.92,0.8560,-1,-1,-1
292,21,1003.47,403.76,155.03,638.86,0.7559,-1,-1,-1
292,29,741.32,452.43,70.90,193.23,0.6021,-1,-1,-1
292,33,1502.46,435.43,256.13,436.92,0.8560,-1,-1,-1
292,25,835.10,422.02,190.33,498.51,0.8121,-1,-1,-1
292,39,740.57,452.10,71.16,193.94,0.6021,-1,-1,-1
292,38,1403.17,426.82,154.82,308.54,0.3366,-1,-1,-1
293,11,1006.33,404.33,155.13,638.06,0.8020,-1,-1,-1
293,5,1502.14,436.53,261.72,441.13,0.8686,-1,-1,-1
293,21,1006.33,404.33,155.13,638.06,0.8020,-1,-1,-1
293,29,744.80,450.26,68.91,196.40,0.6662,-1,-1,-1
293,33,1502.14,436.53,261.71,441.13,0.8686,-1,-1,-1
293,25,839.14,418.67,185.76,502.36,0.8220,-1,-1,-1
293,39,744.20,449.98,69.12,197.02,0.6662,-1,-1,-1
293,38,1397.17,429.03,140.25,288.61,0.7028,-1,-1,-1
293,30,505.10,454.71,40.19,104.71,0.3594,-1,-1,-1
294,11,1008.10,403.08,154.86,640.37,0.8147,-1,-1,-1
294,5,1502.66,435.83,266.57,444.91,0.8660,-1,-1,-1
294,21,1008.10,403.08,154.86,640.37,0.8147,-1,-1,-1
294,29,747.52,451.52,64.77,195.08,0.6552,-1,-1,-1
294,33,1502.66,435.84,266.56,444.91,0.8660,-1,-1,-1
294,25,842.22,415.58,183.07,505.66,0.8318,-1,-1,-1
294,39,747.00,451.27,64.96,195.65,0.6552,-1,-1,-1
294,38,1394.42,429.67,139.16,282.33,0.7576,-1,-1,-1
294,30,504.84,456.96,40.42,101.93,0.3396,-1,-1,-1
294,40,1156.80,436.15,42.66,114.94,0.3384,-1,-1,-1
294,23,1529.58,437.70,69.54,217.90,0.4481,-1,-1,-1
294,43,681.17,484.04,50.60,121.92,0.3562,-1,-1,-1
295,11,1009.68,402.95,152.30,640.59,0.8107,-1,-1,-1
295,5,1502.52,432.14,268.61,447.94,0.8549,-1,-1,-1
295,21,1009.68,402.95,152.30,640.59,0.8107,-1,-1,-1
295,29,748.00,451.69,69.04,196.23,0.6376,-1,-1,-1
295,33,1502.52,432.14,268.60,447.94,0.8549,-1,-1,-1
295,25,845.17,413.43,180.53,507.37,0.8263,-1,-1,-1
295,39,747.58,451.46,69.17,196.72,0.6376,-1,-1,-1
295,38,1390.17,429.39,148.18,280.80,0.7587,-1,-1,-1
295,40,1157.44,436.84,44.54,114.24,0.3221,-1,-1,-1
295,23,1537.66,433.34,69.90,220.11,0.4276,-1,-1,-1
296,11,1009.48,403.59,154.69,639.41,0.8181,-1,-1,-1
296,5,1511.36,430.09,258.68,450.23,0.8341,-1,-1,-1
296,21,1009.48,403.59,154.69,639.41,0.8181,-1,-1,-1
296,29,750.70,449.99,73.92,196.78,0.6583,-1,-1,-1
296,33,1511.36,430.09,258.67,450.23,0.8341,-1,-1,-1
296,25,848.66,412.75,177.41,508.45,0.8370,-1,-1,-1
296,39,750.31,449.79,74.04,197.22,0.6583,-1,-1,-1
296,38,1391.31,428.19,144.81,281.31,0.7694,-1,-1,-1
296,40,1157.40,436.58,46.03,114.57,0.3720,-1,-1,-1
296,23,1544.55,431.41,75.91,221.50,0.3584,-1,-1,-1
297,11,1011.14,404.60,154.92,637.75,0.8149,-1,-1,-1
297,5,1527.18,429.94,240.46,449.97,0.7895,-1,-1,-1
297,21,1011.14,404.60,154.92,637.75,0.8149,-1,-1,-1
297,29,757.19,448.47,71.47,199.22,0.7291,-1,-1,-1
297,33,1527.19,429.94,240.45,449.97,0.7895,-1,-1,-1
297,25,852.78,409.89,173.23,511.49,0.8351,-1,-1,-1
297,39,756.82,448.30,71.58,199.60,0.7291,-1,-1,-1
297,38,1394.98,432.38,137.77,277.34,0.7833,-1,-1,-1
297,40,1157.95,436.71,46.71,115.53,0.3653,-1,-1,-1
297,23,1553.16,437.73,77.77,216.59,0.4018,-1,-1,-1
298,11,1010.78,405.58,157.30,636.28,0.8085,-1,-1,-1
298,5,1540.75,430.75,227.23,447.41,0.7482,-1,-1,-1
298,21,1010.78,405.58,157.30,636.28,0.8085,-1,-1,-1
298,29,757.71,447.58,71.88,199.98,0.7156,-1,-1,-1
298,33,1540.75,430.75,227.23,447.41,0.7482,-1,-1,-1
298,25,855.25,410.07,170.82,512.58,0.8060,-1,-1,-1
298,39,757.40,447.43,71.98,200.32,0.7156,-1,-1,-1
298,38,1395.03,438.51,126.98,269.51,0.7831,-1,-1,-1
298,40,1158.01,436.47,48.00,116.65,0.4044,-1,-1,-1
298,23,1562.84,432.20,77.83,217.27,0.3779,-1,-1,-1
299,11,1010.76,405.18,160.44,635.45,0.8110,-1,-1,-1
299,5,1554.79,425.77,219.97,454.17,0.7704,-1,-1,-1
299,21,1010.76,405.18,160.44,635.45,0.8110,-1,-1,-1
299,29,762.10,450.47,71.01,199.10,0.7053,-1,-1,-1
299,33,1554.80,425.77,219.96,454.17,0.7704,-1,-1,-1
299,25,865.58,413.51,160.64,512.73,0.7731,-1,-1,-1
299,39,761.83,450.33,71.09,199.41,0.7053,-1,-1,-1
299,38,1394.02,447.29,112.82,259.83,0.7392,-1,-1,-1
299,23,1571.59,424.41,86.48,224.86,0.3315,-1,-1,-1
300,11,1012.03,405.32,162.02,632.27,0.8217,-1,-1,-1
300,5,1574.56,423.31,196.22,457.05,0.6959,-1,-1,-1
300,21,1012.03,405.32,162.02,632.27,0.8217,-1,-1,-1
300,29,765.17,450.86,70.65,198.98,0.7139,-1,-1,-1
300,33,1574.56,423.31,196.21,457.05,0.6959,-1,-1,-1
300,25,875.55,417.51,148.97,513.50,0.7726,-1,-1,-1
300,39,764.93,450.74,70.73,199.25,0.7139,-1,-1,-1
300,38,1385.73,430.40,102.76,276.21,0.7877,-1,-1,-1
300,23,1579.77,424.93,83.95,224.34,0.4268,-1,-1,-1
301,11,1011.00,404.98,161.39,629.72,0.8169,-1,-1,-1
301,5,1604.82,422.06,181.35,457.39,0.7294,-1,-1,-1
301,21,1011.00,404.98,161.39,629.72,0.8169,-1,-1,-1
301,29,769.39,449.97,68.27,199.80,0.7476,-1,-1,-1
301,33,1604.82,422.06,181.35,457.39,0.7294,-1,-1,-1
301,25,884.19,418.75,139.04,520.47,0.7650,-1,-1,-1
301,39,769.18,449.87,68.34,200.04,0.7476,-1,-1,-1
301,38,1381.02,442.70,88.78,263.44,0.8124,-1,-1,-1
301,23,1584.38,425.35,87.35,223.30,0.3789,-1,-1,-1
301,28,378.83,468.02,44.71,105.95,0.3902,-1,-1,-1
302,11,1008.59,405.89,164.37,625.44,0.8146,-1,-1,-1
302,5,1628.15,417.08,164.22,463.33,0.7632,-1,-1,-1
302,21,1008.59,405.89,164.37,625.44,0.8146,-1,-1,-1
302,29,770.93,454.14,71.21,196.72,0.7885,-1,-1,-1
302,33,1628.16,417.08,164.22,463.33,0.7632,-1,-1,-1
302,25,889.17,419.16,134.22,527.19,0.7534,-1,-1,-1
302,39,770.75,454.04,71.26,196.93,0.7885,-1,-1,-1
302,38,1371.97,451.02,85.62,255.83,0.8322,-1,-1,-1
302,23,1589.37,422.36,93.73,227.70,0.3662,-1,-1,-1
302,28,379.40,468.54,44.06,104.86,0.4012,-1,-1,-1
302,30,506.79,460.14,36.13,98.74,0.3998,-1,-1,-1
303,11,1011.08,405.15,163.22,622.37,0.8100,-1,-1,-1
303,5,1646.63,411.18,152.12,475.68,0.7716,-1,-1,-1
303,21,1011.08,405.15,163.22,622.37,0.8100,-1,-1,-1
303,29,771.96,454.18,71.90,197.71,0.7770,-1,-1,-1
303,33,1646.64,411.18,152.12,475.68,0.7716,-1,-1,-1
303,25,879.32,420.55,144.61,528.58,0.7567,-1,-1,-1
303,39,771.80,454.10,71.95,197.90,0.7770,-1,-1,-1
303,38,1359.85,430.71,88.17,275.23,0.7919,-1,-1,-1
303,23,1595.12,419.49,94.07,229.82,0.3900,-1,-1,-1
303,28,378.89,466.63,44.43,106.86,0.4224,-1,-1,-1
303,45,0.13,655.55,116.64,202.90,0.6844,-1,-1,-1
303,30,506.33,459.66,36.39,99.94,0.4127,-1,-1,-1
304,11,1012.41,404.31,168.59,622.54,0.8100,-1,-1,-1
304,5,1660.52,410.14,153.23,486.19,0.7762,-1,-1,-1
304,21,1012.41,404.31,168.59,622.54,0.8100,-1,-1,-1
304,29,773.91,454.02,74.58,198.69,0.7692,-1,-1,-1
304,33,1660.53,410.14,153.23,486.19,0.7762,-1,-1,-1
304,25,871.50,420.27,153.51,530.89,0.7953,-1,-1,-1
304,39,773.77,453.95,74.62,198.85,0.7692,-1,-1,-1
304,38,1345.99,423.90,95.23,281.81,0.7747,-1,-1,-1
304,23,1603.10,419.19,93.19,230.62,0.3350,-1,-1,-1
304,28,378.50,466.53,44.61,106.93,0.3868,-1,-1,-1
304,45,0.06,579.43,118.61,278.86,0.7201,-1,-1,-1
304,30,505.61,459.20,37.62,101.29,0.4884,-1,-1,-1
305,11,1012.59,404.25,179.54,620.58,0.7974,-1,-1,-1
305,5,1670.15,412.69,150.62,491.68,0.7422,-1,-1,-1
305,21,1012.59,404.25,179.54,620.58,0.7974,-1,-1,-1
305,29,774.95,451.44,76.02,203.06,0.7745,-1,-1,-1
305,33,1670.15,412.69,150.62,491.68,0.7422,-1,-1,-1
305,25,873.32,420.76,151.79,531.11,0.7790,-1,-1,-1
305,39,774.82,451.38,76.06,203.21,0.7745,-1,-1,-1
305,38,1336.50,424.45,100.43,281.01,0.7662,-1,-1,-1
305,23,1611.48,411.71,93.66,239.11,0.3236,-1,-1,-1
305,28,377.74,466.34,45.36,107.28,0.3849,-1,-1,-1
305,45,0.32,512.03,117.88,346.40,0.6235,-1,-1,-1
305,30,505.55,457.97,37.43,102.65,0.4554,-1,-1,-1
305,40,1182.98,439.40,38.24,109.95,0.3835,-1,-1,-1
306,11,1014.32,404.79,191.73,616.92,0.8195,-1,-1,-1
306,5,1674.18,415.68,167.11,495.16,0.8635,-1,-1,-1
306,21,1014.32,404.79,191.73,616.92,0.8195,-1,-1,-1
306,29,776.63,448.50,76.22,206.69,0.7658,-1,-1,-1
306,33,1674.18,415.68,167.11,495.16,0.8635,-1,-1,-1
306,25,874.82,420.36,151.14,532.03,0.7988,-1,-1,-1
306,39,776.52,448.45,76.26,206.82,0.7658,-1,-1,-1
306,38,1321.95,434.49,113.73,268.93,0.8031,-1,-1,-1
306,23,1615.66,411.64,102.89,322.35,0.3464,-1,-1,-1
306,28,377.36,466.05,46.13,107.89,0.3833,-1,-1,-1
306,45,0.18,470.37,121.82,389.42,0.7374,-1,-1,-1
306,30,504.50,457.58,39.17,103.34,0.4757,-1,-1,-1
306,40,1183.92,441.26,40.28,107.94,0.5475,-1,-1,-1
307,11,1016.18,402.86,200.89,617.08,0.8297,-1,-1,-1
307,5,1679.03,414.05,199.30,501.36,0.8523,-1,-1,-1
307,21,1016.18,402.86,200.89,617.08,0.8297,-1,-1,-1
307,29,779.44,450.79,74.15,203.72,0.7219,-1,-1,-1
307,33,1679.03,414.05,199.30,501.36,0.8523,-1,-1,-1
307,25,873.46,419.92,153.07,532.40,0.8147,-1,-1,-1
307,39,779.33,450.74,74.18,203.83,0.7219,-1,-1,-1
307,38,1311.14,445.49,124.30,255.71,0.8039,-1,-1,-1
307,23,1616.41,409.33,114.13,372.58,0.5688,-1,-1,-1
307,28,378.29,466.48,45.36,107.40,0.3605,-1,-1,-1
307,45,0.38,419.41,122.85,441.52,0.7493,-1,-1,-1
307,30,504.08,460.18,38.75,100.84,0.4179,-1,-1,-1
307,40,1185.33,442.37,40.60,106.21,0.5622,-1,-1,-1
308,11,1016.62,401.80,211.00,616.04,0.8433,-1,-1,-1
308,5,1680.47,416.81,224.39,500.43,0.8351,-1,-1,-1
308,21,1016.62,401.80,211.00,616.04,0.8433,-1,-1,-1
308,29,782.15,449.82,72.37,203.94,0.7512,-1,-1,-1
308,33,1680.47,416.81,224.39,500.43,0.8351,-1,-1,-1
308,25,874.31,420.30,152.73,532.10,0.8196,-1,-1,-1
308,39,782.06,449.78,72.40,204.04,0.7512,-1,-1,-1
308,38,1301.30,436.81,132.64,263.42,0.8114,-1,-1,-1
308,23,1611.81,404.34,126.92,396.76,0.6368,-1,-1,-1
308,28,377.92,466.76,46.55,107.15,0.3478,-1,-1,-1
308,45,0.50,394.30,123.59,466.69,0.7872,-1,-1,-1
308,30,502.81,461.77,40.13,99.41,0.4128,-1,-1,-1
308,40,1186.79,442.55,42.63,105.75,0.4958,-1,-1,-1
309,11,1016.95,400.02,220.46,616.14,0.8482,-1,-1,-1
309,5,1680.14,417.54,235.83,503.18,0.8586,-1,-1,-1
309,21,1016.95,400.02,220.46,616.14,0.8482,-1,-1,-1
309,29,788.72,447.68,68.59,206.92,0.7213,-1,-1,-1
309,33,1680.14,417.54,235.83,503.18,0.8586,-1,-1,-1
309,25,873.37,421.09,153.42,530.70,0.8313,-1,-1,-1
309,39,788.64,447.64,68.62,207.01,0.7213,-1,-1,-1
309,38,1293.86,433.33,137.77,267.28,0.8018,-1,-1,-1
309,23,1612.55,404.85,134.60,405.19,0.5926,-1,-1,-1
309,28,378.08,465.66,46.18,107.98,0.3292,-1,-1,-1
309,45,0.49,381.63,123.92,479.53,0.8111,-1,-1,-1
309,30,501.38,461.46,41.55,99.61,0.4336,-1,-1,-1
309,40,1189.32,443.48,40.74,104.27,0.4223,-1,-1,-1
309,47,731.99,477.81,49.29,118.85,0.3718,-1,-1,-1
310,11,1017.43,399.85,228.01,615.10,0.8572,-1,-1,-1
310,5,1677.51,417.76,245.54,509.49,0.8810,-1,-1,-1
310,21,1017.43,399.85,228.01,615.10,0.8572,-1,-1,-1
310,29,793.87,445.52,65.30,209.49,0.7222,-1,-1,-1
310,33,1677.51,417.76,245.54,509.49,0.8810,-1,-1,-1
310,25,874.26,421.63,151.99,530.07,0.8078,-1,-1,-1
310,39,793.80,445.49,65.32,209.56,0.7222,-1,-1,-1
310,38,1288.12,430.34,139.17,269.46,0.7629,-1,-1,-1
310,23,1617.15,406.90,139.25,407.10,0.5079,-1,-1,-1
310,45,0.41,377.32,124.11,483.77,0.8050,-1,-1,-1
310,30,499.65,460.52,42.86,100.63,0.4624,-1,-1,-1
310,40,1190.65,444.93,41.25,103.03,0.4922,-1,-1,-1
310,47,732.54,479.89,49.58,117.89,0.3745,-1,-1,-1
311,11,1016.77,401.58,232.14,613.09,0.8585,-1,-1,-1
311,5,1674.97,418.90,250.97,514.32,0.8750,-1,-1,-1
311,21,1016.77,401.58,232.14,613.09,0.8585,-1,-1,-1
311,29,798.10,444.72,64.11,211.00,0.7320,-1,-1,-1
311,33,1674.97,418.90,250.97,514.32,0.8750,-1,-1,-1
311,25,873.69,421.05,152.72,530.61,0.8185,-1,-1,-1
311,39,798.05,444.69,64.13,211.07,0.7320,-1,-1,-1
311,38,1285.58,431.45,131.83,264.95,0.7591,-1,-1,-1
311,23,1638.16,407.70,125.70,411.69,0.4775,-1,-1,-1
311,45,0.17,375.04,121.71,483.76,0.8183,-1,-1,-1
311,30,499.00,457.37,44.59,103.53,0.4798,-1,-1,-1
311,40,1190.89,446.30,41.42,101.26,0.5117,-1,-1,-1
311,47,732.65,479.76,50.98,118.88,0.4493,-1,-1,-1
312,11,1019.16,403.12,230.66,611.49,0.8613,-1,-1,-1
312,5,1675.28,419.77,251.45,515.97,0.8619,-1,-1,-1
312,21,1019.16,403.12,230.66,611.49,0.8613,-1,-1,-1
312,29,800.02,446.86,66.04,209.45,0.7321,-1,-1,-1
312,33,1675.28,419.77,251.45,515.97,0.8619,-1,-1,-1
312,25,872.03,420.57,154.96,531.51,0.8328,-1,-1,-1
312,39,799.97,446.83,66.05,209.51,0.7321,-1,-1,-1
312,38,1278.80,430.44,122.76,261.38,0.7647,-1,-1,-1
312,23,1627.81,409.73,144.07,411.97,0.5090,-1,-1,-1
312,45,0.14,374.09,125.59,485.51,0.8304,-1,-1,-1
312,30,498.57,455.84,45.30,105.35,0.4224,-1,-1,-1
312,40,1191.84,443.91,40.92,104.96,0.4683,-1,-1,-1
312,47,732.45,480.05,52.34,118.72,0.4648,-1,-1,-1
313,11,1020.12,402.78,230.58,611.79,0.8614,-1,-1,-1
313,5,1679.50,421.27,246.77,516.30,0.8693,-1,-1,-1
313,21,1020.12,402.78,230.58,611.79,0.8614,-1,-1,-1
313,29,800.96,445.69,72.98,211.22,0.7278,-1,-1,-1
313,33,1679.50,421.27,246.77,516.30,0.8693,-1,-1,-1
313,25,870.83,419.88,156.66,532.43,0.8133,-1,-1,-1
313,39,800.92,445.67,72.99,211.28,0.7278,-1,-1,-1
313,38,1273.24,431.71,113.24,257.68,0.7861,-1,-1,-1
313,23,1623.94,411.50,159.77,407.59,0.4769,-1,-1,-1
313,45,1.07,375.38,136.27,484.98,0.8574,-1,-1,-1
313,30,498.35,457.29,45.25,104.27,0.3888,-1,-1,-1
313,40,1192.00,441.54,42.81,108.66,0.4890,-1,-1,-1
313,47,732.73,479.13,52.17,118.86,0.4908,-1,-1,-1
314,11,1021.95,402.44,228.20,611.39,0.8651,-1,-1,-1
314,5,1687.72,419.72,237.58,518.59,0.8702,-1,-1,-1
314,21,1021.95,402.44,228.20,611.39,0.8651,-1,-1,-1
314,29,802.55,445.45,75.34,211.67,0.7230,-1,-1,-1
314,33,1687.72,419.72,237.58,518.59,0.8702,-1,-1,-1
314,25,869.77,419.25,158.61,533.19,0.8200,-1,-1,-1
314,39,802.51,445.43,75.35,211.72,0.7230,-1,-1,-1
314,38,1273.49,428.44,97.63,259.81,0.8066,-1,-1,-1
314,23,1625.87,413.70,166.45,402.66,0.3581,-1,-1,-1
314,45,5.83,378.07,148.95,480.52,0.8540,-1,-1,-1
314,30,497.33,456.25,46.26,105.57,0.4152,-1,-1,-1
314,40,1192.49,439.66,44.22,111.35,0.5536,-1,-1,-1
314,47,733.44,481.56,50.46,116.23,0.4094,-1,-1,-1
315,11,1027.14,400.34,222.93,614.16,0.8600,-1,-1,-1
315,5,1748.74,421.24,176.01,517.85,0.7127,-1,-1,-1
315,21,1027.14,400.34,222.93,614.16,0.8600,-1,-1,-1
315,29,805.27,443.86,77.13,213.76,0.7223,-1,-1,-1
315,33,1748.74,421.24,176.01,517.85,0.7127,-1,-1,-1
315,25,868.61,417.71,161.14,534.58,0.8149,-1,-1,-1
315,39,805.23,443.84,77.14,213.80,0.7223,-1,-1,-1
315,38,1272.14,427.10,86.15,259.91,0.7805,-1,-1,-1
315,23,1629.30,417.08,201.84,448.56,0.4210,-1,-1,-1
315,45,13.36,382.74,173.22,477.79,0.8670,-1,-1,-1
315,30,497.44,454.66,45.46,106.55,0.4378,-1,-1,-1
315,40,1193.74,435.96,43.41,114.92,0.5376,-1,-1,-1
315,47,732.41,481.04,50.54,116.75,0.3637,-1,-1,-1
316,11,1032.59,401.11,215.92,612.42,0.8604,-1,-1,-1
316,5,1781.43,418.11,141.59,519.29,0.7920,-1,-1,-1
316,21,1032.59,401.11,215.92,612.42,0.8604,-1,-1,-1
316,29,806.13,444.03,79.05,214.82,0.6920,-1,-1,-1
316,33,1781.43,418.12,141.59,519.29,0.7920,-1,-1,-1
316,25,867.47,416.28,161.36,535.96,0.8044,-1,-1,-1
316,39,806.10,444.01,79.06,214.86,0.6920,-1,-1,-1
316,38,1270.97,427.68,75.86,260.88,0.7537,-1,-1,-1
316,23,1637.51,414.94,212.56,470.03,0.6290,-1,-1,-1
316,45,17.31,390.53,205.11,471.47,0.8803,-1,-1,-1
316,30,497.78,453.48,44.61,107.80,0.4586,-1,-1,-1
316,40,1195.10,435.88,44.73,115.05,0.6062,-1,-1,-1
316,47,731.38,481.27,51.12,116.06,0.3195,-1,-1,-1
317,11,1035.97,400.19,212.22,613.62,0.8568,-1,-1,-1
317,5,1799.02,416.40,123.45,518.94,0.7080,-1,-1,-1
317,21,1035.97,400.19,212.22,613.62,0.8568,-1,-1,-1
317,29,807.67,443.67,72.38,216.52,0.6833,-1,-1,-1
317,33,1799.02,416.40,123.45,518.94,0.7080,-1,-1,-1
317,25,866.09,417.07,164.88,534.68,0.8188,-1,-1,-1
317,39,807.64,443.66,72.39,216.55,0.6833,-1,-1,-1
317,38,1265.40,423.51,74.65,263.26,0.7733,-1,-1,-1
317,23,1646.16,410.76,206.91,475.99,0.5928,-1,-1,-1
317,45,18.51,392.50,235.26,469.82,0.8819,-1,-1,-1
317,30,497.94,451.89,43.52,109.55,0.4665,-1,-1,-1
317,40,1196.41,436.83,44.18,114.16,0.5818,-1,-1,-1
317,47,731.65,481.83,50.75,115.56,0.3408,-1,-1,-1
317,28,378.20,463.93,45.01,111.12,0.3883,-1,-1,-1
318,11,1039.07,399.98,209.60,613.13,0.8527,-1,-1,-1
318,5,1791.05,419.70,129.89,524.27,0.6348,-1,-1,-1
318,21,1039.07,399.98,209.60,613.13,0.8527,-1,-1,-1
318,29,808.71,443.61,70.33,216.71,0.6695,-1,-1,-1
318,33,1791.05,419.70,129.89,524.27,0.6348,-1,-1,-1
318,25,867.35,417.01,165.19,534.86,0.8160,-1,-1,-1
318,39,808.69,443.60,70.34,216.74,0.6695,-1,-1,-1
318,38,1258.12,427.18,77.76,259.04,0.7974,-1,-1,-1
318,23,1673.33,409.22,176.30,448.99,0.3689,-1,-1,-1
318,45,18.42,393.70,262.31,469.48,0.9010,-1,-1,-1
318,30,497.48,452.72,42.71,108.54,0.4918,-1,-1,-1
318,40,1198.67,437.21,44.75,112.67,0.5601,-1,-1,-1
318,47,731.00,481.69,51.07,115.54,0.3319,-1,-1,-1
318,28,377.60,463.33,45.62,110.94,0.3310,-1,-1,-1
319,11,1041.35,400.26,207.38,611.97,0.8538,-1,-1,-1
319,5,1809.91,416.85,110.94,525.62,0.6739,-1,-1,-1
319,21,1041.35,400.26,207.38,611.97,0.8538,-1,-1,-1
319,29,813.38,444.31,70.47,215.12,0.6716,-1,-1,-1
319,33,1775.34,415.88,146.16,515.35,0.5295,-1,-1,-1
319,25,866.67,416.39,166.48,535.52,0.8182,-1,-1,-1
319,39,813.36,444.30,70.48,215.15,0.6716,-1,-1,-1
319,38,1246.53,427.45,87.77,259.14,0.7733,-1,-1,-1
319,23,1705.85,403.72,147.34,448.80,0.4389,-1,-1,-1
319,45,18.62,393.70,278.54,469.96,0.8975,-1,-1,-1
319,30,496.86,453.54,41.77,107.83,0.4819,-1,-1,-1
319,40,1200.78,438.68,44.74,110.33,0.5848,-1,-1,-1
319,28,377.44,462.91,46.06,111.33,0.3382,-1,-1,-1
320,11,1044.84,401.17,203.28,610.78,0.8578,-1,-1,-1
320,5,1828.41,417.56,92.09,523.96,0.7309,-1,-1,-1
320,21,1044.84,401.17,203.28,610.78,0.8578,-1,-1,-1
320,29,816.12,444.97,72.12,214.47,0.6271,-1,-1,-1
320,33,1813.57,417.23,107.63,520.07,0.7309,-1,-1,-1
320,25,865.91,416.47,168.74,534.91,0.8259,-1,-1,-1
320,39,816.10,444.96,72.12,214.50,0.6271,-1,-1,-1
320,38,1233.91,433.58,100.35,254.17,0.7425,-1,-1,-1
320,23,1707.92,399.22,150.07,458.16,0.5097,-1,-1,-1
320,45,20.43,396.10,288.25,466.46,0.8933,-1,-1,-1
320,30,496.54,451.18,41.18,110.00,0.4495,-1,-1,-1
320,40,1202.83,440.36,44.30,108.29,0.4242,-1,-1,-1
321,11,1047.52,400.83,200.36,611.11,0.8622,-1,-1,-1
321,5,1844.19,425.33,76.00,516.37,0.7349,-1,-1,-1
321,21,1047.52,400.83,200.36,611.11,0.8622,-1,-1,-1
321,29,818.75,447.25,69.90,211.84,0.6440,-1,-1,-1
321,33,1840.07,425.22,80.37,514.94,0.7349,-1,-1,-1
321,25,867.38,417.05,166.47,534.34,0.8209,-1,-1,-1
321,39,818.73,447.24,69.91,211.86,0.6440,-1,-1,-1
321,38,1231.61,434.90,103.04,252.19,0.7710,-1,-1,-1
321,23,1716.12,400.03,147.92,449.50,0.5447,-1,-1,-1
321,45,22.15,397.36,293.01,464.29,0.8874,-1,-1,-1
321,30,495.60,448.93,40.53,112.13,0.4154,-1,-1,-1
321,40,1206.02,442.40,42.32,99.30,0.3217,-1,-1,-1
321,49,1437.92,435.25,43.20,114.30,0.5423,-1,-1,-1
322,11,1049.09,403.13,198.24,609.41,0.8587,-1,-1,-1
322,5,1856.32,427.33,63.54,513.62,0.6971,-1,-1,-1
322,21,1049.09,403.13,198.24,609.41,0.8587,-1,-1,-1
322,29,820.24,448.45,70.91,210.91,0.6701,-1,-1,-1
322,33,1855.38,427.32,64.53,513.12,0.6971,-1,-1,-1
322,25,868.16,416.78,164.42,534.60,0.8248,-1,-1,-1
322,39,820.23,448.44,70.91,210.93,0.6701,-1,-1,-1
322,38,1229.21,440.81,105.56,245.12,0.7587,-1,-1,-1
322,23,1728.98,395.62,143.97,452.00,0.5505,-1,-1,-1
322,45,24.63,399.29,298.25,456.33,0.8864,-1,-1,-1
322,30,493.84,446.82,41.72,114.47,0.4478,-1,-1,-1
322,49,1437.16,434.74,45.47,114.61,0.5468,-1,-1,-1
322,28,376.76,462.53,46.69,111.64,0.3777,-1,-1,-1
323,11,1051.15,402.53,195.55,609.52,0.8646,-1,-1,-1
323,5,1861.66,453.94,58.00,488.22,0.6176,-1,-1,-1
323,21,1051.15,402.53,195.55,609.52,0.8646,-1,-1,-1
323,29,821.14,451.70,73.19,207.48,0.6409,-1,-1,-1
323,33,1861.42,453.94,58.26,488.10,0.6176,-1,-1,-1
323,25,869.79,415.88,165.06,535.50,0.8173,-1,-1,-1
323,39,821.13,451.69,73.19,207.49,0.6409,-1,-1,-1
323,38,1228.44,441.25,103.15,243.49,0.7668,-1,-1,-1
323,23,1737.90,393.17,143.14,452.55,0.6868,-1,-1,-1
323,45,25.96,402.03,302.37,450.55,0.8896,-1,-1,-1
323,30,492.93,446.14,42.56,114.93,0.4654,-1,-1,-1
323,49,1436.91,437.67,50.10,111.13,0.4974,-1,-1,-1
323,28,376.58,462.85,46.65,111.49,0.4024,-1,-1,-1
324,11,1054.46,400.53,192.20,611.64,0.8562,-1,-1,-1
324,5,1861.38,440.40,58.23,502.44,0.5789,-1,-1,-1
324,21,1054.46,400.53,192.20,611.64,0.8562,-1,-1,-1
324,29,821.68,455.63,74.20,203.10,0.6238,-1,-1,-1
324,33,1861.25,440.42,58.37,502.42,0.5789,-1,-1,-1
324,25,871.69,415.97,164.63,535.52,0.8081,-1,-1,-1
324,39,821.67,455.62,74.20,203.12,0.6238,-1,-1,-1
324,38,1222.59,439.18,103.87,245.68,0.7489,-1,-1,-1
324,23,1748.54,392.48,141.85,454.86,0.6027,-1,-1,-1
324,45,31.06,403.64,299.87,444.87,0.8971,-1,-1,-1
324,30,492.09,446.31,42.93,114.75,0.4749,-1,-1,-1
324,49,1439.22,440.51,51.99,108.25,0.5523,-1,-1,-1
324,28,376.65,463.73,46.27,110.71,0.4084,-1,-1,-1
325,11,1056.54,398.82,190.80,613.32,0.8535,-1,-1,-1
325,5,1864.66,412.97,54.91,528.93,0.5327,-1,-1,-1
325,21,1056.54,398.82,190.80,613.32,0.8535,-1,-1,-1
325,29,825.54,447.24,76.00,213.82,0.4446,-1,-1,-1
325,33,1864.60,413.01,54.99,528.94,0.5327,-1,-1,-1
325,25,873.71,415.50,163.24,535.87,0.8057,-1,-1,-1
325,39,825.52,447.23,76.00,213.83,0.4446,-1,-1,-1
325,38,1217.78,442.88,102.87,241.47,0.6803,-1,-1,-1
325,23,1758.24,391.62,152.62,467.59,0.5504,-1,-1,-1
325,45,39.65,403.37,292.55,443.89,0.9014,-1,-1,-1
325,30,491.85,446.49,42.40,115.46,0.4747,-1,-1,-1
325,49,1443.42,440.12,51.80,108.05,0.5733,-1,-1,-1
325,28,376.30,464.08,47.18,110.51,0.4271,-1,-1,-1
326,11,1057.68,398.52,190.48,613.95,0.8586,-1,-1,-1
326,21,1057.68,398.52,190.48,613.95,0.8586,-1,-1,-1
326,29,828.27,442.35,79.89,220.50,0.3749,-1,-1,-1
326,33,1862.96,409.12,56.47,534.06,0.3076,-1,-1,-1
326,25,875.27,415.66,162.23,535.90,0.7933,-1,-1,-1
326,39,828.26,442.35,79.89,220.51,0.3749,-1,-1,-1
326,38,1212.33,451.91,98.88,229.52,0.5428,-1,-1,-1
326,23,1765.11,393.16,154.62,493.89,0.6152,-1,-1,-1
326,45,54.09,403.64,278.08,440.63,0.8902,-1,-1,-1
326,30,490.65,445.63,43.62,116.24,0.4507,-1,-1,-1
326,49,1446.30,441.52,50.91,106.93,0.5908,-1,-1,-1
326,28,376.65,465.33,46.98,109.71,0.4041,-1,-1,-1
327,11,1058.29,396.52,190.20,616.58,0.8637,-1,-1,-1
327,21,1058.29,396.52,190.20,616.58,0.8637,-1,-1,-1
327,29,841.28,442.96,67.80,166.02,0.3476,-1,-1,-1
327,25,878.59,416.63,158.86,534.88,0.7847,-1,-1,-1
327,39,836.72,440.18,74.29,225.99,0.3124,-1,-1,-1
327,38,1207.02,439.32,74.75,202.73,0.4026,-1,-1,-1
327,23,1770.34,392.15,152.54,525.69,0.7191,-1,-1,-1
327,45,76.77,402.08,254.60,438.34,0.8740,-1,-1,-1
327,30,489.80,445.26,43.55,116.32,0.5024,-1,-1,-1
327,49,1448.01,441.84,52.90,106.48,0.5938,-1,-1,-1
327,28,376.38,466.34,47.72,108.59,0.4017,-1,-1,-1
328,11,1058.26,395.99,191.42,617.50,0.8601,-1,-1,-1
328,21,1058.26,395.99,191.42,617.50,0.8601,-1,-1,-1
328,29,852.42,444.57,58.99,137.64,0.3225,-1,-1,-1
328,25,879.72,415.93,157.73,535.81,0.7551,-1,-1,-1
328,38,1202.16,442.86,78.93,218.82,0.3381,-1,-1,-1
328,23,1771.82,389.03,151.80,545.66,0.7892,-1,-1,-1
328,45,98.13,394.13,233.05,439.18,0.8826,-1,-1,-1
328,30,489.68,448.81,42.04,112.82,0.3987,-1,-1,-1
328,49,1452.25,442.59,48.34,105.28,0.6210,-1,-1,-1
328,28,377.09,466.92,47.54,108.50,0.4554,-1,-1,-1
328,47,733.68,484.83,48.93,112.46,0.3384,-1,-1,-1
329,11,1058.29,398.12,191.77,615.98,0.8602,-1,-1,-1
329,21,1058.29,398.12,191.77,615.98,0.8602,-1,-1,-1
329,25,876.03,417.41,161.99,535.85,0.7763,-1,-1,-1
329,23,1770.25,393.20,153.42,547.10,0.8197,-1,-1,-1
329,45,120.68,392.03,209.00,435.07,0.8312,-1,-1,-1
329,30,489.60,452.08,42.11,109.70,0.3901,-1,-1,-1
329,49,1456.80,442.00,42.89,104.13,0.5395,-1,-1,-1
329,28,377.25,467.09,47.49,107.92,0.4088,-1,-1,-1
329,47,733.59,484.52,49.13,113.33,0.3478,-1,-1,-1
330,11,1058.33,396.83,191.69,617.52,0.8641,-1,-1,-1
330,21,1058.33,396.83,191.69,617.52,0.8641,-1,-1,-1
330,25,870.86,418.97,168.79,534.15,0.8044,-1,-1,-1
330,23,1769.85,395.54,153.65,541.25,0.7416,-1,-1,-1
330,45,145.21,396.91,182.48,427.23,0.8069,-1,-1,-1
330,30,488.97,452.49,42.54,109.35,0.4431,-1,-1,-1
330,49,1460.26,441.52,39.67,103.36,0.4592,-1,-1,-1
330,28,377.60,466.76,47.01,107.54,0.4273,-1,-1,-1
330,47,734.83,484.87,47.67,112.59,0.3622,-1,-1,-1
331,11,1058.52,395.75,193.06,618.57,0.8650,-1,-1,-1
331,21,1058.52,395.75,193.06,618.57,0.8650,-1,-1,-1
331,25,869.47,419.93,171.44,532.93,0.8023,-1,-1,-1
331,23,1769.93,392.45,153.18,490.56,0.7398,-1,-1,-1
331,45,172.23,394.20,156.13,428.90,0.7993,-1,-1,-1
331,30,488.05,452.99,42.93,109.02,0.3922,-1,-1,-1
331,49,1464.02,440.88,37.78,104.44,0.5808,-1,-1,-1
331,28,377.30,465.81,47.31,108.31,0.4202,-1,-1,-1
331,47,734.80,483.94,47.27,113.88,0.3463,-1,-1,-1
332,11,1059.17,396.36,193.62,618.77,0.8638,-1,-1,-1
332,21,1059.17,396.36,193.62,618.77,0.8638,-1,-1,-1
332,25,870.91,420.23,173.90,532.47,0.8234,-1,-1,-1
332,23,1770.55,393.64,152.33,469.79,0.7844,-1,-1,-1
332,45,199.86,392.70,137.08,430.40,0.7744,-1,-1,-1
332,30,488.65,451.42,41.78,110.77,0.4044,-1,-1,-1
332,49,1467.04,440.24,39.42,105.95,0.5811,-1,-1,-1
332,28,377.68,463.59,47.25,111.80,0.4429,-1,-1,-1
332,47,736.17,484.26,46.56,113.60,0.3066,-1,-1,-1
333,11,1059.95,397.00,194.69,618.08,0.8717,-1,-1,-1
333,21,1059.95,397.00,194.69,618.08,0.8717,-1,-1,-1
333,25,871.70,419.77,175.69,532.94,0.8293,-1,-1,-1
333,23,1770.58,393.89,151.98,464.05,0.7827,-1,-1,-1
333,45,217.89,390.60,132.72,432.48,0.7502,-1,-1,-1
333,30,490.27,452.56,40.37,109.31,0.3879,-1,-1,-1
333,49,1471.03,440.38,38.64,104.49,0.5665,-1,-1,-1
333,47,738.18,482.40,45.46,115.91,0.3101,-1,-1,-1
333,50,0.39,592.32,109.75,197.34,0.3759,-1,-1,-1
334,11,1061.03,396.69,193.58,618.44,0.8760,-1,-1,-1
334,21,1061.03,396.69,193.58,618.44,0.8760,-1,-1,-1
334,25,872.43,420.14,176.77,532.49,0.8306,-1,-1,-1
334,23,1775.62,392.47,146.51,462.92,0.6609,-1,-1,-1
334,45,226.19,399.05,141.19,423.44,0.7156,-1,-1,-1
334,30,490.96,453.15,39.43,108.61,0.3500,-1,-1,-1
334,49,1472.88,440.36,37.54,105.64,0.4882,-1,-1,-1
334,47,739.06,482.36,45.57,116.22,0.3443,-1,-1,-1
334,50,0.51,484.50,126.57,306.79,0.6668,-1,-1,-1
335,11,1061.45,396.74,192.00,617.58,0.8785,-1,-1,-1
335,21,1061.45,396.74,192.00,617.58,0.8785,-1,-1,-1
335,25,872.64,419.56,177.54,532.94,0.8365,-1,-1,-1
335,23,1780.92,402.99,140.82,453.72,0.6193,-1,-1,-1
335,45,206.98,414.76,177.77,407.18,0.7263,-1,-1,-1
335,30,490.36,449.96,40.01,112.40,0.4439,-1,-1,-1
335,49,1474.27,439.02,38.24,106.53,0.5401,-1,-1,-1
335,47,739.00,481.53,45.45,117.79,0.3814,-1,-1,-1
335,50,0.43,449.65,139.68,337.31,0.6938,-1,-1,-1
336,11,1060.70,396.64,192.42,617.48,0.8792,-1,-1,-1
336,21,1060.70,396.64,192.42,617.48,0.8792,-1,-1,-1
336,25,873.13,420.45,175.65,532.06,0.8423,-1,-1,-1
336,23,1789.19,429.31,132.20,429.09,0.5101,-1,-1,-1
336,45,209.51,414.96,189.19,404.56,0.6272,-1,-1,-1
336,30,489.12,447.94,40.21,113.34,0.4382,-1,-1,-1
336,49,1475.61,438.17,37.40,106.62,0.5231,-1,-1,-1
336,47,737.44,482.68,46.53,116.26,0.3294,-1,-1,-1
336,50,0.30,429.29,147.06,358.46,0.8054,-1,-1,-1
337,11,1060.79,397.07,194.21,617.52,0.8804,-1,-1,-1
337,21,1060.79,397.07,194.21,617.52,0.8804,-1,-1,-1
337,25,873.96,419.72,174.50,532.86,0.8339,-1,-1,-1
337,23,1803.33,436.46,117.51,421.90,0.3927,-1,-1,-1
337,45,222.50,424.68,194.71,397.88,0.7155,-1,-1,-1
337,49,1476.22,436.70,39.08,108.95,0.5354,-1,-1,-1
337,47,735.84,483.00,47.13,116.96,0.3868,-1,-1,-1
337,50,0.32,423.52,151.70,363.21,0.8231,-1,-1,-1
338,11,1061.17,397.24,195.62,617.15,0.8736,-1,-1,-1
338,21,1061.17,397.24,195.62,617.15,0.8736,-1,-1,-1
338,25,874.85,418.74,175.76,534.25,0.8205,-1,-1,-1
338,45,229.40,435.66,209.70,387.29,0.7957,-1,-1,-1
338,49,1478.93,436.20,40.57,109.44,0.5945,-1,-1,-1
338,47,735.22,483.43,47.48,116.76,0.3662,-1,-1,-1
338,50,0.53,428.07,152.34,357.68,0.8322,-1,-1,-1
339,11,1062.30,396.69,193.62,617.44,0.8826,-1,-1,-1
339,21,1062.30,396.69,193.62,617.44,0.8826,-1,-1,-1
339,25,875.47,418.42,173.68,534.79,0.8224,-1,-1,-1
339,45,236.89,415.63,215.09,406.95,0.8189,-1,-1,-1
339,49,1481.54,436.95,41.61,108.79,0.5214,-1,-1,-1
339,47,736.44,484.74,46.08,114.91,0.4451,-1,-1,-1
339,50,0.60,429.47,153.11,355.62,0.8344,-1,-1,-1
340,11,1062.76,398.14,194.36,615.66,0.8842,-1,-1,-1
340,21,1062.76,398.14,194.36,615.66,0.8842,-1,-1,-1
340,25,876.91,418.25,170.83,534.85,0.8207,-1,-1,-1
340,45,237.27,409.07,224.30,413.85,0.8486,-1,-1,-1
340,49,1484.11,436.82,41.11,109.29,0.4274,-1,-1,-1
340,47,736.82,484.99,45.22,114.26,0.4510,-1,-1,-1
340,50,0.60,429.12,151.98,356.69,0.8388,-1,-1,-1
340,53,679.91,491.72,49.29,112.44,0.3510,-1,-1,-1
341,11,1063.79,401.49,194.19,612.34,0.8853,-1,-1,-1
341,21,1063.79,401.49,194.19,612.34,0.8853,-1,-1,-1
341,25,878.11,418.02,169.28,534.72,0.8211,-1,-1,-1
341,45,241.56,423.26,223.01,398.95,0.8178,-1,-1,-1
341,47,736.56,483.96,45.03,115.21,0.4481,-1,-1,-1
341,50,0.41,425.97,152.65,359.12,0.8458,-1,-1,-1
341,53,679.41,491.98,49.35,111.68,0.3512,-1,-1,-1
342,11,1065.33,400.78,195.99,612.71,0.8777,-1,-1,-1
342,21,1065.33,400.78,195.99,612.71,0.8777,-1,-1,-1
342,25,881.42,421.56,171.30,530.98,0.8177,-1,-1,-1
342,45,243.33,430.46,224.25,390.62,0.8159,-1,-1,-1
342,47,737.88,483.66,43.86,115.05,0.4751,-1,-1,-1
342,50,0.87,429.10,153.30,355.49,0.8342,-1,-1,-1
342,53,679.26,489.97,50.19,114.00,0.3736,-1,-1,-1
343,11,1065.64,400.95,194.47,612.53,0.8819,-1,-1,-1
343,21,1065.64,400.95,194.47,612.53,0.8819,-1,-1,-1
343,25,884.12,422.84,169.52,529.72,0.8164,-1,-1,-1
343,45,245.32,431.52,221.91,388.55,0.8163,-1,-1,-1
343,47,738.24,484.73,44.63,113.91,0.4102,-1,-1,-1
343,50,0.68,425.99,153.20,361.95,0.7921,-1,-1,-1
343,53,677.39,489.11,53.18,113.73,0.3016,-1,-1,-1
344,11,1066.16,400.10,194.82,613.53,0.8784,-1,-1,-1
344,21,1066.16,400.10,194.82,613.53,0.8784,-1,-1,-1
344,25,886.38,424.02,168.19,528.36,0.8186,-1,-1,-1
344,45,247.75,419.31,218.55,399.00,0.8107,-1,-1,-1
344,47,737.33,484.96,45.92,114.33,0.4690,-1,-1,-1
344,50,6.76,427.26,146.60,359.62,0.7776,-1,-1,-1
344,53,676.55,488.15,54.75,115.43,0.3688,-1,-1,-1
345,11,1066.46,400.79,197.52,612.29,0.8807,-1,-1,-1
345,21,1066.46,400.79,197.52,612.29,0.8807,-1,-1,-1
345,25,888.89,424.24,165.53,527.68,0.8060,-1,-1,-1
345,45,250.84,411.28,214.11,405.91,0.8543,-1,-1,-1
345,47,735.32,484.11,48.44,114.67,0.3778,-1,-1,-1
345,50,11.40,426.83,143.07,360.75,0.8136,-1,-1,-1
345,53,677.86,489.21,53.93,114.78,0.3220,-1,-1,-1
346,11,1066.90,400.53,196.98,612.98,0.8778,-1,-1,-1
346,21,1066.90,400.53,196.98,612.98,0.8778,-1,-1,-1
346,25,890.14,424.29,167.26,527.22,0.8131,-1,-1,-1
346,45,260.16,404.76,203.84,410.97,0.8381,-1,-1,-1
346,47,734.13,483.30,50.08,115.53,0.4084,-1,-1,-1
346,50,30.15,429.61,129.23,356.49,0.8019,-1,-1,-1
346,53,676.61,491.60,54.72,113.32,0.3181,-1,-1,-1
347,11,1067.57,402.25,198.21,611.65,0.8741,-1,-1,-1
347,21,1067.57,402.25,198.21,611.65,0.8741,-1,-1,-1
347,25,891.54,424.39,168.25,526.86,0.8082,-1,-1,-1
347,45,271.21,402.86,193.14,413.59,0.8133,-1,-1,-1
347,47,733.68,483.99,50.33,115.01,0.3356,-1,-1,-1
347,50,47.59,432.74,123.15,350.58,0.8050,-1,-1,-1
347,53,673.18,489.31,57.64,117.80,0.3347,-1,-1,-1
348,11,1067.55,400.37,199.99,613.35,0.8733,-1,-1,-1
348,21,1067.55,400.37,199.99,613.35,0.8733,-1,-1,-1
348,25,895.21,423.67,162.02,527.23,0.8009,-1,-1,-1
348,45,287.60,405.74,178.65,409.21,0.7898,-1,-1,-1
348,47,731.79,482.24,52.90,116.06,0.3806,-1,-1,-1
348,50,53.71,431.15,128.30,351.82,0.6841,-1,-1,-1
349,11,1067.53,401.71,201.15,612.28,0.8727,-1,-1,-1
349,21,1067.53,401.71,201.15,612.28,0.8727,-1,-1,-1
349,25,898.30,422.65,159.56,528.48,0.8063,-1,-1,-1
349,45,298.26,401.92,163.58,405.47,0.8059,-1,-1,-1
349,50,47.68,430.22,143.67,352.92,0.5192,-1,-1,-1
350,11,1067.07,400.40,201.42,613.32,0.8741,-1,-1,-1
350,21,1067.07,400.40,201.42,613.32,0.8741,-1,-1,-1
350,25,899.23,421.87,161.97,529.32,0.8087,-1,-1,-1
350,45,313.86,398.57,147.43,406.13,0.8006,-1,-1,-1
350,50,66.87,432.22,141.58,351.16,0.7810,-1,-1,-1
350,30,474.85,444.03,53.48,117.88,0.4960,-1,-1,-1
351,11,1066.93,399.97,199.84,613.90,0.8754,-1,-1,-1
351,21,1066.93,399.97,199.84,613.90,0.8754,-1,-1,-1
351,25,899.51,421.80,163.12,528.98,0.8005,-1,-1,-1
351,45,337.79,392.30,124.61,407.67,0.7794,-1,-1,-1
351,50,70.14,434.10,165.91,349.15,0.8100,-1,-1,-1
351,54,0.56,503.25,52.53,351.10,0.5297,-1,-1,-1
351,30,475.65,445.94,52.14,115.84,0.4336,-1,-1,-1
352,11,1066.38,400.49,201.25,613.57,0.8788,-1,-1,-1
352,21,1066.38,400.49,201.25,613.57,0.8788,-1,-1,-1
352,25,900.30,422.38,163.27,527.84,0.7984,-1,-1,-1
352,45,356.65,394.60,112.32,403.45,0.7256,-1,-1,-1
352,50,72.95,433.70,184.63,348.54,0.8394,-1,-1,-1
352,54,0.55,505.89,59.63,349.48,0.5708,-1,-1,-1
352,30,476.20,445.67,51.40,115.84,0.4016,-1,-1,-1
353,11,1065.71,400.31,201.15,614.00,0.8772,-1,-1,-1
353,21,1065.71,400.31,201.15,614.00,0.8772,-1,-1,-1
353,25,900.78,421.66,162.03,527.67,0.8015,-1,-1,-1
353,45,369.60,408.59,109.26,390.23,0.5818,-1,-1,-1
353,50,78.58,432.91,198.46,349.62,0.8505,-1,-1,-1
353,54,0.46,507.09,70.10,349.20,0.6886,-1,-1,-1
354,11,1065.58,399.51,201.50,614.89,0.8736,-1,-1,-1
354,21,1065.58,399.51,201.50,614.89,0.8736,-1,-1,-1
354,25,901.50,421.87,163.85,527.60,0.7946,-1,-1,-1
354,45,369.98,402.11,119.23,397.78,0.5872,-1,-1,-1
354,50,83.77,433.46,206.70,348.94,0.8236,-1,-1,-1
354,54,0.66,501.21,79.72,353.02,0.6864,-1,-1,-1
355,11,1066.07,400.22,199.78,613.89,0.8756,-1,-1,-1
355,21,1066.07,400.22,199.78,613.89,0.8756,-1,-1,-1
355,25,901.94,421.88,164.79,526.52,0.7722,-1,-1,-1
355,45,387.29,400.52,114.09,397.22,0.5041,-1,-1,-1
355,50,87.18,436.21,210.36,342.24,0.8582,-1,-1,-1
355,54,0.69,476.35,102.31,376.83,0.7159,-1,-1,-1
355,47,735.91,484.69,45.58,113.28,0.3868,-1,-1,-1
356,11,1066.11,401.13,198.95,613.56,0.8681,-1,-1,-1
356,21,1066.11,401.13,198.95,613.56,0.8681,-1,-1,-1
356,25,903.48,421.93,161.58,524.74,0.7563,-1,-1,-1
356,45,365.73,401.69,149.57,396.05,0.6160,-1,-1,-1
356,50,97.48,437.09,203.32,336.50,0.8341,-1,-1,-1
356,54,0.69,456.66,136.09,396.17,0.8013,-1,-1,-1
356,47,738.48,486.24,42.56,112.33,0.4018,-1,-1,-1
357,11,1066.23,400.00,202.62,614.81,0.8534,-1,-1,-1
357,21,1066.23,400.00,202.62,614.81,0.8534,-1,-1,-1
357,25,904.60,421.75,158.70,523.15,0.7651,-1,-1,-1
357,45,364.45,403.96,174.38,395.27,0.6806,-1,-1,-1
357,50,110.22,436.34,192.05,332.81,0.8121,-1,-1,-1
357,54,0.74,450.02,166.75,406.29,0.8446,-1,-1,-1
358,11,1066.74,400.25,203.75,614.52,0.8522,-1,-1,-1
358,21,1066.74,400.25,203.75,614.52,0.8522,-1,-1,-1
358,25,904.68,419.84,158.19,524.05,0.7857,-1,-1,-1
358,45,384.23,401.63,175.45,395.54,0.6522,-1,-1,-1
358,50,124.17,436.32,177.81,331.16,0.8110,-1,-1,-1
358,54,0.67,449.04,194.76,407.06,0.8562,-1,-1,-1
358,47,736.57,484.53,44.88,114.96,0.3777,-1,-1,-1
359,11,1067.14,399.55,204.90,615.09,0.8521,-1,-1,-1
359,21,1067.14,399.55,204.90,615.09,0.8521,-1,-1,-1
359,25,906.96,419.59,155.79,523.85,0.7900,-1,-1,-1
359,45,393.61,405.24,182.96,393.22,0.8124,-1,-1,-1
359,50,133.57,434.82,168.11,332.32,0.8211,-1,-1,-1
359,54,0.44,444.36,208.55,410.68,0.8451,-1,-1,-1
359,57,1045.86,429.77,65.62,213.49,0.4369,-1,-1,-1
359,47,735.93,483.61,46.08,116.21,0.3854,-1,-1,-1
360,11,1067.04,400.59,206.91,614.27,0.8503,-1,-1,-1
360,21,1067.04,400.59,206.91,614.27,0.8503,-1,-1,-1
360,25,908.55,419.94,157.56,522.99,0.7899,-1,-1,-1
360,45,399.15,409.23,189.53,388.97,0.8068,-1,-1,-1
360,50,143.97,435.20,158.53,328.88,0.7774,-1,-1,-1
360,54,0.33,443.64,218.57,410.72,0.8747,-1,-1,-1
360,47,736.95,486.19,45.05,113.84,0.3582,-1,-1,-1
361,11,1066.95,401.78,208.76,612.94,0.8538,-1,-1,-1
361,21,1066.95,401.78,208.76,612.94,0.8538,-1,-1,-1
361,25,909.15,419.37,158.16,520.56,0.7993,-1,-1,-1
361,45,399.28,406.69,199.66,391.39,0.8433,-1,-1,-1
361,50,164.68,434.79,138.28,328.63,0.7516,-1,-1,-1
361,54,0.14,441.72,225.62,411.63,0.8764,-1,-1,-1
362,11,1067.86,402.19,209.22,612.65,0.8602,-1,-1,-1
362,21,1067.86,402.19,209.22,612.65,0.8602,-1,-1,-1
362,25,909.54,417.47,160.07,519.90,0.8060,-1,-1,-1
362,45,398.75,406.61,204.23,391.99,0.8476,-1,-1,-1
362,50,174.25,437.92,126.68,326.16,0.6718,-1,-1,-1
362,54,0.13,442.31,235.02,412.11,0.8542,-1,-1,-1
363,11,1068.07,401.83,209.41,612.84,0.8536,-1,-1,-1
363,21,1068.07,401.83,209.41,612.84,0.8536,-1,-1,-1
363,25,912.52,418.87,161.15,517.57,0.8019,-1,-1,-1
363,45,395.60,409.86,209.24,388.40,0.8394,-1,-1,-1
363,50,182.97,437.67,116.83,327.38,0.7533,-1,-1,-1
363,54,0.03,443.62,237.28,409.89,0.8442,-1,-1,-1
363,49,1540.99,426.13,40.83,118.49,0.3506,-1,-1,-1
363,47,732.95,482.92,47.83,115.82,0.3875,-1,-1,-1
364,11,1068.27,401.62,210.68,613.12,0.8541,-1,-1,-1
364,21,1068.27,401.62,210.68,613.12,0.8541,-1,-1,-1
364,25,914.62,414.62,160.59,520.14,0.8269,-1,-1,-1
364,45,396.56,413.83,208.01,384.54,0.8503,-1,-1,-1
364,50,195.70,440.70,104.25,323.64,0.7325,-1,-1,-1
364,54,0.20,439.79,237.14,410.95,0.8533,-1,-1,-1
364,49,1543.21,426.19,40.66,118.52,0.3538,-1,-1,-1
364,47,732.83,482.87,48.10,116.03,0.4328,-1,-1,-1
365,11,1068.31,402.51,210.45,611.80,0.8522,-1,-1,-1
365,21,1068.31,402.51,210.45,611.80,0.8522,-1,-1,-1
365,25,916.60,413.13,160.18,521.12,0.8190,-1,-1,-1
365,45,396.20,413.09,207.66,384.83,0.8574,-1,-1,-1
365,50,203.23,438.27,101.81,326.29,0.7411,-1,-1,-1
365,54,1.48,439.74,239.02,411.86,0.8605,-1,-1,-1
365,47,733.38,481.80,47.97,117.56,0.4254,-1,-1,-1
366,11,1068.33,400.55,209.79,614.14,0.8472,-1,-1,-1
366,21,1068.33,400.55,209.79,614.14,0.8472,-1,-1,-1
366,25,919.01,412.12,159.98,522.59,0.8291,-1,-1,-1
366,45,398.02,411.86,205.56,382.49,0.8220,-1,-1,-1
366,50,209.05,435.99,102.13,328.23,0.7747,-1,-1,-1
366,54,3.15,440.44,238.63,409.27,0.8590,-1,-1,-1
366,47,733.22,481.99,46.90,116.92,0.4094,-1,-1,-1
367,11,1068.51,400.99,211.73,613.94,0.8218,-1,-1,-1
367,21,1068.51,400.99,211.73,613.94,0.8218,-1,-1,-1
367,25,921.99,410.73,157.98,524.44,0.8253,-1,-1,-1
367,45,400.16,406.94,199.80,385.08,0.8418,-1,-1,-1
367,50,218.33,436.07,105.00,327.88,0.7566,-1,-1,-1
367,54,21.00,440.27,220.40,400.16,0.7861,-1,-1,-1
367,47,732.27,481.60,46.66,117.14,0.4554,-1,-1,-1
368,11,1068.37,399.47,217.59,615.50,0.7877,-1,-1,-1
368,21,1068.37,399.47,217.59,615.50,0.7877,-1,-1,-1
368,25,924.53,409.71,156.32,525.26,0.8198,-1,-1,-1
368,45,402.48,398.74,194.49,390.47,0.8463,-1,-1,-1
368,50,227.42,437.37,116.12,327.10,0.7359,-1,-1,-1
368,54,44.67,436.46,193.19,394.41,0.7830,-1,-1,-1
368,47,731.45,481.70,47.23,116.85,0.4662,-1,-1,-1
369,11,1069.02,400.12,221.71,614.95,0.7462,-1,-1,-1
369,21,1069.02,400.12,221.71,614.95,0.7462,-1,-1,-1
369,25,926.13,413.45,155.54,519.94,0.8220,-1,-1,-1
369,45,407.75,396.52,187.10,392.13,0.8536,-1,-1,-1
369,50,234.61,435.00,131.19,329.33,0.8104,-1,-1,-1
369,54,75.66,433.11,161.70,393.11,0.7696,-1,-1,-1
369,47,731.37,482.23,47.46,116.27,0.4196,-1,-1,-1
370,11,1069.02,398.08,221.17,616.85,0.7952,-1,-1,-1
370,21,1069.02,398.08,221.17,616.85,0.7952,-1,-1,-1
370,25,928.95,415.52,156.69,519.79,0.8016,-1,-1,-1
370,45,414.41,404.24,179.41,385.42,0.8351,-1,-1,-1
370,50,241.05,432.58,146.58,330.95,0.8301,-1,-1,-1
370,54,105.72,434.12,132.89,388.49,0.8105,-1,-1,-1
370,47,730.95,481.14,47.55,117.34,0.4005,-1,-1,-1
371,11,1069.61,397.94,215.14,616.66,0.7178,-1,-1,-1
371,21,1069.61,397.94,215.14,616.66,0.7178,-1,-1,-1
371,25,932.51,415.59,155.75,520.56,0.7965,-1,-1,-1
371,45,426.54,402.17,168.88,386.78,0.8320,-1,-1,-1
371,50,244.21,432.02,159.55,330.86,0.8392,-1,-1,-1
371,54,128.05,438.25,122.08,382.13,0.7981,-1,-1,-1
371,47,730.21,481.30,48.26,117.84,0.3850,-1,-1,-1
372,11,1070.39,397.43,215.93,616.69,0.8190,-1,-1,-1
372,21,1070.39,397.43,215.93,616.69,0.8190,-1,-1,-1
372,25,935.40,415.58,154.95,520.64,0.7960,-1,-1,-1
372,45,439.06,418.12,155.76,363.88,0.7975,-1,-1,-1
372,50,245.05,434.13,167.90,327.64,0.8179,-1,-1,-1
372,54,137.35,437.56,120.91,382.23,0.7601,-1,-1,-1
372,47,730.71,481.97,46.98,116.74,0.3729,-1,-1,-1
373,11,1070.86,397.18,218.37,617.18,0.8387,-1,-1,-1
373,21,1070.86,397.18,218.37,617.18,0.8387,-1,-1,-1
373,25,938.03,416.19,154.58,520.99,0.7950,-1,-1,-1
373,45,457.04,406.08,145.47,370.69,0.8000,-1,-1,-1
373,50,253.07,435.19,164.56,321.69,0.8034,-1,-1,-1
373,54,147.10,435.01,138.53,383.53,0.8089,-1,-1,-1
373,47,731.60,482.51,47.03,115.22,0.3945,-1,-1,-1
373,58,0.34,491.89,46.26,316.19,0.6281,-1,-1,-1
374,11,1071.61,397.77,218.38,616.47,0.8098,-1,-1,-1
374,21,1071.61,397.77,218.38,616.47,0.8098,-1,-1,-1
374,25,942.80,416.75,152.04,519.82,0.7884,-1,-1,-1
374,45,470.95,402.33,139.67,370.31,0.7724,-1,-1,-1
374,50,264.77,440.32,157.83,307.37,0.7789,-1,-1,-1
374,54,156.48,431.83,144.71,385.43,0.7264,-1,-1,-1
374,47,732.60,480.70,47.44,117.38,0.3961,-1,-1,-1
374,58,0.81,491.59,49.87,316.87,0.7026,-1,-1,-1
375,11,1071.54,399.30,219.18,614.45,0.7954,-1,-1,-1
375,21,1071.54,399.30,219.18,614.45,0.7954,-1,-1,-1
375,25,942.82,414.16,152.69,521.17,0.7756,-1,-1,-1
375,45,481.68,406.70,140.51,364.36,0.7128,-1,-1,-1
375,50,277.09,449.20,147.14,297.80,0.7425,-1,-1,-1
375,54,160.93,432.92,167.09,383.52,0.8168,-1,-1,-1
375,47,733.16,480.17,47.51,118.42,0.3846,-1,-1,-1
375,58,0.63,487.35,57.86,324.44,0.6592,-1,-1,-1
376,11,1071.42,399.65,221.13,613.56,0.8087,-1,-1,-1
376,21,1071.42,399.65,221.13,613.56,0.8087,-1,-1,-1
376,25,944.52,416.75,150.02,521.17,0.7739,-1,-1,-1
376,45,488.50,404.56,140.84,364.05,0.6939,-1,-1,-1
376,50,278.35,439.75,147.33,307.62,0.7423,-1,-1,-1
376,54,160.18,436.09,186.39,379.98,0.7681,-1,-1,-1
376,47,731.42,479.34,48.59,119.70,0.3214,-1,-1,-1
376,58,0.34,481.62,69.67,330.83,0.7803,-1,-1,-1
377,11,1071.11,400.46,224.46,613.82,0.8123,-1,-1,-1
377,21,1071.11,400.46,224.46,613.82,0.8123,-1,-1,-1
377,25,946.19,417.32,151.96,521.20,0.7970,-1,-1,-1
377,45,490.45,400.72,143.67,367.40,0.7358,-1,-1,-1
377,50,283.74,441.47,144.87,306.16,0.7057,-1,-1,-1
377,54,158.53,439.10,204.06,377.30,0.7974,-1,-1,-1
377,47,731.22,480.86,47.85,118.67,0.3284,-1,-1,-1
377,58,0.05,451.79,95.04,358.63,0.7789,-1,-1,-1
378,11,1071.58,399.30,223.46,615.53,0.7752,-1,-1,-1
378,21,1071.58,399.30,223.46,615.53,0.7752,-1,-1,-1
378,25,946.44,413.31,155.56,522.81,0.7802,-1,-1,-1
378,45,494.82,396.46,147.22,373.16,0.7880,-1,-1,-1
378,50,292.46,440.69,136.52,309.22,0.6757,-1,-1,-1
378,54,159.18,440.06,211.85,376.37,0.8198,-1,-1,-1
378,47,731.49,482.07,46.67,116.02,0.3457,-1,-1,-1
378,58,0.05,436.70,125.64,373.39,0.8289,-1,-1,-1
379,11,1071.22,397.28,222.25,617.06,0.8307,-1,-1,-1
379,21,1071.22,397.28,222.25,617.06,0.8307,-1,-1,-1
379,25,946.30,411.30,156.69,523.84,0.8144,-1,-1,-1
379,45,500.59,396.74,157.69,373.76,0.7933,-1,-1,-1
379,50,309.58,439.51,119.03,309.42,0.6841,-1,-1,-1
379,54,159.00,441.36,216.36,374.89,0.8247,-1,-1,-1
379,47,731.72,482.05,45.41,116.08,0.3895,-1,-1,-1
379,58,0.06,431.11,138.48,377.35,0.8210,-1,-1,-1
380,11,1071.60,395.61,221.15,618.47,0.8255,-1,-1,-1
380,21,1071.60,395.61,221.15,618.47,0.8255,-1,-1,-1
380,25,946.81,407.65,159.10,526.41,0.8113,-1,-1,-1
380,45,505.76,398.65,163.35,371.99,0.6394,-1,-1,-1
380,50,321.95,444.49,102.99,306.50,0.6351,-1,-1,-1
380,54,160.64,443.05,221.49,371.66,0.8376,-1,-1,-1
380,47,731.29,480.63,43.97,116.79,0.3587,-1,-1,-1
380,58,0.32,428.61,157.53,378.64,0.7753,-1,-1,-1
381,11,1072.19,393.91,217.41,620.35,0.7992,-1,-1,-1
381,21,1072.19,393.91,217.41,620.35,0.7992,-1,-1,-1
381,25,952.94,411.22,155.27,526.17,0.7699,-1,-1,-1
381,45,516.12,405.60,149.87,365.41,0.5864,-1,-1,-1
381,50,324.90,442.24,98.55,309.72,0.7057,-1,-1,-1
381,54,158.58,444.15,226.60,367.25,0.8610,-1,-1,-1
381,47,730.75,479.69,46.44,118.67,0.3083,-1,-1,-1
381,58,0.55,434.40,171.29,372.30,0.7523,-1,-1,-1
382,11,1073.43,396.79,219.91,617.79,0.8144,-1,-1,-1
382,21,1073.43,396.79,219.91,617.79,0.8144,-1,-1,-1
382,25,952.82,414.43,158.07,521.16,0.7518,-1,-1,-1
382,45,533.09,405.62,140.10,364.24,0.6057,-1,-1,-1
382,50,334.65,442.06,95.49,307.45,0.6878,-1,-1,-1
382,54,164.32,442.82,220.95,367.33,0.8295,-1,-1,-1
382,47,730.81,479.21,48.69,120.44,0.3573,-1,-1,-1
382,58,0.65,436.07,179.87,369.71,0.8045,-1,-1,-1
383,11,1073.56,397.29,220.30,617.54,0.8288,-1,-1,-1
383,21,1073.56,397.29,220.30,617.54,0.8288,-1,-1,-1
383,25,954.29,416.35,156.88,521.69,0.6962,-1,-1,-1
383,45,530.17,411.39,150.38,358.50,0.6916,-1,-1,-1
383,50,345.18,443.80,96.95,301.89,0.5557,-1,-1,-1
383,54,181.72,442.27,203.52,367.04,0.7935,-1,-1,-1
383,47,730.45,477.88,51.07,121.95,0.3670,-1,-1,-1
383,58,0.43,436.32,191.13,368.77,0.8582,-1,-1,-1
384,11,1073.83,397.11,220.23,617.83,0.8328,-1,-1,-1
384,21,1073.83,397.11,220.23,617.83,0.8328,-1,-1,-1
384,25,955.79,416.54,153.64,522.75,0.7106,-1,-1,-1
384,45,531.53,408.60,154.55,361.23,0.7506,-1,-1,-1
384,50,361.45,453.07,92.20,291.02,0.6045,-1,-1,-1
384,54,194.80,437.28,189.78,371.77,0.7938,-1,-1,-1
384,47,730.08,475.86,50.83,124.85,0.4519,-1,-1,-1
384,58,0.45,433.31,200.34,372.71,0.8756,-1,-1,-1
384,59,687.83,465.99,47.21,125.39,0.3557,-1,-1,-1
385,11,1074.08,397.15,219.28,617.89,0.7877,-1,-1,-1
385,21,1074.08,397.15,219.28,617.89,0.7877,-1,-1,-1
385,25,957.92,416.56,150.61,523.72,0.7201,-1,-1,-1
385,45,535.54,408.26,154.44,361.76,0.7874,-1,-1,-1
385,50,365.40,443.57,95.88,299.84,0.7056,-1,-1,-1
385,54,210.62,434.17,174.01,369.81,0.8060,-1,-1,-1
385,47,730.27,473.19,50.13,127.80,0.5479,-1,-1,-1
385,58,0.35,434.62,210.82,371.69,0.8629,-1,-1,-1
385,59,687.24,467.94,47.36,126.30,0.3845,-1,-1,-1
386,11,1073.90,397.38,220.18,617.29,0.7060,-1,-1,-1
386,21,1073.90,397.38,220.18,617.29,0.7060,-1,-1,-1
386,25,960.36,415.03,149.45,526.36,0.7416,-1,-1,-1
386,45,540.22,406.42,154.21,363.06,0.8329,-1,-1,-1
386,50,369.12,439.74,110.43,304.78,0.7071,-1,-1,-1
386,54,230.07,435.06,152.84,365.97,0.7921,-1,-1,-1
386,47,730.72,471.01,49.21,129.66,0.5290,-1,-1,-1
386,58,0.22,433.10,213.92,374.37,0.8359,-1,-1,-1
386,59,690.09,468.67,43.62,126.08,0.3452,-1,-1,-1
387,11,1073.61,397.59,220.41,616.79,0.7757,-1,-1,-1
387,21,1073.61,397.59,220.41,616.79,0.7757,-1,-1,-1
387,25,960.37,416.34,148.39,524.48,0.7225,-1,-1,-1
387,45,542.94,407.06,151.64,360.74,0.8455,-1,-1,-1
387,50,369.94,438.57,134.43,307.60,0.8056,-1,-1,-1
387,54,253.63,431.46,128.43,367.35,0.5758,-1,-1,-1
387,47,731.08,470.81,48.67,129.77,0.5301,-1,-1,-1
387,58,1.61,432.80,212.39,373.31,0.8367,-1,-1,-1
387,59,691.31,473.31,42.41,118.67,0.3117,-1,-1,-1
388,11,1061.71,397.17,243.47,617.89,0.7372,-1,-1,-1
388,21,1061.71,397.17,243.47,617.89,0.7372,-1,-1,-1
388,25,960.90,417.44,145.33,523.13,0.7216,-1,-1,-1
388,45,546.39,405.86,148.23,358.77,0.8252,-1,-1,-1
388,50,370.83,439.74,150.63,308.02,0.7892,-1,-1,-1
388,54,275.42,433.08,105.97,363.73,0.6753,-1,-1,-1
388,47,730.65,469.18,48.68,132.83,0.4964,-1,-1,-1
388,58,9.87,432.01,203.21,372.19,0.8071,-1,-1,-1
388,59,692.03,473.83,41.96,119.52,0.3500,-1,-1,-1
389,11,1056.65,397.37,288.06,617.66,0.7262,-1,-1,-1
389,21,1056.65,397.37,288.06,617.66,0.7262,-1,-1,-1
389,25,962.82,418.01,140.13,522.37,0.7017,-1,-1,-1
389,45,549.23,407.88,145.93,355.56,0.8064,-1,-1,-1
389,50,368.11,441.08,165.30,304.50,0.8016,-1,-1,-1
389,54,285.88,429.47,100.65,368.56,0.6786,-1,-1,-1
389,47,730.42,471.08,48.68,130.97,0.5033,-1,-1,-1
389,58,20.25,425.25,192.91,374.82,0.7874,-1,-1,-1
389,59,692.40,475.55,40.66,116.65,0.3357,-1,-1,-1
390,11,1057.19,397.21,303.16,618.47,0.7742,-1,-1,-1
390,21,1057.19,397.21,303.16,618.47,0.7742,-1,-1,-1
390,25,965.52,418.08,135.81,523.30,0.6751,-1,-1,-1
390,45,554.83,409.40,141.09,352.44,0.8007,-1,-1,-1
390,50,370.40,440.96,171.23,303.27,0.8139,-1,-1,-1
390,54,285.17,433.48,108.91,364.59,0.5260,-1,-1,-1
390,47,729.88,472.95,49.79,130.57,0.4865,-1,-1,-1
390,58,32.03,426.85,183.32,371.16,0.7948,-1,-1,-1
391,11,1054.03,397.09,313.57,618.54,0.7778,-1,-1,-1
391,21,1054.03,397.09,313.57,618.54,0.7778,-1,-1,-1
391,25,972.11,416.90,128.18,527.64,0.6590,-1,-1,-1
391,45,560.62,411.50,135.46,351.84,0.8018,-1,-1,-1
391,50,377.09,441.08,168.25,300.24,0.7847,-1,-1,-1
391,54,299.48,436.95,103.27,361.82,0.5330,-1,-1,-1
391,47,728.83,471.59,50.86,131.91,0.4435,-1,-1,-1
391,58,40.30,428.01,175.76,369.69,0.7605,-1,-1,-1
391,60,917.93,435.06,67.91,154.19,0.3720,-1,-1,-1
392,11,1052.45,397.83,314.43,618.23,0.7845,-1,-1,-1
392,21,1052.45,397.83,314.43,618.23,0.7845,-1,-1,-1
392,25,978.58,412.95,123.23,527.98,0.6500,-1,-1,-1
392,45,568.36,408.98,128.70,356.25,0.7869,-1,-1,-1
392,50,388.94,439.65,157.91,299.12,0.7245,-1,-1,-1
392,54,308.43,437.44,117.25,361.84,0.6567,-1,-1,-1
392,47,728.13,468.72,51.71,134.20,0.4473,-1,-1,-1
392,58,51.92,431.62,165.77,364.20,0.7637,-1,-1,-1
392,60,924.39,434.83,58.50,155.86,0.5648,-1,-1,-1
393,11,1049.76,398.24,316.56,618.28,0.8134,-1,-1,-1
393,21,1049.76,398.24,316.56,618.28,0.8134,-1,-1,-1
393,25,971.04,416.85,130.34,525.46,0.6501,-1,-1,-1
393,45,576.15,413.15,121.42,344.21,0.7914,-1,-1,-1
393,50,398.99,439.64,148.07,296.98,0.7274,-1,-1,-1
393,54,312.45,440.11,138.74,359.51,0.7908,-1,-1,-1
393,47,727.85,467.51,52.25,134.98,0.5302,-1,-1,-1
393,58,77.45,429.53,144.10,365.66,0.6330,-1,-1,-1
393,60,925.12,437.09,54.82,162.49,0.6499,-1,-1,-1
394,11,1053.32,398.21,286.84,617.48,0.6771,-1,-1,-1
394,21,1053.32,398.21,286.84,617.48,0.6771,-1,-1,-1
394,25,979.93,413.71,120.48,525.69,0.6298,-1,-1,-1
394,45,582.67,412.49,114.92,341.03,0.7606,-1,-1,-1
394,50,410.68,442.70,137.94,292.77,0.7292,-1,-1,-1
394,54,314.39,443.14,148.61,357.31,0.7241,-1,-1,-1
394,47,726.62,473.44,52.74,129.83,0.5980,-1,-1,-1
394,58,71.03,428.82,159.04,366.81,0.7570,-1,-1,-1
394,60,922.76,438.38,55.13,165.27,0.6389,-1,-1,-1
395,11,1055.06,397.19,272.29,618.35,0.7000,-1,-1,-1
395,21,1055.06,397.19,272.29,618.35,0.7000,-1,-1,-1
395,25,985.33,413.16,113.85,524.60,0.6579,-1,-1,-1
395,45,587.90,413.55,111.55,336.46,0.7668,-1,-1,-1
395,50,421.35,441.24,127.06,293.93,0.7396,-1,-1,-1
395,54,314.52,443.95,156.70,357.06,0.7475,-1,-1,-1
395,47,725.13,471.13,53.55,134.25,0.6130,-1,-1,-1
395,58,72.31,430.24,163.49,365.89,0.7789,-1,-1,-1
395,60,920.44,439.64,54.17,164.30,0.5962,-1,-1,-1
396,11,1057.03,398.44,292.74,618.03,0.7612,-1,-1,-1
396,21,1057.03,398.44,292.74,618.03,0.7612,-1,-1,-1
396,25,984.94,413.55,113.66,523.74,0.6218,-1,-1,-1
396,45,591.90,423.10,112.38,322.25,0.7561,-1,-1,-1
396,50,433.95,443.30,114.32,289.17,0.6563,-1,-1,-1
396,54,313.09,442.91,170.38,356.43,0.7601,-1,-1,-1
396,47,722.65,466.15,56.32,142.63,0.5792,-1,-1,-1
396,58,99.89,441.39,141.18,353.83,0.5854,-1,-1,-1
396,60,918.31,442.00,53.89,167.76,0.6768,-1,-1,-1
397,11,1060.61,398.55,262.13,618.64,0.7906,-1,-1,-1
397,21,1060.61,398.55,262.13,618.64,0.7906,-1,-1,-1
397,25,985.42,413.65,112.96,524.19,0.6774,-1,-1,-1
397,45,596.06,419.55,112.90,324.95,0.7488,-1,-1,-1
397,50,447.67,465.99,98.87,264.20,0.5730,-1,-1,-1
397,54,312.89,434.46,174.46,364.11,0.7633,-1,-1,-1
397,47,720.58,464.35,57.86,144.98,0.5765,-1,-1,-1
397,58,127.11,436.46,123.68,359.81,0.6219,-1,-1,-1
397,60,915.71,442.88,54.94,167.74,0.6400,-1,-1,-1
398,11,1063.77,399.06,246.95,619.05,0.8380,-1,-1,-1
398,21,1063.77,399.06,246.95,619.05,0.8380,-1,-1,-1
398,25,975.19,415.22,123.61,524.64,0.6354,-1,-1,-1
398,45,599.52,423.20,117.11,319.60,0.7559,-1,-1,-1
398,50,448.18,443.88,98.92,287.17,0.7328,-1,-1,-1
398,54,313.95,436.51,179.43,360.21,0.8204,-1,-1,-1
398,47,720.08,461.79,57.44,147.49,0.5430,-1,-1,-1
398,58,136.78,436.30,125.31,359.97,0.7496,-1,-1,-1
398,60,915.72,444.27,55.11,163.91,0.4854,-1,-1,-1
399,11,1065.52,400.28,241.25,617.94,0.8375,-1,-1,-1
399,21,1065.52,400.28,241.25,617.94,0.8375,-1,-1,-1
399,25,970.46,415.38,129.39,525.13,0.6614,-1,-1,-1
399,45,604.76,427.62,122.90,312.70,0.7882,-1,-1,-1
399,50,463.54,442.15,85.44,289.34,0.6275,-1,-1,-1
399,54,316.83,437.72,176.85,358.98,0.8309,-1,-1,-1
399,47,719.68,463.29,55.86,145.94,0.5361,-1,-1,-1
399,58,137.35,433.53,151.32,361.57,0.7641,-1,-1,-1
399,60,913.99,439.16,56.56,171.62,0.5827,-1,-1,-1
400,11,1067.65,400.37,237.28,618.40,0.8528,-1,-1,-1
400,21,1067.65,400.37,237.28,618.40,0.8528,-1,-1,-1
400,25,968.70,414.17,130.78,526.65,0.6565,-1,-1,-1
400,45,607.19,423.85,131.55,316.27,0.7794,-1,-1,-1
400,50,471.22,439.77,81.86,290.15,0.7307,-1,-1,-1
400,54,316.60,435.75,177.62,360.09,0.8428,-1,-1,-1
400,47,718.19,468.05,52.34,140.25,0.4776,-1,-1,-1
400,58,140.39,433.09,169.67,360.93,0.7803,-1,-1,-1
400,60,911.35,438.71,56.12,171.03,0.5659,-1,-1,-1
401,11,1069.19,399.84,235.10,619.28,0.8464,-1,-1,-1
401,21,1069.19,399.84,235.10,619.28,0.8464,-1,-1,-1
401,25,979.42,411.56,118.35,527.08,0.6369,-1,-1,-1
401,45,609.58,423.97,144.27,315.77,0.7721,-1,-1,-1
401,50,480.20,443.55,80.47,287.63,0.7209,-1,-1,-1
401,54,322.73,436.64,172.08,356.69,0.8149,-1,-1,-1
401,47,715.87,465.97,52.96,145.50,0.4253,-1,-1,-1
401,58,141.88,433.19,174.54,360.95,0.8140,-1,-1,-1
401,60,908.96,438.31,59.13,168.00,0.5768,-1,-1,-1
402,11,1071.33,399.49,231.30,619.94,0.8370,-1,-1,-1
402,21,1071.33,399.49,231.30,619.94,0.8370,-1,-1,-1
402,25,983.95,410.85,113.13,527.22,0.6261,-1,-1,-1
402,45,615.36,417.14,151.39,322.70,0.8021,-1,-1,-1
402,50,484.28,449.20,86.44,280.04,0.7226,-1,-1,-1
402,54,335.20,442.48,159.45,348.67,0.8264,-1,-1,-1
402,47,715.44,463.57,53.81,147.19,0.4926,-1,-1,-1
402,58,144.27,435.40,174.75,357.57,0.8097,-1,-1,-1
402,60,904.77,438.39,66.23,170.34,0.5297,-1,-1,-1
403,11,1074.62,399.71,227.11,619.58,0.8374,-1,-1,-1
403,21,1074.62,399.71,227.11,619.58,0.8374,-1,-1,-1
403,25,970.97,415.19,127.87,524.88,0.6182,-1,-1,-1
403,45,619.18,411.12,158.11,330.23,0.8362,-1,-1,-1
403,50,488.88,445.89,95.77,283.20,0.6044,-1,-1,-1
403,54,347.02,448.70,148.48,335.72,0.7465,-1,-1,-1
403,47,715.59,464.40,53.80,146.18,0.4663,-1,-1,-1
403,58,144.15,438.71,184.00,354.21,0.8039,-1,-1,-1
403,60,901.92,441.12,72.83,169.35,0.3596,-1,-1,-1
404,11,1076.54,399.82,225.51,620.33,0.8293,-1,-1,-1
404,21,1076.54,399.82,225.51,620.33,0.8293,-1,-1,-1
404,25,965.98,416.85,132.89,524.76,0.6687,-1,-1,-1
404,45,623.75,407.93,163.60,334.66,0.8022,-1,-1,-1
404,50,491.05,441.05,115.44,286.54,0.6404,-1,-1,-1
404,54,357.49,443.76,140.38,339.66,0.7213,-1,-1,-1
404,47,715.38,463.25,52.65,147.99,0.4497,-1,-1,-1
404,58,150.31,438.53,183.83,351.58,0.8273,-1,-1,-1
404,60,898.54,446.81,60.22,164.10,0.5255,-1,-1,-1
405,11,1078.28,400.36,213.99,619.18,0.8328,-1,-1,-1
405,21,1078.28,400.36,213.99,619.18,0.8328,-1,-1,-1
405,25,964.12,416.57,134.86,525.31,0.6856,-1,-1,-1
405,45,627.67,414.26,166.43,329.38,0.7875,-1,-1,-1
405,50,495.75,444.17,123.28,283.50,0.6790,-1,-1,-1
405,54,377.69,438.03,119.49,340.09,0.7012,-1,-1,-1
405,47,716.12,466.90,51.50,144.91,0.3763,-1,-1,-1
405,58,155.03,437.01,178.91,351.13,0.8182,-1,-1,-1
405,60,895.59,452.57,54.38,158.24,0.4055,-1,-1,-1
406,11,1077.15,399.33,209.45,620.65,0.8325,-1,-1,-1
406,21,1077.15,399.33,209.45,620.65,0.8325,-1,-1,-1
406,25,961.63,416.05,137.01,525.80,0.6971,-1,-1,-1
406,45,632.10,420.73,166.64,322.61,0.7930,-1,-1,-1
406,50,499.88,447.69,123.86,279.59,0.6744,-1,-1,-1
406,54,395.75,434.80,103.30,337.93,0.7057,-1,-1,-1
406,58,159.69,436.03,173.10,352.39,0.8076,-1,-1,-1
406,60,892.56,454.84,54.01,154.31,0.3649,-1,-1,-1
407,11,1076.47,397.12,203.94,622.21,0.8346,-1,-1,-1
407,21,1076.47,397.12,203.94,622.21,0.8346,-1,-1,-1
407,25,958.52,417.64,139.13,523.85,0.7252,-1,-1,-1
407,45,635.98,416.58,163.43,327.11,0.8541,-1,-1,-1
407,50,496.88,446.35,135.03,283.99,0.7084,-1,-1,-1
407,54,410.41,434.55,93.45,335.86,0.6730,-1,-1,-1
407,58,171.64,433.63,164.20,355.15,0.8026,-1,-1,-1
407,60,888.70,458.24,55.30,150.34,0.3129,-1,-1,-1
408,11,1073.89,397.66,202.00,622.44,0.8385,-1,-1,-1
408,21,1073.89,397.66,202.00,622.44,0.8385,-1,-1,-1
408,25,959.13,417.38,138.76,523.85,0.7100,-1,-1,-1
408,45,641.12,418.70,159.27,325.79,0.8466,-1,-1,-1
408,50,500.85,440.72,139.22,289.28,0.7524,-1,-1,-1
408,54,408.44,433.70,100.93,336.21,0.6180,-1,-1,-1
408,58,185.45,433.40,152.80,352.09,0.7955,-1,-1,-1
408,60,880.49,456.05,61.00,153.85,0.4983,-1,-1,-1
409,11,1073.79,398.89,198.71,620.57,0.8396,-1,-1,-1
409,21,1073.79,398.89,198.71,620.57,0.8396,-1,-1,-1
409,25,959.13,417.04,140.21,523.60,0.7043,-1,-1,-1
409,45,643.82,418.05,157.24,326.39,0.8314,-1,-1,-1
409,50,500.33,436.81,143.40,293.35,0.7531,-1,-1,-1
409,54,400.79,437.11,116.28,331.91,0.6158,-1,-1,-1
409,58,201.81,435.75,138.18,339.12,0.7232,-1,-1,-1
409,60,875.72,448.13,63.96,162.62,0.6134,-1,-1,-1
410,11,1073.40,398.19,192.24,620.99,0.8459,-1,-1,-1
410,21,1073.40,398.19,192.24,620.99,0.8459,-1,-1,-1
410,25,959.46,418.87,139.12,521.16,0.7095,-1,-1,-1
410,45,645.68,412.76,156.49,331.78,0.8197,-1,-1,-1
410,50,511.07,438.86,133.81,285.15,0.7308,-1,-1,-1
410,54,416.56,438.54,115.48,331.14,0.5810,-1,-1,-1
410,58,222.39,435.41,123.38,336.65,0.6605,-1,-1,-1
410,60,874.75,446.50,62.47,164.72,0.5701,-1,-1,-1
411,11,1072.19,398.24,186.19,620.82,0.8467,-1,-1,-1
411,21,1072.19,398.24,186.19,620.82,0.8467,-1,-1,-1
411,25,958.39,420.85,140.23,518.64,0.7181,-1,-1,-1
411,45,645.98,416.61,155.83,326.01,0.8265,-1,-1,-1
411,50,521.03,440.50,123.06,282.82,0.6931,-1,-1,-1
411,54,423.69,436.58,131.98,330.96,0.6693,-1,-1,-1
411,58,247.57,428.36,105.70,341.35,0.5464,-1,-1,-1
411,60,874.34,442.70,62.26,168.65,0.5405,-1,-1,-1
412,11,1071.04,399.74,185.51,618.77,0.8433,-1,-1,-1
412,21,1071.04,399.74,185.51,618.77,0.8433,-1,-1,-1
412,25,961.16,421.69,137.51,518.28,0.6861,-1,-1,-1
412,45,645.97,407.00,155.95,335.96,0.8270,-1,-1,-1
412,50,528.79,437.91,116.51,283.44,0.7386,-1,-1,-1
412,54,420.77,436.17,147.74,331.22,0.6617,-1,-1,-1
412,58,264.00,426.92,99.46,342.55,0.7140,-1,-1,-1
412,60,873.96,441.70,58.94,167.69,0.5160,-1,-1,-1
413,11,1070.93,401.33,185.21,617.31,0.8518,-1,-1,-1
413,21,1070.93,401.33,185.21,617.31,0.8518,-1,-1,-1
413,25,959.24,421.66,140.42,518.29,0.7356,-1,-1,-1
413,45,647.94,408.36,154.02,333.14,0.8040,-1,-1,-1
413,50,547.55,436.57,101.93,283.15,0.6168,-1,-1,-1
413,54,431.89,435.08,154.33,331.27,0.7118,-1,-1,-1
413,58,269.72,426.15,104.70,344.35,0.7255,-1,-1,-1
413,60,874.88,440.42,55.79,167.73,0.4901,-1,-1,-1
414,11,1066.59,404.03,188.74,614.96,0.8609,-1,-1,-1
414,21,1066.59,404.03,188.74,614.96,0.8609,-1,-1,-1
414,25,961.11,421.57,137.98,516.88,0.6944,-1,-1,-1
414,45,653.05,419.92,148.07,320.85,0.8022,-1,-1,-1
414,50,558.35,437.48,95.28,282.31,0.6543,-1,-1,-1
414,54,436.49,436.95,158.93,329.02,0.7424,-1,-1,-1
414,58,273.16,424.65,109.85,346.94,0.6973,-1,-1,-1
414,60,872.12,440.17,53.88,167.97,0.5951,-1,-1,-1
415,11,1064.08,407.53,191.30,611.75,0.8578,-1,-1,-1
415,21,1064.08,407.53,191.30,611.75,0.8578,-1,-1,-1
415,25,963.41,419.94,133.67,518.55,0.7134,-1,-1,-1
415,45,657.59,424.55,143.64,316.43,0.8065,-1,-1,-1
415,50,562.40,434.35,92.04,286.59,0.6031,-1,-1,-1
415,54,436.12,438.55,162.89,327.51,0.7651,-1,-1,-1
415,58,278.85,430.97,116.75,340.61,0.6670,-1,-1,-1
415,60,871.47,440.86,50.92,167.23,0.7087,-1,-1,-1
416,11,1061.43,410.88,195.33,608.76,0.8636,-1,-1,-1
416,21,1061.43,410.88,195.33,608.76,0.8636,-1,-1,-1
416,25,964.19,419.29,131.75,519.24,0.7053,-1,-1,-1
416,45,666.77,430.56,134.75,308.11,0.7948,-1,-1,-1
416,50,570.62,433.82,87.20,286.49,0.7329,-1,-1,-1
416,54,435.69,440.91,163.62,325.45,0.8113,-1,-1,-1
416,58,287.35,435.56,115.65,334.81,0.7308,-1,-1,-1
416,60,869.65,440.40,51.18,166.49,0.6147,-1,-1,-1
417,11,1061.57,409.50,197.04,610.86,0.8532,-1,-1,-1
417,21,1061.57,409.50,197.04,610.86,0.8532,-1,-1,-1
417,25,968.13,417.38,128.20,518.39,0.6690,-1,-1,-1
417,45,675.85,424.69,125.97,310.39,0.8033,-1,-1,-1
417,50,569.62,435.55,96.72,283.88,0.6753,-1,-1,-1
417,54,436.11,449.71,164.24,316.97,0.7914,-1,-1,-1
417,58,289.14,437.99,128.75,330.72,0.5965,-1,-1,-1
417,60,868.17,439.10,50.77,167.12,0.6314,-1,-1,-1
418,11,1059.60,405.89,199.87,614.64,0.8571,-1,-1,-1
418,21,1059.60,405.89,199.87,614.64,0.8571,-1,-1,-1
418,25,968.40,418.07,126.86,519.52,0.6730,-1,-1,-1
418,45,682.06,413.79,121.82,318.38,0.7850,-1,-1,-1
418,50,581.52,436.14,94.41,282.43,0.7152,-1,-1,-1
418,54,438.19,446.44,158.85,319.43,0.8079,-1,-1,-1
418,58,289.97,436.04,142.77,332.58,0.6845,-1,-1,-1
418,60,867.44,439.65,48.86,165.31,0.5207,-1,-1,-1
419,11,1056.87,407.64,204.72,612.89,0.8490,-1,-1,-1
419,21,1056.87,407.64,204.72,612.89,0.8490,-1,-1,-1
419,25,970.00,419.55,125.71,517.14,0.6840,-1,-1,-1
419,45,688.24,407.20,120.31,324.02,0.8005,-1,-1,-1
419,50,588.50,437.01,91.25,280.38,0.7164,-1,-1,-1
419,54,441.08,439.45,159.54,324.60,0.8021,-1,-1,-1
419,58,291.16,438.21,155.79,330.71,0.7582,-1,-1,-1
419,60,865.62,440.67,46.16,164.16,0.5460,-1,-1,-1
420,11,1054.08,409.20,212.66,611.63,0.8393,-1,-1,-1
420,21,1054.08,409.20,212.66,611.63,0.8393,-1,-1,-1
420,25,970.69,415.52,123.94,521.78,0.5912,-1,-1,-1
420,45,694.90,407.33,116.71,323.10,0.7801,-1,-1,-1
420,50,586.94,436.94,97.25,278.23,0.7143,-1,-1,-1
420,54,448.02,435.82,152.97,327.36,0.7692,-1,-1,-1
420,58,293.48,442.13,161.29,326.86,0.7818,-1,-1,-1
421,11,1051.13,409.22,215.68,611.65,0.8238,-1,-1,-1
421,21,1051.13,409.22,215.68,611.65,0.8238,-1,-1,-1
421,25,969.34,412.26,123.94,525.45,0.5960,-1,-1,-1
421,45,697.74,418.58,111.22,311.93,0.7099,-1,-1,-1
421,50,589.28,439.00,108.55,277.23,0.7297,-1,-1,-1
421,54,448.28,434.38,150.98,326.89,0.7421,-1,-1,-1
421,58,292.62,439.63,167.12,328.89,0.7781,-1,-1,-1
421,60,858.65,435.44,48.19,169.87,0.4989,-1,-1,-1
422,11,1047.36,407.09,216.03,614.37,0.8181,-1,-1,-1
422,21,1047.36,407.09,216.03,614.37,0.8181,-1,-1,-1
422,25,968.78,412.59,124.30,525.14,0.5194,-1,-1,-1
422,45,701.89,431.61,108.32,296.18,0.6475,-1,-1,-1
422,50,595.39,440.49,114.08,276.31,0.7147,-1,-1,-1
422,54,459.57,435.13,135.78,325.65,0.6973,-1,-1,-1
422,58,292.89,439.59,182.90,327.68,0.8232,-1,-1,-1
422,60,859.16,439.17,47.53,161.17,0.4726,-1,-1,-1
423,11,1046.19,404.02,218.35,618.25,0.8158,-1,-1,-1
423,21,1046.19,404.02,218.35,618.25,0.8158,-1,-1,-1
423,25,969.07,416.41,123.31,520.60,0.4224,-1,-1,-1
423,45,707.15,436.00,105.70,291.92,0.6213,-1,-1,-1
423,50,601.76,443.07,121.87,272.98,0.7249,-1,-1,-1
423,54,470.51,437.22,123.18,320.30,0.7150,-1,-1,-1
423,58,292.56,436.93,187.13,329.50,0.7820,-1,-1,-1
423,60,856.33,438.84,50.62,161.46,0.5986,-1,-1,-1
423,63,1155.16,411.91,168.56,494.03,0.6562,-1,-1,-1
424,11,1047.55,399.90,217.54,624.41,0.7840,-1,-1,-1
424,21,1047.55,399.90,217.54,624.41,0.7840,-1,-1,-1
424,25,969.08,462.46,121.42,472.91,0.4158,-1,-1,-1
424,45,711.34,431.24,104.46,298.08,0.6344,-1,-1,-1
424,50,607.67,443.23,130.30,272.29,0.7741,-1,-1,-1
424,54,477.01,437.23,120.74,320.54,0.7190,-1,-1,-1
424,58,300.38,436.87,179.57,327.81,0.7752,-1,-1,-1
424,60,851.52,438.77,52.74,163.13,0.5306,-1,-1,-1
424,63,1151.86,412.27,173.15,498.53,0.5138,-1,-1,-1
425,11,1048.55,397.79,208.79,633.05,0.7193,-1,-1,-1
425,21,1048.55,397.79,208.79,633.05,0.7193,-1,-1,-1
425,25,970.77,482.45,119.56,451.18,0.5232,-1,-1,-1
425,45,714.20,421.79,113.01,305.11,0.7297,-1,-1,-1
425,50,610.81,448.85,130.56,266.75,0.7356,-1,-1,-1
425,54,487.95,438.75,112.84,318.95,0.6390,-1,-1,-1
425,58,310.23,437.95,170.24,325.69,0.7789,-1,-1,-1
425,60,850.05,439.86,49.84,159.39,0.5430,-1,-1,-1
425,63,1160.47,412.62,164.83,508.98,0.6051,-1,-1,-1
426,11,1050.14,397.45,201.91,638.33,0.7136,-1,-1,-1
426,21,1050.14,397.45,201.91,638.33,0.7136,-1,-1,-1
426,25,971.01,489.79,118.86,442.01,0.5296,-1,-1,-1
426,45,715.60,413.46,115.48,312.43,0.7550,-1,-1,-1
426,50,611.79,449.00,133.11,267.92,0.7206,-1,-1,-1
426,54,514.46,438.38,96.92,315.93,0.6455,-1,-1,-1
426,58,321.43,434.43,157.98,329.49,0.7909,-1,-1,-1
426,60,848.02,439.10,48.11,159.07,0.5964,-1,-1,-1
426,63,1163.86,411.60,162.69,516.42,0.5898,-1,-1,-1
427,11,1053.74,399.99,187.76,638.39,0.6815,-1,-1,-1
427,21,1049.58,408.58,161.42,614.70,0.3569,-1,-1,-1
427,25,971.69,452.67,119.72,478.82,0.4410,-1,-1,-1
427,45,720.47,411.10,111.38,315.26,0.7452,-1,-1,-1
427,50,611.42,450.05,132.65,267.61,0.7150,-1,-1,-1
427,54,520.35,438.64,94.11,315.02,0.6316,-1,-1,-1
427,58,330.67,433.85,151.12,326.18,0.7857,-1,-1,-1
427,60,844.20,437.35,49.24,161.82,0.4927,-1,-1,-1
427,63,1160.00,409.51,170.73,522.08,0.4893,-1,-1,-1
428,11,1058.10,405.60,169.63,622.51,0.6651,-1,-1,-1
428,21,1057.20,408.85,160.63,613.59,0.6651,-1,-1,-1
428,25,972.56,440.33,120.81,486.62,0.5751,-1,-1,-1
428,45,723.82,417.58,114.61,309.90,0.7234,-1,-1,-1
428,50,609.28,447.70,133.54,268.26,0.6943,-1,-1,-1
428,54,508.16,437.79,109.33,317.27,0.6649,-1,-1,-1
428,58,346.73,436.52,136.13,317.94,0.7381,-1,-1,-1
428,60,841.18,441.14,50.10,157.77,0.5171,-1,-1,-1
428,63,1149.26,411.71,179.58,598.93,0.4302,-1,-1,-1
428,67,1692.11,330.63,227.46,619.68,0.6095,-1,-1,-1
429,11,1059.74,402.88,164.58,619.39,0.6599,-1,-1,-1
429,21,1059.48,404.08,161.68,616.19,0.6599,-1,-1,-1
429,25,973.97,452.19,119.13,478.19,0.5119,-1,-1,-1
429,45,727.34,430.97,116.28,296.37,0.7136,-1,-1,-1
429,50,618.14,442.58,123.35,271.60,0.7093,-1,-1,-1
429,54,503.04,438.50,123.78,316.39,0.6045,-1,-1,-1
429,58,366.24,438.05,119.41,314.23,0.7167,-1,-1,-1
429,63,1145.72,414.13,182.79,629.52,0.3503,-1,-1,-1
429,67,1650.14,325.82,269.69,615.24,0.4651,-1,-1,-1
430,11,1062.56,403.15,163.28,623.78,0.6894,-1,-1,-1
430,21,1059.83,404.96,135.34,612.83,0.4397,-1,-1,-1
430,25,975.06,446.03,119.20,482.45,0.5744,-1,-1,-1
430,45,729.49,431.73,119.79,295.42,0.6789,-1,-1,-1
430,50,633.51,441.90,109.15,271.13,0.6002,-1,-1,-1
430,54,510.73,438.10,136.04,317.29,0.5809,-1,-1,-1
430,58,377.42,437.86,109.83,310.22,0.7391,-1,-1,-1
430,63,1147.39,416.10,182.68,640.37,0.3089,-1,-1,-1
430,67,1597.89,320.74,321.86,620.69,0.4808,-1,-1,-1
430,60,839.41,438.90,46.37,155.54,0.3815,-1,-1,-1
431,11,1065.82,404.31,162.13,629.76,0.6785,-1,-1,-1
431,21,1061.42,407.34,122.93,610.94,0.4315,-1,-1,-1
431,25,976.13,440.16,120.32,486.93,0.5674,-1,-1,-1
431,45,728.36,430.31,122.96,297.22,0.6862,-1,-1,-1
431,50,642.05,441.89,99.94,266.33,0.5390,-1,-1,-1
431,54,531.59,441.16,132.29,313.76,0.6325,-1,-1,-1
431,58,384.76,438.05,106.35,306.97,0.7315,-1,-1,-1
431,63,1144.45,417.08,181.63,651.95,0.3020,-1,-1,-1
431,67,1548.60,308.14,371.09,690.22,0.7127,-1,-1,-1
431,60,839.40,440.14,43.53,154.02,0.5894,-1,-1,-1
432,11,1069.26,407.11,167.93,630.42,0.7298,-1,-1,-1
432,21,1068.17,408.21,156.79,623.52,0.7298,-1,-1,-1
432,25,976.89,443.57,120.85,484.80,0.5618,-1,-1,-1
432,45,728.47,424.70,124.27,301.76,0.6500,-1,-1,-1
432,50,655.65,446.59,84.39,257.63,0.4656,-1,-1,-1
432,54,543.20,441.37,135.12,313.86,0.6603,-1,-1,-1
432,58,388.89,439.65,107.01,307.99,0.7039,-1,-1,-1
432,63,1167.06,413.16,157.96,483.72,0.5699,-1,-1,-1
432,67,1501.08,301.81,418.12,715.51,0.8262,-1,-1,-1
432,60,836.73,442.02,45.04,151.46,0.6309,-1,-1,-1
432,68,1261.17,420.97,94.19,256.39,0.4260,-1,-1,-1
433,11,1073.74,409.02,165.91,616.79,0.7190,-1,-1,-1
433,21,1073.33,409.38,162.37,614.48,0.7190,-1,-1,-1
433,25,978.83,429.73,125.78,498.56,0.5648,-1,-1,-1
433,45,732.62,427.20,121.92,298.02,0.6890,-1,-1,-1
433,50,665.54,446.48,82.35,256.90,0.4254,-1,-1,-1
433,54,544.49,442.58,143.05,313.87,0.6804,-1,-1,-1
433,58,395.76,440.91,108.00,306.25,0.6749,-1,-1,-1
433,63,1180.19,413.43,151.56,410.81,0.6475,-1,-1,-1
433,67,1452.76,302.81,466.98,720.12,0.7812,-1,-1,-1
433,60,834.73,439.47,46.65,154.70,0.6025,-1,-1,-1
433,68,1266.07,417.99,93.58,258.74,0.3078,-1,-1,-1
434,11,1076.24,403.68,158.51,558.12,0.4757,-1,-1,-1
434,21,1076.24,403.79,158.29,557.70,0.4757,-1,-1,-1
434,25,981.44,424.49,132.83,512.77,0.6454,-1,-1,-1
434,45,737.79,420.04,118.04,305.58,0.6974,-1,-1,-1
434,50,669.64,448.74,84.65,254.11,0.4118,-1,-1,-1
434,54,547.90,445.19,142.62,311.31,0.7808,-1,-1,-1
434,58,403.19,440.87,107.20,305.92,0.6781,-1,-1,-1
434,63,1188.91,408.23,131.77,341.39,0.4598,-1,-1,-1
434,67,1406.70,302.44,497.51,717.42,0.7402,-1,-1,-1
434,68,1270.91,418.42,93.92,289.95,0.3890,-1,-1,-1
435,11,1081.94,404.82,160.64,439.75,0.6218,-1,-1,-1
435,21,1081.99,404.81,161.31,440.13,0.6218,-1,-1,-1
435,25,983.86,419.49,136.29,495.78,0.7034,-1,-1,-1
435,45,743.45,422.39,112.42,302.00,0.6921,-1,-1,-1
435,50,683.74,437.76,78.34,265.98,0.5281,-1,-1,-1
435,54,548.72,444.99,145.33,311.41,0.7973,-1,-1,-1
435,58,413.37,437.91,106.00,309.78,0.7632,-1,-1,-1
435,63,1193.58,405.36,126.71,306.33,0.6141,-1,-1,-1
435,67,1364.93,305.86,482.68,708.52,0.4196,-1,-1,-1
435,68,1276.96,418.73,93.46,299.75,0.5583,-1,-1,-1
436,11,1087.27,410.23,162.75,415.50,0.6527,-1,-1,-1
436,21,1087.36,410.18,163.71,415.84,0.6527,-1,-1,-1
436,25,994.13,419.10,133.64,421.36,0.6308,-1,-1,-1
436,45,751.10,424.45,105.56,297.23,0.6587,-1,-1,-1
436,50,696.07,437.12,75.94,270.59,0.4706,-1,-1,-1
436,54,547.40,442.32,148.50,314.06,0.7819,-1,-1,-1
436,58,416.96,437.27,109.46,310.87,0.7577,-1,-1,-1
436,63,1191.48,408.79,132.95,365.80,0.5846,-1,-1,-1
436,67,1312.52,309.83,471.67,704.73,0.8391,-1,-1,-1
437,11,1093.85,404.35,158.80,427.90,0.6934,-1,-1,-1
437,21,1093.92,404.31,159.87,428.14,0.6934,-1,-1,-1
437,25,997.97,420.00,135.19,403.44,0.6794,-1,-1,-1
437,45,757.25,416.92,99.95,302.76,0.5656,-1,-1,-1
437,50,701.89,439.89,65.14,269.78,0.3616,-1,-1,-1
437,54,548.19,440.64,148.96,316.67,0.7817,-1,-1,-1
437,58,418.03,438.61,115.75,311.83,0.7785,-1,-1,-1
437,63,1198.99,405.97,132.23,324.33,0.5317,-1,-1,-1
437,67,1225.83,317.37,489.29,702.91,0.8074,-1,-1,-1
438,11,1099.11,396.66,157.39,444.97,0.8134,-1,-1,-1
438,21,1099.17,396.63,158.37,445.17,0.8134,-1,-1,-1
438,25,1001.04,422.38,135.53,405.54,0.6851,-1,-1,-1
438,45,768.29,415.09,90.90,303.82,0.5399,-1,-1,-1
438,50,702.18,438.93,69.45,270.63,0.4134,-1,-1,-1
438,54,549.14,441.77,149.49,312.57,0.7833,-1,-1,-1
438,58,421.15,434.45,119.32,316.09,0.8063,-1,-1,-1
438,67,1193.59,326.25,449.16,700.99,0.7261,-1,-1,-1
438,69,707.92,429.93,83.99,280.32,0.5464,-1,-1,-1
439,11,1101.83,419.77,154.07,429.85,0.5200,-1,-1,-1
439,21,1101.91,419.72,154.97,430.05,0.5200,-1,-1,-1
439,25,1000.23,421.78,139.76,419.75,0.7031,-1,-1,-1
439,45,772.31,430.08,89.01,287.85,0.5399,-1,-1,-1
439,50,701.30,442.09,70.15,268.79,0.3962,-1,-1,-1
439,54,551.27,439.90,148.50,314.18,0.7897,-1,-1,-1
439,58,424.27,438.36,123.78,309.58,0.7597,-1,-1,-1
439,67,1155.00,333.29,417.54,701.52,0.7738,-1,-1,-1
439,69,708.35,436.19,87.49,275.35,0.4631,-1,-1,-1
440,25,999.35,423.40,146.06,435.19,0.7794,-1,-1,-1
440,45,773.86,439.11,88.15,277.71,0.5876,-1,-1,-1
440,50,708.61,440.22,80.20,270.83,0.5185,-1,-1,-1
440,54,552.20,440.81,148.11,313.47,0.7787,-1,-1,-1
440,58,428.72,438.37,124.37,306.35,0.7012,-1,-1,-1
440,67,1103.60,349.07,398.95,685.84,0.7385,-1,-1,-1
440,69,709.18,439.27,86.74,272.06,0.5185,-1,-1,-1
440,70,1832.89,466.14,65.07,179.85,0.4016,-1,-1,-1
441,25,999.81,431.67,140.03,407.94,0.4463,-1,-1,-1
441,45,776.63,436.18,86.42,276.61,0.5722,-1,-1,-1
441,50,711.78,445.79,93.35,265.66,0.5608,-1,-1,-1
441,54,552.94,441.07,147.06,312.75,0.7495,-1,-1,-1
441,58,436.07,438.81,118.45,302.83,0.6945,-1,-1,-1
441,67,1050.45,357.41,380.24,675.32,0.7502,-1,-1,-1
441,69,710.15,447.23,97.47,264.39,0.5608,-1,-1,-1
441,70,1833.43,466.32,68.91,181.96,0.3999,-1,-1,-1
441,68,1313.99,428.32,136.47,323.98,0.7004,-1,-1,-1
442,45,778.48,430.85,87.62,279.37,0.5486,-1,-1,-1
442,50,712.97,448.05,108.96,264.01,0.5509,-1,-1,-1
442,54,560.22,439.78,140.34,310.59,0.7671,-1,-1,-1
442,58,442.95,437.49,110.79,307.61,0.6985,-1,-1,-1
442,67,1004.01,364.56,363.47,660.64,0.7934,-1,-1,-1
442,69,710.49,449.73,112.36,262.47,0.5509,-1,-1,-1
442,70,1834.15,465.94,67.39,182.38,0.3562,-1,-1,-1
442,68,1310.39,432.31,149.26,325.15,0.7323,-1,-1,-1
443,45,783.98,428.46,82.56,281.95,0.6363,-1,-1,-1
443,50,712.64,444.52,114.54,267.04,0.5487,-1,-1,-1
443,54,566.91,438.41,134.56,310.99,0.7965,-1,-1,-1
443,58,450.17,439.98,106.12,303.07,0.7198,-1,-1,-1
443,67,959.97,364.53,351.71,654.41,0.8090,-1,-1,-1
443,69,709.85,445.66,117.19,265.93,0.5487,-1,-1,-1
443,68,1313.13,433.29,150.89,326.70,0.6962,-1,-1,-1
443,63,1230.23,426.56,122.13,401.64,0.6263,-1,-1,-1
444,45,787.17,430.77,84.39,279.72,0.5137,-1,-1,-1
444,50,712.05,443.58,127.42,267.52,0.5969,-1,-1,-1
444,54,578.54,437.17,123.11,308.58,0.7457,-1,-1,-1
444,58,461.08,436.50,99.68,304.27,0.7627,-1,-1,-1
444,67,917.24,363.45,338.83,651.51,0.8144,-1,-1,-1
444,69,709.37,444.53,129.81,266.57,0.5969,-1,-1,-1
444,68,1315.66,434.05,148.71,329.43,0.6649,-1,-1,-1
444,63,1235.41,429.39,120.99,413.26,0.5230,-1,-1,-1
445,45,785.58,436.41,89.79,275.88,0.5027,-1,-1,-1
445,50,712.26,445.54,107.71,263.50,0.4187,-1,-1,-1
445,54,587.24,437.78,114.59,306.82,0.7545,-1,-1,-1
445,58,468.76,434.57,99.70,301.10,0.7620,-1,-1,-1
445,67,875.89,354.27,339.01,657.42,0.7808,-1,-1,-1
445,69,709.67,446.44,109.33,262.53,0.4187,-1,-1,-1
445,68,1324.58,434.27,139.82,328.82,0.7329,-1,-1,-1
445,63,1237.77,429.59,127.11,387.94,0.4094,-1,-1,-1
445,11,1140.11,409.36,206.06,503.59,0.5939,-1,-1,-1
446,45,790.54,429.86,88.26,281.72,0.5665,-1,-1,-1
446,50,713.24,450.68,109.70,258.26,0.4560,-1,-1,-1
446,54,603.29,438.77,99.37,303.71,0.6878,-1,-1,-1
446,58,471.28,434.68,103.72,294.61,0.7215,-1,-1,-1
446,67,842.36,345.82,329.79,654.93,0.7818,-1,-1,-1
446,69,711.20,451.58,110.79,257.30,0.4560,-1,-1,-1
446,68,1333.43,433.70,130.13,329.29,0.7050,-1,-1,-1
446,63,1241.10,428.92,126.97,403.84,0.4972,-1,-1,-1
446,11,1138.71,420.94,202.36,593.15,0.7608,-1,-1,-1
446,70,1832.31,469.53,70.59,178.73,0.3498,-1,-1,-1
447,50,716.57,451.44,106.68,256.33,0.3903,-1,-1,-1
447,54,610.67,433.71,95.87,308.16,0.6748,-1,-1,-1
447,58,474.63,431.22,105.80,295.55,0.6842,-1,-1,-1
447,67,801.03,336.58,333.30,654.16,0.7791,-1,-1,-1
447,69,714.72,452.19,107.49,255.51,0.3903,-1,-1,-1
447,68,1340.68,432.51,123.43,329.81,0.6710,-1,-1,-1
447,63,1238.76,423.76,127.57,417.14,0.3010,-1,-1,-1
447,11,1136.97,416.15,197.94,636.66,0.7876,-1,-1,-1
447,25,1064.57,420.50,117.01,358.32,0.4470,-1,-1,-1
448,50,724.05,445.67,122.83,262.96,0.4134,-1,-1,-1
448,54,606.70,434.52,104.18,308.77,0.6110,-1,-1,-1
448,58,482.86,434.09,103.06,285.18,0.5837,-1,-1,-1
448,67,766.06,333.31,334.32,646.25,0.7764,-1,-1,-1
448,69,722.52,446.19,123.70,262.40,0.4134,-1,-1,-1
448,68,1346.41,424.88,120.17,338.99,0.7803,-1,-1,-1
448,63,1243.35,422.39,126.45,379.10,0.3707,-1,-1,-1
448,11,1139.18,418.84,198.22,650.28,0.7741,-1,-1,-1
448,25,1058.56,420.71,129.74,472.24,0.5333,-1,-1,-1
449,54,625.81,434.77,93.75,308.06,0.5933,-1,-1,-1
449,58,485.15,436.84,105.62,282.94,0.7027,-1,-1,-1
449,67,729.86,332.24,333.86,646.30,0.7325,-1,-1,-1
449,68,1350.53,422.74,116.75,340.64,0.7499,-1,-1,-1
449,63,1245.62,419.40,123.57,343.69,0.5114,-1,-1,-1
449,11,1142.61,423.88,192.90,649.33,0.7308,-1,-1,-1
449,25,1042.12,420.05,147.42,514.24,0.8014,-1,-1,-1
449,70,1831.15,469.80,73.04,179.34,0.3385,-1,-1,-1
450,54,635.34,434.79,87.53,303.48,0.6590,-1,-1,-1
450,58,486.57,435.81,106.66,285.25,0.6994,-1,-1,-1
450,67,695.70,335.51,331.14,635.40,0.7554,-1,-1,-1
450,68,1353.21,421.75,118.99,340.88,0.7539,-1,-1,-1
450,11,1143.88,420.73,210.80,651.33,0.8143,-1,-1,-1
450,25,1037.69,415.44,155.69,540.48,0.7720,-1,-1,-1
450,70,1831.77,468.69,74.74,180.32,0.3340,-1,-1,-1
451,54,644.80,437.97,81.02,300.49,0.6660,-1,-1,-1
451,58,489.53,434.33,118.57,289.29,0.6379,-1,-1,-1
451,67,660.43,339.53,333.44,638.56,0.7167,-1,-1,-1
451,68,1353.65,419.13,124.57,345.45,0.7263,-1,-1,-1
451,11,1136.58,418.76,248.63,654.79,0.8218,-1,-1,-1
451,25,1037.40,412.49,158.88,551.99,0.7848,-1,-1,-1
452,58,490.02,433.76,127.32,290.06,0.7212,-1,-1,-1
452,67,634.16,347.03,323.95,635.76,0.7140,-1,-1,-1
452,68,1359.03,418.25,127.15,347.06,0.7839,-1,-1,-1
452,11,1107.02,416.39,293.93,657.34,0.7161,-1,-1,-1
452,25,1040.39,413.29,160.06,553.59,0.7996,-1,-1,-1
453,58,495.96,436.28,125.57,286.71,0.7166,-1,-1,-1
453,67,586.66,358.25,347.10,668.51,0.5391,-1,-1,-1
453,68,1365.85,418.18,125.32,346.74,0.8186,-1,-1,-1
453,11,1135.71,415.92,294.62,652.81,0.8064,-1,-1,-1
453,25,1046.39,413.98,153.80,551.12,0.7940,-1,-1,-1
454,58,504.37,437.64,111.69,284.66,0.7768,-1,-1,-1
454,67,541.85,368.41,362.48,657.82,0.6761,-1,-1,-1
454,68,1370.18,418.09,126.43,349.39,0.8185,-1,-1,-1
454,11,1144.63,410.47,303.45,662.84,0.7958,-1,-1,-1
454,25,1048.54,415.00,155.77,546.65,0.7732,-1,-1,-1
454,45,820.64,423.52,69.80,270.88,0.4524,-1,-1,-1
455,58,513.87,449.31,94.41,268.53,0.6617,-1,-1,-1
455,67,499.07,384.51,370.12,631.76,0.6355,-1,-1,-1
455,68,1373.12,418.74,129.00,349.64,0.8235,-1,-1,-1
455,11,1149.00,417.17,304.40,661.37,0.7103,-1,-1,-1
455,25,1052.19,417.32,168.08,547.22,0.7694,-1,-1,-1
455,77,243.80,517.25,90.98,123.18,0.5262,-1,-1,-1
455,45,820.93,421.24,74.81,283.03,0.6186,-1,-1,-1
456,67,460.34,391.90,376.51,646.87,0.7102,-1,-1,-1
456,68,1376.68,419.82,131.41,353.28,0.8206,-1,-1,-1
456,11,1151.03,421.92,309.91,659.10,0.7526,-1,-1,-1
456,25,1056.18,419.55,169.77,545.58,0.7770,-1,-1,-1
456,45,814.84,420.25,86.04,287.79,0.5994,-1,-1,-1
457,67,411.74,395.69,382.66,645.77,0.6782,-1,-1,-1
457,68,1379.38,420.60,135.05,357.28,0.8461,-1,-1,-1
457,11,1152.49,414.97,298.25,665.11,0.8215,-1,-1,-1
457,25,1061.15,420.37,167.23,545.55,0.8057,-1,-1,-1
457,45,809.35,414.01,95.31,294.86,0.6822,-1,-1,-1
457,79,415.71,470.97,42.48,100.94,0.3422,-1,-1,-1
457,54,687.65,440.73,69.86,218.44,0.3443,-1,-1,-1
457,77,230.12,514.33,93.62,115.59,0.3940,-1,-1,-1
458,67,375.14,394.23,390.95,666.49,0.7577,-1,-1,-1
458,68,1386.31,421.78,134.81,359.30,0.8286,-1,-1,-1
458,11,1153.33,414.95,303.24,664.26,0.8403,-1,-1,-1
458,25,1068.22,419.37,161.54,543.17,0.8052,-1,-1,-1
458,45,809.02,415.45,97.70,292.88,0.6733,-1,-1,-1
458,54,688.79,441.47,81.65,271.89,0.4967,-1,-1,-1
458,77,220.65,517.66,94.12,117.28,0.4046,-1,-1,-1
459,67,339.84,390.41,395.55,680.31,0.8429,-1,-1,-1
459,68,1391.62,423.57,144.38,361.39,0.8361,-1,-1,-1
459,11,1154.84,414.82,314.03,664.23,0.8347,-1,-1,-1
459,25,1075.52,418.55,157.60,546.49,0.7695,-1,-1,-1
459,45,816.65,419.15,88.31,285.92,0.5964,-1,-1,-1
459,54,688.14,442.79,103.06,284.23,0.4897,-1,-1,-1
459,77,210.09,520.65,96.11,123.23,0.3796,-1,-1,-1
460,67,302.41,388.39,405.32,678.21,0.6813,-1,-1,-1
460,68,1397.49,424.07,156.64,363.45,0.8448,-1,-1,-1
460,11,1158.28,412.74,311.52,664.43,0.8424,-1,-1,-1
460,25,1085.49,418.62,152.55,548.37,0.7160,-1,-1,-1
460,45,820.83,422.11,88.27,280.12,0.5387,-1,-1,-1
460,54,677.97,441.45,122.29,291.89,0.6883,-1,-1,-1
460,77,202.18,521.60,95.67,117.38,0.4020,-1,-1,-1
461,67,274.09,375.11,404.57,698.75,0.8020,-1,-1,-1
461,68,1401.24,425.56,163.73,364.99,0.8553,-1,-1,-1
461,11,1160.27,411.11,310.20,667.70,0.8619,-1,-1,-1
461,25,1097.33,421.51,151.17,553.52,0.7144,-1,-1,-1
461,45,818.43,416.69,96.94,284.70,0.5822,-1,-1,-1
461,54,662.50,440.11,141.84,297.14,0.7445,-1,-1,-1
462,67,249.36,369.94,396.52,705.03,0.7669,-1,-1,-1
462,68,1403.57,426.33,167.11,366.40,0.8152,-1,-1,-1
462,11,1158.57,405.78,313.25,672.36,0.8665,-1,-1,-1
462,25,1098.86,420.12,157.22,556.59,0.7319,-1,-1,-1
462,45,813.15,413.26,102.78,289.24,0.6093,-1,-1,-1
462,54,665.20,439.89,138.04,298.41,0.6930,-1,-1,-1
462,58,563.97,434.82,88.34,276.00,0.5542,-1,-1,-1
463,67,243.46,363.38,382.06,711.20,0.7795,-1,-1,-1
463,68,1405.39,430.40,171.09,367.21,0.8299,-1,-1,-1
463,11,1160.96,403.43,310.41,674.77,0.8028,-1,-1,-1
463,25,1102.46,417.15,157.20,558.34,0.7728,-1,-1,-1
463,45,810.11,411.54,109.56,290.88,0.5966,-1,-1,-1
463,54,672.04,439.24,126.12,297.78,0.6768,-1,-1,-1
463,58,567.04,432.71,91.78,276.92,0.7023,-1,-1,-1
463,60,774.38,446.67,46.97,141.08,0.4060,-1,-1,-1
464,67,220.87,358.80,385.04,714.68,0.8127,-1,-1,-1
464,68,1413.21,427.73,166.00,372.85,0.8498,-1,-1,-1
464,11,1167.02,401.96,303.28,675.24,0.7970,-1,-1,-1
464,25,1104.77,413.41,162.06,564.50,0.7788,-1,-1,-1
464,45,809.19,411.76,114.77,291.94,0.6319,-1,-1,-1
464,54,680.65,438.68,117.19,294.52,0.6808,-1,-1,-1
464,58,572.20,432.06,91.62,275.63,0.6955,-1,-1,-1
464,60,772.89,446.06,46.92,140.33,0.5096,-1,-1,-1
465,67,195.59,360.44,393.36,710.31,0.7816,-1,-1,-1
465,68,1421.58,424.85,158.43,378.40,0.8425,-1,-1,-1
465,11,1183.21,402.03,286.27,677.05,0.8342,-1,-1,-1
465,25,1108.12,416.17,159.53,561.79,0.7699,-1,-1,-1
465,45,817.01,412.33,108.47,291.72,0.6263,-1,-1,-1
465,54,685.65,438.95,113.89,293.52,0.6241,-1,-1,-1
465,58,568.01,430.83,99.79,276.62,0.6809,-1,-1,-1
466,67,157.83,365.16,399.45,707.32,0.7489,-1,-1,-1
466,68,1432.81,421.87,147.09,382.97,0.8450,-1,-1,-1
466,11,1195.74,402.63,274.47,676.12,0.8168,-1,-1,-1
466,25,1107.69,420.23,165.24,555.57,0.7764,-1,-1,-1
466,45,822.45,409.71,106.39,295.41,0.6718,-1,-1,-1
466,54,704.16,438.59,108.29,292.97,0.6405,-1,-1,-1
466,58,564.57,430.16,106.13,278.06,0.6879,-1,-1,-1
466,80,512.16,448.58,75.09,193.34,0.3988,-1,-1,-1
467,67,129.55,369.24,402.34,703.77,0.8542,-1,-1,-1
467,68,1447.83,421.10,135.48,385.47,0.8018,-1,-1,-1
467,11,1216.28,404.52,259.59,667.72,0.7362,-1,-1,-1
467,25,1108.71,425.99,171.49,550.11,0.7268,-1,-1,-1
467,45,827.45,407.98,100.53,297.70,0.6768,-1,-1,-1
467,54,718.53,440.04,97.88,292.26,0.6692,-1,-1,-1
467,58,568.52,428.67,103.53,279.85,0.6872,-1,-1,-1
467,80,501.98,456.15,78.96,183.26,0.3581,-1,-1,-1
468,67,113.39,372.01,391.04,702.31,0.8187,-1,-1,-1
468,68,1459.68,416.31,131.53,389.07,0.8166,-1,-1,-1
468,11,1239.01,405.56,244.07,655.05,0.6435,-1,-1,-1
468,25,1112.58,423.89,176.33,561.93,0.7789,-1,-1,-1
468,45,830.56,406.98,97.23,298.38,0.6697,-1,-1,-1
468,54,713.53,439.52,101.37,293.16,0.6049,-1,-1,-1
468,58,572.38,432.42,99.11,272.83,0.7035,-1,-1,-1
469,67,78.71,379.68,388.34,689.90,0.7296,-1,-1,-1
469,68,1471.52,414.28,123.27,391.15,0.7872,-1,-1,-1
469,11,1253.47,403.38,242.73,665.74,0.7934,-1,-1,-1
469,25,1116.52,422.64,173.72,574.09,0.7743,-1,-1,-1
469,45,833.62,407.07,93.58,298.71,0.6870,-1,-1,-1
469,54,711.60,437.57,106.05,295.10,0.6250,-1,-1,-1
469,58,575.92,435.66,97.30,268.94,0.7115,-1,-1,-1
469,80,492.34,457.81,81.94,192.62,0.3635,-1,-1,-1
470,67,49.03,388.98,392.62,679.48,0.7838,-1,-1,-1
470,68,1481.44,412.31,119.69,391.50,0.8234,-1,-1,-1
470,11,1270.78,405.90,236.22,667.58,0.6423,-1,-1,-1
470,25,1123.15,422.15,178.15,583.57,0.7598,-1,-1,-1
470,45,833.32,407.96,92.99,299.12,0.7190,-1,-1,-1
470,54,712.92,437.38,118.57,293.33,0.6064,-1,-1,-1
470,58,579.70,438.81,95.00,267.52,0.7093,-1,-1,-1
470,80,488.55,470.26,75.61,177.18,0.3059,-1,-1,-1
471,67,18.94,395.52,408.83,673.58,0.8302,-1,-1,-1
471,68,1489.80,410.42,116.65,393.01,0.8152,-1,-1,-1
471,11,1289.62,401.67,213.37,673.32,0.5582,-1,-1,-1
471,25,1129.91,421.90,173.23,587.99,0.7716,-1,-1,-1
471,45,837.09,412.90,90.53,293.07,0.7530,-1,-1,-1
471,54,730.39,433.11,116.90,298.98,0.5846,-1,-1,-1
471,58,581.83,446.04,94.69,262.62,0.6993,-1,-1,-1
472,67,-2.66,401.32,398.75,665.09,0.7824,-1,-1,-1
472,68,1494.90,409.57,117.82,395.55,0.8316,-1,-1,-1
472,11,1290.34,399.21,207.83,674.59,0.6538,-1,-1,-1
472,25,1133.75,418.60,178.75,593.37,0.8034,-1,-1,-1
472,45,838.16,412.84,89.53,292.44,0.7328,-1,-1,-1
472,54,738.54,432.43,119.15,299.56,0.6446,-1,-1,-1
472,58,584.35,446.13,96.10,262.31,0.7330,-1,-1,-1
472,83,408.57,486.68,62.36,138.06,0.3855,-1,-1,-1
472,80,484.17,472.18,64.50,169.09,0.3564,-1,-1,-1
473,67,-11.34,402.91,394.29,663.67,0.6331,-1,-1,-1
473,68,1500.48,410.36,118.55,393.03,0.8031,-1,-1,-1
473,11,1310.49,399.22,201.73,669.82,0.6615,-1,-1,-1
473,25,1138.45,421.64,171.49,590.47,0.7926,-1,-1,-1
473,45,840.08,416.02,89.68,289.39,0.6985,-1,-1,-1
473,54,742.12,435.00,119.06,296.08,0.6691,-1,-1,-1
473,58,587.10,441.91,97.52,266.47,0.7316,-1,-1,-1
473,83,409.42,488.12,54.32,127.13,0.3497,-1,-1,-1
473,80,470.65,474.02,72.26,174.93,0.3428,-1,-1,-1
474,67,-13.57,401.13,364.76,670.00,0.5951,-1,-1,-1
474,68,1503.99,411.11,123.70,391.80,0.7797,-1,-1,-1
474,11,1323.94,399.70,202.00,666.56,0.7212,-1,-1,-1
474,25,1143.79,422.03,166.76,589.94,0.8007,-1,-1,-1
474,45,839.32,414.48,86.34,290.25,0.6222,-1,-1,-1
474,54,741.97,437.79,119.65,292.30,0.6527,-1,-1,-1
474,58,589.81,440.20,98.32,267.85,0.7393,-1,-1,-1
474,80,453.22,474.97,88.81,181.94,0.4079,-1,-1,-1
475,67,-12.31,398.86,346.39,674.04,0.7482,-1,-1,-1
475,68,1508.79,410.47,130.44,392.86,0.7777,-1,-1,-1
475,11,1326.33,401.00,205.69,666.13,0.7507,-1,-1,-1
475,25,1147.53,422.08,167.15,589.99,0.8164,-1,-1,-1
475,45,845.75,415.54,90.82,287.90,0.5109,-1,-1,-1
475,54,743.65,436.77,118.53,293.76,0.6513,-1,-1,-1
475,58,592.71,441.82,98.69,265.71,0.7416,-1,-1,-1
475,80,453.43,475.50,86.08,186.70,0.3744,-1,-1,-1
475,50,843.66,426.72,74.72,277.20,0.3544,-1,-1,-1
476,67,-10.24,394.49,324.96,674.55,0.3968,-1,-1,-1
476,68,1513.68,411.55,145.54,392.97,0.7602,-1,-1,-1
476,11,1328.76,397.82,212.95,673.19,0.6737,-1,-1,-1
476,25,1149.78,421.52,167.29,590.32,0.8137,-1,-1,-1
476,45,846.89,416.55,83.50,287.57,0.5587,-1,-1,-1
476,54,744.03,436.65,118.19,294.30,0.7015,-1,-1,-1
476,58,595.57,444.41,100.85,261.77,0.7923,-1,-1,-1
476,80,442.94,478.11,89.27,184.16,0.5479,-1,-1,-1
476,50,846.62,419.75,78.49,284.50,0.5587,-1,-1,-1
477,67,-8.60,390.51,302.61,679.63,0.7838,-1,-1,-1
477,68,1517.08,411.13,165.64,398.62,0.8324,-1,-1,-1
477,11,1335.25,396.86,199.00,665.34,0.3966,-1,-1,-1
477,25,1151.63,421.21,170.70,590.69,0.8250,-1,-1,-1
477,45,847.27,416.84,77.05,285.54,0.5532,-1,-1,-1
477,54,745.53,437.49,116.41,293.67,0.7029,-1,-1,-1
477,58,600.18,444.64,100.35,260.90,0.7704,-1,-1,-1
477,80,432.54,474.98,92.47,188.07,0.4177,-1,-1,-1
477,50,847.73,417.43,75.29,285.02,0.5532,-1,-1,-1
478,67,-6.85,383.06,282.39,685.17,0.4158,-1,-1,-1
478,68,1523.57,408.33,180.49,401.40,0.8257,-1,-1,-1
478,11,1338.36,398.21,202.07,660.26,0.6572,-1,-1,-1
478,25,1157.55,421.03,169.07,590.70,0.8187,-1,-1,-1
478,45,848.77,415.63,75.32,286.21,0.4892,-1,-1,-1
478,54,747.45,437.48,113.54,294.85,0.6313,-1,-1,-1
478,58,611.05,445.41,94.01,258.62,0.6860,-1,-1,-1
478,80,422.53,474.76,97.32,190.34,0.4567,-1,-1,-1
478,50,852.21,423.75,124.48,273.90,0.3464,-1,-1,-1
478,87,1307.58,418.24,86.74,511.23,0.4051,-1,-1,-1
479,67,-4.96,382.14,261.70,686.93,0.7246,-1,-1,-1
479,68,1530.00,409.43,193.70,404.31,0.8492,-1,-1,-1
479,11,1345.09,398.21,212.14,669.07,0.7606,-1,-1,-1
479,25,1162.44,420.14,168.40,591.00,0.8015,-1,-1,-1
479,45,851.34,414.18,70.32,286.01,0.5193,-1,-1,-1
479,54,755.63,438.50,106.75,293.91,0.6149,-1,-1,-1
479,58,609.63,444.45,101.03,258.72,0.6575,-1,-1,-1
479,50,879.88,431.56,118.08,260.12,0.4879,-1,-1,-1
479,87,1316.03,413.41,94.36,529.10,0.4337,-1,-1,-1
480,67,-3.73,389.89,241.41,679.43,0.3581,-1,-1,-1
480,68,1536.57,412.82,199.56,408.37,0.8576,-1,-1,-1
480,11,1348.19,401.76,226.48,670.18,0.8130,-1,-1,-1
480,25,1168.18,420.48,166.01,590.03,0.8058,-1,-1,-1
480,45,852.11,412.94,69.57,286.87,0.5701,-1,-1,-1
480,54,763.64,437.42,100.42,292.31,0.6541,-1,-1,-1
480,58,618.65,439.25,92.89,262.03,0.6056,-1,-1,-1
480,50,894.69,435.91,113.99,250.65,0.5523,-1,-1,-1
480,87,1323.79,411.24,93.82,542.18,0.4464,-1,-1,-1
481,67,-3.00,406.64,221.71,664.82,0.7644,-1,-1,-1
481,68,1542.20,417.75,203.80,407.09,0.8476,-1,-1,-1
481,11,1349.41,399.28,243.89,676.90,0.8316,-1,-1,-1
481,25,1173.06,419.48,165.07,590.50,0.8081,-1,-1,-1
481,45,853.30,413.20,67.68,286.16,0.5480,-1,-1,-1
481,54,773.12,439.44,96.24,286.27,0.6126,-1,-1,-1
481,58,625.98,436.13,92.55,263.57,0.6025,-1,-1,-1
481,50,902.20,439.30,109.95,244.54,0.6320,-1,-1,-1
481,87,1328.60,407.64,90.97,554.91,0.3926,-1,-1,-1
481,80,406.94,478.53,85.96,186.43,0.5193,-1,-1,-1
482,67,-2.48,453.11,202.47,618.89,0.7683,-1,-1,-1
482,68,1547.83,418.60,205.98,409.52,0.8333,-1,-1,-1
482,11,1354.46,396.94,254.37,680.45,0.8511,-1,-1,-1
482,25,1177.28,419.13,164.04,592.99,0.7925,-1,-1,-1
482,45,854.46,413.36,66.59,284.21,0.5302,-1,-1,-1
482,54,780.91,438.75,92.21,284.16,0.5799,-1,-1,-1
482,58,632.02,434.73,88.91,265.43,0.5771,-1,-1,-1
482,50,906.72,442.79,107.13,239.86,0.6764,-1,-1,-1
482,87,1330.70,406.42,97.17,551.16,0.3443,-1,-1,-1
482,80,404.66,477.72,83.38,191.62,0.4562,-1,-1,-1
483,67,-1.99,500.97,184.37,570.11,0.7445,-1,-1,-1
483,68,1555.20,418.47,199.51,413.02,0.8255,-1,-1,-1
483,11,1358.77,394.82,263.13,681.96,0.8280,-1,-1,-1
483,25,1183.40,418.60,162.07,593.36,0.7927,-1,-1,-1
483,45,855.70,415.27,66.89,283.92,0.5265,-1,-1,-1
483,54,792.74,437.11,82.31,287.93,0.6331,-1,-1,-1
483,58,631.13,433.75,94.95,264.33,0.6164,-1,-1,-1
483,50,910.36,445.31,102.55,237.06,0.6632,-1,-1,-1
483,87,1332.32,401.36,102.97,558.96,0.4044,-1,-1,-1
483,80,399.29,476.67,87.74,193.03,0.4750,-1,-1,-1
484,67,-1.30,544.38,163.27,454.75,0.3884,-1,-1,-1
484,68,1563.12,416.42,193.60,418.85,0.8215,-1,-1,-1
484,11,1360.58,394.03,272.22,683.70,0.8716,-1,-1,-1
484,25,1188.88,417.69,161.46,594.87,0.7879,-1,-1,-1
484,45,859.16,428.45,65.22,270.96,0.5164,-1,-1,-1
484,54,797.70,437.86,78.03,289.77,0.6599,-1,-1,-1
484,58,633.12,435.10,100.19,261.94,0.6555,-1,-1,-1
484,50,913.33,445.80,98.81,237.38,0.6515,-1,-1,-1
484,87,1336.02,405.78,101.45,557.31,0.4303,-1,-1,-1
484,80,384.80,476.02,100.56,195.00,0.4637,-1,-1,-1
485,67,-1.04,564.62,143.86,488.65,0.4235,-1,-1,-1
485,68,1573.66,411.74,184.84,426.03,0.8339,-1,-1,-1
485,11,1361.22,395.48,278.44,681.62,0.8565,-1,-1,-1
485,25,1193.91,419.63,162.93,593.54,0.7822,-1,-1,-1
485,45,861.72,425.37,61.00,271.10,0.4660,-1,-1,-1
485,54,801.13,438.75,83.11,286.68,0.6580,-1,-1,-1
485,58,632.56,434.88,110.18,261.89,0.6877,-1,-1,-1
485,50,914.46,442.60,97.69,239.53,0.6780,-1,-1,-1
485,87,1338.34,417.94,101.25,543.58,0.5508,-1,-1,-1
485,80,368.47,477.12,109.94,198.19,0.3483,-1,-1,-1
486,67,-0.49,580.19,116.71,427.09,0.5677,-1,-1,-1
486,68,1582.50,412.11,178.39,427.54,0.8356,-1,-1,-1
486,11,1360.78,396.63,283.69,679.81,0.8408,-1,-1,-1
486,25,1198.95,419.93,163.51,592.80,0.7762,-1,-1,-1
486,45,864.68,430.02,59.48,251.47,0.3566,-1,-1,-1
486,54,802.19,438.71,95.07,285.86,0.5762,-1,-1,-1
486,58,633.27,434.55,118.09,262.31,0.7144,-1,-1,-1
486,50,913.72,441.80,97.02,239.56,0.6939,-1,-1,-1
486,87,1339.44,415.64,105.29,549.03,0.6090,-1,-1,-1
486,80,356.81,478.71,107.50,193.40,0.3272,-1,-1,-1
487,67,-0.26,553.79,92.87,434.48,0.4663,-1,-1,-1
487,68,1589.99,415.32,169.94,425.11,0.7892,-1,-1,-1
487,11,1361.83,396.53,283.60,679.54,0.8438,-1,-1,-1
487,25,1201.62,419.22,175.71,593.65,0.7764,-1,-1,-1
487,45,863.97,429.46,61.36,260.34,0.4199,-1,-1,-1
487,54,804.11,437.97,93.40,285.40,0.4917,-1,-1,-1
487,58,633.83,435.34,125.27,261.34,0.6702,-1,-1,-1
487,50,918.08,441.95,93.49,239.86,0.6623,-1,-1,-1
487,87,1345.40,413.35,104.35,533.55,0.5807,-1,-1,-1
487,80,353.65,478.33,105.99,196.97,0.4732,-1,-1,-1
488,67,0.00,628.27,70.50,337.79,0.5588,-1,-1,-1
488,68,1598.43,417.94,164.69,422.13,0.7659,-1,-1,-1
488,11,1361.71,399.63,288.30,676.49,0.8192,-1,-1,-1
488,25,1203.22,419.60,181.49,592.75,0.7843,-1,-1,-1
488,45,856.29,435.77,74.26,279.26,0.3350,-1,-1,-1
488,54,805.58,434.50,115.62,290.20,0.5849,-1,-1,-1
488,58,636.00,435.44,126.52,261.04,0.6726,-1,-1,-1
488,50,921.34,447.74,90.63,233.90,0.5535,-1,-1,-1
488,87,1349.21,416.99,106.44,514.28,0.5103,-1,-1,-1
488,80,348.92,476.03,105.31,201.73,0.4939,-1,-1,-1
489,68,1607.62,414.31,156.86,428.05,0.7451,-1,-1,-1
489,11,1362.35,395.05,290.73,678.26,0.7879,-1,-1,-1
489,25,1205.76,415.10,185.52,595.03,0.8260,-1,-1,-1
489,45,853.99,436.82,81.76,287.32,0.4582,-1,-1,-1
489,54,806.90,432.41,127.72,292.17,0.5714,-1,-1,-1
489,58,640.73,436.05,125.32,260.02,0.6958,-1,-1,-1
489,50,923.94,441.48,89.62,239.69,0.6098,-1,-1,-1
489,87,1351.13,421.54,110.25,484.12,0.5548,-1,-1,-1
489,80,340.42,460.38,101.14,219.65,0.5008,-1,-1,-1
489,94,-0.32,534.51,64.79,130.28,0.5443,-1,-1,-1
490,68,1615.78,412.36,149.63,431.72,0.7320,-1,-1,-1
490,11,1366.84,396.63,274.07,675.74,0.7455,-1,-1,-1
490,25,1205.92,416.70,187.87,594.56,0.8008,-1,-1,-1
490,45,823.06,438.01,116.52,287.55,0.5798,-1,-1,-1
490,54,807.10,435.37,134.41,289.25,0.5798,-1,-1,-1
490,58,643.32,435.44,124.55,261.97,0.7903,-1,-1,-1
490,50,933.39,439.99,81.13,240.10,0.6163,-1,-1,-1
490,87,1355.06,420.28,113.08,477.09,0.6114,-1,-1,-1
490,80,332.18,460.65,97.60,220.27,0.5011,-1,-1,-1
490,94,-0.46,541.90,53.17,112.92,0.3632,-1,-1,-1
491,68,1620.84,409.76,133.57,432.49,0.7350,-1,-1,-1
491,11,1369.20,399.18,260.80,670.68,0.6712,-1,-1,-1
491,25,1206.56,417.42,188.35,594.46,0.8076,-1,-1,-1
491,45,812.79,438.09,129.74,287.92,0.5244,-1,-1,-1
491,54,808.53,436.44,137.04,288.23,0.5244,-1,-1,-1
491,58,647.17,435.08,122.54,263.76,0.7890,-1,-1,-1
491,50,944.84,437.35,72.63,241.09,0.5934,-1,-1,-1
491,87,1361.34,418.85,114.36,473.46,0.5504,-1,-1,-1
491,80,321.47,482.39,101.57,199.75,0.4786,-1,-1,-1
492,68,1631.68,409.79,120.25,436.80,0.7096,-1,-1,-1
492,11,1373.20,394.89,298.48,668.04,0.4264,-1,-1,-1
492,25,1206.49,414.31,194.21,596.07,0.8155,-1,-1,-1
492,45,808.03,443.17,138.67,283.19,0.6688,-1,-1,-1
492,54,808.88,442.04,141.11,282.95,0.6688,-1,-1,-1
492,58,648.58,433.54,123.71,266.85,0.7641,-1,-1,-1
492,50,952.79,437.04,73.21,241.23,0.6237,-1,-1,-1
492,87,1366.35,413.48,164.21,569.65,0.3782,-1,-1,-1
492,80,315.48,482.50,97.80,200.69,0.5228,-1,-1,-1
492,96,723.84,444.44,46.76,132.02,0.3467,-1,-1,-1
492,97,565.68,440.56,32.48,89.80,0.3620,-1,-1,-1
492,63,1367.79,411.29,122.19,470.23,0.5253,-1,-1,-1
492,94,-0.26,559.24,35.07,89.57,0.3579,-1,-1,-1
493,68,1636.71,409.93,120.83,434.89,0.6395,-1,-1,-1
493,11,1411.32,392.09,258.59,665.95,0.3617,-1,-1,-1
493,25,1206.92,416.39,198.15,593.73,0.8292,-1,-1,-1
493,45,807.43,446.00,142.17,279.54,0.6876,-1,-1,-1
493,54,810.29,445.15,142.46,279.13,0.6876,-1,-1,-1
493,58,651.77,439.38,120.97,262.39,0.7730,-1,-1,-1
493,50,957.87,439.25,74.34,239.72,0.7060,-1,-1,-1
493,87,1372.00,397.55,208.27,636.15,0.4741,-1,-1,-1
493,80,306.73,486.69,101.05,194.03,0.4884,-1,-1,-1
493,96,727.78,444.27,42.05,130.11,0.3709,-1,-1,-1
493,97,563.83,439.08,34.91,92.41,0.3300,-1,-1,-1
493,63,1373.05,410.18,121.30,489.30,0.5386,-1,-1,-1
494,68,1637.30,410.08,129.32,410.34,0.6716,-1,-1,-1
494,11,1390.67,389.24,283.99,661.38,0.4988,-1,-1,-1
494,25,1207.04,419.66,205.14,590.45,0.8280,-1,-1,-1
494,45,807.53,446.51,144.67,279.77,0.7109,-1,-1,-1
494,54,810.97,445.81,144.13,279.35,0.7109,-1,-1,-1
494,58,654.49,441.51,119.72,260.55,0.7826,-1,-1,-1
494,50,958.48,441.05,77.85,238.67,0.6561,-1,-1,-1
494,87,1377.69,402.80,163.10,576.58,0.6169,-1,-1,-1
494,80,301.34,479.24,103.66,200.70,0.3780,-1,-1,-1
494,97,564.08,439.54,35.01,92.56,0.3095,-1,-1,-1
494,63,1378.15,408.17,122.15,518.61,0.6169,-1,-1,-1
495,68,1638.36,406.80,154.33,441.81,0.6932,-1,-1,-1
495,11,1383.94,384.87,284.94,663.70,0.4456,-1,-1,-1
495,25,1207.73,421.02,212.24,589.96,0.8143,-1,-1,-1
495,45,813.64,444.50,139.69,281.35,0.6824,-1,-1,-1
495,54,817.24,443.89,138.70,280.96,0.6824,-1,-1,-1
495,58,655.20,438.64,118.55,263.27,0.7627,-1,-1,-1
495,50,961.33,441.71,86.71,239.08,0.6628,-1,-1,-1
495,87,1378.67,404.90,140.37,566.93,0.5717,-1,-1,-1
495,80,295.15,474.14,100.47,214.89,0.3150,-1,-1,-1
495,97,564.10,441.00,35.43,92.53,0.3225,-1,-1,-1
495,63,1378.72,407.05,124.68,546.84,0.5717,-1,-1,-1
496,68,1641.97,404.54,168.92,417.31,0.4881,-1,-1,-1
496,11,1389.95,377.38,280.02,684.25,0.5690,-1,-1,-1
496,25,1208.17,420.33,219.10,591.14,0.8325,-1,-1,-1
496,45,818.29,442.46,136.40,284.58,0.7016,-1,-1,-1
496,54,821.64,441.93,135.32,284.23,0.7016,-1,-1,-1
496,58,657.25,438.08,116.18,263.84,0.7865,-1,-1,-1
496,50,961.21,442.74,99.73,238.76,0.7291,-1,-1,-1
496,87,1382.42,409.99,134.86,566.96,0.6477,-1,-1,-1
496,80,291.59,463.22,92.10,224.28,0.3579,-1,-1,-1
496,97,566.32,441.69,33.83,91.92,0.3872,-1,-1,-1
496,63,1382.25,410.77,128.30,561.31,0.6477,-1,-1,-1
497,68,1646.13,405.38,160.64,454.29,0.8000,-1,-1,-1
497,11,1396.09,377.31,288.53,692.21,0.6532,-1,-1,-1
497,25,1209.22,420.47,223.54,590.55,0.8528,-1,-1,-1
497,45,825.73,443.11,129.46,285.47,0.7342,-1,-1,-1
497,54,828.85,442.66,128.31,285.15,0.7342,-1,-1,-1
497,58,663.09,435.09,109.56,267.10,0.7760,-1,-1,-1
497,50,963.65,442.41,108.86,239.45,0.7283,-1,-1,-1
497,87,1389.71,415.66,132.88,498.30,0.6544,-1,-1,-1
497,80,262.91,467.96,109.34,224.13,0.4463,-1,-1,-1
497,97,567.09,442.25,33.11,91.18,0.3683,-1,-1,-1
497,63,1389.44,415.91,129.62,499.52,0.6544,-1,-1,-1
498,68,1651.63,408.42,160.17,463.01,0.7419,-1,-1,-1
498,11,1409.71,376.70,279.99,693.78,0.6500,-1,-1,-1
498,25,1213.04,418.26,223.29,592.87,0.8473,-1,-1,-1
498,45,835.23,444.10,120.45,283.59,0.6808,-1,-1,-1
498,54,838.05,443.71,119.30,283.29,0.6808,-1,-1,-1
498,58,669.40,433.00,102.17,269.29,0.7722,-1,-1,-1
498,50,967.78,440.64,113.44,241.37,0.7380,-1,-1,-1
498,87,1392.30,413.23,136.95,519.91,0.6514,-1,-1,-1
498,80,256.35,474.81,111.35,223.74,0.4575,-1,-1,-1
498,97,567.07,441.70,33.53,92.00,0.3906,-1,-1,-1
498,63,1392.06,413.42,135.03,521.74,0.6514,-1,-1,-1
499,68,1654.47,406.75,190.96,469.05,0.8519,-1,-1,-1
499,11,1422.19,377.70,272.48,693.73,0.6668,-1,-1,-1
499,25,1220.06,415.71,216.22,596.12,0.8361,-1,-1,-1
499,45,849.01,443.68,107.40,284.91,0.6998,-1,-1,-1
499,54,851.54,443.34,106.26,284.65,0.6998,-1,-1,-1
499,58,673.36,435.36,98.13,265.96,0.7668,-1,-1,-1
499,50,970.42,440.73,119.18,242.02,0.6975,-1,-1,-1
499,87,1393.56,407.94,143.90,531.41,0.6556,-1,-1,-1
499,80,244.92,480.69,111.15,220.19,0.5501,-1,-1,-1
499,97,567.26,442.27,32.73,91.60,0.3970,-1,-1,-1
499,63,1393.34,408.13,142.54,533.63,0.6556,-1,-1,-1
500,68,1661.09,410.59,205.92,473.11,0.8425,-1,-1,-1
500,11,1443.61,377.90,263.16,693.10,0.5812,-1,-1,-1
500,25,1228.42,416.51,209.89,595.96,0.7887,-1,-1,-1
500,45,854.39,440.42,103.76,286.91,0.6592,-1,-1,-1
500,54,856.41,440.12,102.86,286.67,0.6592,-1,-1,-1
500,58,676.27,433.98,95.96,267.04,0.7471,-1,-1,-1
500,50,971.25,442.96,120.65,240.07,0.6806,-1,-1,-1
500,87,1390.81,409.05,154.73,544.32,0.6763,-1,-1,-1
500,80,237.39,481.40,104.12,222.69,0.6089,-1,-1,-1
500,97,568.41,442.69,31.99,91.05,0.3358,-1,-1,-1
500,63,1390.61,409.19,153.64,546.46,0.6763,-1,-1,-1
501,68,1671.64,415.17,218.57,472.31,0.8533,-1,-1,-1
501,11,1476.97,375.00,232.78,611.84,0.6101,-1,-1,-1
501,25,1239.76,414.88,202.52,598.24,0.7918,-1,-1,-1
501,45,857.75,438.64,103.29,287.71,0.6992,-1,-1,-1
501,54,859.47,438.38,102.54,287.50,0.6992,-1,-1,-1
501,58,682.34,433.79,91.17,266.34,0.6852,-1,-1,-1
501,50,970.55,451.07,120.70,231.77,0.7068,-1,-1,-1
501,87,1394.25,411.67,154.29,543.33,0.6842,-1,-1,-1
501,80,226.62,481.36,107.16,222.23,0.6273,-1,-1,-1
501,97,570.88,445.05,29.86,88.86,0.3178,-1,-1,-1
501,63,1394.08,411.76,153.32,545.41,0.6842,-1,-1,-1
502,68,1682.99,415.14,217.73,474.68,0.8443,-1,-1,-1
502,11,1496.04,376.20,225.82,662.29,0.6182,-1,-1,-1
502,25,1252.98,414.93,195.96,599.42,0.7968,-1,-1,-1
502,45,860.55,439.98,104.28,286.59,0.6557,-1,-1,-1
502,54,862.04,439.76,103.66,286.40,0.6557,-1,-1,-1
502,58,691.60,435.46,83.58,263.61,0.6774,-1,-1,-1
502,50,972.88,451.24,117.56,231.53,0.7335,-1,-1,-1
502,87,1390.50,407.46,162.49,554.41,0.7131,-1,-1,-1
502,80,217.91,483.60,112.69,219.33,0.6017,-1,-1,-1
502,97,572.19,449.16,28.47,84.23,0.3033,-1,-1,-1
502,63,1390.36,407.57,161.67,556.22,0.7131,-1,-1,-1
503,68,1691.71,413.05,216.10,481.36,0.8553,-1,-1,-1
503,11,1508.66,374.13,217.98,681.56,0.7258,-1,-1,-1
503,25,1276.50,411.41,178.73,605.17,0.7671,-1,-1,-1
503,45,865.96,440.36,105.28,285.76,0.6732,-1,-1,-1
503,54,867.28,440.17,104.75,285.60,0.6732,-1,-1,-1
503,58,691.95,434.71,86.42,265.01,0.6960,-1,-1,-1
503,50,979.73,448.28,110.92,234.38,0.7195,-1,-1,-1
503,87,1386.40,409.98,170.24,555.43,0.6208,-1,-1,-1
503,80,205.70,481.77,118.43,230.09,0.5348,-1,-1,-1
503,97,572.27,447.80,28.43,86.37,0.3504,-1,-1,-1
503,63,1386.29,410.06,169.49,557.09,0.6208,-1,-1,-1
503,100,0.06,914.28,111.31,165.74,0.4087,-1,-1,-1
504,68,1698.18,411.02,218.77,492.84,0.8657,-1,-1,-1
504,11,1518.20,372.75,216.51,690.47,0.7005,-1,-1,-1
504,25,1292.62,411.87,168.59,606.87,0.8042,-1,-1,-1
504,45,863.92,424.83,76.05,291.21,0.3590,-1,-1,-1
504,54,873.29,440.49,105.86,284.59,0.5696,-1,-1,-1
504,58,693.81,435.37,86.79,265.00,0.6867,-1,-1,-1
504,50,989.08,448.05,99.81,234.63,0.6596,-1,-1,-1
504,87,1390.00,410.51,170.65,555.85,0.6971,-1,-1,-1
504,80,192.34,482.07,118.98,234.90,0.6457,-1,-1,-1
504,97,572.10,447.33,28.46,87.43,0.4045,-1,-1,-1
504,63,1389.91,410.58,169.96,557.34,0.6971,-1,-1,-1
504,100,0.35,929.51,92.84,149.27,0.3491,-1,-1,-1
505,68,1708.38,408.12,212.62,500.83,0.8850,-1,-1,-1
505,11,1525.07,372.79,219.62,698.09,0.7682,-1,-1,-1
505,25,1302.47,410.54,165.29,613.20,0.8282,-1,-1,-1
505,45,867.19,425.89,64.44,283.82,0.4613,-1,-1,-1
505,54,882.29,442.83,113.79,281.04,0.5831,-1,-1,-1
505,58,694.35,436.71,89.72,264.39,0.7825,-1,-1,-1
505,50,1000.17,453.87,87.61,229.08,0.6442,-1,-1,-1
505,87,1401.04,420.86,164.43,547.52,0.6621,-1,-1,-1
505,80,182.01,482.41,114.41,235.90,0.6028,-1,-1,-1
505,97,572.01,448.98,28.43,85.80,0.4049,-1,-1,-1
505,63,1400.97,420.88,163.81,548.87,0.6621,-1,-1,-1
506,68,1718.10,403.54,204.85,507.29,0.8853,-1,-1,-1
506,11,1529.58,372.05,218.20,701.33,0.7571,-1,-1,-1
506,25,1309.27,411.24,163.99,622.89,0.7937,-1,-1,-1
506,45,869.25,416.83,67.42,287.45,0.5857,-1,-1,-1
506,54,893.92,449.08,117.82,273.54,0.6529,-1,-1,-1
506,58,699.09,435.45,90.19,266.33,0.7433,-1,-1,-1
506,50,1010.78,459.17,78.84,223.33,0.6264,-1,-1,-1
506,87,1430.71,422.94,138.15,534.29,0.7062,-1,-1,-1
506,80,168.35,484.02,114.21,234.25,0.6548,-1,-1,-1
506,97,571.84,448.41,28.90,85.81,0.4106,-1,-1,-1
506,63,1430.66,422.96,137.61,535.51,0.7062,-1,-1,-1
507,68,1732.67,399.97,190.47,512.85,0.8764,-1,-1,-1
507,11,1532.24,374.28,220.16,701.08,0.7413,-1,-1,-1
507,25,1314.84,411.99,162.03,631.92,0.8118,-1,-1,-1
507,45,870.08,414.00,67.41,288.58,0.6050,-1,-1,-1
507,54,899.94,450.78,120.69,270.78,0.6701,-1,-1,-1
507,58,702.34,435.47,95.26,266.08,0.7236,-1,-1,-1
507,50,1017.37,452.78,79.44,228.75,0.5338,-1,-1,-1
507,87,1444.43,418.94,126.94,541.40,0.6955,-1,-1,-1
507,80,153.24,482.50,116.22,242.40,0.6778,-1,-1,-1
507,97,572.24,447.36,28.69,86.87,0.3941,-1,-1,-1
507,63,1444.37,418.97,126.55,542.43,0.6955,-1,-1,-1
508,68,1743.22,397.84,179.02,514.79,0.8458,-1,-1,-1
508,11,1531.96,373.85,227.18,699.36,0.7468,-1,-1,-1
508,25,1319.35,414.79,178.72,637.67,0.7756,-1,-1,-1
508,45,870.03,412.47,67.89,286.49,0.6063,-1,-1,-1
508,54,901.37,452.36,133.19,269.09,0.7100,-1,-1,-1
508,58,712.29,435.77,92.01,264.44,0.6847,-1,-1,-1
508,50,1026.13,450.13,73.49,230.07,0.5329,-1,-1,-1
508,87,1453.89,413.76,121.47,537.53,0.6743,-1,-1,-1
508,80,139.37,483.41,120.31,244.60,0.6708,-1,-1,-1
508,97,571.30,446.96,29.20,88.13,0.4386,-1,-1,-1
508,63,1453.82,413.79,121.16,538.46,0.6743,-1,-1,-1
509,68,1751.72,396.13,170.16,514.32,0.7910,-1,-1,-1
509,11,1532.79,373.85,225.69,695.08,0.7009,-1,-1,-1
509,25,1324.81,413.58,199.10,643.80,0.8279,-1,-1,-1
509,45,873.28,419.05,64.66,280.17,0.5880,-1,-1,-1
509,54,902.46,448.99,138.72,274.22,0.7371,-1,-1,-1
509,58,715.71,438.05,96.22,262.12,0.6718,-1,-1,-1
509,50,1032.25,460.97,68.08,217.99,0.4928,-1,-1,-1
509,87,1461.74,407.78,120.80,558.26,0.5879,-1,-1,-1
509,80,127.53,479.44,120.64,245.43,0.6710,-1,-1,-1
509,97,570.87,446.47,29.85,89.02,0.4298,-1,-1,-1
509,63,1461.67,407.81,120.55,559.04,0.5879,-1,-1,-1
510,68,1767.84,393.48,153.81,503.84,0.8243,-1,-1,-1
510,11,1545.17,375.75,237.97,697.87,0.6134,-1,-1,-1
510,25,1326.88,413.27,217.51,644.99,0.8407,-1,-1,-1
510,45,875.15,413.51,65.40,284.08,0.5884,-1,-1,-1
510,54,902.40,446.80,139.80,277.87,0.7510,-1,-1,-1
510,58,715.50,436.31,109.14,263.76,0.7043,-1,-1,-1
510,50,1036.73,465.42,69.91,210.33,0.4966,-1,-1,-1
510,87,1468.65,405.32,121.15,570.14,0.7085,-1,-1,-1
510,80,110.02,477.50,125.73,247.79,0.6633,-1,-1,-1
510,97,570.35,445.70,29.91,88.87,0.4345,-1,-1,-1
510,63,1468.58,405.34,120.94,570.84,0.7085,-1,-1,-1
511,68,1778.94,393.64,142.56,497.34,0.8075,-1,-1,-1
511,11,1545.19,371.11,262.35,703.82,0.7176,-1,-1,-1
511,25,1326.19,414.55,233.35,645.44,0.8386,-1,-1,-1
511,45,875.37,420.88,66.68,274.58,0.4940,-1,-1,-1
511,54,901.39,446.52,150.31,278.78,0.7626,-1,-1,-1
511,58,715.93,438.30,114.21,261.51,0.7250,-1,-1,-1
511,50,1037.38,461.84,75.79,213.22,0.5460,-1,-1,-1
511,87,1475.06,405.18,119.95,559.04,0.6678,-1,-1,-1
511,80,98.06,477.13,127.14,251.42,0.5584,-1,-1,-1
511,97,570.20,446.06,29.80,88.03,0.4676,-1,-1,-1
511,63,1475.01,405.20,119.76,559.69,0.6678,-1,-1,-1
512,68,1786.27,393.62,134.75,497.87,0.8067,-1,-1,-1
512,11,1548.63,373.64,242.53,694.54,0.5767,-1,-1,-1
512,25,1324.42,417.63,241.60,644.55,0.8451,-1,-1,-1
512,45,875.08,414.51,71.69,280.60,0.5612,-1,-1,-1
512,54,901.32,444.44,153.25,281.19,0.7578,-1,-1,-1
512,58,718.37,437.22,113.75,261.89,0.7390,-1,-1,-1
512,50,1039.71,456.29,83.29,220.33,0.6049,-1,-1,-1
512,87,1477.05,407.60,119.80,541.93,0.6393,-1,-1,-1
512,97,570.46,446.86,29.27,87.13,0.4568,-1,-1,-1
512,63,1477.00,407.61,119.64,542.50,0.6393,-1,-1,-1
513,68,1802.08,390.68,118.83,507.81,0.7982,-1,-1,-1
513,11,1551.85,372.56,234.20,622.18,0.4819,-1,-1,-1
513,25,1323.64,418.48,248.34,647.25,0.8471,-1,-1,-1
513,45,876.08,412.77,74.35,283.17,0.5143,-1,-1,-1
513,54,901.41,443.96,155.42,281.74,0.7505,-1,-1,-1
513,58,719.93,436.48,117.19,262.85,0.7424,-1,-1,-1
513,50,1042.50,448.03,89.87,229.08,0.6050,-1,-1,-1
513,87,1480.44,411.95,120.14,550.81,0.6536,-1,-1,-1
513,97,570.60,446.26,29.28,87.73,0.4768,-1,-1,-1
513,63,1480.40,411.96,120.00,551.29,0.6536,-1,-1,-1
513,80,66.44,476.75,138.83,256.92,0.6036,-1,-1,-1
514,68,1809.35,390.24,111.49,512.16,0.8036,-1,-1,-1
514,11,1557.65,371.62,226.64,592.00,0.5672,-1,-1,-1
514,25,1323.38,418.63,251.85,648.40,0.8435,-1,-1,-1
514,45,877.93,412.56,75.84,284.25,0.5091,-1,-1,-1
514,54,902.23,444.31,156.00,280.73,0.7014,-1,-1,-1
514,58,722.37,439.02,115.17,258.95,0.7477,-1,-1,-1
514,50,1043.59,445.66,99.02,231.25,0.6223,-1,-1,-1
514,87,1485.21,415.34,119.99,538.45,0.5940,-1,-1,-1
514,97,570.20,446.04,29.66,87.47,0.5265,-1,-1,-1
514,63,1485.17,415.35,119.86,538.90,0.5940,-1,-1,-1
514,80,50.90,476.73,142.53,258.02,0.6568,-1,-1,-1
515,68,1819.63,388.76,101.08,517.41,0.7929,-1,-1,-1
515,11,1563.69,371.98,243.09,661.09,0.5283,-1,-1,-1
515,25,1324.18,418.04,253.62,650.04,0.8440,-1,-1,-1
515,45,877.10,417.65,74.71,279.63,0.5766,-1,-1,-1
515,54,903.53,443.48,156.78,280.80,0.7431,-1,-1,-1
515,58,725.81,439.19,112.89,257.31,0.7253,-1,-1,-1
515,50,1046.04,449.16,103.81,228.02,0.6780,-1,-1,-1
515,87,1489.47,415.37,124.96,524.85,0.5201,-1,-1,-1
515,97,569.80,446.17,30.29,87.65,0.4837,-1,-1,-1
515,63,1489.44,415.38,124.85,525.23,0.5201,-1,-1,-1
515,80,37.79,477.60,145.10,259.14,0.6997,-1,-1,-1
515,103,693.67,451.75,39.06,124.51,0.4616,-1,-1,-1
516,68,1824.34,387.62,95.72,525.22,0.7578,-1,-1,-1
516,11,1564.10,374.01,269.16,676.07,0.6064,-1,-1,-1
516,25,1324.09,421.46,257.20,648.46,0.8307,-1,-1,-1
516,45,877.79,417.79,78.33,282.24,0.5690,-1,-1,-1
516,54,906.65,439.40,154.32,282.68,0.7598,-1,-1,-1
516,58,730.85,436.34,109.36,259.23,0.7483,-1,-1,-1
516,50,1049.38,449.79,100.50,226.03,0.5775,-1,-1,-1
516,87,1495.47,415.04,128.03,515.96,0.4165,-1,-1,-1
516,97,569.28,445.71,31.24,89.19,0.5029,-1,-1,-1
516,63,1495.44,415.05,127.94,516.29,0.4165,-1,-1,-1
516,80,22.81,478.63,148.36,259.66,0.7054,-1,-1,-1
516,103,692.67,450.06,38.43,126.28,0.4896,-1,-1,-1
517,68,1833.95,390.60,86.04,517.26,0.6981,-1,-1,-1
517,11,1572.22,376.90,274.79,686.62,0.4329,-1,-1,-1
517,25,1324.20,423.73,261.31,646.71,0.8205,-1,-1,-1
517,45,879.29,422.41,82.28,280.64,0.5797,-1,-1,-1
517,54,910.23,437.87,149.70,284.17,0.7689,-1,-1,-1
517,58,734.94,438.87,106.92,255.77,0.7290,-1,-1,-1
517,50,1050.43,449.95,101.42,226.17,0.5534,-1,-1,-1
517,87,1501.41,411.10,130.46,508.33,0.3990,-1,-1,-1
517,97,568.37,444.73,31.83,90.96,0.4722,-1,-1,-1
517,63,1501.39,411.11,130.37,508.62,0.3990,-1,-1,-1
517,80,14.00,489.81,148.17,248.60,0.5800,-1,-1,-1
517,103,686.11,446.46,43.12,129.71,0.4908,-1,-1,-1
518,68,1842.45,393.20,77.46,514.09,0.6629,-1,-1,-1
518,11,1576.96,377.82,275.96,690.80,0.4235,-1,-1,-1
518,25,1327.53,419.79,263.67,649.72,0.8205,-1,-1,-1
518,45,879.50,418.12,80.89,285.94,0.6177,-1,-1,-1
518,54,913.89,435.62,145.91,286.92,0.7866,-1,-1,-1
518,58,740.14,433.85,102.30,259.67,0.7799,-1,-1,-1
518,50,1050.30,457.32,103.71,219.72,0.5708,-1,-1,-1
518,87,1506.31,412.85,132.95,477.62,0.3559,-1,-1,-1
518,97,569.55,446.20,30.87,89.00,0.4537,-1,-1,-1
518,63,1509.02,411.29,131.11,597.81,0.3616,-1,-1,-1
518,80,2.76,483.75,150.09,255.78,0.6834,-1,-1,-1
518,103,682.10,447.82,44.84,126.17,0.4472,-1,-1,-1
519,68,1852.34,393.60,67.43,497.41,0.5247,-1,-1,-1
519,11,1577.51,380.36,302.01,690.28,0.6568,-1,-1,-1
519,25,1330.14,420.47,263.36,648.25,0.7951,-1,-1,-1
519,45,880.06,428.08,79.27,273.20,0.5925,-1,-1,-1
519,54,917.31,439.18,142.45,281.49,0.6556,-1,-1,-1
519,58,743.81,432.67,100.63,260.02,0.7721,-1,-1,-1
519,50,1051.12,451.46,102.97,226.08,0.5336,-1,-1,-1
519,87,1515.29,413.21,126.94,589.93,0.4692,-1,-1,-1
519,97,570.45,449.00,30.03,86.47,0.4616,-1,-1,-1
519,63,1516.32,412.52,126.16,630.20,0.4692,-1,-1,-1
519,80,-2.84,488.80,147.95,251.19,0.6142,-1,-1,-1
519,103,678.62,447.62,45.85,125.99,0.5497,-1,-1,-1
520,68,1866.64,395.59,53.15,483.41,0.5434,-1,-1,-1
520,11,1580.71,380.29,269.61,691.75,0.5518,-1,-1,-1
520,25,1334.53,418.69,258.22,649.75,0.7827,-1,-1,-1
520,45,881.35,433.22,78.65,266.33,0.6392,-1,-1,-1
520,54,927.85,443.91,135.87,276.07,0.6576,-1,-1,-1
520,58,749.53,430.79,95.15,260.29,0.7279,-1,-1,-1
520,50,1051.37,454.57,102.21,222.73,0.5671,-1,-1,-1
520,87,1521.77,417.19,130.21,547.67,0.4470,-1,-1,-1
520,97,570.91,449.40,29.68,86.45,0.4256,-1,-1,-1
520,63,1522.14,417.02,129.89,561.66,0.4470,-1,-1,-1
520,80,-4.75,482.92,149.88,260.30,0.5351,-1,-1,-1
520,103,679.03,448.06,44.78,124.62,0.5479,-1,-1,-1
521,68,1868.46,391.31,51.19,458.54,0.3687,-1,-1,-1
521,11,1580.29,380.88,313.80,686.93,0.6124,-1,-1,-1
521,25,1339.33,415.95,250.65,651.67,0.8273,-1,-1,-1
521,45,881.97,432.58,80.07,267.38,0.6335,-1,-1,-1
521,54,936.31,444.72,130.46,275.01,0.6325,-1,-1,-1
521,58,756.31,430.88,89.40,259.62,0.7424,-1,-1,-1
521,50,1052.82,443.43,99.80,234.15,0.6208,-1,-1,-1
521,87,1526.90,419.04,135.84,530.04,0.4988,-1,-1,-1
521,97,571.44,452.40,29.11,82.62,0.4259,-1,-1,-1
521,63,1527.01,418.99,135.69,534.24,0.4988,-1,-1,-1
521,80,-4.88,481.27,135.38,266.51,0.4948,-1,-1,-1
521,103,679.18,450.15,43.03,122.91,0.5131,-1,-1,-1
522,11,1601.99,378.39,305.88,606.49,0.6272,-1,-1,-1
522,25,1345.01,413.16,249.72,653.67,0.8022,-1,-1,-1
522,45,880.72,431.93,84.10,268.96,0.6422,-1,-1,-1
522,54,948.00,442.15,121.99,277.21,0.6701,-1,-1,-1
522,58,765.70,432.53,80.71,256.06,0.7153,-1,-1,-1
522,50,1054.53,443.18,98.11,234.50,0.6234,-1,-1,-1
522,87,1531.66,416.98,142.94,536.13,0.4881,-1,-1,-1
522,97,572.32,454.18,28.52,80.56,0.3794,-1,-1,-1
522,63,1531.69,416.93,142.86,537.23,0.4881,-1,-1,-1
522,80,-4.42,478.58,114.55,268.40,0.4966,-1,-1,-1
522,103,677.48,449.11,44.00,124.14,0.5587,-1,-1,-1
523,11,1589.04,379.09,330.70,664.10,0.6031,-1,-1,-1
523,25,1352.02,412.21,246.84,655.05,0.7309,-1,-1,-1
523,45,881.21,422.89,89.39,279.71,0.6479,-1,-1,-1
523,54,952.80,442.25,115.70,278.25,0.6811,-1,-1,-1
523,58,766.05,432.85,85.49,256.43,0.7168,-1,-1,-1
523,50,1055.57,452.62,98.33,225.12,0.6440,-1,-1,-1
523,87,1538.35,413.30,151.69,543.36,0.5178,-1,-1,-1
523,97,572.71,454.13,28.70,80.93,0.4010,-1,-1,-1
523,63,1538.35,413.24,151.63,543.37,0.5178,-1,-1,-1
523,80,-3.44,503.26,107.62,250.62,0.3591,-1,-1,-1
523,103,675.38,448.47,45.48,125.57,0.5927,-1,-1,-1
524,11,1589.09,375.46,335.26,684.36,0.7973,-1,-1,-1
524,25,1363.14,411.33,238.48,655.40,0.7126,-1,-1,-1
524,45,880.50,419.49,94.10,283.28,0.6635,-1,-1,-1
524,54,964.85,443.02,104.89,276.59,0.6237,-1,-1,-1
524,58,768.28,431.32,87.83,258.46,0.7391,-1,-1,-1
524,50,1059.15,455.82,95.87,221.56,0.6078,-1,-1,-1
524,87,1546.62,412.17,150.95,557.00,0.4785,-1,-1,-1
524,97,573.44,454.00,29.24,82.00,0.4091,-1,-1,-1
524,63,1489.58,412.20,200.88,616.05,0.4415,-1,-1,-1
524,103,673.99,448.67,46.25,124.76,0.6099,-1,-1,-1
525,11,1594.39,370.99,330.94,697.64,0.6822,-1,-1,-1
525,25,1380.07,411.15,224.94,656.71,0.7219,-1,-1,-1
525,45,885.48,413.38,93.59,291.06,0.6531,-1,-1,-1
525,54,971.79,443.99,97.33,275.68,0.6575,-1,-1,-1
525,58,767.93,430.40,91.34,259.45,0.7484,-1,-1,-1
525,50,1061.10,459.54,97.34,218.54,0.6283,-1,-1,-1
525,87,1546.51,409.36,157.29,580.74,0.5920,-1,-1,-1
525,97,573.89,452.51,29.41,82.39,0.4429,-1,-1,-1
525,63,1488.01,412.10,210.60,643.46,0.4044,-1,-1,-1
525,103,673.85,451.27,44.77,121.55,0.6313,-1,-1,-1
526,11,1598.92,363.56,325.93,707.80,0.8162,-1,-1,-1
526,25,1401.74,410.57,207.90,654.22,0.6749,-1,-1,-1
526,45,893.55,411.66,88.42,294.31,0.6753,-1,-1,-1
526,54,985.63,444.89,81.78,277.09,0.6581,-1,-1,-1
526,58,767.85,434.25,95.71,255.18,0.7174,-1,-1,-1
526,50,1064.32,461.92,97.74,215.27,0.6342,-1,-1,-1
526,87,1549.27,408.99,160.80,587.93,0.5765,-1,-1,-1
526,97,573.87,451.69,29.96,82.54,0.4097,-1,-1,-1
526,63,1436.26,412.90,263.83,654.65,0.3164,-1,-1,-1
526,103,671.16,451.21,46.96,120.99,0.5834,-1,-1,-1
526,106,715.04,450.33,33.86,89.09,0.4110,-1,-1,-1
527,11,1600.98,366.02,322.79,706.45,0.6965,-1,-1,-1
527,25,1422.05,412.97,197.37,653.85,0.7507,-1,-1,-1
527,45,898.08,408.47,85.97,297.60,0.7362,-1,-1,-1
527,54,994.28,448.01,77.42,274.59,0.7052,-1,-1,-1
527,58,770.51,435.75,104.32,253.65,0.6895,-1,-1,-1
527,50,1069.12,460.05,97.76,215.76,0.6215,-1,-1,-1
527,87,1561.13,408.83,156.70,590.80,0.6799,-1,-1,-1
527,97,573.88,451.27,29.63,82.46,0.4247,-1,-1,-1
527,63,1429.95,413.80,227.13,657.69,0.7507,-1,-1,-1
527,103,668.98,454.16,48.09,117.83,0.5882,-1,-1,-1
527,106,715.02,449.97,33.59,89.28,0.4911,-1,-1,-1
528,11,1603.52,383.06,320.79,689.95,0.7342,-1,-1,-1
528,25,1436.72,412.09,184.19,653.73,0.6916,-1,-1,-1
528,45,903.33,410.85,81.35,295.54,0.7279,-1,-1,-1
528,54,997.30,446.11,82.18,278.29,0.7121,-1,-1,-1
528,58,783.94,437.08,96.96,250.77,0.5981,-1,-1,-1
528,50,1075.86,454.69,90.00,220.38,0.6411,-1,-1,-1
528,87,1569.54,410.06,162.48,591.42,0.7151,-1,-1,-1
528,97,573.78,450.74,30.56,83.67,0.4263,-1,-1,-1
528,63,1434.78,412.42,199.01,658.51,0.6916,-1,-1,-1
528,103,668.52,455.96,47.64,115.05,0.6127,-1,-1,-1
528,106,714.45,451.16,34.44,87.77,0.4950,-1,-1,-1
528,107,0.08,546.99,56.78,114.14,0.3471,-1,-1,-1
529,11,1664.34,384.17,258.70,604.75,0.5806,-1,-1,-1
529,25,1445.01,412.61,181.59,654.72,0.7813,-1,-1,-1
529,45,912.18,407.02,74.83,299.22,0.7331,-1,-1,-1
529,54,1000.66,443.50,90.01,279.11,0.7067,-1,-1,-1
529,58,782.32,436.19,118.46,251.90,0.6294,-1,-1,-1
529,50,1084.50,451.67,78.05,222.28,0.5326,-1,-1,-1
529,87,1577.46,411.71,164.49,592.69,0.7308,-1,-1,-1
529,97,573.61,450.19,31.02,84.45,0.4569,-1,-1,-1
529,63,1440.20,412.74,189.86,659.49,0.7813,-1,-1,-1
529,103,665.79,454.26,52.41,116.89,0.5692,-1,-1,-1
529,106,712.70,450.80,29.54,88.14,0.4923,-1,-1,-1
529,107,0.01,545.80,44.70,112.51,0.3693,-1,-1,-1
530,11,1694.74,371.15,227.18,584.98,0.5903,-1,-1,-1
530,25,1450.40,413.85,180.33,654.55,0.7930,-1,-1,-1
530,45,916.89,404.61,72.28,301.72,0.7550,-1,-1,-1
530,54,1003.84,440.63,94.90,279.25,0.7164,-1,-1,-1
530,58,789.55,435.24,115.10,251.98,0.6852,-1,-1,-1
530,50,1092.01,448.83,71.08,225.48,0.5649,-1,-1,-1
530,87,1581.00,411.86,164.74,596.49,0.6780,-1,-1,-1
530,97,573.51,449.21,31.17,86.13,0.4600,-1,-1,-1
530,63,1444.93,413.91,186.03,659.02,0.7930,-1,-1,-1
530,103,663.69,454.79,52.33,115.84,0.5688,-1,-1,-1
530,106,711.51,450.22,29.30,88.36,0.4386,-1,-1,-1
531,11,1647.71,374.17,274.22,662.66,0.4346,-1,-1,-1
531,25,1452.57,413.46,188.07,653.90,0.8098,-1,-1,-1
531,45,919.47,402.93,72.34,303.87,0.7637,-1,-1,-1
531,54,1007.26,442.63,99.54,276.03,0.7753,-1,-1,-1
531,58,787.33,434.48,116.79,252.82,0.7534,-1,-1,-1
531,50,1093.30,450.58,71.61,225.39,0.5846,-1,-1,-1
531,87,1586.87,413.41,162.29,599.40,0.7199,-1,-1,-1
531,97,573.04,448.59,31.49,87.86,0.4674,-1,-1,-1
531,63,1447.36,413.50,192.21,657.96,0.8098,-1,-1,-1
531,103,662.90,454.66,50.12,114.22,0.5485,-1,-1,-1
531,106,712.17,450.24,29.95,89.08,0.3999,-1,-1,-1
532,11,1645.30,369.10,276.77,692.57,0.7801,-1,-1,-1
532,25,1454.88,412.51,199.33,654.59,0.7968,-1,-1,-1
532,45,922.45,401.81,74.17,303.58,0.7301,-1,-1,-1
532,54,1009.10,443.48,106.39,275.23,0.8030,-1,-1,-1
532,58,788.68,435.23,117.90,252.25,0.7539,-1,-1,-1
532,50,1096.60,451.94,63.57,224.35,0.5167,-1,-1,-1
532,87,1590.10,410.64,166.87,612.58,0.7540,-1,-1,-1
532,97,572.13,448.15,32.14,88.95,0.4836,-1,-1,-1
532,63,1450.00,412.55,202.65,658.22,0.7968,-1,-1,-1
532,103,663.69,452.67,46.13,116.65,0.5465,-1,-1,-1
532,106,713.64,450.67,30.23,89.45,0.4135,-1,-1,-1
533,11,1657.94,367.52,263.91,706.36,0.8252,-1,-1,-1
533,25,1456.78,411.52,208.64,654.88,0.8244,-1,-1,-1
533,45,922.59,403.03,79.69,302.07,0.7076,-1,-1,-1
533,54,1006.83,444.94,114.00,272.99,0.7601,-1,-1,-1
533,58,793.18,435.48,114.68,251.82,0.7409,-1,-1,-1
533,50,1099.05,447.22,65.66,230.79,0.5587,-1,-1,-1
533,87,1596.28,407.98,175.31,623.24,0.7712,-1,-1,-1
533,97,572.78,447.08,33.01,90.17,0.3922,-1,-1,-1
533,63,1452.27,411.57,211.52,658.11,0.8244,-1,-1,-1
533,103,663.54,452.25,42.44,117.67,0.5588,-1,-1,-1
533,106,715.80,452.23,28.33,88.39,0.3789,-1,-1,-1
534,11,1703.19,368.79,218.67,655.32,0.6664,-1,-1,-1
534,25,1457.63,410.97,212.54,655.53,0.8335,-1,-1,-1
534,45,921.31,406.14,85.45,300.28,0.7235,-1,-1,-1
534,54,1007.79,448.76,124.86,270.09,0.7155,-1,-1,-1
534,58,799.56,435.99,115.18,251.40,0.7641,-1,-1,-1
534,50,1096.36,447.55,67.97,230.44,0.5673,-1,-1,-1
534,87,1598.65,410.95,188.05,618.41,0.7506,-1,-1,-1
534,97,574.58,447.30,34.40,90.21,0.4190,-1,-1,-1
534,63,1453.57,411.01,215.15,658.39,0.8335,-1,-1,-1
534,103,661.58,451.07,42.03,118.43,0.6098,-1,-1,-1
534,106,715.82,452.36,27.94,88.51,0.4161,-1,-1,-1
535,11,1714.47,372.02,206.93,686.50,0.6249,-1,-1,-1
535,25,1457.72,411.87,213.13,654.88,0.8322,-1,-1,-1
535,45,920.41,421.48,92.79,285.51,0.7378,-1,-1,-1
535,54,1008.40,444.89,131.63,276.84,0.6861,-1,-1,-1
535,58,799.34,437.80,119.51,249.45,0.7656,-1,-1,-1
535,50,1099.75,444.87,72.33,231.86,0.4566,-1,-1,-1
535,87,1606.14,409.62,184.21,615.90,0.7676,-1,-1,-1
535,97,575.09,445.76,35.13,91.73,0.4702,-1,-1,-1
535,63,1454.13,411.91,215.49,657.42,0.8322,-1,-1,-1
535,103,660.25,449.98,41.98,119.43,0.6462,-1,-1,-1
535,106,715.30,451.86,28.09,88.80,0.4227,-1,-1,-1
536,11,1739.04,369.07,181.84,701.19,0.8056,-1,-1,-1
536,25,1457.86,412.97,216.62,654.22,0.8186,-1,-1,-1
536,45,916.33,426.76,100.06,280.40,0.7407,-1,-1,-1
536,54,1007.38,448.39,137.81,272.69,0.7138,-1,-1,-1
536,58,801.55,436.95,117.96,249.31,0.7335,-1,-1,-1
536,50,1103.57,445.14,70.42,229.21,0.3848,-1,-1,-1
536,87,1610.03,408.48,182.72,620.42,0.7377,-1,-1,-1
536,97,576.01,450.28,34.12,88.15,0.3894,-1,-1,-1
536,63,1454.70,413.01,218.69,656.45,0.8186,-1,-1,-1
536,103,659.17,449.67,41.62,119.02,0.5695,-1,-1,-1
536,106,714.20,450.19,28.73,90.36,0.4320,-1,-1,-1
537,11,1758.10,369.86,162.28,705.53,0.8078,-1,-1,-1
537,25,1458.89,414.15,227.17,652.33,0.7854,-1,-1,-1
537,45,916.36,433.60,102.73,272.15,0.7106,-1,-1,-1
537,54,1006.99,453.02,141.69,267.97,0.6610,-1,-1,-1
537,58,804.07,436.52,116.13,249.90,0.7348,-1,-1,-1
537,50,1108.76,453.79,65.81,220.33,0.4645,-1,-1,-1
537,87,1614.75,407.41,184.14,626.62,0.5622,-1,-1,-1
537,97,578.40,455.80,31.92,82.70,0.3423,-1,-1,-1
537,63,1456.06,414.18,228.96,654.31,0.7854,-1,-1,-1
537,103,658.47,449.69,41.70,119.09,0.6080,-1,-1,-1
537,106,712.42,449.56,29.84,91.08,0.4630,-1,-1,-1
538,11,1768.11,370.27,152.07,707.57,0.8156,-1,-1,-1
538,25,1459.94,413.76,229.87,652.95,0.7970,-1,-1,-1
538,45,917.57,428.20,104.32,279.17,0.7378,-1,-1,-1
538,54,1009.82,451.00,138.71,270.16,0.7037,-1,-1,-1
538,58,804.94,435.27,117.54,250.96,0.7536,-1,-1,-1
538,50,1107.25,450.48,66.98,225.65,0.4766,-1,-1,-1
538,87,1618.93,408.58,189.77,624.09,0.6291,-1,-1,-1
538,97,579.58,457.76,31.50,80.92,0.3853,-1,-1,-1
538,63,1457.35,413.79,231.53,654.69,0.7970,-1,-1,-1
538,103,657.33,450.79,41.99,118.47,0.5810,-1,-1,-1
538,106,711.50,449.05,31.41,91.04,0.4798,-1,-1,-1
539,11,1777.87,378.89,142.24,700.16,0.7907,-1,-1,-1
539,25,1461.42,413.21,232.99,653.81,0.7980,-1,-1,-1
539,45,919.93,425.17,103.59,282.72,0.7460,-1,-1,-1
539,54,1011.09,443.60,137.19,277.63,0.7102,-1,-1,-1
539,58,807.78,434.34,116.36,253.25,0.7495,-1,-1,-1
539,50,1112.87,447.17,64.89,229.60,0.4291,-1,-1,-1
539,87,1623.49,408.60,195.69,618.29,0.6961,-1,-1,-1
539,97,579.98,458.49,31.41,79.97,0.3891,-1,-1,-1
539,63,1459.11,413.24,234.48,655.33,0.7980,-1,-1,-1
539,103,656.37,451.68,41.60,117.77,0.5734,-1,-1,-1
539,106,712.74,449.28,29.54,91.24,0.4762,-1,-1,-1
540,11,1784.17,404.17,135.73,673.13,0.7930,-1,-1,-1
540,25,1464.54,414.01,233.05,653.84,0.7923,-1,-1,-1
540,45,920.31,424.74,107.05,283.47,0.7698,-1,-1,-1
540,54,1012.17,440.43,136.03,281.44,0.6798,-1,-1,-1
540,58,812.81,433.59,112.26,252.91,0.7279,-1,-1,-1
540,50,1112.31,447.70,64.81,229.95,0.3886,-1,-1,-1
540,87,1631.90,408.37,192.69,612.38,0.7275,-1,-1,-1
540,97,578.50,458.55,32.99,79.95,0.4299,-1,-1,-1
540,63,1462.46,414.04,234.40,655.19,0.7923,-1,-1,-1
540,103,655.09,452.90,38.60,116.39,0.6163,-1,-1,-1
540,106,712.56,449.04,27.68,91.73,0.4969,-1,-1,-1
541,11,1789.43,393.23,130.71,685.97,0.7728,-1,-1,-1
541,25,1468.06,412.48,239.11,658.27,0.7713,-1,-1,-1
541,45,921.53,420.98,118.05,287.35,0.7208,-1,-1,-1
541,54,1020.35,437.46,127.18,285.12,0.6585,-1,-1,-1
541,58,815.42,432.62,111.75,254.06,0.7385,-1,-1,-1
541,50,1115.87,447.71,62.10,230.14,0.4595,-1,-1,-1
541,87,1639.57,407.15,191.34,613.59,0.7708,-1,-1,-1
541,97,577.91,458.74,33.27,80.04,0.3895,-1,-1,-1
541,63,1466.22,412.51,240.29,659.44,0.7713,-1,-1,-1
541,103,654.86,453.73,37.35,116.15,0.5564,-1,-1,-1
541,106,712.67,449.31,27.30,93.10,0.5286,-1,-1,-1
542,11,1797.85,388.41,122.29,691.64,0.7392,-1,-1,-1
542,25,1472.11,411.46,258.44,659.55,0.7628,-1,-1,-1
542,45,921.96,416.01,122.40,293.08,0.7281,-1,-1,-1
542,54,1028.41,434.19,117.70,287.99,0.6439,-1,-1,-1
542,58,819.79,433.77,108.86,253.08,0.7248,-1,-1,-1
542,50,1118.73,451.75,60.37,224.47,0.5022,-1,-1,-1
542,87,1644.48,405.93,191.82,615.68,0.6296,-1,-1,-1
542,97,578.26,459.26,33.49,79.71,0.4262,-1,-1,-1
542,63,1470.44,411.49,259.46,660.59,0.7628,-1,-1,-1
542,103,655.06,454.51,36.83,115.26,0.5637,-1,-1,-1
542,106,712.67,449.42,27.69,95.40,0.5136,-1,-1,-1
543,11,1806.09,388.52,114.03,692.46,0.6776,-1,-1,-1
543,25,1480.30,411.12,256.39,658.17,0.6021,-1,-1,-1
543,45,921.84,421.76,121.28,285.77,0.7433,-1,-1,-1
543,54,1060.02,433.65,93.61,276.13,0.4241,-1,-1,-1
543,58,825.27,432.68,103.91,253.54,0.6637,-1,-1,-1
543,50,1121.86,449.34,57.88,226.05,0.3822,-1,-1,-1
543,87,1648.17,404.51,194.34,614.74,0.5379,-1,-1,-1
543,97,577.58,458.56,33.38,80.35,0.3943,-1,-1,-1
543,63,1478.72,411.15,257.39,659.09,0.6021,-1,-1,-1
543,103,655.24,455.43,37.51,114.77,0.5968,-1,-1,-1
543,106,712.16,449.19,28.68,96.25,0.5185,-1,-1,-1
544,11,1812.51,394.32,107.73,686.51,0.5774,-1,-1,-1
544,25,1493.59,411.22,308.12,658.12,0.5409,-1,-1,-1
544,45,921.76,431.28,124.14,275.41,0.7076,-1,-1,-1
544,54,1055.55,435.39,95.90,280.55,0.5858,-1,-1,-1
544,58,834.21,433.37,96.47,252.13,0.6829,-1,-1,-1
544,50,1123.28,450.25,59.32,226.58,0.3416,-1,-1,-1
544,87,1646.10,405.59,200.17,621.89,0.4879,-1,-1,-1
544,97,577.63,457.01,33.44,81.36,0.4465,-1,-1,-1
544,63,1491.64,409.56,244.21,659.34,0.4812,-1,-1,-1
544,103,654.96,455.21,38.46,114.87,0.6255,-1,-1,-1
544,106,712.25,448.73,28.89,96.12,0.5113,-1,-1,-1
545,11,1815.68,452.94,103.98,626.37,0.5022,-1,-1,-1
545,25,1511.25,410.47,298.88,656.63,0.5707,-1,-1,-1
545,45,924.28,432.62,126.63,274.36,0.6997,-1,-1,-1
545,54,1065.95,434.64,92.34,284.79,0.4626,-1,-1,-1
545,58,844.67,435.20,89.39,247.49,0.6678,-1,-1,-1
545,87,1651.71,406.61,196.12,623.00,0.5733,-1,-1,-1
545,97,578.59,455.30,33.46,82.96,0.3947,-1,-1,-1
545,63,1510.99,409.85,274.26,657.50,0.5707,-1,-1,-1
545,103,655.01,453.29,41.01,115.75,0.5942,-1,-1,-1
545,106,711.88,448.13,30.55,96.91,0.5503,-1,-1,-1
545,111,1835.94,457.54,83.63,498.88,0.5115,-1,-1,-1
546,11,1821.01,472.68,98.52,606.47,0.5891,-1,-1,-1
546,25,1528.21,409.88,242.29,656.31,0.5447,-1,-1,-1
546,45,929.03,433.25,123.57,272.41,0.7098,-1,-1,-1
546,54,1075.50,435.53,83.49,281.78,0.5182,-1,-1,-1
546,58,860.04,433.98,78.25,246.67,0.7014,-1,-1,-1
546,87,1657.59,406.11,192.61,626.57,0.5453,-1,-1,-1
546,97,579.17,452.60,33.43,84.86,0.4180,-1,-1,-1
546,63,1527.99,410.27,295.56,657.43,0.4363,-1,-1,-1
546,103,655.14,453.22,40.02,115.10,0.5905,-1,-1,-1
546,106,712.75,448.06,30.27,97.46,0.5189,-1,-1,-1
546,111,1823.42,474.04,96.31,580.08,0.5891,-1,-1,-1
546,50,1124.73,453.62,64.96,227.18,0.3774,-1,-1,-1
547,11,1822.96,490.39,96.40,588.75,0.6469,-1,-1,-1
547,25,1541.65,408.33,213.91,655.36,0.6398,-1,-1,-1
547,45,934.73,429.35,118.85,276.83,0.6844,-1,-1,-1
547,54,1083.10,434.23,76.18,284.57,0.4557,-1,-1,-1
547,58,867.89,435.49,71.98,244.42,0.6615,-1,-1,-1
547,87,1664.05,410.70,189.51,608.47,0.6545,-1,-1,-1
547,97,579.32,452.37,33.71,85.21,0.4720,-1,-1,-1
547,63,1540.44,408.50,239.02,656.09,0.6398,-1,-1,-1
547,103,654.20,454.28,39.91,113.09,0.6225,-1,-1,-1
547,106,713.17,448.28,29.62,97.00,0.5016,-1,-1,-1
547,111,1819.99,491.12,99.60,593.88,0.6469,-1,-1,-1
547,112,544.46,449.19,30.55,87.16,0.3811,-1,-1,-1
547,50,1105.30,441.17,79.87,254.85,0.4562,-1,-1,-1
548,11,1829.71,462.28,89.53,617.91,0.5214,-1,-1,-1
548,25,1548.32,408.46,198.90,659.83,0.7210,-1,-1,-1
548,45,937.19,427.74,117.95,277.79,0.6609,-1,-1,-1
548,54,1090.39,433.34,88.57,279.10,0.4714,-1,-1,-1
548,58,871.50,435.12,70.30,242.76,0.6323,-1,-1,-1
548,87,1668.51,411.58,191.07,602.74,0.7370,-1,-1,-1
548,97,579.88,453.67,33.73,83.50,0.4930,-1,-1,-1
548,63,1547.56,408.54,207.62,660.37,0.7210,-1,-1,-1
548,103,653.67,454.06,37.91,112.37,0.6777,-1,-1,-1
548,106,713.86,448.43,28.86,96.80,0.4947,-1,-1,-1
548,111,1825.83,460.11,93.59,632.59,0.5214,-1,-1,-1
548,112,545.31,449.70,31.28,86.64,0.4366,-1,-1,-1
548,50,1096.07,435.72,89.97,269.38,0.4714,-1,-1,-1
549,11,1833.89,434.49,85.33,645.25,0.3137,-1,-1,-1
549,25,1551.25,408.47,196.92,656.47,0.7540,-1,-1,-1
549,45,943.90,426.01,111.51,278.18,0.6543,-1,-1,-1
549,54,1086.90,437.03,86.87,281.18,0.4019,-1,-1,-1
549,58,874.86,436.84,71.44,243.30,0.6219,-1,-1,-1
549,87,1675.94,413.03,188.49,600.97,0.7193,-1,-1,-1
549,97,580.13,452.17,33.85,85.17,0.4403,-1,-1,-1
549,63,1550.66,408.52,200.03,656.91,0.7540,-1,-1,-1
549,103,652.43,454.49,38.51,110.55,0.6687,-1,-1,-1
549,106,714.44,448.41,29.10,96.85,0.5574,-1,-1,-1
549,112,545.96,447.93,31.63,87.87,0.4116,-1,-1,-1
549,50,1073.48,436.63,113.37,275.09,0.3950,-1,-1,-1
550,25,1553.26,409.08,195.28,655.76,0.7731,-1,-1,-1
550,45,953.67,419.97,106.38,282.67,0.6229,-1,-1,-1
550,54,1099.60,436.60,87.54,269.74,0.3649,-1,-1,-1
550,58,876.70,437.63,76.21,243.63,0.6219,-1,-1,-1
550,87,1683.93,407.88,191.65,609.99,0.7342,-1,-1,-1
550,97,580.62,453.11,33.25,84.16,0.4525,-1,-1,-1
550,63,1552.77,409.11,196.50,656.13,0.7731,-1,-1,-1
550,103,652.58,455.02,37.60,109.12,0.6711,-1,-1,-1
550,106,714.72,449.88,31.26,96.01,0.5144,-1,-1,-1
550,112,546.70,448.05,31.61,87.48,0.4038,-1,-1,-1
550,50,1073.15,435.51,116.20,281.24,0.4614,-1,-1,-1
551,25,1555.89,409.74,199.02,658.70,0.7703,-1,-1,-1
551,45,961.59,414.89,99.98,286.24,0.6150,-1,-1,-1
551,54,1078.37,437.77,115.10,275.46,0.5119,-1,-1,-1
551,58,879.11,435.75,76.34,246.60,0.6446,-1,-1,-1
551,87,1690.61,404.99,192.54,610.59,0.7085,-1,-1,-1
551,97,580.81,453.74,33.04,83.54,0.5141,-1,-1,-1
551,63,1555.50,409.76,199.54,659.02,0.7703,-1,-1,-1
551,103,651.99,455.63,37.97,108.01,0.6459,-1,-1,-1
551,106,714.38,449.81,32.23,96.01,0.5347,-1,-1,-1
551,112,547.63,447.85,31.16,87.60,0.4035,-1,-1,-1
551,50,1066.88,436.96,125.94,281.29,0.5119,-1,-1,-1
552,25,1558.00,409.85,207.54,665.22,0.8020,-1,-1,-1
552,45,970.86,416.20,88.89,282.43,0.6092,-1,-1,-1
552,54,1081.63,436.95,118.55,281.43,0.5009,-1,-1,-1
552,58,884.58,433.37,75.44,250.04,0.6798,-1,-1,-1
552,87,1696.80,404.30,190.87,609.66,0.7359,-1,-1,-1
552,97,580.63,452.84,33.37,84.40,0.5238,-1,-1,-1
552,63,1557.66,409.87,207.82,665.51,0.8020,-1,-1,-1
552,103,650.75,455.50,40.68,109.02,0.6135,-1,-1,-1
552,106,714.83,449.67,32.76,96.27,0.5943,-1,-1,-1
552,112,547.67,445.96,31.35,89.11,0.4415,-1,-1,-1
552,50,1074.85,436.34,123.67,284.95,0.5009,-1,-1,-1
553,25,1560.74,409.39,212.15,666.59,0.7906,-1,-1,-1
553,45,984.20,418.78,78.45,276.82,0.6988,-1,-1,-1
553,54,1085.21,436.78,111.19,283.73,0.4999,-1,-1,-1
553,58,887.05,433.09,81.25,249.95,0.7234,-1,-1,-1
553,87,1702.04,403.52,196.49,614.79,0.6789,-1,-1,-1
553,97,580.30,452.61,33.82,84.91,0.5205,-1,-1,-1
553,63,1560.44,409.41,212.32,666.84,0.7906,-1,-1,-1
553,103,649.58,455.24,42.18,109.82,0.5778,-1,-1,-1
553,106,715.46,449.05,34.03,96.24,0.5777,-1,-1,-1
553,112,547.43,445.55,30.87,90.01,0.4172,-1,-1,-1
553,50,1080.73,436.27,113.72,286.27,0.4999,-1,-1,-1
554,25,1561.62,409.71,272.45,662.38,0.5402,-1,-1,-1
554,45,988.74,415.04,78.73,284.70,0.6596,-1,-1,-1
554,54,1109.51,438.09,93.10,265.63,0.3415,-1,-1,-1
554,58,887.94,431.96,86.54,251.28,0.7365,-1,-1,-1
554,97,580.60,449.97,33.46,87.45,0.5267,-1,-1,-1
554,63,1561.36,409.72,272.66,662.60,0.5402,-1,-1,-1
554,103,647.47,455.30,41.52,109.49,0.4870,-1,-1,-1
554,106,715.30,448.46,33.62,95.75,0.5863,-1,-1,-1
554,112,546.88,444.52,30.44,91.30,0.4496,-1,-1,-1
554,50,1078.43,435.40,121.24,287.26,0.5785,-1,-1,-1
555,25,1562.34,408.87,264.39,661.88,0.6169,-1,-1,-1
555,45,993.69,412.05,78.23,287.61,0.6794,-1,-1,-1
555,54,1088.56,435.23,116.57,279.87,0.5958,-1,-1,-1
555,58,888.06,431.92,88.45,251.43,0.7327,-1,-1,-1
555,97,580.90,447.64,33.61,89.75,0.5427,-1,-1,-1
555,63,1562.07,408.88,264.60,662.08,0.6169,-1,-1,-1
555,103,645.91,456.33,41.34,107.73,0.4911,-1,-1,-1
555,106,714.44,446.64,33.74,98.16,0.5749,-1,-1,-1
555,112,546.44,444.04,31.63,91.93,0.4765,-1,-1,-1
555,50,1077.05,434.10,126.07,288.54,0.5958,-1,-1,-1
555,87,1712.87,402.07,200.01,633.83,0.4120,-1,-1,-1
556,25,1561.83,407.19,270.58,660.84,0.5703,-1,-1,-1
556,45,999.86,411.26,80.18,288.15,0.7244,-1,-1,-1
556,54,1089.04,435.83,119.17,282.75,0.7182,-1,-1,-1
556,58,889.13,432.91,87.86,251.14,0.7682,-1,-1,-1
556,97,581.39,446.39,33.34,90.86,0.5004,-1,-1,-1
556,63,1561.60,407.20,270.75,661.01,0.5703,-1,-1,-1
556,103,644.16,457.01,42.15,107.16,0.5157,-1,-1,-1
556,106,714.59,446.28,33.65,99.66,0.5956,-1,-1,-1
556,112,546.32,442.32,32.75,93.59,0.4542,-1,-1,-1
556,50,1083.32,435.23,123.12,286.80,0.7182,-1,-1,-1
557,25,1560.85,407.20,263.53,661.78,0.6842,-1,-1,-1
557,45,996.97,420.67,88.01,275.86,0.6697,-1,-1,-1
557,54,1089.73,437.21,118.59,282.53,0.7477,-1,-1,-1
557,58,890.95,434.71,89.27,249.46,0.7572,-1,-1,-1
557,97,581.06,446.42,33.88,91.25,0.5239,-1,-1,-1
557,63,1560.63,407.21,263.67,661.93,0.6842,-1,-1,-1
557,103,643.58,457.64,41.65,106.58,0.5426,-1,-1,-1
557,106,714.05,445.96,34.20,101.31,0.6254,-1,-1,-1
557,112,546.03,440.97,33.65,95.87,0.4757,-1,-1,-1
557,50,1086.62,436.83,120.17,284.67,0.7477,-1,-1,-1
558,25,1560.60,405.24,288.89,667.81,0.8042,-1,-1,-1
558,45,991.41,430.72,98.79,265.55,0.7064,-1,-1,-1
558,54,1092.01,437.25,117.38,282.01,0.8019,-1,-1,-1
558,58,892.08,435.77,88.39,248.27,0.7479,-1,-1,-1
558,97,582.87,450.32,32.64,88.76,0.5485,-1,-1,-1
558,63,1560.41,405.25,289.02,667.94,0.8042,-1,-1,-1
558,103,643.00,459.39,40.93,105.07,0.5470,-1,-1,-1
558,106,712.80,445.32,35.71,102.34,0.6491,-1,-1,-1
558,112,546.36,442.14,34.58,94.78,0.5029,-1,-1,-1
558,50,1090.04,436.97,118.03,283.35,0.8019,-1,-1,-1
559,25,1561.57,405.28,295.19,665.85,0.8006,-1,-1,-1
559,45,992.87,430.95,102.36,265.90,0.6417,-1,-1,-1
559,54,1092.62,434.96,119.92,283.42,0.8025,-1,-1,-1
559,58,891.56,436.80,90.49,247.30,0.7447,-1,-1,-1
559,97,583.75,452.36,32.04,87.08,0.5584,-1,-1,-1
559,63,1561.39,405.29,295.31,665.97,0.8006,-1,-1,-1
559,103,643.40,461.41,39.92,101.99,0.5366,-1,-1,-1
559,106,712.50,444.91,36.17,102.16,0.6463,-1,-1,-1
559,112,546.50,442.59,34.17,94.54,0.5180,-1,-1,-1
559,50,1091.18,434.74,120.24,284.39,0.8025,-1,-1,-1
559,87,1747.04,400.24,174.07,578.69,0.3954,-1,-1,-1
560,25,1562.05,404.20,305.38,670.43,0.8598,-1,-1,-1
560,45,997.40,424.90,104.45,271.69,0.6791,-1,-1,-1
560,54,1096.79,435.53,116.61,282.19,0.7140,-1,-1,-1
560,58,891.03,435.78,92.45,247.13,0.7593,-1,-1,-1
560,97,584.28,453.52,31.58,86.01,0.5232,-1,-1,-1
560,63,1561.89,404.21,305.49,670.53,0.8598,-1,-1,-1
560,103,643.25,460.95,37.72,101.13,0.5576,-1,-1,-1
560,106,712.85,444.97,36.02,101.90,0.6332,-1,-1,-1
560,112,547.52,444.92,32.83,92.45,0.5057,-1,-1,-1
560,50,1095.62,435.34,116.77,282.98,0.7140,-1,-1,-1
560,87,1752.67,402.81,168.69,405.73,0.3130,-1,-1,-1
561,25,1565.64,403.08,289.60,669.75,0.7235,-1,-1,-1
561,45,1000.30,423.59,110.20,273.01,0.6978,-1,-1,-1
561,54,1101.28,436.78,111.69,278.81,0.6595,-1,-1,-1
561,58,899.99,435.55,88.67,246.58,0.6552,-1,-1,-1
561,97,584.45,453.07,31.79,85.89,0.4893,-1,-1,-1
561,63,1565.49,403.08,289.71,669.84,0.7235,-1,-1,-1
561,103,642.45,458.78,36.31,102.86,0.5440,-1,-1,-1
561,106,712.21,445.75,37.13,101.75,0.6255,-1,-1,-1
561,112,548.53,442.66,32.17,94.55,0.5230,-1,-1,-1
561,50,1100.31,436.61,111.77,279.47,0.6595,-1,-1,-1
561,87,1749.27,399.32,171.80,513.55,0.3752,-1,-1,-1
562,25,1569.20,404.84,301.53,669.57,0.8116,-1,-1,-1
562,45,1000.95,419.61,112.58,276.66,0.6644,-1,-1,-1
562,54,1105.28,438.23,113.48,277.92,0.7008,-1,-1,-1
562,58,908.39,435.04,84.35,246.00,0.6979,-1,-1,-1
562,97,584.43,452.46,31.84,87.03,0.4991,-1,-1,-1
562,63,1569.07,404.85,301.61,669.66,0.8116,-1,-1,-1
562,103,642.75,458.55,35.44,102.64,0.5041,-1,-1,-1
562,106,713.78,448.24,35.95,99.10,0.5754,-1,-1,-1
562,112,548.74,441.27,33.36,95.98,0.4871,-1,-1,-1
562,50,1104.48,438.09,113.54,278.48,0.7008,-1,-1,-1
562,87,1757.99,397.74,162.97,557.13,0.3085,-1,-1,-1
563,25,1573.53,405.11,316.39,669.80,0.8046,-1,-1,-1
563,45,1000.09,419.26,117.59,277.08,0.6618,-1,-1,-1
563,54,1109.82,439.55,111.58,275.30,0.6919,-1,-1,-1
563,58,911.73,434.19,83.58,248.65,0.7010,-1,-1,-1
563,97,584.37,452.97,32.53,86.60,0.4495,-1,-1,-1
563,63,1573.41,405.12,316.47,669.87,0.8046,-1,-1,-1
563,103,642.12,457.99,34.45,102.80,0.5257,-1,-1,-1
563,106,714.39,448.98,36.88,98.69,0.5300,-1,-1,-1
563,112,548.69,441.09,34.45,95.47,0.4631,-1,-1,-1
563,50,1109.11,439.42,111.61,275.79,0.6919,-1,-1,-1
563,87,1765.93,394.03,154.89,548.58,0.3412,-1,-1,-1
564,25,1580.78,402.75,325.46,669.46,0.8681,-1,-1,-1
564,45,1002.48,425.45,117.69,269.90,0.6407,-1,-1,-1
564,54,1112.92,435.70,112.57,277.55,0.7000,-1,-1,-1
564,58,915.08,431.68,82.71,250.22,0.6331,-1,-1,-1
564,97,584.62,454.27,32.22,84.20,0.3949,-1,-1,-1
564,63,1580.67,402.76,325.53,669.53,0.8681,-1,-1,-1
564,103,641.97,457.40,34.71,103.58,0.4948,-1,-1,-1
564,106,715.47,448.98,36.04,98.42,0.5201,-1,-1,-1
564,112,548.53,441.58,34.82,94.69,0.3788,-1,-1,-1
564,50,1112.31,435.59,112.60,277.97,0.7000,-1,-1,-1
564,87,1780.57,398.29,140.11,494.84,0.4053,-1,-1,-1
565,25,1587.25,400.46,314.01,668.34,0.7043,-1,-1,-1
565,45,1000.95,429.70,122.12,265.08,0.6365,-1,-1,-1
565,54,1117.29,433.21,111.15,279.17,0.6433,-1,-1,-1
565,58,920.06,433.15,79.89,245.84,0.6347,-1,-1,-1
565,97,584.76,455.25,32.31,83.03,0.3999,-1,-1,-1
565,63,1587.15,400.46,314.08,668.39,0.7043,-1,-1,-1
565,103,641.84,456.50,35.32,104.47,0.5472,-1,-1,-1
565,106,716.22,449.12,35.69,97.45,0.5560,-1,-1,-1
565,112,548.44,441.77,34.38,94.29,0.4273,-1,-1,-1
565,50,1116.75,433.12,111.17,279.54,0.6433,-1,-1,-1
565,87,1783.64,393.59,136.53,615.17,0.6218,-1,-1,-1
566,25,1601.29,399.33,306.52,670.57,0.7352,-1,-1,-1
566,45,1004.00,435.16,122.32,261.21,0.6645,-1,-1,-1
566,54,1123.82,433.10,107.78,281.42,0.5412,-1,-1,-1
566,58,927.30,432.10,84.34,242.68,0.5389,-1,-1,-1
566,97,585.03,455.60,32.48,83.04,0.4359,-1,-1,-1
566,63,1601.20,399.33,306.57,670.62,0.7352,-1,-1,-1
566,103,641.47,454.80,35.58,106.50,0.5223,-1,-1,-1
566,106,716.96,449.52,35.49,97.06,0.5434,-1,-1,-1
566,112,548.61,442.22,34.09,93.84,0.4304,-1,-1,-1
566,50,1123.35,433.02,107.80,281.75,0.5412,-1,-1,-1
566,87,1790.80,392.23,129.30,648.62,0.6383,-1,-1,-1
567,25,1620.92,399.83,289.26,669.19,0.8360,-1,-1,-1
567,45,1005.49,440.54,126.35,257.10,0.6879,-1,-1,-1
567,54,1124.32,431.52,109.39,283.54,0.6356,-1,-1,-1
567,58,932.10,430.34,84.20,242.45,0.5113,-1,-1,-1
567,97,585.41,455.77,32.27,82.72,0.4656,-1,-1,-1
567,63,1620.85,399.84,289.31,669.24,0.8360,-1,-1,-1
567,103,641.19,454.61,34.57,106.46,0.4866,-1,-1,-1
567,106,717.73,449.23,35.43,97.72,0.5409,-1,-1,-1
567,112,548.84,442.34,33.76,93.88,0.4389,-1,-1,-1
567,50,1123.92,431.45,109.40,283.83,0.6356,-1,-1,-1
567,87,1797.39,396.41,122.82,645.43,0.6306,-1,-1,-1
568,25,1642.86,400.43,268.03,668.89,0.8227,-1,-1,-1
568,45,1004.97,432.36,136.12,267.03,0.6905,-1,-1,-1
568,54,1129.19,430.66,108.55,282.52,0.6102,-1,-1,-1
568,58,940.81,431.54,78.48,241.37,0.5359,-1,-1,-1
568,97,585.91,456.06,32.12,84.14,0.4905,-1,-1,-1
568,63,1642.80,400.44,268.07,668.93,0.8227,-1,-1,-1
568,103,641.15,455.62,32.79,104.99,0.4814,-1,-1,-1
568,106,718.15,448.60,36.95,99.13,0.5148,-1,-1,-1
568,112,548.48,441.04,35.16,95.85,0.4368,-1,-1,-1
568,50,1128.83,430.59,108.56,282.78,0.6102,-1,-1,-1
568,87,1801.51,401.19,118.51,657.01,0.6098,-1,-1,-1
569,25,1655.68,400.60,243.37,671.74,0.8118,-1,-1,-1
569,45,1006.28,432.85,139.03,267.34,0.7158,-1,-1,-1
569,54,1132.02,431.34,109.89,281.34,0.5296,-1,-1,-1
569,58,943.09,434.73,79.29,234.26,0.6689,-1,-1,-1
569,97,586.22,455.88,32.24,85.25,0.5302,-1,-1,-1
569,63,1655.63,400.61,243.40,671.77,0.8118,-1,-1,-1
569,103,641.23,455.47,33.25,104.54,0.5251,-1,-1,-1
569,106,718.35,448.45,37.17,99.84,0.5254,-1,-1,-1
569,112,548.49,442.23,35.48,95.45,0.4213,-1,-1,-1
569,50,1131.71,431.28,109.89,281.57,0.5296,-1,-1,-1
569,87,1800.78,407.62,119.04,653.74,0.4544,-1,-1,-1
570,25,1662.75,402.03,236.37,670.23,0.7783,-1,-1,-1
570,45,1007.02,433.12,138.90,267.34,0.7111,-1,-1,-1
570,54,1135.11,433.33,116.39,280.24,0.6418,-1,-1,-1
570,58,944.35,434.75,81.58,234.18,0.7109,-1,-1,-1
570,97,586.60,455.88,31.78,85.59,0.5241,-1,-1,-1
570,63,1662.71,402.03,236.39,670.26,0.7783,-1,-1,-1
570,103,640.01,455.27,32.42,104.44,0.5122,-1,-1,-1
570,106,718.10,447.06,37.75,102.07,0.5572,-1,-1,-1
570,112,548.87,442.73,35.61,95.81,0.4404,-1,-1,-1
570,50,1134.84,433.28,116.40,280.44,0.6418,-1,-1,-1
571,25,1667.92,401.58,246.68,671.38,0.8660,-1,-1,-1
571,45,1010.39,428.30,134.59,270.86,0.7014,-1,-1,-1
571,54,1142.80,432.33,126.74,281.50,0.5983,-1,-1,-1
571,58,947.23,435.06,80.36,239.33,0.6899,-1,-1,-1
571,97,586.79,455.90,31.61,85.94,0.5260,-1,-1,-1
571,63,1667.88,401.58,246.70,671.41,0.8660,-1,-1,-1
571,103,638.88,456.23,30.83,104.22,0.4926,-1,-1,-1
571,106,717.58,445.95,39.06,102.77,0.6076,-1,-1,-1
571,112,549.45,447.27,35.92,91.82,0.4300,-1,-1,-1
571,50,1142.55,432.28,126.75,281.68,0.5983,-1,-1,-1
572,25,1672.08,401.99,247.00,670.88,0.8702,-1,-1,-1
572,45,1012.30,430.80,131.44,268.07,0.6873,-1,-1,-1
572,54,1144.98,433.08,133.42,281.83,0.7602,-1,-1,-1
572,58,948.95,435.74,80.44,239.83,0.6853,-1,-1,-1
572,97,586.91,452.79,31.94,89.12,0.4950,-1,-1,-1
572,63,1672.04,401.99,247.02,670.91,0.8702,-1,-1,-1
572,103,637.73,456.71,31.93,102.99,0.5211,-1,-1,-1
572,106,717.54,444.87,40.02,104.47,0.6255,-1,-1,-1
572,112,549.44,442.22,37.14,97.38,0.4581,-1,-1,-1
572,50,1144.75,433.04,133.44,281.99,0.7602,-1,-1,-1
573,25,1676.17,402.43,244.85,668.95,0.8860,-1,-1,-1
573,45,1015.96,430.51,126.51,266.00,0.6439,-1,-1,-1
573,54,1149.80,435.87,137.11,279.30,0.7012,-1,-1,-1
573,58,945.79,434.82,89.54,242.45,0.6388,-1,-1,-1
573,97,585.89,453.34,32.20,88.92,0.4890,-1,-1,-1
573,63,1676.14,402.43,244.87,668.97,0.8860,-1,-1,-1
573,103,636.82,456.76,30.81,102.62,0.5580,-1,-1,-1
573,106,718.12,445.13,40.27,104.81,0.5686,-1,-1,-1
573,112,550.42,449.16,35.45,90.89,0.4047,-1,-1,-1
573,50,1149.59,435.83,137.12,279.44,0.7012,-1,-1,-1
573,114,1110.38,430.44,47.46,146.14,0.3499,-1,-1,-1
574,25,1676.89,399.75,244.78,673.96,0.9004,-1,-1,-1
574,45,1029.17,432.51,112.95,263.57,0.5430,-1,-1,-1
574,54,1150.95,437.48,141.02,278.09,0.7346,-1,-1,-1
574,58,952.45,446.55,82.22,233.93,0.3708,-1,-1,-1
574,97,585.04,454.64,33.03,88.16,0.3413,-1,-1,-1
574,63,1676.86,399.75,244.79,673.98,0.9004,-1,-1,-1
574,103,636.33,457.08,30.35,101.63,0.5468,-1,-1,-1
574,106,718.04,445.05,40.72,105.24,0.5536,-1,-1,-1
574,112,550.27,450.28,35.71,89.11,0.3877,-1,-1,-1
574,50,1150.76,437.45,141.04,278.21,0.7346,-1,-1,-1
574,114,1112.00,428.42,45.79,149.10,0.3587,-1,-1,-1
574,115,1836.20,429.97,83.62,250.83,0.3398,-1,-1,-1
575,25,1677.14,398.34,244.57,676.25,0.9046,-1,-1,-1
575,45,1037.02,427.79,104.41,268.55,0.5015,-1,-1,-1
575,54,1154.53,438.85,139.88,276.93,0.7003,-1,-1,-1
575,58,955.51,438.84,99.50,243.28,0.5751,-1,-1,-1
575,97,584.72,454.31,33.62,88.68,0.4290,-1,-1,-1
575,63,1677.12,398.34,244.58,676.27,0.9046,-1,-1,-1
575,103,635.60,456.32,30.53,102.22,0.5661,-1,-1,-1
575,106,718.04,445.35,40.59,104.80,0.5796,-1,-1,-1
575,112,550.50,450.17,35.19,88.71,0.3543,-1,-1,-1
575,50,1154.36,438.82,139.89,277.04,0.7003,-1,-1,-1
575,115,1843.69,430.92,76.15,239.70,0.3095,-1,-1,-1
576,25,1676.28,397.51,245.13,677.16,0.8990,-1,-1,-1
576,45,1041.52,426.96,99.52,269.17,0.6160,-1,-1,-1
576,54,1157.68,438.17,138.22,277.55,0.7313,-1,-1,-1
576,58,956.69,435.80,108.40,246.46,0.6239,-1,-1,-1
576,97,585.32,454.23,33.18,88.78,0.4261,-1,-1,-1
576,63,1676.26,397.51,245.14,677.17,0.8990,-1,-1,-1
576,103,634.34,456.12,32.66,102.03,0.5207,-1,-1,-1
576,106,719.16,445.97,39.51,104.72,0.6061,-1,-1,-1
576,50,1157.53,438.15,138.23,277.65,0.7313,-1,-1,-1
576,115,1854.40,431.46,65.42,220.64,0.4447,-1,-1,-1
577,25,1675.45,398.42,245.61,676.68,0.9090,-1,-1,-1
577,45,1048.28,424.45,92.43,270.69,0.6266,-1,-1,-1
577,54,1157.69,436.89,138.44,278.69,0.7444,-1,-1,-1
577,58,958.00,434.58,111.04,246.60,0.6654,-1,-1,-1
577,97,585.17,453.07,33.52,90.34,0.3979,-1,-1,-1
577,63,1675.43,398.42,245.62,676.69,0.9090,-1,-1,-1
577,103,633.40,453.56,33.26,105.24,0.5256,-1,-1,-1
577,106,719.67,446.87,38.93,104.32,0.5852,-1,-1,-1
577,50,1157.55,436.87,138.45,278.77,0.7444,-1,-1,-1
578,25,1673.92,399.12,246.79,676.62,0.9062,-1,-1,-1
578,45,1051.54,426.70,88.88,266.89,0.6184,-1,-1,-1
578,54,1159.15,434.53,134.19,280.41,0.7290,-1,-1,-1
578,58,958.87,438.76,103.98,237.36,0.7225,-1,-1,-1
578,97,584.43,451.78,34.30,92.09,0.3750,-1,-1,-1
578,63,1673.91,399.12,246.80,676.63,0.9062,-1,-1,-1
578,103,632.91,450.12,33.20,108.35,0.6221,-1,-1,-1
578,106,719.74,445.89,38.83,104.22,0.6297,-1,-1,-1
578,50,1159.03,434.51,134.20,280.49,0.7290,-1,-1,-1
579,25,1673.37,400.39,247.25,676.06,0.8991,-1,-1,-1
579,45,1055.66,431.67,86.05,262.86,0.6589,-1,-1,-1
579,54,1159.84,434.94,132.50,279.21,0.6914,-1,-1,-1
579,58,959.11,439.46,102.41,234.43,0.7530,-1,-1,-1
579,97,583.86,449.31,32.67,93.04,0.3513,-1,-1,-1
579,63,1673.36,400.39,247.26,676.07,0.8991,-1,-1,-1
579,103,632.40,448.49,33.05,110.02,0.5782,-1,-1,-1
579,106,720.35,446.80,38.58,104.21,0.5932,-1,-1,-1
579,50,1159.74,434.92,132.50,279.27,0.6914,-1,-1,-1
580,25,1673.20,401.96,247.18,675.01,0.9084,-1,-1,-1
580,45,1054.38,436.85,88.53,257.76,0.6679,-1,-1,-1
580,54,1158.87,440.15,133.71,275.10,0.7501,-1,-1,-1
580,58,959.69,437.42,102.23,236.83,0.7574,-1,-1,-1
580,97,584.45,448.81,31.50,92.71,0.3529,-1,-1,-1
580,63,1673.19,401.96,247.19,675.02,0.9084,-1,-1,-1
580,103,631.04,449.34,35.58,109.14,0.5583,-1,-1,-1
580,106,720.77,446.96,38.31,104.76,0.5719,-1,-1,-1
580,50,1158.78,440.14,133.71,275.15,0.7501,-1,-1,-1
580,112,549.67,441.46,38.37,96.75,0.3505,-1,-1,-1
581,25,1673.10,402.48,247.11,674.82,0.9082,-1,-1,-1
581,45,1055.80,438.80,92.53,256.16,0.6864,-1,-1,-1
581,54,1159.75,440.47,134.79,275.96,0.6988,-1,-1,-1
581,58,959.68,435.61,103.02,237.60,0.7612,-1,-1,-1
581,97,584.53,447.52,33.33,95.40,0.3913,-1,-1,-1
581,63,1673.09,402.48,247.12,674.82,0.9082,-1,-1,-1
581,103,630.69,452.67,36.39,105.57,0.5508,-1,-1,-1
581,106,721.02,447.19,38.34,104.24,0.5028,-1,-1,-1
581,50,1159.67,440.45,134.79,276.01,0.6988,-1,-1,-1
581,112,549.09,436.61,40.32,101.83,0.3654,-1,-1,-1
582,25,1673.28,402.15,246.80,676.06,0.9087,-1,-1,-1
582,45,1065.54,438.18,86.89,260.55,0.6228,-1,-1,-1
582,54,1180.59,439.67,117.06,275.49,0.6911,-1,-1,-1
582,58,957.97,435.70,109.99,236.92,0.7487,-1,-1,-1
582,97,584.46,446.90,33.94,96.23,0.4204,-1,-1,-1
582,63,1673.27,402.15,246.80,676.06,0.9087,-1,-1,-1
582,103,631.22,453.04,34.66,105.08,0.5112,-1,-1,-1
582,106,721.51,447.85,37.86,103.44,0.4972,-1,-1,-1
582,50,1180.52,439.66,117.06,275.54,0.6911,-1,-1,-1
582,112,548.58,435.62,40.03,102.47,0.3791,-1,-1,-1
583,25,1674.25,399.49,245.62,679.01,0.9097,-1,-1,-1
583,45,1076.69,434.55,78.69,263.60,0.6306,-1,-1,-1
583,54,1192.87,439.78,107.22,274.31,0.7224,-1,-1,-1
583,58,962.44,435.99,108.89,235.90,0.7284,-1,-1,-1
583,97,584.44,447.96,33.89,95.32,0.4676,-1,-1,-1
583,63,1674.24,399.50,245.63,679.02,0.9097,-1,-1,-1
583,103,631.06,453.66,34.19,104.44,0.4543,-1,-1,-1
583,106,721.22,446.66,38.76,103.63,0.5281,-1,-1,-1
583,50,1192.81,439.77,107.22,274.35,0.7224,-1,-1,-1
583,112,549.20,438.17,38.91,99.67,0.4179,-1,-1,-1
584,25,1676.00,395.75,243.84,681.99,0.9116,-1,-1,-1
584,45,1083.99,435.50,75.51,261.67,0.6622,-1,-1,-1
584,54,1201.78,440.65,99.99,271.91,0.7219,-1,-1,-1
584,58,966.15,436.71,107.51,236.01,0.7421,-1,-1,-1
584,97,584.82,447.81,33.56,95.72,0.4721,-1,-1,-1
584,63,1675.99,395.75,243.84,681.99,0.9116,-1,-1,-1
584,103,630.49,454.95,35.12,103.31,0.4317,-1,-1,-1
584,106,722.00,447.19,37.97,104.17,0.5301,-1,-1,-1
584,50,1201.73,440.64,99.99,271.94,0.7219,-1,-1,-1
584,112,550.15,438.68,37.90,99.28,0.3975,-1,-1,-1
585,25,1677.72,394.57,242.17,682.79,0.8981,-1,-1,-1
585,45,1087.80,438.93,74.83,257.19,0.6347,-1,-1,-1
585,54,1204.80,441.09,100.34,267.38,0.7487,-1,-1,-1
585,58,969.32,436.51,105.81,235.67,0.7611,-1,-1,-1
585,97,585.45,447.99,33.23,95.12,0.4598,-1,-1,-1
585,63,1677.71,394.57,242.17,682.79,0.8981,-1,-1,-1
585,103,628.40,452.07,36.57,105.89,0.3952,-1,-1,-1
585,106,722.81,447.14,37.73,103.47,0.5278,-1,-1,-1
585,50,1204.76,441.09,100.34,267.41,0.7487,-1,-1,-1
585,112,550.23,438.60,38.37,99.41,0.4328,-1,-1,-1
586,25,1681.24,393.23,238.92,683.09,0.8962,-1,-1,-1
586,45,1089.63,436.63,72.96,260.45,0.6900,-1,-1,-1
586,54,1212.26,438.21,100.49,272.17,0.7543,-1,-1,-1
586,58,976.14,440.45,100.92,233.28,0.7689,-1,-1,-1
586,97,585.02,445.40,34.61,98.11,0.4496,-1,-1,-1
586,63,1681.23,393.23,238.93,683.09,0.8962,-1,-1,-1
586,103,626.96,452.38,37.34,105.35,0.4276,-1,-1,-1
586,106,723.59,445.24,37.76,103.72,0.5444,-1,-1,-1
586,50,1212.22,438.21,100.49,272.20,0.7543,-1,-1,-1
586,112,549.89,439.94,37.77,98.61,0.4359,-1,-1,-1
587,25,1684.96,390.10,235.25,685.52,0.8696,-1,-1,-1
587,45,1090.74,429.96,73.36,267.35,0.7207,-1,-1,-1
587,54,1216.48,434.54,99.60,276.23,0.6133,-1,-1,-1
587,58,981.35,443.44,96.86,228.01,0.7384,-1,-1,-1
587,97,584.62,444.62,35.15,98.67,0.4203,-1,-1,-1
587,63,1684.96,390.11,235.26,685.53,0.8696,-1,-1,-1
587,103,625.55,452.29,38.24,105.52,0.4832,-1,-1,-1
587,106,724.32,444.39,37.50,104.71,0.5521,-1,-1,-1
587,50,1216.45,434.54,99.60,276.25,0.6133,-1,-1,-1
587,112,550.09,441.01,37.25,98.19,0.4675,-1,-1,-1
587,117,665.18,452.71,32.95,101.24,0.3700,-1,-1,-1
588,25,1692.30,387.65,227.71,687.80,0.8556,-1,-1,-1
588,45,1092.07,423.56,77.96,273.46,0.7357,-1,-1,-1
588,54,1215.34,434.52,102.57,277.66,0.7923,-1,-1,-1
588,58,987.82,445.47,91.21,223.88,0.7007,-1,-1,-1
588,97,584.04,445.46,35.77,98.61,0.4148,-1,-1,-1
588,63,1692.30,387.65,227.71,687.81,0.8556,-1,-1,-1
588,103,625.25,453.03,36.62,104.50,0.5081,-1,-1,-1
588,106,726.19,442.93,34.89,106.35,0.5565,-1,-1,-1
588,50,1215.31,434.52,102.57,277.68,0.7923,-1,-1,-1
588,112,551.10,445.83,36.16,94.02,0.4327,-1,-1,-1
588,117,664.26,452.06,30.87,104.96,0.3581,-1,-1,-1
589,25,1700.56,390.25,219.23,683.55,0.7506,-1,-1,-1
589,45,1092.99,420.55,86.14,276.29,0.7102,-1,-1,-1
589,54,1217.59,434.59,101.28,275.89,0.7782,-1,-1,-1
589,58,995.83,446.08,85.14,222.90,0.7049,-1,-1,-1
589,97,583.35,446.65,36.75,98.67,0.3784,-1,-1,-1
589,63,1700.56,390.26,219.23,683.56,0.7506,-1,-1,-1
589,103,624.73,452.03,35.93,105.62,0.5817,-1,-1,-1
589,106,725.06,443.26,36.40,106.26,0.5503,-1,-1,-1
589,50,1217.57,434.59,101.28,275.90,0.7782,-1,-1,-1
589,112,551.00,447.05,36.59,93.53,0.4279,-1,-1,-1
589,117,663.71,450.84,30.93,108.09,0.4620,-1,-1,-1
589,118,1183.72,438.55,58.56,234.72,0.3395,-1,-1,-1
590,25,1711.74,410.25,207.93,663.53,0.7422,-1,-1,-1
590,45,1092.65,426.69,88.03,270.48,0.6569,-1,-1,-1
590,54,1220.17,433.88,101.21,277.00,0.7844,-1,-1,-1
590,58,1005.21,446.98,79.25,221.39,0.7378,-1,-1,-1
590,97,583.95,448.05,35.99,97.90,0.3171,-1,-1,-1
590,63,1711.73,410.25,207.93,663.53,0.7422,-1,-1,-1
590,103,624.17,450.98,35.25,106.38,0.5152,-1,-1,-1
590,106,726.20,442.78,35.21,106.80,0.5678,-1,-1,-1
590,50,1220.15,433.88,101.21,277.02,0.7844,-1,-1,-1
590,112,551.10,447.65,37.11,92.89,0.3681,-1,-1,-1
590,117,663.51,451.56,31.42,107.96,0.4669,-1,-1,-1
590,118,1184.92,437.69,59.02,238.95,0.3696,-1,-1,-1
591,25,1731.24,461.57,188.35,612.69,0.5609,-1,-1,-1
591,45,1091.53,418.67,92.21,278.00,0.6515,-1,-1,-1
591,54,1223.05,434.34,103.65,276.71,0.7447,-1,-1,-1
591,58,1011.02,444.71,78.33,222.67,0.7133,-1,-1,-1
591,97,585.13,449.48,33.29,94.77,0.3405,-1,-1,-1
591,63,1731.24,461.57,188.35,612.70,0.5609,-1,-1,-1
591,103,623.99,449.67,33.99,107.88,0.5367,-1,-1,-1
591,106,727.36,442.56,33.58,107.15,0.5753,-1,-1,-1
591,50,1223.03,434.34,103.65,276.73,0.7447,-1,-1,-1
591,112,550.82,445.03,37.54,95.23,0.3394,-1,-1,-1
591,117,663.37,451.71,32.13,108.17,0.5348,-1,-1,-1
591,118,1188.74,435.24,60.36,241.22,0.3281,-1,-1,-1
592,25,1753.23,490.30,166.21,582.51,0.6787,-1,-1,-1
592,45,1091.43,416.84,102.14,279.71,0.6756,-1,-1,-1
592,54,1226.57,436.86,108.07,274.40,0.7289,-1,-1,-1
592,58,1013.09,443.91,77.64,222.08,0.7368,-1,-1,-1
592,97,585.52,450.19,32.22,93.42,0.3124,-1,-1,-1
592,63,1753.23,490.30,166.21,582.51,0.6787,-1,-1,-1
592,103,623.99,449.04,34.46,108.88,0.5156,-1,-1,-1
592,106,728.12,443.13,32.29,107.00,0.5668,-1,-1,-1
592,50,1226.55,436.85,108.07,274.41,0.7289,-1,-1,-1
592,112,550.03,444.33,38.53,95.38,0.3230,-1,-1,-1
592,117,662.63,452.02,33.08,108.11,0.5616,-1,-1,-1
593,25,1777.07,500.28,142.39,572.87,0.3909,-1,-1,-1
593,45,1092.14,413.45,101.34,282.93,0.6912,-1,-1,-1
593,54,1230.96,439.25,110.43,273.64,0.7524,-1,-1,-1
593,58,1014.58,439.82,79.33,226.25,0.6586,-1,-1,-1
593,97,584.39,450.89,32.33,91.26,0.3167,-1,-1,-1
593,63,1777.07,500.28,142.39,572.87,0.3909,-1,-1,-1
593,103,623.21,449.24,35.84,108.56,0.4957,-1,-1,-1
593,106,728.30,443.39,32.74,107.40,0.5411,-1,-1,-1
593,50,1230.94,439.25,110.43,273.65,0.7524,-1,-1,-1
593,112,550.60,446.40,35.75,93.11,0.3099,-1,-1,-1
593,117,661.67,451.86,33.90,108.17,0.5483,-1,-1,-1
594,25,1809.92,520.55,109.53,557.13,0.3168,-1,-1,-1
594,45,1092.25,412.57,101.77,285.28,0.7000,-1,-1,-1
594,54,1234.35,441.87,112.77,270.80,0.7830,-1,-1,-1
594,58,1020.65,436.68,76.90,228.99,0.6276,-1,-1,-1
594,97,584.08,451.37,32.38,90.51,0.3227,-1,-1,-1
594,103,622.90,448.78,36.19,107.95,0.5039,-1,-1,-1
594,106,726.99,444.59,35.69,106.73,0.5131,-1,-1,-1
594,50,1234.33,441.87,112.77,270.81,0.7830,-1,-1,-1
594,112,549.70,447.98,36.67,91.38,0.3513,-1,-1,-1
594,117,660.47,451.56,35.14,108.97,0.5311,-1,-1,-1
594,118,1191.16,437.87,76.06,241.05,0.3636,-1,-1,-1
595,45,1094.28,413.66,101.14,283.17,0.7179,-1,-1,-1
595,54,1239.40,439.18,112.20,273.27,0.8186,-1,-1,-1
595,58,1023.14,436.19,76.07,228.81,0.6711,-1,-1,-1
595,103,622.53,449.18,36.96,106.84,0.5529,-1,-1,-1
595,106,728.53,444.08,33.43,106.69,0.5406,-1,-1,-1
595,50,1239.39,439.17,112.20,273.27,0.8186,-1,-1,-1
595,117,660.50,452.33,35.14,108.51,0.4744,-1,-1,-1
595,118,1189.93,440.93,75.90,238.66,0.4689,-1,-1,-1
596,45,1095.80,418.92,100.44,278.91,0.7370,-1,-1,-1
596,54,1242.53,437.41,112.91,275.32,0.8099,-1,-1,-1
596,58,1024.87,440.09,76.60,224.71,0.7104,-1,-1,-1
596,103,623.05,450.09,36.92,104.91,0.5696,-1,-1,-1
596,106,727.07,445.12,35.88,105.55,0.5618,-1,-1,-1
596,50,1242.52,437.41,112.91,275.33,0.8099,-1,-1,-1
596,117,660.73,453.77,35.16,107.09,0.4557,-1,-1,-1
596,118,1190.69,442.26,76.72,238.38,0.5263,-1,-1,-1
597,45,1097.54,422.09,98.43,275.92,0.7587,-1,-1,-1
597,54,1244.54,437.64,113.13,275.69,0.8036,-1,-1,-1
597,58,1026.34,441.77,76.65,223.89,0.7388,-1,-1,-1
597,103,623.71,451.70,35.47,103.24,0.5131,-1,-1,-1
597,106,726.24,445.09,37.58,106.47,0.6071,-1,-1,-1
597,50,1244.53,437.64,113.13,275.69,0.8036,-1,-1,-1
597,117,659.81,453.98,37.75,106.92,0.4247,-1,-1,-1
597,118,1191.36,455.33,77.31,226.74,0.5307,-1,-1,-1
598,45,1099.09,427.40,98.03,270.23,0.7210,-1,-1,-1
598,54,1248.06,437.70,111.22,275.57,0.8137,-1,-1,-1
598,58,1026.51,441.72,79.39,224.43,0.7390,-1,-1,-1
598,103,624.45,453.14,33.66,101.75,0.4819,-1,-1,-1
598,106,725.90,445.39,38.53,107.39,0.5877,-1,-1,-1
598,50,1248.05,437.69,111.22,275.57,0.8137,-1,-1,-1
598,117,659.04,455.71,37.09,105.16,0.4312,-1,-1,-1
598,118,1193.05,452.45,77.03,230.26,0.5214,-1,-1,-1
598,97,584.08,451.63,32.21,89.28,0.3397,-1,-1,-1
598,112,550.28,449.45,34.88,90.32,0.3669,-1,-1,-1
599,45,1101.65,430.56,97.23,265.58,0.6999,-1,-1,-1
599,54,1252.33,437.25,107.74,275.80,0.7813,-1,-1,-1
599,58,1027.55,442.22,85.07,224.68,0.7388,-1,-1,-1
599,103,624.65,454.24,33.47,100.85,0.4795,-1,-1,-1
599,106,726.42,445.89,37.75,106.52,0.5701,-1,-1,-1
599,50,1252.32,437.25,107.74,275.80,0.7813,-1,-1,-1
599,117,657.74,455.08,39.45,105.87,0.4076,-1,-1,-1
599,118,1191.37,444.12,79.31,238.68,0.5721,-1,-1,-1
599,120,378.25,467.32,47.77,109.12,0.3767,-1,-1,-1
599,97,583.65,452.57,33.72,90.46,0.3290,-1,-1,-1
599,112,551.23,449.07,33.39,90.88,0.3362,-1,-1,-1
600,45,1106.72,431.06,94.16,263.54,0.7021,-1,-1,-1
600,54,1256.29,437.20,104.89,275.81,0.8175,-1,-1,-1
600,58,1028.49,441.87,88.09,223.94,0.7547,-1,-1,-1
600,103,624.89,454.97,33.12,100.83,0.5053,-1,-1,-1
600,106,726.50,444.66,37.19,108.08,0.5857,-1,-1,-1
600,50,1256.28,437.20,104.89,275.81,0.8175,-1,-1,-1
600,117,657.07,455.63,39.71,105.32,0.3591,-1,-1,-1
600,118,1197.02,447.56,73.70,228.50,0.6017,-1,-1,-1
600,120,378.91,465.18,46.28,111.61,0.3493,-1,-1,-1
600,97,583.37,455.94,32.82,85.82,0.3146,-1,-1,-1
600,112,550.82,451.60,35.91,88.65,0.3194,-1,-1,-1
